analysis_split,source_split,image_id,class_id,species,breed_id,stable_key
train,trainval,Abyssinian_145,1,1,1,7ab383973d1033ed02b3cad213bc283625388117afcfa528565db384ec9bd1e9
train,trainval,Abyssinian_146,1,1,1,7e8ada18b576b2f6dfd03e5e40cf8b02354886df4d0e324ed1fc9081416541a8
train,trainval,Abyssinian_105,1,1,1,7f2ca57f6386589a06b9180e7d9312ce8c13a9b64a81ee5221660ab62429d956
train,trainval,Abyssinian_123,1,1,1,81519f880f4e44e480b351bfc8802bd8a5c43dd47a45bdd40cdcf6d3285e95a6
train,trainval,Abyssinian_172,1,1,1,84068d73de1dd37410aae5b9078c5107bf6ba18cd54534d4c335933169e13c94
train,trainval,Abyssinian_128,1,1,1,8a629207443b9c058f2903ab1216f2128cc3fed6eb7b49b945eaad8218e8f42d
train,trainval,Abyssinian_176,1,1,1,8bb26ff85a8aca98c43c09e161f115ad259a78738c0358dd553fe0c34dcef306
train,trainval,Abyssinian_136,1,1,1,8cc09fd2530098d0eeb1a163d875b0037d4167b42cdb4731af2d6bc392f4b337
train,trainval,Abyssinian_125,1,1,1,8ef576d924e8984c5503cadc596dfa689a5cc59255116fb43328fe672750d77b
train,trainval,Abyssinian_19,1,1,1,930f7cbfedbe8f575383adc2648ad3d85b5970c3f7b4dcf1353ef31980646aaf
train,trainval,Abyssinian_12,1,1,1,95dff06c08bb15e06257c2fc7cfbe9a0ef40ff1aeb41bc45797bd41dbe4e72db
train,trainval,Abyssinian_138,1,1,1,99d18a6640084eccaf4ecb45f9d396b1cee157d651c6f88e97927fc9189b773c
train,trainval,Abyssinian_158,1,1,1,99e2468ea0dabb41b3db0d3cf29853aee1b700d3180822c3c56eb01b60b23d05
train,trainval,Abyssinian_16,1,1,1,9a0f30bfe1c0349e9d0a13980843996232d9f631d216cbd8768efb3b04019063
train,trainval,Abyssinian_195,1,1,1,9d159a3af1dc6e80bc70304e43d36db8eb9607145cc1715511a0e74f97e36311
train,trainval,Abyssinian_130,1,1,1,a8e81a803313b6d3211b7abb7a7f3da8eb08467a1d58916c2cd7ce7081aee98b
train,trainval,Abyssinian_13,1,1,1,a9d46f51237b8075c2b070b3e0c6d4f24505935ea82f8d87a912f37347063256
train,trainval,Abyssinian_134,1,1,1,b6138778b141ccd95839400dd28beaca966a6df8c38b44442464c6e10ebe0d8b
train,trainval,Abyssinian_179,1,1,1,b88e12823aad7be7c6d393bdca88e1bc53b4bb8181e513a13c39be401008a187
train,trainval,Abyssinian_116,1,1,1,b965314016ee0a81fd0a28fe13cd35d3af077e32399f037384a5d277a4a717eb
train,trainval,Abyssinian_159,1,1,1,b9a8029d3f562c1b0d3bbbdf2f3be0bb2b1d97b3f9db7437f5fdccc73f0afbe0
train,trainval,Abyssinian_151,1,1,1,ba6c13ed4d056f123fcfe37e9238bdd7d724eb7df10b6e31c70114c6722b0a06
train,trainval,Abyssinian_170,1,1,1,bac37d1812cad81ae5ec3f610e5941e60b54dbc71bd39180daaf69cfa1d918b5
train,trainval,Abyssinian_149,1,1,1,be3ca083310d5a7446585d1f622a220af7b7448195627de5eaeec52a18b021cb
train,trainval,Abyssinian_139,1,1,1,bfc1b5f9491c340e62df72a621f272d3bd6d7d095ae9a2bd74d6be18bc5f8670
train,trainval,Abyssinian_181,1,1,1,c02da12189d4c8d1225440cd39606ffd93fbc94461c837710cd9b3b553080269
train,trainval,Abyssinian_192,1,1,1,c5d6ef3c53379668970793d58ea4da004842c63a0e6a619a99bc2a67198e9267
train,trainval,Abyssinian_150,1,1,1,cb07b7812f17fad06f1aaf84507af90a8c06ad76f1af63f5dd90c2e1f5f9a4f7
train,trainval,Abyssinian_133,1,1,1,cba7f5663ca74bd53fee27f1bf686775279972b081aec55c1010fa0721d95c59
train,trainval,Abyssinian_160,1,1,1,cbb06ca6743cd01e775512e1c2291748eccdfd31ea0833b3dd57fbd2507b924b
train,trainval,Abyssinian_1,1,1,1,cc3580c1434a6449835b82c89b511f2292e2646b6af369a5eab190ba043940f1
train,trainval,Abyssinian_180,1,1,1,d1655fc8f6b055bda089da117e7da4a26ef75df4849d1bd47ec2d4e2df348a6c
train,trainval,Abyssinian_110,1,1,1,d22cf9775b78ba491ae362365da30368e7be63cf57eaa330901192b42f567f3d
train,trainval,Abyssinian_124,1,1,1,d616327bfca053d89d6eda47818390bbb9e801b60dc5375921bf2e76d078dbe0
train,trainval,Abyssinian_117,1,1,1,d9c913964858a241b63444c722ddbdfc08d24c1094a833eaddf8a35a6d7bde31
train,trainval,Abyssinian_109,1,1,1,dc914e0dd786ea6310059ab900b2a6ae4e4489f40b2e133ddef4e409decd6c55
train,trainval,Abyssinian_106,1,1,1,dd1d4e9b91d695f1292c94b0413de33d98664059633fc760c294b87fcc87c4e4
train,trainval,Abyssinian_10,1,1,1,df58cc8ea001f0b56fb7c23666a6a531a92dc5cb8c16e93bafe4adbfa2e8ae6c
train,trainval,Abyssinian_148,1,1,1,e491002989673405dc7bd46aadc5d1309f715a024bec217b2dadd72ed3f5f9b2
train,trainval,Abyssinian_143,1,1,1,ee5c4306f27a90602eb396b22ea447d7629bc36923f09bc425b23dc05eefee4f
train,trainval,Abyssinian_11,1,1,1,eec4c8e3e6940e6be79c119154a53378303cd1b0f7965dad56aec02d4d8dfa10
train,trainval,Abyssinian_129,1,1,1,f17a270cb4079ee56efdf022fbbb633deae3078aaf15483d6ab54b650f25a47f
train,trainval,Abyssinian_113,1,1,1,f18b58ed31d8c7a69f2f6a1434fea9e37935b7b63830d8d0244587057b3b79f7
train,trainval,Abyssinian_164,1,1,1,f51e1e700a5e4d685b6584c7ece44c3ad059fa8f2a69b72abd5656b6fb7aba0f
train,trainval,Abyssinian_190,1,1,1,f604860a03a5e8529e71e15b969e012450baa3068c1cfa784893eb19049202c3
train,trainval,Abyssinian_167,1,1,1,f79cf11897cf63036b2179aa3b64ed65f8dcfaf87c427d00f27bad928ae87a1d
train,trainval,Abyssinian_182,1,1,1,fafde73692a2eaf860ecaf63ad490bef073a10beafcac3e89cae418c0e07cd1f
train,trainval,Abyssinian_126,1,1,1,fc3053af0e9a18b4fe7570dfe54b62f1791250ece82ed0163ec637b0833d637c
train,trainval,Abyssinian_101,1,1,1,fc9e1b2f5eb4cbc17f3b3ccd9971c046c6b4faa38555a6bbf09ec28ade678c4b
train,trainval,Abyssinian_18,1,1,1,ff3311a5bca7e275ac79bb0f0c49d105c2d992b5bf09903865a9e71aeddf71fb
train,trainval,american_bulldog_194,2,2,1,8421638c4ffe29f07bef36acc9626781f9e7ed7c163de437b3fbf324d984e828
train,trainval,american_bulldog_128,2,2,1,85a3bf977e9e370deec10cb80fcecf8275dc2b4aa381b140c4dd0b600621bb83
train,trainval,american_bulldog_117,2,2,1,867effcbe06792e6e7c6184d95ffd39b2b426721691c94db709793d68c09adc6
train,trainval,american_bulldog_135,2,2,1,8a8687f45b0dab14bef13a1f390dd1b4e39d281cf402f1f94d22d12a6bb1a56b
train,trainval,american_bulldog_121,2,2,1,8c71fc278e5dee6fa9d8ba5a25595f48ada135eaa3baf10c3cd256954cc6b6bc
train,trainval,american_bulldog_12,2,2,1,8c7485844a833e611815cf2347fdf151c28835b50ff61de2486d38052939eca3
train,trainval,american_bulldog_112,2,2,1,8f05191956292e8745e3580f3c74ca637aafdc42ac3b174a513ef8945ff2625f
train,trainval,american_bulldog_197,2,2,1,9066861d25c823bb24284b34179fe183134d1359255615f9b1462ccd7150de0a
train,trainval,american_bulldog_125,2,2,1,90dc64c2468d02c58820c734383eb49502ccc9cf7e9ffec3c0817f0a444226a7
train,trainval,american_bulldog_111,2,2,1,923f09d32f9e8c1f54b8b22557fb19f108fcd88b8c3a09e012ae7ad76070975f
train,trainval,american_bulldog_166,2,2,1,92c0556a6e17a357d1708f74c25b73417cba2f382de27bad38b223347fb547ae
train,trainval,american_bulldog_108,2,2,1,9667a21de065a68b9e94a08ef43bd2d69d165d2a49140eea1ff553f50edfefbc
train,trainval,american_bulldog_180,2,2,1,9d82f91be01d627116ecf5539d8244e48425db1b530360f733b2aef03ed77fb7
train,trainval,american_bulldog_177,2,2,1,9f9eb7473dc57e9c3f29e5be7b05dbda2aa2fab0ea4d3b9420b6c4b8bb203b0c
train,trainval,american_bulldog_146,2,2,1,a070e1646653f385b706434a132927e0c0ff14d3326fc972f5f30878c3cb518d
train,trainval,american_bulldog_149,2,2,1,a2fd2c92cb358e3a8fbba727bf32c0c4511d19c9a70956dd6d7f714c23387aa1
train,trainval,american_bulldog_133,2,2,1,a37ad5e0dc9d2b8aee6458e4c7825e5a07b43c0a27cd2bccf3d744561e90dd52
train,trainval,american_bulldog_183,2,2,1,a456d79dc5dd8cbdcfeb4ac4321f4181059d02d3897c39ba9ec0d97dff631c0b
train,trainval,american_bulldog_101,2,2,1,ab75f1ab2b948b39022929f80624614c1cf33f90938e6fca8f0ebf04e7d260e2
train,trainval,american_bulldog_178,2,2,1,ae8e0a6ca368d318ac1864ce32f7a75990f8bfbac9f8dcfe4f5284723c8bd08d
train,trainval,american_bulldog_13,2,2,1,b2a7256236ecc0a47e21ce079723d97f387b15f748447d3d76790e2d9daff411
train,trainval,american_bulldog_175,2,2,1,b4420242ff4c995b4d89a6d9e1b496fa80258b8d0595f0fb6eca5a8e588d77af
train,trainval,american_bulldog_168,2,2,1,b49d0661bb5d2c59466a3de379c922a954d682b43b2bf12841d934587b9a444a
train,trainval,american_bulldog_179,2,2,1,b503b33efa3ad2fef0f7804412b99ed450ef5224278fa9bf5a16e20449718a63
train,trainval,american_bulldog_15,2,2,1,bc7003bff7878d318de285b86bd881148650c00d10f0224a0a9bc3a0292d0dd8
train,trainval,american_bulldog_164,2,2,1,bd2ee26ee8be58683f8a11e5110bf0674ffaf78c35a1e5825b082f5464d392b3
train,trainval,american_bulldog_106,2,2,1,bd3446b621a72e63fcf9b5a95bfd71f1bc9d083ba192b3ece8802cc809be56e4
train,trainval,american_bulldog_189,2,2,1,bd838dbe6d436d1e895964a5a0d03ed5b4463014b00a432e1a4868d1d2a1fb24
train,trainval,american_bulldog_196,2,2,1,be70d12f96ad9f5d069c2918a9d8074ffbbd8d71b478410490d0fa4b1fc5b385
train,trainval,american_bulldog_200,2,2,1,c34c4f6991866ad7d075cda27d5ead2a13e71e20d5ee28fe49d87313cf2e2fa1
train,trainval,american_bulldog_184,2,2,1,ce3aede2ac9622d21c616ebedb0ee53b32f9c131dc637de67e6a1170ae20416e
train,trainval,american_bulldog_142,2,2,1,cf049e6505baf5a8f67d44668d1de1e2bf4e1f40cef0e43dce73acce2fc8abac
train,trainval,american_bulldog_110,2,2,1,d02677108d69bcbc404c4a21e631dfe9350072b2c73d4fa57a172de8f05e71b1
train,trainval,american_bulldog_113,2,2,1,d026d9d718e7ba4af3fce274ee0de745f816b7b4a0a369eecdc55ea62faca25d
train,trainval,american_bulldog_10,2,2,1,d0979caa3e0b11a0e89c163149dc8b8dbfe87645a0b3512e7befd5656a31da83
train,trainval,american_bulldog_139,2,2,1,d2d9c20472424f58f96f0b671c9bcb012e0208761706973bba607c69125b90ce
train,trainval,american_bulldog_114,2,2,1,d3674391a9944a897b693b38217354c72834216840b66ea30ea743a563044131
train,trainval,american_bulldog_144,2,2,1,d5c7d14cb917376f92002a8a13eaa30f9a4f18fd21da048e228db53f1cf2c78e
train,trainval,american_bulldog_199,2,2,1,ddc52fb73f4c336ca5b2ced6e10f42bf9f8e144b178d470b9b128844f2ded94c
train,trainval,american_bulldog_192,2,2,1,ddd6cda0ea2d9080027d8b2939bd76226681dc6eefc6f83fb5d202a3aa659b2a
train,trainval,american_bulldog_152,2,2,1,e016202421660f723e0e40e9df0b5cad8022cb6b33351b113a837a73974f8c0f
train,trainval,american_bulldog_120,2,2,1,e248609bba79b7c7cc295568785500523246f585d5a5d95a668f1e937438d3fd
train,trainval,american_bulldog_127,2,2,1,e5539eecfaa3f7c7a3f60b444573be683e6f683c7743eb9ee7d14de1fcbe65bf
train,trainval,american_bulldog_147,2,2,1,e893942e01b4e911e16d712c54d13f9d6d93ec0650a57146f344738602ca0a45
train,trainval,american_bulldog_148,2,2,1,f0c1010680574769b98384a5fa9a32376d56695d546c2f2a41f1f5a67260ed4c
train,trainval,american_bulldog_118,2,2,1,f193456c1b90d2cef94a84e995859f38b6861f10024df5163e924b8773582232
train,trainval,american_bulldog_102,2,2,1,f58b2bc54ebe93eb8b4f44e87b40cd76faf6ceb7050e0f560032abc95c2d8c61
train,trainval,american_bulldog_174,2,2,1,fd9031acbcef6b024c84210a417488ccbb525f667647b2ae37a486b71db1ae44
train,trainval,american_bulldog_129,2,2,1,fdd3bd02860c9c0d4e5e7a6993993b32b120d2f691680122445c0a4be5c84d9b
train,trainval,american_bulldog_201,2,2,1,fdf61c12ad5e50d747859d8b03cf5c7c4707e1cc28e2b6142159b8f9c8e6d6a3
train,trainval,american_pit_bull_terrier_16,3,2,2,8fe6cb7e78c4a8d0fd1fc1bd8de885a5b92d1faef131181c0d775ece4cae1aa6
train,trainval,american_pit_bull_terrier_167,3,2,2,95037a4d913e42c4b75b695e4b8cc36a5165c9f248905975772e1356fa48f377
train,trainval,american_pit_bull_terrier_169,3,2,2,95989e798455936451ec9b8df1c5292b6a8a9321542e63dca5e7c497e592c745
train,trainval,american_pit_bull_terrier_142,3,2,2,962f1a00894bd7eccf93a01fa71b02ec15a567be64899a59b1772fe43c96458a
train,trainval,american_pit_bull_terrier_107,3,2,2,9ac04557a8b4597fca2661ae955f0fc6d847437c168d45b8d144b62923990756
train,trainval,american_pit_bull_terrier_114,3,2,2,9b54f2716873ccd643ad9a7662ac7264e3604266963e7fc6fc916d0f96bd0254
train,trainval,american_pit_bull_terrier_151,3,2,2,9c41e4785e86c74fa465e3edd581744e7e1c5d3bfb9ef3e0f6268145008b3936
train,trainval,american_pit_bull_terrier_182,3,2,2,9e7ef46ee3496949ed25efaf922af55a838588b57d4b5356cdeea525a7aeb706
train,trainval,american_pit_bull_terrier_139,3,2,2,a28389e0b86beddf83a3d39bd3637cc883b0b5cdf1f6358558a65ca3cdf4cd6c
train,trainval,american_pit_bull_terrier_156,3,2,2,a2ee604800eb230a94bba3a7005c79777f7a42ac6d7a4743bf81b58f3b03f499
train,trainval,american_pit_bull_terrier_178,3,2,2,a4c1438895cadd496a6ed725ee26cb776f9eeb2191896e4f8ef412dfc845e811
train,trainval,american_pit_bull_terrier_171,3,2,2,a5c48a7bd233e61cec0e7f50756fc01803f4d09f734a2817abb6302dc02c3ff0
train,trainval,american_pit_bull_terrier_160,3,2,2,a61e802752caf6c180ae4a18bf498ed8bdde4014d14cd6fbe33d9828d22408e5
train,trainval,american_pit_bull_terrier_13,3,2,2,a640771ab97c87dca67c6f49c9d015846adaf39f74b073967a7a1c9d6fa92544
train,trainval,american_pit_bull_terrier_101,3,2,2,aae7264865c55f8ced163fafbab35ce78f04b301d0f530180dca8ba3372b5df3
train,trainval,american_pit_bull_terrier_106,3,2,2,ae4b31a66ac18d3c2e28418bbce012c1f8e6a759911a92ed2555e322eddaa091
train,trainval,american_pit_bull_terrier_143,3,2,2,b8febc62e194586f8ff25df24c719b4850f1223f95c3039a92600847958f4097
train,trainval,american_pit_bull_terrier_108,3,2,2,b9833b82f50303c0991cafc7086466f68c6325e8f73778a3cbb01d62549f608e
train,trainval,american_pit_bull_terrier_147,3,2,2,bcdaf389e399461b96df3e8e81b7eb4a7650d39b8c44ce3e0580ebbdaa611396
train,trainval,american_pit_bull_terrier_116,3,2,2,bce57bbe61f4d926b66c83ccfe56f309615055f287b1b0cf58fc1e697e59696e
train,trainval,american_pit_bull_terrier_10,3,2,2,bd1b2b5f68141fa2e40cb108603cbbff8b6dfe68a7f23b071c901688b8552ff6
train,trainval,american_pit_bull_terrier_173,3,2,2,c032cb856202bfff55d46ddf232d9152c0347bd11ee9a035b1f666096316b448
train,trainval,american_pit_bull_terrier_161,3,2,2,c1446ff575b2d4d364d35ca78891c4b518224aa78df39cefb8247f54edcfe18e
train,trainval,american_pit_bull_terrier_150,3,2,2,c8f2bc5f9aef696b4dfb0da3331f930b0af00d9467a4f6da8c0d69473d00cc2f
train,trainval,american_pit_bull_terrier_148,3,2,2,cae6a1aaee463e14daa8bceb10fc2a735733858244d1efcf2cc80b8891c7dc0c
train,trainval,american_pit_bull_terrier_113,3,2,2,cc3d86d5c680784837d2fa82b2d12cce7657dd4b8614bcf7d9bf9a93b323e9e9
train,trainval,american_pit_bull_terrier_119,3,2,2,cc56b8a20679ce4ee7916e389a87326baf634e8adece339912c6e2af452c5bb5
train,trainval,american_pit_bull_terrier_112,3,2,2,d13ca58d03540dc097744e776e1a7613d9e44d6def23c553896fbf8dc5cd5eed
train,trainval,american_pit_bull_terrier_149,3,2,2,d16d57320be5085e2dbabc1c651e087c809189fbcf98ccc60d2a0ef88d04eb08
train,trainval,american_pit_bull_terrier_155,3,2,2,d2510b4ec4f558feccda21958bf4a9fd1b25894ed8d16556cc2cae396a2d108a
train,trainval,american_pit_bull_terrier_115,3,2,2,d27184896141d56350e2c4034a8b00eb6a76a7bd411826ef8efbed7811b22e91
train,trainval,american_pit_bull_terrier_126,3,2,2,d51d67e7df1c030351e35caba23338ef384aa64e597359e61791daf975c95587
train,trainval,american_pit_bull_terrier_168,3,2,2,d73daff51812723252a13fc1a5ee23d44f826af779fc029b6719279701bbd8f5
train,trainval,american_pit_bull_terrier_124,3,2,2,dbf34a8e842d199d3b292e872450a264f003ad29a525b0f8cdb130a344cfbb5f
train,trainval,american_pit_bull_terrier_137,3,2,2,de0b1733a3e2bc5b72ec28434b8323843624467076fb5228cfebf38260d49945
train,trainval,american_pit_bull_terrier_12,3,2,2,df5e5b17aaaf69d09ea7dbb8c676259eca5a8440811af339ca381eb27c841748
train,trainval,american_pit_bull_terrier_15,3,2,2,e369e3b7c7d026a709720386606fd73bed99c13621ea449bb754b36e5251e471
train,trainval,american_pit_bull_terrier_177,3,2,2,e7fae95bbd180e7b430745e4f4fd9b59995463c986f02fbc77d54b8ece4fbaf6
train,trainval,american_pit_bull_terrier_184,3,2,2,e88688a5e24a2899a5490f2df40207ef156054af11ea6d3886b33363050defaa
train,trainval,american_pit_bull_terrier_122,3,2,2,e98f0ddc215a15994c704379224628969584114b6b026920314ea922f7aad390
train,trainval,american_pit_bull_terrier_118,3,2,2,e9b285efc43169ab69dbab4438c2970385bc638833e09206a0f69a3de2bc0d41
train,trainval,american_pit_bull_terrier_170,3,2,2,eab06dc15e5f48af1ce8b863c8defc1e4466cb040e317e7b70d11806ec81f074
train,trainval,american_pit_bull_terrier_134,3,2,2,ebad60e8ffa50c72f1d44a81686d23953f99a297248eac7638441dddb49030de
train,trainval,american_pit_bull_terrier_117,3,2,2,edd602294921806814fd79824e300a134a357d367c338e3d1652108892544417
train,trainval,american_pit_bull_terrier_136,3,2,2,eebf174e45e41519d5a0d749663c3fede90e4763ba7c8eb11c42483c2cd27ff5
train,trainval,american_pit_bull_terrier_153,3,2,2,eef93a0a054444c2c660d8afcc0a91870185842eb2a695529a181991abedfa48
train,trainval,american_pit_bull_terrier_187,3,2,2,faaaa30e54c74f0aad05fad2a981d9032cfad62a7b103eb957c626417dcad4f6
train,trainval,american_pit_bull_terrier_105,3,2,2,fb75e532feae52acacc59a65b18402c7297ab8939f521f7d19f5c72e2e850328
train,trainval,american_pit_bull_terrier_144,3,2,2,fc8fbbfb70073a35759b1990417d96300676b0ed32332bfb5f3f89a851c5f519
train,trainval,american_pit_bull_terrier_18,3,2,2,fdce78226e6f6ef4e86e1d5ab254c7f19e87a78a4af132960ee2de2212ae3afb
train,trainval,basset_hound_100,4,2,3,82c9cc7e4e9dac5108ff4b2b43ec6df335f2ae30f9c550cd9da0029edb8b05bd
train,trainval,basset_hound_101,4,2,3,8867b908ad899d5431055071dea11977555ae5f81a1eb734b06622482eaaba86
train,trainval,basset_hound_11,4,2,3,89a27e2d36cde1a7cae18d63030a9c7858b6bd0e46e78d595e66e5d09cf4bf61
train,trainval,basset_hound_126,4,2,3,8dba7d9e47a6945682806f08ee211659780616bf8cd9627500f1c27860bea208
train,trainval,basset_hound_131,4,2,3,9141a5d03547f407606833ecef05d2c40dbb7bbe9b7433cc9627cd834d77d739
train,trainval,basset_hound_146,4,2,3,9142afb037ce7623a87192e334f05909554c2a5bb35aacaa292c11027894e6a2
train,trainval,basset_hound_108,4,2,3,968f445c33ca885654f37c7e2570637318e70771999ae010dae32cacd55c86b8
train,trainval,basset_hound_181,4,2,3,983edf1dfa1bc489db0be116142b86e8bf912a36a3fb40b19dc7c8a33a37f010
train,trainval,basset_hound_140,4,2,3,9a038817b35c4138563980b8e592d39bf41a8605310aec36b121fab4a2bf895b
train,trainval,basset_hound_13,4,2,3,9a252644dcb63736424a3fd2f47734fec1e8a70e9966f50fb4765bdf24fbb0c9
train,trainval,basset_hound_127,4,2,3,9d19250d01057f4bf3e972b73698472bab354c75c863c369d3b7761d5868c91d
train,trainval,basset_hound_160,4,2,3,9e8e1be57ea9014343d547e75c6cb67e3ccf5ec91c9e9d1fe7f3380dc21d91e5
train,trainval,basset_hound_154,4,2,3,a18560b526478a347a1c782237ad745bc07d6f35a4469e2576b25eaa219c2e5a
train,trainval,basset_hound_18,4,2,3,a7a76dbb812617285651209eb33d7f67d4e4a058e61cd5695c91de6b4b46cb6a
train,trainval,basset_hound_183,4,2,3,a93b4c60d957ae8fe7aae1df6da97d1346bc508ae104a844d17aa8415a6896bf
train,trainval,basset_hound_12,4,2,3,aa376f5f3b6da38e1812b610aa1796458a1b68ffef448611a3501238d4424fab
train,trainval,basset_hound_141,4,2,3,ae536e3680740be082052c7528f99467d58fc088100e02d1e74d3186f51046fe
train,trainval,basset_hound_186,4,2,3,ae93cc989e0c63e8d3f6a76c267610dc938462335d6c6348852e1148a59c1f9a
train,trainval,basset_hound_109,4,2,3,af3bc536220aa87b1957b35d84d9a1d4f5c1528b1f066c6ba30cf23cf1cbe7ec
train,trainval,basset_hound_120,4,2,3,b3e7f4ba8a7e9f8d431a358f50a596f7a0014613f238e84793dfaa57f99fc96c
train,trainval,basset_hound_145,4,2,3,b3fd98001804f537ff2203f9dc82fa4ba2e504f3a4f15b9f6a709b2fe659da17
train,trainval,basset_hound_165,4,2,3,b415584d9f69b4677eb45dd0d198cbf47869b6d4f493ae7d5a3e917e1969803d
train,trainval,basset_hound_138,4,2,3,b575720e4df5ce7a418507fabfb0246c96faee6f1300c2fe7f7d3dd62328b796
train,trainval,basset_hound_148,4,2,3,b59a778d28f1f141ed737bf4961ec0b2228665a47756568b10c38a770e8558b7
train,trainval,basset_hound_133,4,2,3,b78c04a8811ad6eda61ddd5d618f6fd116978f6a3d334da014bac675de9b96b2
train,trainval,basset_hound_107,4,2,3,b820b3e13a4454958517ee68dd781063af5e9dcb132a83aa5312ffc509571e63
train,trainval,basset_hound_171,4,2,3,b9433345758cd4d7f99e5c155ee5073668a8f4e03800f2d904ccbb68e0af46e2
train,trainval,basset_hound_132,4,2,3,baab92e0c6c381bf3e0705d150a74560b84477dd201001690e22835e74d64671
train,trainval,basset_hound_143,4,2,3,bf5fb229ea28dbc7ceef178c20026d82c74b6c73fb9fb6f7535e5339c46d76c0
train,trainval,basset_hound_118,4,2,3,bfbc5f8db691b19b9d0a125e92173255914b41fe4f00bcaa0d2bdd98ae2f908f
train,trainval,basset_hound_170,4,2,3,c027dd9c4d6d5629836cb1db9cca7837b14ea37fae173c6d984761ae17c18287
train,trainval,basset_hound_106,4,2,3,c7e09bd237257ebc5567b5ce83a2e34855abef8fa25c0d68eceb1202d15b3a6c
train,trainval,basset_hound_121,4,2,3,cbcb50c149468ee4b1ff24f87974b2cf028f3f0896541a7d3b861506a8fd7e74
train,trainval,basset_hound_167,4,2,3,cde7d5f8f1adc158e57031f9b8342a005e06c632268ee79092ab84d36529a494
train,trainval,basset_hound_179,4,2,3,d02d53a0d0cdf1f07e3531fad1f5eb5d9f95dc937b45f0e202b46d376be5f741
train,trainval,basset_hound_142,4,2,3,d10ad1c3fa51e8918452699455e610cbf3fbf5f98f79a284924e64b54d98015e
train,trainval,basset_hound_122,4,2,3,d4fd0619d23c2a01de7bd3aa0f40d955030957a182dbc68d6057d7a673e5c216
train,trainval,basset_hound_114,4,2,3,d82b0c7e9dc97ee266e35b41abf5184dd5e856a0c73e5e6f5d4d68872f800566
train,trainval,basset_hound_175,4,2,3,dd0402cdae8872480f085945418f4096540f360b6b1b6c5735223f98a60dc845
train,trainval,basset_hound_119,4,2,3,de710ee0044c24350bd37af83d7be110208a39d37d21d9c0b748b5b8e12214e6
train,trainval,basset_hound_144,4,2,3,e32772dffa0e1ab92564d475239292340ccba0939ade4b45aa4598883e14a6b2
train,trainval,basset_hound_177,4,2,3,e6d8a107e6e53c632db8a89401d5f45dca25e6bb353744be75e7b590ffd8e6bc
train,trainval,basset_hound_152,4,2,3,e7b538a1bdceb9dda74f7fb2e5e8a35d99d7593197343b7d9365d98b7734d3ac
train,trainval,basset_hound_135,4,2,3,eb6c2d69c5b2c3121f60b642a46036a691b28402c99fbe5cf99eb7d47e2e22df
train,trainval,basset_hound_103,4,2,3,eb94999e9b21ed5acb0e1e48be0d0cbe6870ad0a43b77bd76d294d9cf6a8a4c7
train,trainval,basset_hound_134,4,2,3,f52edff404e04bacb29fe2f3144f9b49819e2ca349ddc5ddb6b6ea2214085ff6
train,trainval,basset_hound_184,4,2,3,f793908224d0d94b40ebf89ecb30c4a08bc0c6b4a32bab5db7b9f054857e4596
train,trainval,basset_hound_187,4,2,3,fb0c68b734d2d119bb6a6fd75b61801e588b60a873526bd0cb90ce394dea36e3
train,trainval,basset_hound_110,4,2,3,fbe38e882da9678e34c57a04cf9e0fc8b1565ba4c0389dfb70a45f386997eac8
train,trainval,basset_hound_180,4,2,3,fd7cf5044c9bce75d950c30983a4db42f7374d8a867d867d040288ddc0dfc0db
train,trainval,beagle_142,5,2,4,8401435064d87578ef1d4a227c2b3e55a20270b5dd1331388e1b9db04630eae7
train,trainval,beagle_119,5,2,4,858e33db17cd681f9af575ae655ad1c6373c371f2b239c77d012ef2101aab3de
train,trainval,beagle_175,5,2,4,858eade33cbb75a5224fb22a040171861263ec9175a5abfdc46638f91a83cb92
train,trainval,beagle_12,5,2,4,90deddb4b281414ee88a104152251e62f8a4df0cc9cf336aabe69d2fb2f3effc
train,trainval,beagle_154,5,2,4,9203a71e450aaef035a5a73c049aedfb287762a50b3923c3cb2111a6bdc81fbc
train,trainval,beagle_129,5,2,4,92ba66ea0ba2ac3187e38b8a90f8966673c64c6cb0b2ad8038dd9c80637f43cb
train,trainval,beagle_143,5,2,4,9348ab7c22ae443c5143e590801dad91ef8eba4408c77575f7ebfa0083d2791f
train,trainval,beagle_137,5,2,4,946c7f9b839806ae35c28d33cac0304dcf9c2a9fa9165f2c382dbb114751a5f6
train,trainval,beagle_18,5,2,4,951536623bc17ff36a6e5168411c083d7191722c01e919aed12d39099a28f187
train,trainval,beagle_134,5,2,4,9636d7c7c28a57986b9cdf8cbdb133ba4b3716c86cd2e723b362b2bafb979d14
train,trainval,beagle_121,5,2,4,9731d3e67b9f75dd04a8e5d313b9b5f053b54e525130328eb64bd8421ee38296
train,trainval,beagle_16,5,2,4,9b246acf09332609078ecd3570d7c52d1b0c79f538705458edcdf34765fcdd1d
train,trainval,beagle_147,5,2,4,9dfc4496e499f5fa4d17e7190d37f76cefb9638bb657356c7c2f446cdeab3563
train,trainval,beagle_103,5,2,4,a4329a9db67af74d15e78a74d46f5fa4c9c6155612ace09ac26ba02c105ba6af
train,trainval,beagle_125,5,2,4,a76fbfa83889f4d8e14f01f05877f10a3a0a114ff5ad4cb7f3546224c2e65412
train,trainval,beagle_116,5,2,4,a8043e2960d4dcb155bee648808ff978c9466204bb1a9194cf2bf522436bb1b0
train,trainval,beagle_122,5,2,4,b175f9bb97a2fae0737db533ebfaaaea28adc404d9ca01c6713ddebe3299e94c
train,trainval,beagle_138,5,2,4,b556a7ff5f3fb092a9c5369ad2f2d8fb784ed2c041f2d576d6fbd0e208d47c6b
train,trainval,beagle_118,5,2,4,b7e5953afa20226996829ca37dbddcfb0aaa42663c1f7909915a9f31164b6f19
train,trainval,beagle_171,5,2,4,b8c0665fb3291b6dd8b82f51b98579ecdd1c03e497aee9d2e849cbbe846fa7a7
train,trainval,beagle_126,5,2,4,b97800592ff6c0bd9bb06815ef69913f902549dbc9ce2cff1c924ae047a65863
train,trainval,beagle_156,5,2,4,ba3a845e7bb1d8ef0e92d118dd2368cc3c2920b6c9fe69a8d6c7d8719f3170a1
train,trainval,beagle_104,5,2,4,bd9b9a20cf202b47e0a60fb4476db41e60608026ff0946077d3ddb6c326c5ce3
train,trainval,beagle_135,5,2,4,be72bb2b0eee2d5464c04a07725443c45d0a0c6cf50440171f30606052af7a80
train,trainval,beagle_102,5,2,4,c62bfdc4830de926c8aa4998bcabdad7aa41701c18ec120dad81feedca4d1bd6
train,trainval,beagle_155,5,2,4,c737833404c8b41609c3a6ebf9318bab2cace3eb5d94ee5f511fcb65a0343a3c
train,trainval,beagle_107,5,2,4,cf182a4988bd23ff6c95e219899888fe15fc78bf532558548aaa755272f81577
train,trainval,beagle_149,5,2,4,d2fc742674cb25b852d95af30ad173de646020b75257812dce96d017e9720112
train,trainval,beagle_101,5,2,4,d3cf53bfc844b6714f83ae1f363efcedfd85302653f177ec1c320fe1dd94582f
train,trainval,beagle_152,5,2,4,d7c7beff2638a112ebb6006d9712b52e039fa3968c9667b557be6a93c156de9c
train,trainval,beagle_17,5,2,4,d893f730c246793a8ccd0a0c6973cb83f47944b189fa7471d95fd0a572a9ced9
train,trainval,beagle_158,5,2,4,d93b6ecf2a2646adebc620b78618d5488a240dc030abbdf401cb1a5a644eb035
train,trainval,beagle_117,5,2,4,db6f40aa2940133b026126244d414676c66b5cb6aef56170d97b4cba3289417f
train,trainval,beagle_173,5,2,4,deba55b0e205282151a98e5cb548c51d91af86f5ab4aa7ec2a81cd3c5f8315c4
train,trainval,beagle_130,5,2,4,e3e86ea7f1fcf74d48a052e5da884525a52af1ccdf7724dda5fecc492b1a1ef7
train,trainval,beagle_151,5,2,4,e422cf4b2ce2cfc3af0bb534e43db60f15671088618e2d7cbf79db3000c1f24d
train,trainval,beagle_150,5,2,4,e519f3a8665770704dc0fa3142001ccb493f37547b0905939a24a55f051155c9
train,trainval,beagle_181,5,2,4,e53c2b88311b5ff0153d4db1de546482e7bbfa59530e04c9cbea95717ec26101
train,trainval,beagle_110,5,2,4,e78afe504811c5329e540669b03d8c00677aa41ca324e57cab19d6acdf0e328b
train,trainval,beagle_190,5,2,4,e83bac978337b9c607308eeb2789a78da7ae881c4f2029db481120df06ff8cca
train,trainval,beagle_162,5,2,4,e9f7e9c7c35d4bc08a0a6ce1458d60c173ebf521f6d80b2cb5c2af99d93935e9
train,trainval,beagle_176,5,2,4,ead9606db6c83ce672b5c57d825513a75a850cf1a01a345f8b7afd52ab00d117
train,trainval,beagle_182,5,2,4,eaf1ead848f57bba2d7cb51782243d540e973231117c5e19e989084cb8fa582b
train,trainval,beagle_191,5,2,4,ebd65bdfeca6b32f2d7b0ec9041c9cf593288b8fad2b7dd8bea62ca50172c03a
train,trainval,beagle_111,5,2,4,f09170977a4f6c2cd2c368edb2d20940b0183d68148dba08a838acb931dc095e
train,trainval,beagle_112,5,2,4,f168c55610205b524ef612b93b1a9391b892ca4b572f6fbb4e0048b470b0d875
train,trainval,beagle_160,5,2,4,f48e5c804a7c21374be51c900122752b7e720e9f720eaa53e88605c2152b2c2a
train,trainval,beagle_123,5,2,4,f5863495393914a36ee5ab9b1ae587cf09f498ab8139927f8c78dac50b88ec13
train,trainval,beagle_131,5,2,4,f90ca18317be23f874a504a1d3b2e89e7c4eb6fdb910be5a577657a05712b4f4
train,trainval,beagle_180,5,2,4,fc3457b110167777df270eb527b35b3581b9ef4f4a8ae6b89df1562f1c5984fc
train,trainval,Bengal_16,6,1,2,867474f49554bb3228f1b5faf1d41889c19f8795eab2a7d90a985bafd4863704
train,trainval,Bengal_141,6,1,2,8af91fd8327a19b55991f539940e7d53ed7c60739173011c35ed6d167cb21b3f
train,trainval,Bengal_144,6,1,2,8c7b9ec87172432d06cdfe61320f1d20a4517bfa56f13736f58e4a164374d498
train,trainval,Bengal_190,6,1,2,957085eaa695cb9945e8d9b6fe77f87f24064746253ae2f657f2f4d2b7d8e328
train,trainval,Bengal_146,6,1,2,9811b2b7d55aee1614f03a1ba7394022bc0dd715065ae145c2c1d273ab3ec0ee
train,trainval,Bengal_178,6,1,2,99cf21549223accbdc6edabda6c989b47d9af847ff53c947d3d6ccba24aa99ae
train,trainval,Bengal_140,6,1,2,9a0d40db63dd1c95a2735fd4cb4e2c18d11828e33075728327d8e3a81c69411e
train,trainval,Bengal_128,6,1,2,9c187608b3adb48cffe989fe0eab6c601519caf66f25c93f1fce7d94bfd40fc1
train,trainval,Bengal_130,6,1,2,9c5ecdbe2ced5c7506c9a5a9e21e684071aeb7280f7c4a4e0c68be881fd54fb6
train,trainval,Bengal_143,6,1,2,9dcab3fb3e2f02bb576a76323ea572fd14fd0bfac9191275aa1538a1a04e0752
train,trainval,Bengal_13,6,1,2,a0fd8e9f5c20a9c4d5c27afe33ea9384862062e26f83a1bf0b2ed1e3a77fe8a3
train,trainval,Bengal_114,6,1,2,a22e2a296900a9476ab498735f2c8f4892081eedd8dbec47733d5a5ac955033e
train,trainval,Bengal_142,6,1,2,a5108b46b9ad326ebd0f918fdd9a1bfe87f202566e0ea3ab0acbb46117940f34
train,trainval,Bengal_152,6,1,2,aae576bbb57f7f3aaab2211150ad36cc9b6b78a132634b03c145611c44144aa7
train,trainval,Bengal_175,6,1,2,ab14f596b68782b8ed4530e4422e4142edb0acfc9d6110349bcb9c23bb18528f
train,trainval,Bengal_111,6,1,2,ac28d65c1e30411d9f5ae40ceec683cf59774b4a3386cf1f2cfbdd8f22027bf8
train,trainval,Bengal_117,6,1,2,ae76050a0bda29bee480ab9170fd1f8369d7995d4eb356b6e35ee86441d870f7
train,trainval,Bengal_191,6,1,2,aeeab7209fe3133c5919b96b7e2fc366b7d596e28dd5566b9d45554277b3fdb8
train,trainval,Bengal_120,6,1,2,b6e316038f6de4c67d01114ba5dfe90c4b755845246bc14dcae42878cad9c23e
train,trainval,Bengal_137,6,1,2,b6e8f780e3ab89e4da878f8d47e01a9cc1cc77dcb54c0d1b767f78e699e6dcb8
train,trainval,Bengal_183,6,1,2,b9f92a9d34f31b1f80ebc329310ef4bf507e9f8541a35f88d8ca296d09afc348
train,trainval,Bengal_154,6,1,2,bf8dbddd35a95b94b678c326a387ab2dc16e2c85ed5ebad81de24d6e2c6f7753
train,trainval,Bengal_101,6,1,2,c5028b03c25113181d042e6ad8e2f923915b90e52f802355ec9cc3f58e7831b1
train,trainval,Bengal_119,6,1,2,c59062f7240af95d02d2390393b9b871f28dc7cbc03ad30821dff95206ba0755
train,trainval,Bengal_11,6,1,2,c7c5496d247d56c8515c8e579399e7ff6ba551e309febd2db6b7e4a2e1729d18
train,trainval,Bengal_165,6,1,2,c844f3d6fea8f695b0d2e6577f72e7aefcde9a3defe3d56d2aba7b45d76e11e5
train,trainval,Bengal_100,6,1,2,c8a6d9b5d09b53a5fb614db83ca07afda1f8373bf891e423ecc36475b04a42ee
train,trainval,Bengal_115,6,1,2,cb487ba60e3f4c5754183592d84f72b018880afedc39629593df14e8d1835c7e
train,trainval,Bengal_124,6,1,2,cd5dd2b8ae6d294f8d55432007ca073d672fe7f81290b7f3fbf99290af8d8acd
train,trainval,Bengal_170,6,1,2,d2063c0c86cca8fd2735a68d4379aefe60f462d13e34776433a483105af245ea
train,trainval,Bengal_18,6,1,2,d47d0ec78194bc5356516ffea8ce922f23b64a6a50781bf6ca0e7cb2ce0b5f7e
train,trainval,Bengal_158,6,1,2,db87a51b2bf02be9ef6242ae433d08bd05adda16ed25bfb774bc06ef92e6cac6
train,trainval,Bengal_160,6,1,2,dbaf53e4fdca885822ff866d838182b3eb2899dddbbed5ba892cc99cfd7e7dcb
train,trainval,Bengal_148,6,1,2,dc4496b0cf052596e2f24c5aba5d5ff2b569042e0b3f37d2db40f1e9b5adb983
train,trainval,Bengal_110,6,1,2,dcb6c1a495c3ba5f1d6e5df6bb257166150e7f23ac572491862fa9264e40d83f
train,trainval,Bengal_151,6,1,2,de6e7cc965520241a0c5ced3a4ee640dd3d91d43ce0a606f5fb5f1eb4107886e
train,trainval,Bengal_133,6,1,2,dfd2eb1a21e6bea9bfcae96563f55c4c49d071f66ac2fdfe155a379b58065fb9
train,trainval,Bengal_185,6,1,2,e36be8fb9a5b7fcb3808eb3b4fb1f73f2ae38aa6f2e4bb031675ff5c0ddcfc69
train,trainval,Bengal_171,6,1,2,e45df06c1936a486cad234b7b53b6578c0e9e0d1783eb2947c887677f037f432
train,trainval,Bengal_167,6,1,2,e4f8634980e0424a5629dcca1073cba9d6edb11d41119a41d5c1e211ae5cde46
train,trainval,Bengal_129,6,1,2,ed0b62260dc5d25be57f75cde01e725f52eeb93cc18d7081b4bb5a837ac0cf86
train,trainval,Bengal_118,6,1,2,ee7a10c6f62bb363151d34489b666a527c3aab61bed92a8aab7dde8312fca70f
train,trainval,Bengal_186,6,1,2,f1231b40a131a74df56c1e9744f79ca4e7a8327b06cab94d3fda8d1cb0bf5d4e
train,trainval,Bengal_168,6,1,2,f3e85f8de6178fe030cf6eb379e032b8f26d01f1b39f392762b2bb30287a0de6
train,trainval,Bengal_139,6,1,2,f944a1b9588bc560ba73131795ffd7a118e4d867436740d698fa7d34a5da3677
train,trainval,Bengal_12,6,1,2,fd8953ecfbe6af862c5752867c82968ded50ba93029b235c00a21d7decfe956e
train,trainval,Bengal_182,6,1,2,fecf06bbfee59a3e8fad6abc61237034c1024da07418d4ff5a90775a61e092d2
train,trainval,Bengal_176,6,1,2,fefa2352042d6d7c35e15706bb003b04408ab72dedfbdb5f5dc7cfdc1122b3d9
train,trainval,Bengal_157,6,1,2,ff29f6646a3ad9228b8713dc84eb98e1ba143e79660121c76c83839a2e9ef619
train,trainval,Bengal_153,6,1,2,ff56db0d0544c05afa8c93f7f045e8abdd804daf1ce73a1cb085d1a01c774e92
train,trainval,Birman_120,7,1,3,7bbd2558da26e67d8b3002239dde3ad5bdbbd92877be9515e4dc2c42e4195ef0
train,trainval,Birman_151,7,1,3,7c7391d4d8513ececcf1157221c3e7fda14c08517f2d863ca40365ff6ded1c30
train,trainval,Birman_152,7,1,3,80cdd5e16e90e467a75905fe0abf757fa34a37027efa86fffaced81013d7b095
train,trainval,Birman_162,7,1,3,85382dc92143f9cc2dfda81ff19f258232aa2a663b81c809f555e63c3923d3aa
train,trainval,Birman_190,7,1,3,895a61712ce40fdb50e97bd76f3bad2095762fdc1a45f13618a2803b260abca8
train,trainval,Birman_185,7,1,3,89667b660e3922712380e58ccc68ca2fa231399a482f66de1b57d7df3fd1de25
train,trainval,Birman_134,7,1,3,8b9fe02d537e2a9b4f284a81d19408ebce1a3de4dd0e57afc0218160ba38f829
train,trainval,Birman_116,7,1,3,9047a2e1f2f52cbb912637a1884067c160cbc7b9ccdbc308a7630f3d84fe688b
train,trainval,Birman_126,7,1,3,91375a97e4108c65eb59d0b7a75fd020b2a6e1741872e41c0eafe09a518cbeae
train,trainval,Birman_108,7,1,3,926c6f7d7f56ebff4120e9b775b7e36dde21fd02050a82a7566fe1a975ea2734
train,trainval,Birman_161,7,1,3,941f317952e3ebaea95ae60f38a894f0936c6ae98fad8f72c4dfec6825e298b6
train,trainval,Birman_182,7,1,3,992db3840390f6c2c16a8a11aa9b69c8af937a2c2646657e3d103afac5098887
train,trainval,Birman_114,7,1,3,9ab65c511625727ee9f4908f236f5e1ad6b3b08261bf7125eabc01c096a98632
train,trainval,Birman_156,7,1,3,9d4b1ada47f0dc12108b3256b99f8220287717dae856a8190fba56885ebbdcfd
train,trainval,Birman_127,7,1,3,9e96a03b353feab785ca950f5330918820c4087cb16538ca2de836d0f6f32c3a
train,trainval,Birman_10,7,1,3,a045cdd83d080862ce9b65a9fe975dd10c339e3c4aee159fd59ea0b3e6e523a8
train,trainval,Birman_160,7,1,3,a4d33266a25a00160a3a62b7ed8e16ce30db99765ef95bac33b694443d0e721a
train,trainval,Birman_137,7,1,3,ac6f215570eaeb8833c6f7d820f782b2d7e50c40e230da5f3538dc16fa4e359d
train,trainval,Birman_183,7,1,3,b6f091436f1f94f3f2e90d1258f4691da49d2f5085852ed73c3951daa42ccebf
train,trainval,Birman_115,7,1,3,ba336e469560523d0a090ac486c3a8a687de1d3d1352ba63e6d6d57b9b52e091
train,trainval,Birman_124,7,1,3,bb278ad51d9c8558f2c711b2c63d1c7d5fdbc518f244204040284c32fb633d79
train,trainval,Birman_168,7,1,3,bbe3e00ea5aa492c895286181f6af1ba287883c4200e5181692bb26709028046
train,trainval,Birman_14,7,1,3,bea226fd409735f57530a3bab54944dc88132378c283394401095f5d16794a5c
train,trainval,Birman_103,7,1,3,befaa9f7c9c1520fe073c12663e0eca211a4827b3871c7efbbcec5d3e19d6a22
train,trainval,Birman_173,7,1,3,c718104d8ef1731891b5d861236187b332f2080342da4d3985a754aa0f3573d0
train,trainval,Birman_188,7,1,3,c71a8cc71b5d28d2f1c816a439627a24976bfb4f4dd7faf8083a1f967ab5fcfa
train,trainval,Birman_17,7,1,3,c7308c2ca243498708296312e9c866763e4c90d9e017d4e1ea9597124a51421e
train,trainval,Birman_122,7,1,3,ca9581f80fa75b484b2fbbb12b07bb52e16c5ddac7808bb47e9e215e1351daec
train,trainval,Birman_169,7,1,3,ccdcf87983913479f4f7fe043b4f3600ee02b2126b575a309967e1df183c7aa2
train,trainval,Birman_164,7,1,3,d051d231a94cab129492a8c1177d2902f29f0e381251dfc40824624e0fcb5ce8
train,trainval,Birman_131,7,1,3,d45d0ee3c982a07663959eada9e9adc346897f72a84f99f16fe29515911d7ec9
train,trainval,Birman_159,7,1,3,d47afa5271c2cf1060880fc7f350d7014fd76b40ce4a2ccd70f23d00d8466d95
train,trainval,Birman_110,7,1,3,d513b66b10a3112dc2c78f6c80c1fc03fde1b3f2b436e9279561f852da8908f1
train,trainval,Birman_146,7,1,3,d58d01fa2efd38411c98d2e6d77b832457df86a243ac087bcfb0de97bfef5641
train,trainval,Birman_111,7,1,3,d67828f424c8884dfed34fc44e1a825362f97eafe323fcecaa583bd47136c156
train,trainval,Birman_179,7,1,3,d7e0eff0a07348440bb71d063eea9e35d24ff989355d20eaeb8866f7b2fab440
train,trainval,Birman_15,7,1,3,d7e75b0cde80ad8fdd5a7fa14049b925a508d58db5b9df871e9039e8a3adc467
train,trainval,Birman_166,7,1,3,db6a34e357e151e6f4b64198b84aa3c52999b109f242dcc2b0c59734ffba12bd
train,trainval,Birman_180,7,1,3,e71283c14a1ebfdfd6b6d942f186bb2a78d2b22b24337965e78fa6c3d3b88397
train,trainval,Birman_102,7,1,3,e88cc47ba161d8d9a344c9f4ba9d344d016ec478720812e3bf848f46acc10fb8
train,trainval,Birman_104,7,1,3,e90f5c14977bb37a67552d368c88264e700127632d907e89e817cad2964362ae
train,trainval,Birman_133,7,1,3,e9877ebf70a41256bd4d11bc602ef7dfb88d89b36998c4e753486c8e14028624
train,trainval,Birman_147,7,1,3,ed7eda7f0addac19df3f370ba0da5962d794ecd3f5bf6dbde8383d912ec88174
train,trainval,Birman_189,7,1,3,ee69fc0c83ddc3cfa0fbee0b8f73bb0ba8c112f53cc9bdcddb0b6e708b27143d
train,trainval,Birman_150,7,1,3,f0bc0a673f3f13cf85809453de93ba8e30fd02d02c2c4a8ddff482c4e70be103
train,trainval,Birman_155,7,1,3,f2eadb363fcf4c6830eaf76c40d1bcf5c5e32438644b14e9cb0785afa473fa1b
train,trainval,Birman_171,7,1,3,f8c81671e7646b59467f0a7896104e58e1d0906e14cce9e7e7e5204dc3714f9c
train,trainval,Birman_112,7,1,3,f9d3f8f5bfd294d5c6ee4ed4b02350401679dff97027c653f186c610be7e5507
train,trainval,Birman_154,7,1,3,fbd900626b43fd362cfbc6e33d5df9902186cf57ff22524527f4aa14845e9b44
train,trainval,Birman_130,7,1,3,fc9a1de2571fa44c35e7e4d911789c69cec1bfeb4b5820ed733d88d874a42b2b
train,trainval,Bombay_138,8,1,4,70758120b8b2ceb13639341f04861ad452aa18417649c2fb0bf7457b16f44d55
train,trainval,Bombay_148,8,1,4,7d5b65868cfa2072fd40a894b220527e4f252d4273e1b7fa3f91e07df9deebcf
train,trainval,Bombay_188,8,1,4,7e0e1ea26f8c6120d8ccdf37d9005adab612a3dea97e543b79bfdceac76610cd
train,trainval,Bombay_102,8,1,4,7ec2fc35e8aca978c59395874dc84fec0fc0ea7bc54b1189cee4f74b73853a58
train,trainval,Bombay_121,8,1,4,83bce43647a71bb4312853e097ba3312477213aff6590a2f05a3e8102b8ae778
train,trainval,Bombay_161,8,1,4,86f85b34980beb1760e160fd50096756e4d23290a83ea656a6bbd7bd81285840
train,trainval,Bombay_103,8,1,4,8d8adbf96c77687029522cb2c8f3f66b5496dca6768fbd1b56fccd8cb6bc67d4
train,trainval,Bombay_129,8,1,4,8eef5a8fa971a5bb797f28fe4583fac1772f5f8c56f6565a4011c47ecc7b2f28
train,trainval,Bombay_115,8,1,4,906d5376d9aa908e617fdb6397f664394f3dba76cc8e1e15eaaf3d563913eb78
train,trainval,Bombay_127,8,1,4,92f08aedeecb03cf95fab860938ea7f9a9e2916993b47ceb9d2e2b28593cea2e
train,trainval,Bombay_182,8,1,4,99ba0995fff3bb62a0dc928207b86462ad1c505ab123552148584985ca34b170
train,trainval,Bombay_118,8,1,4,9d9fe38c96ec3cdbd8a293cfeebe12bc6fc32dc3cdb8acc859078f6f7f7af9ec
train,trainval,Bombay_193,8,1,4,9ed6b530314e07c595173a0fa4e7d60296e7e5f56b07153514a61c46c7b9e35f
train,trainval,Bombay_101,8,1,4,9f5bd0792d3a338aa6de753b5e61b84d47827dcdc8ab15557fba7fd82321116c
train,trainval,Bombay_134,8,1,4,a1f0d20f1143e432166e124bb14fe8a5fc2b5c112dff00270547efada9a9c992
train,trainval,Bombay_145,8,1,4,a369eb0b4392c1a6c8e43dbfad881ebda224ab94fb79f9bf8d52eeb294b9b024
train,trainval,Bombay_1,8,1,4,a5542dfefb3c5379d394cbfaaa904b70b37dfe0adba53aac3b697b45fb555f60
train,trainval,Bombay_125,8,1,4,a873264e30462119e5908ae2721c192feaddab330d9e21a7c8201490339ff418
train,trainval,Bombay_150,8,1,4,abea948320fee6b08b8b700b9800441ffc63fad3068745e7667b2c8d73185ed8
train,trainval,Bombay_105,8,1,4,b37eeb939d342195e6c7ef3afce759d1576a2829e4fb611f92fdfed74e3c3d08
train,trainval,Bombay_135,8,1,4,b49c0fc7d284a4fbb9fa0855130fdbe7655670d723c344fc031b4f0b56839808
train,trainval,Bombay_156,8,1,4,ba455e651a6e96facaca0a0b207e2f2a9118ec7d4c4980a9b51bb1d3894c3f7d
train,trainval,Bombay_172,8,1,4,bea5e3f957178d242c129fce8484d5b51b82223ba367c60e740625c8b4dba931
train,trainval,Bombay_180,8,1,4,c4365a603caa77e1401c019e9319177b6adfa6b38f2741448a13f6ba0996d250
train,trainval,Bombay_179,8,1,4,c4e792b150336f85b8df67fdda9f8f0ba48d3b7ef567d634f8b82fd50d273418
train,trainval,Bombay_166,8,1,4,c8cd389a13344363898bebf0507871d1a222e4b0288b998d440aed1d8b9bfcdf
train,trainval,Bombay_13,8,1,4,d1b0faf295e98df5ac3c8d2d816717a27e3942b61c1b65e398a8ca2c226cebfe
train,trainval,Bombay_141,8,1,4,d2da2cedfa5204401e5ff6399ff0394fa103de9d67db4f906db8b49c0ca72c43
train,trainval,Bombay_117,8,1,4,d5573c519f779d34e1641fedd8110718dc111d2a1bcb2cce82dee9e0da2d6c64
train,trainval,Bombay_154,8,1,4,d6b89333db87e79ec0dc87ab87b869623390daaf790780b8809e32d5619bddac
train,trainval,Bombay_160,8,1,4,da2c96a9595adff8d4b30347c428e0a98fdc29a60599e71d5575d41da84fcbf5
train,trainval,Bombay_110,8,1,4,da8fcf7e37f485e444c57bec5fd36a380a3bea4d2813c0f0adbe5d5fbbea37f7
train,trainval,Bombay_128,8,1,4,df33fe329d6549e81c8a48b53e28d8f5f88bdb40a11794175b6901952c5a5d15
train,trainval,Bombay_113,8,1,4,df55699b78465e3ae74f12e0fa5f6023cd9085903a26759dbaaf754fd7b1ce90
train,trainval,Bombay_19,8,1,4,e2559effb1a5174d7a83a0567c28323af465ab894f13dc1da06c92be84c89081
train,trainval,Bombay_198,8,1,4,e2d165eb06032017608ae02b8b737f4fb1d0412ccb09798101c43defd9b45833
train,trainval,Bombay_119,8,1,4,e2ea44a54071a8691a81272cf4d61505c8d16d3395d56c1149f11a571a1833ec
train,trainval,Bombay_114,8,1,4,e622b49382a0a737c340f9e82d4754980fb10ecdebe29fe9031d103e49f4c037
train,trainval,Bombay_159,8,1,4,eaad1a5b197cf8df1675811cf16d50ace9c475f40beb0a8f820876750f59a3f5
train,trainval,Bombay_163,8,1,4,f0aab2b5147bf08c5cb8713f81a892f372afbf7685b7c49953a8a9fc38b40f5c
train,trainval,Bombay_122,8,1,4,f29282f4d97c56a23063a019e86a12c24ed380d9c6d3cf6fef222279c1d65371
train,trainval,Bombay_185,8,1,4,f77a04ff50ef8af5315f433fdff2a332d681070ae0e91a54086a1eca57f605ca
train,trainval,Bombay_178,8,1,4,f9a3c704bb35cccf704829b6b0bca915083877ae327298faf663785c011f7b99
train,trainval,Bombay_112,8,1,4,fcad58dcdaf248acc8431dc2f1795248e262c9a32e6e6d3a8951ed93fa1e4fed
train,trainval,Bombay_191,8,1,4,fe24aa9210792c30b45630b3ea9cb197f104fb02b380a3640285372467fe5821
train,trainval,Bombay_162,8,1,4,feb30f0521acee00a81992a453fc1f4fb19f0304bf2f1f1edba09216200f31fc
train,trainval,Bombay_12,8,1,4,fed5b1ce027a985f87a64c8786c69b43e25e55ce75d02282252e8b0ce3f72a48
train,trainval,Bombay_116,8,1,4,ff44324478ddd96caa477903c04147146fd6946833f556a45945d08881065ffe
train,trainval,boxer_182,9,2,5,72b7e7d7a73ff213a5fb6f0e5a534453968c3cdb25c514091b87846e05fa8f1b
train,trainval,boxer_145,9,2,5,764dacacf2d7c644626fc2f71c91fb0c5ef81d1a0ac16be17d28eca75d330e3a
train,trainval,boxer_103,9,2,5,76d3da8b3eb1b606bcc37c02d3fe2f04308ae90b21912e778fa5ea32d6ae5004
train,trainval,boxer_137,9,2,5,7968ab23911cbff67bd322714f7c0bee5fbc173c252953fd6bf0c1d10ff2b109
train,trainval,boxer_133,9,2,5,7bd7bfe5413cfa5eae5d3a7dbc9f571fb8ce980d4d4383c474237af89abef659
train,trainval,boxer_108,9,2,5,7c6fbf9a09ba61b5eb0466a9240a47466187aa06434e5bed635c58d0aef715ba
train,trainval,boxer_151,9,2,5,7d941a896354cc15253f6998a4387e64705e4a0962b50dac1a8f5e19c7240964
train,trainval,boxer_135,9,2,5,7f1af3c6f00e9ee8cf54b80dfaf8636e0179e4ca2a73b7fbc93f643ae25be240
train,trainval,boxer_131,9,2,5,8145b564fbfa8b325bf6a066e5faa3506e79b2d6d348624343f2f4aecf9e833e
train,trainval,boxer_113,9,2,5,8245e76099c6f7ff49af72f02523f14186269134dde65202809dc78d868d1c51
train,trainval,boxer_160,9,2,5,858594232fe5b95d506748fbe344872e9a8e0cc853915b9d00f98c61b1acd124
train,trainval,boxer_143,9,2,5,8d3a7dde16c4bd91d966d598d5d61d10b6768afd3e5985b936ce02ed67bf0b04
train,trainval,boxer_104,9,2,5,8e5dbd77ed41fff3af3016a0322c2fca886836a5b318574f5ee2efbb52ea15db
train,trainval,boxer_16,9,2,5,9003f654816099eeb7878a1a7b8e00ed93cb5fece0bf56559dbfe15b042b0fe2
train,trainval,boxer_185,9,2,5,94c817b36a7a0457345888f0995aa0fc228074f42e8d014f2bc1c8c6c2cfba34
train,trainval,boxer_12,9,2,5,994f96c7c5c9bacce64baf219d7589b70a3fe260ab88d5f225f3e5825830c9bf
train,trainval,boxer_188,9,2,5,9a366e91e9f408ee253576e6b1fb964c025d09c69c2a5a3aa3412e8b3c5bd5f3
train,trainval,boxer_128,9,2,5,9c2988d507fbc89b20f8c723067c6ec8f281779c052406b306845c229ce59d92
train,trainval,boxer_159,9,2,5,a37ca0e5ed9118bb034eed551919d591cf6fde90b7835f61069363011ed17232
train,trainval,boxer_138,9,2,5,a3cbfea4750c598eab8d4b491a348987ac962e5881b88fb3805f6429757f1444
train,trainval,boxer_180,9,2,5,a6381f8e7ceccf9a14cc324a9e7f0518f4ce8640c5daa7142e3da8ec1ec92a64
train,trainval,boxer_149,9,2,5,a7c2abe5a0407f65149ce73c4e32ed0b8a975844a32c79049dd87fd7984b33aa
train,trainval,boxer_111,9,2,5,a9b4f5a2e3ac7130915b0dab9374e854058827cb29792738e6fb8c09f9d66de4
train,trainval,boxer_177,9,2,5,b216c45bab09dee8d15f301ebf4cedeaca5901cf11cea4b810770b735fbd98b5
train,trainval,boxer_153,9,2,5,b401482d21da7c2d0b50e45807204ad89425708cb4bbdd982db12e795729f497
train,trainval,boxer_18,9,2,5,b68cb439b63b08d5b20a6e9490d35af846a244aafe7ba6b79e20a34b23c1e948
train,trainval,boxer_123,9,2,5,b82f2874ed31552cab1c3f3591632fca74b447efe3364d087a16252ae1c65707
train,trainval,boxer_147,9,2,5,ba2873a67a2c80e3b1534bb1e7a7dc52221a094d43f537e4ec9827f7715e6a22
train,trainval,boxer_107,9,2,5,bd9f3a6e402445b1fffec8418ca8f26e0628b6682303126f917bdb48d6abf73c
train,trainval,boxer_144,9,2,5,c7eccf7a47dc3a72090bc361de4681d4a81354cb81180c98e130a8427f7f9951
train,trainval,boxer_101,9,2,5,ce008c4f8e3d8e9b067ecc52e4583990ca61142898d11f073a3f5b8cc4cdbc19
train,trainval,boxer_184,9,2,5,d07968eded567882b7aec048649bc936cd07b1f33e904320fde17a291a0b7328
train,trainval,boxer_112,9,2,5,d0d87649789eb3e615ca045dab0101e85702823df0f09f43833b44bf6b45f7d9
train,trainval,boxer_171,9,2,5,d1dca491354cc8e84cdb56f1810eccaad6969312f4369a0c5c4b7d13a14f100a
train,trainval,boxer_129,9,2,5,d615cc5504f1181962d33b924b190f1696027e22cc06f5fe02bcabbe27e1aedc
train,trainval,boxer_187,9,2,5,d75f44bcea835d7c5d29f2f6850834152b4256e483ea2a0918d2e9a7e5e1f64b
train,trainval,boxer_130,9,2,5,e00046a86a0bf22bd9bf6dd8d70fafed3c109c3123e7ad2f981386b1875ef760
train,trainval,boxer_136,9,2,5,e2d70c2a06bc967fef0743f2fd8b877eb2b0fddd73f1b7442d2cfc2aaec27d03
train,trainval,boxer_190,9,2,5,e6d154af386ef18b56a61a2c2c755dfd87f20573a2d58fbde3b98d56fa75f711
train,trainval,boxer_169,9,2,5,ea77ed1e1172f472e5766d1baddadc9d10a76f72dbf57fbae23b53e953d52c16
train,trainval,boxer_105,9,2,5,eca5696804e756e5718341ad9e73f3459f99efc17ac93e48622256d5b90216c3
train,trainval,boxer_170,9,2,5,f01a2ded47c57ae9b08c0bc51c070b3156dcb35162da2c8593561cb117b1ade1
train,trainval,boxer_183,9,2,5,f06b3806d363c77025ab54f3d50c82ed0db860a388189e6d6080bb3564268de1
train,trainval,boxer_141,9,2,5,f1263a54e2313eb653e508c75b91cb0644919bbdb5a5b1933de918696f9ce300
train,trainval,boxer_172,9,2,5,f6ab9ee9d58c34bb162fb5caff4933acfbbdcb16b7ef8e55205a4781578552ca
train,trainval,boxer_114,9,2,5,f7628a0cfc4c28077116ba0d2a3f52fb01fc4a2c78deebeaa8dc3c2f1f44a33d
train,trainval,boxer_181,9,2,5,f81f8dda00a2c4c5090abf73cfc9fb802c73a2eff6673aa6c91a408ab7e1bffa
train,trainval,boxer_11,9,2,5,fc07a5f5be6a3c851f7dc9c7d6251dd5f2cf30f650cb8f5fabf3d0e450565bed
train,trainval,boxer_100,9,2,5,fd49fb4c4d0e3939ab83c4809ef8c62931d5ea14d199d68ae00e0796a9798798
train,trainval,boxer_166,9,2,5,fdfbc5a81065c46a0e8d2aeb9b5f52af8e3f414537b001bf5f9706b3a16725d3
train,trainval,British_Shorthair_168,10,1,5,79eed59f85145b8f19d6fad10a52bd04450870d9c508bc3fadeabaa63c2f47ae
train,trainval,British_Shorthair_210,10,1,5,7a9d477cd75d8ff99eeea9690f7784db44c0509fdc26af32c499d81415c71989
train,trainval,British_Shorthair_141,10,1,5,7c868c786549a8a0d251643ed26838e11f70d1bd9f7f367a82f44144618d666d
train,trainval,British_Shorthair_110,10,1,5,7e1e36d21c787181b150f1f8529ad21791249d5fcc9001e56196ba6ce8ebaeae
train,trainval,British_Shorthair_180,10,1,5,80c88a2b1d75b689563b486fb96ad364d7e6325832466c14543d5dafe71cd6cd
train,trainval,British_Shorthair_126,10,1,5,8653e86a4112e415cf200e21e163dd7c50e064e9f6447281774ddc0027bb6a14
train,trainval,British_Shorthair_185,10,1,5,8902b3026f55ebeaa71db0d70730f18b681c94e3e9b8ce21f4c7b248b33688b4
train,trainval,British_Shorthair_182,10,1,5,8b8efe4ebddd6fd57b86453b49fbae4c7d4e869f35723b3028ac3a96ea53c56e
train,trainval,British_Shorthair_17,10,1,5,8ba64a5658da3584ce2b5cff6185def5f8214da024c4e23463cf3d7bd4defeac
train,trainval,British_Shorthair_187,10,1,5,8dd60a25b2bfadd06b58247243f59102b33543f659de1c670edf27549a04dd39
train,trainval,British_Shorthair_164,10,1,5,8e22db2705bfa59a439d408424e6b4e059de97d3694a579a918a370a6ecebafb
train,trainval,British_Shorthair_129,10,1,5,8eeec7f03b2223919ed30576383e16c3d9a7a40cac41ac6a45258ecc4de8b643
train,trainval,British_Shorthair_151,10,1,5,91f849e27d9f83a622d2dd58152772221cdc27165e1a33554c33dca20ea9afe3
train,trainval,British_Shorthair_167,10,1,5,955d7a9908a6c8b3a530d76c466032b82323d10ae1e8297722877f39cb7e0a90
train,trainval,British_Shorthair_162,10,1,5,961cbd8e8550440afd8c70430fa06aa47535e92d4128a2af3f16fb7109d06305
train,trainval,British_Shorthair_136,10,1,5,9d53fe9ac37e1b2f461b349f36ed182d2c3fbd64d86881c09f3a93a2c56ec6b3
train,trainval,British_Shorthair_201,10,1,5,9f64a3597ddb3d3801133acffbdf0e099206fba75fe2cbee0ef6131e7966cd08
train,trainval,British_Shorthair_161,10,1,5,a25755951353a67dc31133c33efd9112866faa4a6d1e5bd39a7aad3fa3b5a223
train,trainval,British_Shorthair_189,10,1,5,a714fdedaace6437ce75ba4221ac01b2cf7cd790fa20803cab353c35157a7ce8
train,trainval,British_Shorthair_104,10,1,5,aaea39f4012837a6b40e4c9e80f789c8e6b7eae15ebaefb0092fcc8e54ec26d6
train,trainval,British_Shorthair_179,10,1,5,abb1b547c7399c7bf131e96e8d368e23dab54bc9297b0947f31e3e2837dc3611
train,trainval,British_Shorthair_184,10,1,5,acfda04d1e238b0bac270dca7a1159d418a1cd1cbf87e5147cae6daf18799ede
train,trainval,British_Shorthair_128,10,1,5,b0230383a3e21c5e16dd25b0ae697e24b587088c7fdf4a14e6f719089ab776e8
train,trainval,British_Shorthair_109,10,1,5,b3287865ed65e95806753b297bba01e033c13c66f0e6d42abd4bc42b8edaf0dd
train,trainval,British_Shorthair_115,10,1,5,b7f2c9b92ed931c67e74ac5900208b15b82229fda427f9ecf504734a47a1f94f
train,trainval,British_Shorthair_148,10,1,5,ba0a7a52a16b4fffd63e9ce1e8bc310c9db8cfad74ee53f28398bd6ba3023026
train,trainval,British_Shorthair_166,10,1,5,bb4ce85a9c08f2108a25ca9ef06d27d0d0c71c08d768263d26764cc83f43f4d6
train,trainval,British_Shorthair_204,10,1,5,c12fd39ffdbff890964cac9ed6ade37ff12589d4e53412e1493b6dd5bb2ebc46
train,trainval,British_Shorthair_183,10,1,5,c26a400e0469197f4f432b5bb0f136317eed78a8690dd8edafe6d5cf6b5214f6
train,trainval,British_Shorthair_133,10,1,5,c4dcb1c02dde2852a36af2d86bf67cd097909e2e6db94f9adc7d2645d40879f6
train,trainval,British_Shorthair_144,10,1,5,c96728abd4627ef5cfd0a98e64a4a49b8a7b300e6eeddc78b3bcf0eb1b4acbac
train,trainval,British_Shorthair_157,10,1,5,cb36ad2cc410a48a37058a63859fe97553d03996cd5f54d5779583f6a0a1a6d3
train,trainval,British_Shorthair_178,10,1,5,d07a2e794b564df0ad25a72e972b067cfa06cdafeca65dc6472b9e1f940d20bc
train,trainval,British_Shorthair_175,10,1,5,d1b5041219667a3fe6a5bdb2834f6c71500dedbbc52905cd7896f5112ffe311b
train,trainval,British_Shorthair_153,10,1,5,d307ae4768db4b535ffcd3978537b415989efafc69229432ce673c19bfa33d2f
train,trainval,British_Shorthair_156,10,1,5,d6e091f804651db3d49f50b876b5909e64e2024caf70b8dd9b44bfbcb7271284
train,trainval,British_Shorthair_177,10,1,5,e2ba35a26f5b827e6f9a3a2bad31897f1344914064c466612539b91ad72a1264
train,trainval,British_Shorthair_190,10,1,5,e67620327c6e73e1ddbed54dc01fa930e0230fc4791a072835786d3c317cd6bd
train,trainval,British_Shorthair_154,10,1,5,e77d631a8853c15e669ffd97921b3560e3e18609f27a27e3daa4d333a06995f8
train,trainval,British_Shorthair_103,10,1,5,e8d700675a5d994f86fa4e0d85444fe31641fd1128f7f8b2ec3f255dea9e4313
train,trainval,British_Shorthair_188,10,1,5,ebbe3c056e6257dcca20c27ff61a38e3dc06db013d386a164c4ec766cd28eca0
train,trainval,British_Shorthair_118,10,1,5,ef4a5980fd383fee50b2ae50cf3a4d8d0c786a476965ce145f75620b2b558eba
train,trainval,British_Shorthair_174,10,1,5,f01665ae204283e8f60dfc6d25cd3cfe12dc67a7583c6cf1370df5bf4912fa2e
train,trainval,British_Shorthair_112,10,1,5,f056f2fa1e717cfef9e7f77921d009c2223a1b2ca1cff123bba9efd5997dce31
train,trainval,British_Shorthair_200,10,1,5,f25f34faa177f7c42a740c0592d5cabcacda10d978d4f7a3ec425694fd3caca0
train,trainval,British_Shorthair_170,10,1,5,f4d94e2774de220ad3a0b5ada9afcdc335d8d79f20dd66037b278e39c32737ac
train,trainval,British_Shorthair_172,10,1,5,f76dfd0156c0eae71c1df78e63d24973fed94772e94362eb2c9dbc9ba480b37d
train,trainval,British_Shorthair_181,10,1,5,fb69d48cc6a1e78ae417820b4e428c9886952fb8e7d3ba5f6af81a513cbc5f64
train,trainval,British_Shorthair_203,10,1,5,fc8f9cebef485d01c2b8ca350c426d1430e8a41f39becb47f3c04c6a7af26dbb
train,trainval,British_Shorthair_101,10,1,5,ff436ac2365fc491b3743001e1e09d9c32dfcec804fbb726e7e11f51e8c5a01d
train,trainval,chihuahua_126,11,2,6,7a779522c6e8ba40df2587f8e6d5cf882ce39cae5aaa58102043a61271006082
train,trainval,chihuahua_168,11,2,6,7bee9c218ca441bb1f649edcc4d2751a08564ca289132410f5413ed801f58dee
train,trainval,chihuahua_177,11,2,6,7c821192720fc2980fb0b1cc21f6bdc71e86ae0f6de787ad1f54b16d2433f43f
train,trainval,chihuahua_173,11,2,6,7eeba673bff3e3331f26580978c74449ed30113eff5f3c40426d2c4601ec5be5
train,trainval,chihuahua_107,11,2,6,81ba151fd19875f12599302ecf327bce38c80488888151de69ceef4e37e2f342
train,trainval,chihuahua_145,11,2,6,8c58ce06e3a084d9f7182dacec6875eeae83dd9a5f85c8abab4bdf538574969c
train,trainval,chihuahua_144,11,2,6,8e7667cd422fb4ca6a571001305d0ae4f5fcd40e40ab3dfe0d30ee9a3d6bfcf4
train,trainval,chihuahua_134,11,2,6,8f4ddad4ef55e3a5cfcf91d3704775f5fb8f435dbff9210bba6b27f1fc2d858c
train,trainval,chihuahua_137,11,2,6,944fc2f0daf65f1ec396fc8e1a67455a42da7d9235bb215a49c58245fd6ed7a9
train,trainval,chihuahua_105,11,2,6,95fc76135a7bbcfd3eb2e4b0841c9763781d6eb0325f581510d49cb208797c62
train,trainval,chihuahua_122,11,2,6,98ac530675cc43669955c26edf9bed98e6b8ec91376115a6a7ffb2756b43bd43
train,trainval,chihuahua_160,11,2,6,98d5bfba9732465c71703fcc655e00d6943c4651e4c591bf0d5efa46c2288ef9
train,trainval,chihuahua_186,11,2,6,990b628517300cf304deabfcc6c49852f093e2fbd4158c69ed3d7eaccf67d388
train,trainval,chihuahua_165,11,2,6,9a8ba5280fdd71a6f5881630a5987d3a145e4858ad8b1a95b342ebdf4ecbc692
train,trainval,chihuahua_154,11,2,6,9b3325d59fb91dcff96c0e813eea1a37ae67206146c88364e1b2db22eccbf649
train,trainval,chihuahua_132,11,2,6,a1789435e411539e2136197722adf9e4461a01a987e01d34171bc4190ad7e4c9
train,trainval,chihuahua_152,11,2,6,a37e4c0431f3f0414bebc7db7d41680ab99055e2898e4d02405c9632e98b10de
train,trainval,chihuahua_115,11,2,6,a3f151fa3091ca7f323beb2e248d52195171f687ef4043d08b1629d2a6311d5a
train,trainval,chihuahua_174,11,2,6,a4142f4a82648230b872dc418400b290e00e6d16b9e92c1d7a437f8090fa0fac
train,trainval,chihuahua_119,11,2,6,a4e0c6a486bee54bd9347516f08bee8d5a33b4accffd4719bcee0c12a63ee2ac
train,trainval,chihuahua_15,11,2,6,a5fd3c936b2d65a0a19b53ddcf8229f78e76e35ca3e74543647fe53bf61e0e8d
train,trainval,chihuahua_153,11,2,6,a7b9054cfb1442b93ca1eec115f687508bc21b2780c06d935c55da93b54953d1
train,trainval,chihuahua_143,11,2,6,aa49c9fccbd3b4f9f1dc7014e830caebf1fb9a7750ddbfd076806bf0dc0a5d21
train,trainval,chihuahua_18,11,2,6,ab9863378e1985de8bb7ea7f62d3ff3bec0edc3925b8638d1ed0a493de528b0a
train,trainval,chihuahua_101,11,2,6,ae40cda8bcbd1c10e7c4ecb3db34c76ae8dc742283d67b75eb42aa5d95906968
train,trainval,chihuahua_136,11,2,6,b7d0dfe82d3f1744abdc5835ee48a63216102becc33687dfb3b52b826c2571b7
train,trainval,chihuahua_114,11,2,6,b8877a96f1d2e77accc8ac95a1c2584fcbddf6d4b34217631467c4315a5e261c
train,trainval,chihuahua_12,11,2,6,baa2337120d1fd62b5b07fccff1fca6fc04abb2ab600b8dbf79806a8c16a67c5
train,trainval,chihuahua_111,11,2,6,bd0e3814b220118037171a5b7ec7f45fca0f24f2adee67ed346ecde9e3f4383d
train,trainval,chihuahua_158,11,2,6,bf45881b4029e003858b84a060bcdcc5ddf344f03dcca8d595fc3bfa11d80d50
train,trainval,chihuahua_102,11,2,6,c43f1eeeceb7b11f107ab9425b1108b79ec7f52569261b68040d29bb7050cbd2
train,trainval,chihuahua_147,11,2,6,c6ab8c401e1726d409aeaba506794d326d24d1b70bbced8abad998437a391a1b
train,trainval,chihuahua_188,11,2,6,cb56b8a36e55429f8ad14072dd2c74813121d94129afeb996cdc1be836a6c25d
train,trainval,chihuahua_140,11,2,6,d0ec5d52ab5d460698e05bf86507dd86474b8c94a16948dd51a410445167f1e2
train,trainval,chihuahua_166,11,2,6,d785728e3a14e0f7246fd0dd386225a835e7fcdb63a31dec9c776d04f0a71ec5
train,trainval,chihuahua_103,11,2,6,d96e47889f99455d97ad75f960d7843d2658571c5dd6dab4ac2f9f09c35ba318
train,trainval,chihuahua_181,11,2,6,db84b39b431e01b269e0357bff7266abf0823e99ccd61c3a913de5e9ab42ec7d
train,trainval,chihuahua_135,11,2,6,dc19b051360b7ee346714557062d2819b6eff8919dbea6d2616e1527ca2f7136
train,trainval,chihuahua_125,11,2,6,dcab4d0a2fae874dca1d578957bf8d2defc16332230567829701b167e0b4c673
train,trainval,chihuahua_175,11,2,6,de3e0582e8f346d175eced8ee62a6901bdcf6425312b2a51f637c76c8a6d04d1
train,trainval,chihuahua_133,11,2,6,e03856543347a377cfb84ccf9902002251b20475cccf3d994f40fb1295a890ee
train,trainval,chihuahua_176,11,2,6,e255ca96914d39aa8e1a05e4fe0b37c9be0eb83a34ece362d030951e6a5addce
train,trainval,chihuahua_14,11,2,6,e3ee8bc99267341922506e6ddcf0954e3559c9a474999df23e1fa4443762b0a2
train,trainval,chihuahua_108,11,2,6,e4b20512b28c772c992b160e8f152c0e15d5dacc63ecc3a92acefe3bc923928b
train,trainval,chihuahua_178,11,2,6,e793dbec10bca5ecadb0bd4f77f670cd8f9d61094ffb48546e3660b7bf1fa331
train,trainval,chihuahua_167,11,2,6,ed007e260c308ff56b7484897561b827f4d6b7a6f8c85c5e2c81a5f0a8359486
train,trainval,chihuahua_180,11,2,6,f37cd05f922c6b66ccffe38c492903f4a29bde3269f5ee88b5498516599daa60
train,trainval,chihuahua_109,11,2,6,f47be0c9039a983c1c345ce06d03ef0cb90e677892192df085f74f947e4fd148
train,trainval,chihuahua_124,11,2,6,f8f66f72f7bb8d460605c55f16b04bc81144ee5e2f48bd2e16881c989696514e
train,trainval,chihuahua_162,11,2,6,fee6e67156891e52284fe40827eb403b5d22e2afab7395a570497733a3c6a03e
train,trainval,Egyptian_Mau_189,12,1,6,858d10e3f42f540ca5eeeca2216331ff001e96be4ac425d257ed249037d266b5
train,trainval,Egyptian_Mau_150,12,1,6,8aadf1705caa6cf504899677a3fb303fc99fc555bfd680c48ec2b447459b0add
train,trainval,Egyptian_Mau_109,12,1,6,8dc6be3b469c9bf39e8d31ee71c8f84d8121574c00ce137c6ad07a31e2834ba5
train,trainval,Egyptian_Mau_171,12,1,6,8dc976e7ac91b8a041df402583fdf91566259a6b8ffcb777739b56da83e6d7d1
train,trainval,Egyptian_Mau_197,12,1,6,955bb78de7e7c99afceee861d25928e71c7cfaa9660ed4863a8d05b7b81500d0
train,trainval,Egyptian_Mau_124,12,1,6,985c0c1e8da329a0c4476f40cfff46524fc5d29ba03364e7d9f17074d6588d5a
train,trainval,Egyptian_Mau_192,12,1,6,98c0e87ae8798569f2de7967b517adfde6510884b026803e272ea68355f65149
train,trainval,Egyptian_Mau_170,12,1,6,9c04f1d116f802466b864049e2db065fb18ac2ec2571042f7178ce784dab2dfa
train,trainval,Egyptian_Mau_111,12,1,6,9c117b2c3fa9b3abbdfadfe1095056f86744777a275dd30acf12f0c22424d082
train,trainval,Egyptian_Mau_126,12,1,6,9e9567f9f7e6bac7808c2d528c55277f89bfa98e4b48762cfcd8d5e978a05810
train,trainval,Egyptian_Mau_136,12,1,6,a0fbaec93abf5af4d934a54404913b725d04910f1691e07e9a312056b0752746
train,trainval,Egyptian_Mau_188,12,1,6,a1e4032e8c2157c429e4798719c09f718924c30c46af84b568a50482e8254ed6
train,trainval,Egyptian_Mau_119,12,1,6,a7cbf4f0a7fb16148a0e65c1f89901d16c6abcce4be22a0167041bb44aa58ad3
train,trainval,Egyptian_Mau_15,12,1,6,ad3f549c6669c422ab928bbcaa6f595118c211484cfb9731c4b89915c1e12869
train,trainval,Egyptian_Mau_180,12,1,6,aff884d25f383e6edf660c143d33016582c1c5da7f48d88a6d53e664aae55efa
train,trainval,Egyptian_Mau_10,12,1,6,b1c56dbf502190b15e97791a896009ee429a6cb1cb86d9b39150383d28533f6a
train,trainval,Egyptian_Mau_18,12,1,6,b218f7302b85899d9da598148fb11a34e8c58cafea75aa84736eca22ee920d67
train,trainval,Egyptian_Mau_151,12,1,6,b51dcdbf87e300d70ef6bc482389e93d2c01c065496f33d91f650b78997ccb01
train,trainval,Egyptian_Mau_107,12,1,6,b74cce5d02445d4e69650e99e49c2fb3801dc30d2679877473d605ab5a6c54ac
train,trainval,Egyptian_Mau_105,12,1,6,b79b68d99a530c22be7b89ea3c4eb1e57f8209ef7691b2bff3cfc8e4119866a3
train,trainval,Egyptian_Mau_182,12,1,6,ba084b46df6dc3a87d2d1badcced09cb437438a73019855001812d6f5bf619e0
train,trainval,Egyptian_Mau_103,12,1,6,bac41ba1db3b12229719a3d2ff14ccaee58513b0a93d6ec032086bcb31bd8305
train,trainval,Egyptian_Mau_153,12,1,6,bbcb7678610ea21e32a766bcc9a8db9b4393b9a4ec61eaae5d3b030c0af8a659
train,trainval,Egyptian_Mau_114,12,1,6,bc3d38f1ca8364761b3b63e97dc3d94c27462cfd225e69b79e53d85584c98d3e
train,trainval,Egyptian_Mau_184,12,1,6,bfd3f378b3b3a0429af8f3ccb3d16446c6911e23668c7b15785bae093e85f984
train,trainval,Egyptian_Mau_127,12,1,6,c02210863b9f95c5fab3fb6a557940dd7e8db6f877d787dd5515e709bc8633ae
train,trainval,Egyptian_Mau_186,12,1,6,c0ef8ddf7ee2030be63aa868863cfe027b82a59ac853d6991143975ea623d762
train,trainval,Egyptian_Mau_185,12,1,6,cd8cd19a501d3773950a4d8433a429e2a995633440124973dcf5741efda806c5
train,trainval,Egyptian_Mau_146,12,1,6,d0197580d684e522ab9613ec1c83a61ece39f5b48ff23687289deb2986c989ce
train,trainval,Egyptian_Mau_143,12,1,6,d7ac0e57d44faea4020b8070e31675147c1fb739038d0ac4b77c0be04f87364b
train,trainval,Egyptian_Mau_154,12,1,6,d86f5d19831ce6893581fd66074587f555369064d029fcfc605cf1fed303dae2
train,trainval,Egyptian_Mau_187,12,1,6,d8d894698125c1a11b6e2310ce0317ee9b0d77c7111d3bc5e9ee4efc08524cc4
train,trainval,Egyptian_Mau_148,12,1,6,dab9e7063354c0d38aabceaa4c69daf340240099761e8199566e5af9dcef0653
train,trainval,Egyptian_Mau_178,12,1,6,dad6aa2a1fc71751263f53b0d2122347d82553d6cff3c583ee6bf65e63be5376
train,trainval,Egyptian_Mau_194,12,1,6,dc2528bcc39300b3843ff4c50ce4ef5f6ff3af5ecdf5e67aebe0137648ad582e
train,trainval,Egyptian_Mau_132,12,1,6,dfca8821350f479963e51bc55cc334d0289b6bc224b010b4fbb67c60eafa2e44
train,trainval,Egyptian_Mau_100,12,1,6,dfdcc8591d47aac2afce50eaae7fc9de88294c63e44d95b564f5c492a51ba42a
train,trainval,Egyptian_Mau_14,12,1,6,e0032c595faa5570913e30a2bafe2b327f8540922b44fc21d8bde2c3e4cfe0c2
train,trainval,Egyptian_Mau_138,12,1,6,e018894ba90bcf0aa3fb1fe3789bd4c42aedf65eee361800e34480b7612f4a91
train,trainval,Egyptian_Mau_134,12,1,6,eac4d09daa28897f0b3ec1235f4ce3bfbe809b73b1be452b4d210f1cb24f7ff1
train,trainval,Egyptian_Mau_181,12,1,6,ece4cf8495f32a1c1baa9492aa4ba268f04ecd40c667108361c087c1b32c6442
train,trainval,Egyptian_Mau_196,12,1,6,ecea0a838531cb63f993969607365da36c9afca18a25bb60dcd8826cb5159db0
train,trainval,Egyptian_Mau_195,12,1,6,f3b1c263b093a340d77c583c96239efec7eb18b6f6ef0cf055fc948d63da5494
train,trainval,Egyptian_Mau_193,12,1,6,f6035d70af34e64a6b0c9962b8db9daf42c306b1497352a2c174b0f36ad65199
train,trainval,Egyptian_Mau_172,12,1,6,fa31652e2aa84e1a54a932d7b98f232601970dc970bdf30f802135d70f483458
train,trainval,Egyptian_Mau_152,12,1,6,fbb33a52c1831931311c59bbd5c33b0fabe0ea93a04bb472a290d4b8e80ff55e
train,trainval,Egyptian_Mau_123,12,1,6,fc7221d516612c0c12a9e58e90a4eeb555c92ac4097df6ab1b445ebe016c28c9
train,trainval,english_cocker_spaniel_151,13,2,7,7cd82adab6a3965ec26658d82b56cd370ee32aa097e9503927ca7efe2b09438b
train,trainval,english_cocker_spaniel_166,13,2,7,7fc8c9eb98fd76c3649dbe6926709a86535143b9350e60ffccd610723ca3c859
train,trainval,english_cocker_spaniel_127,13,2,7,80bcca3cd981c197c806bbf09ccaa47f4796aa8a7906fea5bebbb39b4f128c98
train,trainval,english_cocker_spaniel_103,13,2,7,8520034e9249fc4f96081ef1f2217726eaf9dc47da7c54e25c30b90f196fa0b1
train,trainval,english_cocker_spaniel_160,13,2,7,872537953e8a966dcf9b13db9bc697280872edce44e2c4c18e14fd5d96f0f45b
train,trainval,english_cocker_spaniel_104,13,2,7,8b5ba291fa08e05743d44ea55ccf8ed782c1a236683a053629f254dc82b6b7b4
train,trainval,english_cocker_spaniel_125,13,2,7,8c2b14bbaad9a1c824961f10e40d943cf8e307b87b0471e7fb865596810fa6aa
train,trainval,english_cocker_spaniel_172,13,2,7,9072cd0f3fbfa6e740722b7152b78c4acd6b7b683d508ac605fefa15f48bed52
train,trainval,english_cocker_spaniel_11,13,2,7,93346d8ee211247c54c2f9fdcd9ab8612b15788c1524dfc9542b732ae01718bd
train,trainval,english_cocker_spaniel_155,13,2,7,93aec1f119fc93470672f02362634ac45ed895f8cbefcee6c67555f58fdc92eb
train,trainval,english_cocker_spaniel_161,13,2,7,961f8575e052d40b8366844e4f0b0cc8961bf86cc5ecba78caa225e8a95fb88e
train,trainval,english_cocker_spaniel_105,13,2,7,96cf64db0b963134514e5ae52d321a7ea742b12a596741b3e06f4dd6bfb40cb0
train,trainval,english_cocker_spaniel_137,13,2,7,a06c5f1927d619cea4c1d6120cc77fcfe94add613ce5fccc66cd43aa969e79a7
train,trainval,english_cocker_spaniel_117,13,2,7,a1238fbce1b84c0833626e63773afc9a78f6c439cd36041eb3e4839730a83972
train,trainval,english_cocker_spaniel_159,13,2,7,a1517977b4f9da46e211b59803aeeb41d6ff50a6fda3366d29092c9586993785
train,trainval,english_cocker_spaniel_133,13,2,7,a2f01a790eb9a3c80657f8e75fd0e813f8e0689375929830ebed424391dbc68f
train,trainval,english_cocker_spaniel_149,13,2,7,a3539c4e50b09ab87f96e1aeb8b83ce3e6518a1f50afa0299799f8094e17c3e5
train,trainval,english_cocker_spaniel_121,13,2,7,a42c2ce0626626c2b417f77a160e98e5679ef760486618a85c8dd1ecd8a9f11e
train,trainval,english_cocker_spaniel_135,13,2,7,a454b8544c6918f1e05defd1496a20504556d14a0ef46be6777ae1cf063aff8c
train,trainval,english_cocker_spaniel_178,13,2,7,a80f636e6e44955915d183b8f9f6b21ca417d85d137b697f5c17ad2e401941d6
train,trainval,english_cocker_spaniel_16,13,2,7,ad57575c4ca625a8e33fe7d5432fe7ac3f0e2ec41750f4a0cb8ef199585b3be8
train,trainval,english_cocker_spaniel_187,13,2,7,ad65253d954615ccb010fd8aa4b7c7e59892329ce2cce50cbbab4fe51a1276b5
train,trainval,english_cocker_spaniel_154,13,2,7,aebc1d8db07c1f6b01dff8233a1838459f06592f240c2ae30e602e557f7e6167
train,trainval,english_cocker_spaniel_165,13,2,7,afc02b25f5923624b8274e24490e02649275355431ca6c47c582ae4c4476255a
train,trainval,english_cocker_spaniel_168,13,2,7,b92304e2d3b2f769dc7a5aefbeb54f5405073ecfc52143b03d09e749fa3b06c1
train,trainval,english_cocker_spaniel_122,13,2,7,b963810b26247839b66c61d3a7afb1a93876d9c30ba408e3408f1ff3561309d5
train,trainval,english_cocker_spaniel_119,13,2,7,bafcf8219a639b395444318f407fe92f8ee614d0e199ed731148792a5791341d
train,trainval,english_cocker_spaniel_147,13,2,7,c783d178adeb8e42ecf9b0e2b220afb5e75ff16fafce6d43c1b749f149bffbe5
train,trainval,english_cocker_spaniel_142,13,2,7,caf9531a75b0795465a1da7a4825a4ed1789292010cf67bafd216eb0b54507bf
train,trainval,english_cocker_spaniel_175,13,2,7,d0a0af946d7b7be40f36f60a55a071b2869cb568b9181bfb1b735ffd3c21c05a
train,trainval,english_cocker_spaniel_180,13,2,7,d341d405971c96a0e6febc982c387b3b25147a266af375a967b19b37b2c1382f
train,trainval,english_cocker_spaniel_185,13,2,7,d4153a6046bc17d990cf9e441667fcee2dafc578d25dcca8703c01df3b29542d
train,trainval,english_cocker_spaniel_113,13,2,7,d4991ff4010a55c7cef77a0251e3751c31a4d414da045f815d0b995c328d47a6
train,trainval,english_cocker_spaniel_130,13,2,7,d759bf0dd0b7b5969516835754fff5a6ef893ba7ed82c8e259c844c02ff3f246
train,trainval,english_cocker_spaniel_171,13,2,7,daeb40e17ceb804aac580b1e88f05fe8ffebccd314e152be4b04144bd86bf4c2
train,trainval,english_cocker_spaniel_109,13,2,7,dd314d894a94fabc7bc14813127583c22ca5d569f3d39380b42ba2afb8c2e5b1
train,trainval,english_cocker_spaniel_101,13,2,7,e1a172047de5cb5765022d6ee8289c292ac51e103e285afc8566090067c1225b
train,trainval,english_cocker_spaniel_110,13,2,7,e228fccc87dac009f2546519c404d2c50ad0980bf349f13bbefd55b739fc904c
train,trainval,english_cocker_spaniel_189,13,2,7,e69d9f5f2b3f489c24e3ec9201b9ef860bb3cf877a8db66415f4b241d9c82516
train,trainval,english_cocker_spaniel_170,13,2,7,ea4dfe136e4d0b599609ebb3feb254c0f2a7d41573b575ee4bf797db5949a377
train,trainval,english_cocker_spaniel_167,13,2,7,ed2fe52ca92c29b297376a5952c8b4e49e567e6d2d4dcb8a05345c2a9121239d
train,trainval,english_cocker_spaniel_114,13,2,7,eefe245fd2613c0a27e0fe04a0474883a208f5fd78cedfc5951a5c48eb27eeff
train,trainval,english_cocker_spaniel_188,13,2,7,f21476700a9c3d4a851ad40aa208c48d92e298a0072f93ab502de09ce4568fca
train,trainval,english_cocker_spaniel_17,13,2,7,f69b87afb56dae387d322649ff2223594a41a41c8979756e1411da08e6ab08d7
train,trainval,english_cocker_spaniel_138,13,2,7,f8a5276c0f49e3b1ccdc4abd2029120a14dca456eba101f8f424cf922978af15
train,trainval,english_cocker_spaniel_177,13,2,7,f91029017f74957c0f237e0a48a077164dbad4e1ac384b943aafd219cdcf479a
train,trainval,english_cocker_spaniel_143,13,2,7,fd1bbc722d10811bd7ba7152ea77af6daacab4576f6c6203a7142c000a411656
train,trainval,english_cocker_spaniel_139,13,2,7,feb8d2f14db487d596cbcab4e5924f3c852875560d4c6cb9dea003d3460243b7
train,trainval,english_setter_162,14,2,8,93148f8589dca723acbc07c2bce77d3cf6c5aaea53f4653c68f0eadd2537caf3
train,trainval,english_setter_18,14,2,8,98953145610127cb210797778e943f45984d85431d1ada0d4223bee78e3a3733
train,trainval,english_setter_182,14,2,8,99d1d0b1b24f223126cb9baddb9ac04f9c2c72a39bce0616b16facc9491d7cd3
train,trainval,english_setter_103,14,2,8,9b57c41047b924dd465203121dcb7121ab8a5fcd0008c7c06936dba654cb5ed4
train,trainval,english_setter_159,14,2,8,9c78e9e56e8546d1269fa74d2d7f63e917d4804abcfbe60c2895044d6932f791
train,trainval,english_setter_106,14,2,8,9caebe7d56dbcdaa1c3acb2f05b5eefa8f79302103acb7cb7b4a71efb1c1ca7e
train,trainval,english_setter_17,14,2,8,9d17f810bf77a70b155f05db5e0c22d6a82b39a8ab2cf487c0cba436f5045f64
train,trainval,english_setter_180,14,2,8,9f7a146342cf646e2a53c468e93abac5a5f98cc9e6fcc7f05db2a66747baf793
train,trainval,english_setter_109,14,2,8,a06fbaee2b474e673772874a1c03bff77660cde94012a2c2c7e13c999c91d799
train,trainval,english_setter_139,14,2,8,a155148147b2bb9d3c4823d7e810688c46d368c0a3d46f38ed9afcf8938bf4a9
train,trainval,english_setter_121,14,2,8,a2a2adc00a9a5b0313fe9498d553447af72eadc8e4466672ad542a960e63fdaf
train,trainval,english_setter_14,14,2,8,a55e7eab5a3aadfa9ba30009fba557e4b10f9d3f69e49ad8684cf12e55c0f526
train,trainval,english_setter_187,14,2,8,a7713aa19522c1e861ccf467cead2a880ec15babb1c2ed0dd9908283a7efcc3b
train,trainval,english_setter_12,14,2,8,ab64bfe01d84ba9aa5b79279573ee785cd3392574a7b3722433a2d204e0862bd
train,trainval,english_setter_163,14,2,8,afbb9396c56495fd523e96dc9b04918a462765e7e44bcda7d361b4c68fd5a146
train,trainval,english_setter_134,14,2,8,b096eefd88221fc0640c92ac2cac8096eb46a473e31bf24538cce33e9abafb26
train,trainval,english_setter_178,14,2,8,b5d7e0a7d6bbaf39c3248380c260a4716597be6602cf3fb43d197103a2149cc3
train,trainval,english_setter_136,14,2,8,b63a8f5d489f5991e24a8ad8e8bfa7121aa64350c40e3a05a405c5809899b4f0
train,trainval,english_setter_166,14,2,8,c02ee63ca40acc5aa55fa17e023d24852bfb647be50b8af62241871aa19dce55
train,trainval,english_setter_135,14,2,8,c30431d135b3fdb16426124fc7d002dcf24499ec93383155c9478cebca741e1e
train,trainval,english_setter_174,14,2,8,c5f59bbef6b01ea3b1a0686f1147188140f85b4cccdf71c00fdafc7369eb7a81
train,trainval,english_setter_123,14,2,8,c6f9ca3fefc5cb3e2b0bc367e9d3c8674ec45446261e7ccc359044fcd5fca33e
train,trainval,english_setter_153,14,2,8,c713add8977dcdfa1a2c8b6014eeaa30cfb86928018020f275fb49369040e549
train,trainval,english_setter_181,14,2,8,cb7a82839b75d241159487eab938b63af7493938e90d002b62b862627cb11386
train,trainval,english_setter_124,14,2,8,cc3722ee02a75da1abca4ad20ecb505eadad458230a18e71e5bb7ce8abe0f77b
train,trainval,english_setter_102,14,2,8,d05679101940816ed617a62270d58bdb28e1d9a6f262306b889d7bb9d7024444
train,trainval,english_setter_164,14,2,8,d21a64f21988d93f6223f7a9ab4b8c5d1df29dcdb70e3da74e38adab35464584
train,trainval,english_setter_146,14,2,8,d2d639e3499d8d6f52ac5d1cae64c94b46eee7673bc164c0a0859899ebc2e701
train,trainval,english_setter_118,14,2,8,d2ecbff050b41505134dd17f573dd978cb3f2f4cac3f2267c5cb60ea127367b1
train,trainval,english_setter_171,14,2,8,d6133d721991eba2bda47694fbe94ab016f30cc7d1000cf20c21323c09dd80eb
train,trainval,english_setter_183,14,2,8,d662fbd4c39ab590963d1ccbf3eb7bbb640f1fbef2ac997c178373af366fda2c
train,trainval,english_setter_155,14,2,8,d825db9b4cd644b53ed447a05eddcda028dcf4640f5b8df6999a8678d0c5783b
train,trainval,english_setter_145,14,2,8,d8ab9e5148a2592198cf6d1f37e24fdb8790ef89eee1179449e986fa6e7ef6fe
train,trainval,english_setter_16,14,2,8,dcf202c0b22629383ffc0be00c14807d47bcffdde964064e8457124ee47f5cac
train,trainval,english_setter_143,14,2,8,dd8ca94a5129535af380b292e31597b6a332e7ec945a512d444d6905c1384b87
train,trainval,english_setter_133,14,2,8,de4d2f8122a3f1203572434757db47a9d389b9a9a21c114410e5c72f657102aa
train,trainval,english_setter_105,14,2,8,e1df64261e1fd450acd98ad97ad5915b835245ec053b23c78538c8ed6254058a
train,trainval,english_setter_132,14,2,8,e83cb867735dca51702979b9f0de9a6fbcd6710975b9504d0d1b0cce9632e1fb
train,trainval,english_setter_152,14,2,8,e9cb70bd455854f5c87d958d5cadf99d5922b9b55d9c34999a07637bab67f94f
train,trainval,english_setter_147,14,2,8,ea26ccf4eb45fbba4898ad7e0beeee3df3e8e1ece3033ad7266209227a34bf1f
train,trainval,english_setter_165,14,2,8,ea564466f5ed6fc4714db4241bc277ca820c28ba3f028cba534ff1af5ce5112e
train,trainval,english_setter_111,14,2,8,eae20319963313dbc49839ce3c71163175d741f6f8e410463df6d6c0463dd654
train,trainval,english_setter_179,14,2,8,eea396000a4537791c5e8df93d41c4439ce8abd2248fe19ee7f78733e9b46cc9
train,trainval,english_setter_137,14,2,8,ef53141c045b9c386e5c9e6944c5af4ea8e134cf318acbcc00e965265ba1541f
train,trainval,english_setter_130,14,2,8,ef8b0ea9efbfd1592a0d11b7b92634924cef9d8663758834adabe38f00e83a70
train,trainval,english_setter_13,14,2,8,f2d080e3e0d553bf3d1743de76ef114a3e9848af357c6d34aa1ba00b2c6bacdf
train,trainval,english_setter_107,14,2,8,f9fa4e9e6c572f064b4d7fbc6063f1296e00e921e2daac8b7b3140a5416241e5
train,trainval,english_setter_104,14,2,8,fb6827ae715462619f4a4072bdd7bb07b8d54b719a8c76fd2de60919edab01bd
train,trainval,english_setter_186,14,2,8,fd9cfaedae5b61022b2b654906d202addc51908d4286793fe979f18865a661c0
train,trainval,english_setter_172,14,2,8,fdeaf1d6861013c5f93ff957e6aa9d9a3a42ea37829c35e0cb0a734d2fbb7d14
train,trainval,german_shorthaired_133,15,2,9,965397339ca8e7d82aa382227df7ff1cdbb4baba46858a7f2afc672aac4cdefd
train,trainval,german_shorthaired_161,15,2,9,977a5f68e6aaa72ecd577d3cc8515891648af9661d2dded4d72e7cd5e14290dc
train,trainval,german_shorthaired_184,15,2,9,98132205df8f768fe4bb3c359ec1c995580a6480522785252332f270228092a5
train,trainval,german_shorthaired_102,15,2,9,9ab3fddb3cce8280efb85c7e37d5ac1da972edb40eb8ff323b0d8d2a21f9185a
train,trainval,german_shorthaired_103,15,2,9,9b7be960aaf6746e3f752f4e585d189266b18d316734ed528b91e01dd3d1f886
train,trainval,german_shorthaired_188,15,2,9,9c89f53f4c2b0562d295d2c111004a03b045d97c77380496d3b76ecca227c66c
train,trainval,german_shorthaired_149,15,2,9,9effda780aa75f20d7316d0d56ca1b0b92caf1c0a3775b17fe66a847b54ef596
train,trainval,german_shorthaired_17,15,2,9,9ff40ddedcc7da1dd1f24f38f689330417c575ee42512401a321d44fd2adce18
train,trainval,german_shorthaired_107,15,2,9,a1c1b45bb40609bb35b10c13e4313f7986e445ab23d8a388bcfce9b995db7be1
train,trainval,german_shorthaired_176,15,2,9,a6009ac4317409e8b32b2a371cce8f12c90e90fe6b13d94c026a2a2de5f2b96b
train,trainval,german_shorthaired_129,15,2,9,a62774271753ddbf0f1b93d992418e9c56673ff9730aa16b49e6e76d305080f1
train,trainval,german_shorthaired_16,15,2,9,aab7ac659e67598c6c1ec4186b7e12ec46b1a772f18710b5f09d38d5466ed655
train,trainval,german_shorthaired_143,15,2,9,aae85f4baeebd9e4d9450cf566831b145fb8fd30a26426f79914bb3bc14e5721
train,trainval,german_shorthaired_132,15,2,9,ac5c72f6ff7f0a899fd44f22c2bf34edd32dee6a48561b2bb66e5df71d90e6c4
train,trainval,german_shorthaired_190,15,2,9,af5676dc695d564211b4960709bb62a478163eb4d5820be4bcd4e9721c1913de
train,trainval,german_shorthaired_173,15,2,9,afee60330b150fab08ab61088266261fa3fbcc6442a2b92f88ff9718537176c5
train,trainval,german_shorthaired_150,15,2,9,b2b36f0499d9f81f546568a3223dff00b25e8168202173f799a9d43dc92df1ee
train,trainval,german_shorthaired_165,15,2,9,b31ba84c5537ee5286a5f98830445467d746a9c1f261f7f8d3c62e90e6003177
train,trainval,german_shorthaired_163,15,2,9,b3c5bcb58e39bc080acd254d2b78fad276552cb799964f41d30440c182eb6977
train,trainval,german_shorthaired_116,15,2,9,b44280d50d1b743cfcee04e9aa3794f759e6403059952822d1f79f0d4d022a14
train,trainval,german_shorthaired_154,15,2,9,b850530deb9dc50f945c4357984f526b76b0ae949aafcf167684c63284871b1b
train,trainval,german_shorthaired_183,15,2,9,ba5a28be4c2fa96bfead0c3d1812c93e938291bb5df41a43c356bb624e239892
train,trainval,german_shorthaired_121,15,2,9,bf7cbd1f458e476aea5365c984deeb4d01b3ca21153c45ebf1193cff700fb9c1
train,trainval,german_shorthaired_122,15,2,9,c340c66399ce5a206d385f642ed0cfc4121219d0315076f1dbeed85a330f1823
train,trainval,german_shorthaired_180,15,2,9,c6b6794e035edb3e52fa783f8985f862590c5f3b65df2a735e541efc7232e3a7
train,trainval,german_shorthaired_134,15,2,9,c76242de9c96af0330b1954e402d1b8b86c2a19ec071c21246d358f12dcc02fc
train,trainval,german_shorthaired_104,15,2,9,c8e052fd54a00214c8bcc9ad34b157f81747e01fc8720f2fa14565dbaa06728d
train,trainval,german_shorthaired_18,15,2,9,c934c8cbbec5ea227523e6021e156621935a15240efa7468360aadaeafec6832
train,trainval,german_shorthaired_140,15,2,9,c9c66d5b286938db5b8381f473b53df5306c646c9b3f268819689e6eb6c730ad
train,trainval,german_shorthaired_169,15,2,9,cb0a200156966f8cb1d6f7730f0b6600a803cbedfafed1723d1b40e46d9b6cb4
train,trainval,german_shorthaired_130,15,2,9,cd481f09cc300addd5e1ee4b2766d8e48986b8d97dde88231a8100abb54ba37b
train,trainval,german_shorthaired_118,15,2,9,cddb8696bc278d60a5f6ddbcdc76e46f7301f4175b2bf338261d1b3de49792b9
train,trainval,german_shorthaired_164,15,2,9,d16f85e98592267230e88b75b3b58312994def8393f4c7ff3fe02df6fd5e5131
train,trainval,german_shorthaired_179,15,2,9,d4d1c5fe65cac56f5b978f3bda1a27dc5663808c39466bc800222b66b5b84ce8
train,trainval,german_shorthaired_147,15,2,9,d5ddd02b9360dade2d8ed51940811dd37e6afe4f7e7c0fa54056c56667e6c9cd
train,trainval,german_shorthaired_174,15,2,9,d9eaf977044f14d8bc6d163d8f67a85d0ec29dc31303fb18330d2565b7fc8841
train,trainval,german_shorthaired_156,15,2,9,d9ed83fbce6bc90ac9890618f397168b50bc86472bd60feda0a5f0b31371eea3
train,trainval,german_shorthaired_113,15,2,9,de2c5ea7cd34d0b2e8f6469045fb55c8fa2c3a6420514d85301648bef4c02118
train,trainval,german_shorthaired_11,15,2,9,e2d34da973e02c7c8f20b8dc9912c5e304cc7767a713b8c5bcefe6d88595b5bb
train,trainval,german_shorthaired_159,15,2,9,e80eb07564affab06a85fc18764e1b0f26e33be8e609771c704c93cb84a47046
train,trainval,german_shorthaired_166,15,2,9,f03f8dd5c8eae265e2e51f19d18d6f6aac47416d0e3168b3262e4f2a6c7be694
train,trainval,german_shorthaired_138,15,2,9,f1e09b5542ae15dbb594fefc7ecbf3ef8a890e6dafd5cbd917fd699e4e6b3e4f
train,trainval,german_shorthaired_128,15,2,9,f22d97dc00645c835bf384873b481f9f7ed23ace2f734570206d4d009b5bcf72
train,trainval,german_shorthaired_167,15,2,9,f4f098e04c7948de3625d77fdfd79c95ee23266d9f9d0bc07bf85a4919aa156c
train,trainval,german_shorthaired_131,15,2,9,f539b0a908d4a89a352c9110ec2816eecb06323bf48a152758d636262fa77f2e
train,trainval,german_shorthaired_152,15,2,9,f8211d8c178b314fdfa1b2f3f82b20d47be89000b75316c6c00a94a6030c16cd
train,trainval,german_shorthaired_13,15,2,9,fb468355863ec1e368f83b362e481a7f95a1b7bfc6c56ea8bcc87031a7456ff7
train,trainval,german_shorthaired_151,15,2,9,fb4efb1806dc32bf548acf299b7ec33edaaca8a2d4c1cd0c0883f64d4c71c291
train,trainval,german_shorthaired_170,15,2,9,fb586b1fe3d4719219bf58d2d095821c48141b2a1c035591dab86d19c33260a4
train,trainval,german_shorthaired_108,15,2,9,fd039e9fe80b3dad1010bf73a401a182b2b3b1f6b307fba6e1cc1e5953f81a1d
train,trainval,great_pyrenees_141,16,2,10,8fd0c9c54f75e285c917937794d45b979539f8f1ad2488e80b57802ccf11b87e
train,trainval,great_pyrenees_108,16,2,10,904fa490ce0638fd90b2c2e14efab00e59dee98d23e200d914210b9b086508ae
train,trainval,great_pyrenees_109,16,2,10,9101054a026983c85dd744d8915e85597564b5d159fba9e0cbeed91f50a998d4
train,trainval,great_pyrenees_184,16,2,10,911fd2b78c802c7539f9125a3a73baf68ab8628c59fce92c62b6e80782dfa4eb
train,trainval,great_pyrenees_150,16,2,10,9237edaf461891767d58ffdf87450a4be5d5ef4f79bd13ad390a239a9a32abf3
train,trainval,great_pyrenees_104,16,2,10,92dc052dee67da827bb2c38e0e48fff99358dce46a98250990cf15e1293c9202
train,trainval,great_pyrenees_114,16,2,10,9429ebee086e2c69dbea67625934147e27379770253868cab2c7334903aac77c
train,trainval,great_pyrenees_178,16,2,10,95d3bfd2a7d0011e8a708503322e960e94721cc89c24179414b368a5bb3cfadd
train,trainval,great_pyrenees_136,16,2,10,9724aa676919bc38c142b5f9863a039146b427c962eb068e9e8fef0fcb18474f
train,trainval,great_pyrenees_143,16,2,10,9b638f88db88a6a5594801c8c6a35e2338e237d93d4ccbeb1a011f546895b71c
train,trainval,great_pyrenees_153,16,2,10,9e63b79177bc8ab20b5cd57e9b5579f1af507037ebc92df044e646894a7e6bc2
train,trainval,great_pyrenees_147,16,2,10,9f5982d3003794df6482d65d180c75a2e3709cffccd05f449dfc893442cd6c62
train,trainval,great_pyrenees_166,16,2,10,a237bb175fd1de03daf875aae1289712408a425c0456bc6308e22a5e1f20c848
train,trainval,great_pyrenees_140,16,2,10,a598a20359f87730f1a02e0fee6d1a7b33ab99a7172a288682dcbadd00a1a688
train,trainval,great_pyrenees_100,16,2,10,acd3d5e80cedac15a7f0b9413342478bd3518fbd49c9053a6b5ac57ca2d28a36
train,trainval,great_pyrenees_138,16,2,10,ae061af39375207dbfecca0772152c977dc48d3026d188097596b486bd8dc3c0
train,trainval,great_pyrenees_188,16,2,10,ae06e6c80668421ae4157110d07ea57ba5886988f809c8d2ee451bde13b01906
train,trainval,great_pyrenees_190,16,2,10,aef94df9d3269ae4515b79166235fc8f879b602430b1ad26cabce65e02e37acb
train,trainval,great_pyrenees_115,16,2,10,afd37c5a9571498dd97a723e4e9f9e67451863deaaacc8c9a6a1455ee2247972
train,trainval,great_pyrenees_144,16,2,10,b1b095faff943e0b5d9aee768c1448fa7771646bb0df4778d0de955b2c809b93
train,trainval,great_pyrenees_171,16,2,10,b37cb557074bf2287b58c62e89316c44f30700215b2976fa3c64033faeaab848
train,trainval,great_pyrenees_151,16,2,10,b54b5f820339974f869a2758eb823479f028c69263481c5c28efaffced20725e
train,trainval,great_pyrenees_134,16,2,10,b5cafe6ecc901c84346c4f4df9f9b549804c88d0e648920178623ac21e01364b
train,trainval,great_pyrenees_146,16,2,10,b6c55ac1bfb4bcc7379e5529ded3b7d2db820af00ffe59d92c24498a2fa00d92
train,trainval,great_pyrenees_180,16,2,10,b738d3680bb9cf797d4fb96ea62d5e47dbc040ff73beae24363f2c75fd155b11
train,trainval,great_pyrenees_179,16,2,10,bc0d437a2e3e65c3d6a4ff5f23da7c1f3d20fd4f6f84ed9b30134a6afa30a729
train,trainval,great_pyrenees_168,16,2,10,bea5e2d387c1236b1cce323e056622d90142bf5746b23a3dd7cec55fed66a6e7
train,trainval,great_pyrenees_156,16,2,10,bf48f4c3c8890055b323107c5154d4d472015e0edc880220552db6fcc745a648
train,trainval,great_pyrenees_103,16,2,10,c7843fea1c8f7a98d0a6366f68bcf8c0b18eb162db880f58799b96f18b9868e2
train,trainval,great_pyrenees_107,16,2,10,c7c2e3988334c842cde0d85e1ec595aa3cb68c20f9181ea97baf508f18519881
train,trainval,great_pyrenees_105,16,2,10,c8f34c4dc53c43520a4489b7448411ee007cc4a9f76e48055d7725f161c0679c
train,trainval,great_pyrenees_186,16,2,10,c9e85cbe720eea2722522472a89b4ef5fd5938e16ebb6f6dddb8e307d99a77ef
train,trainval,great_pyrenees_130,16,2,10,cdf1c012db679b5c181b1702be61e75190422226996abd60f503748618202a73
train,trainval,great_pyrenees_162,16,2,10,ceb314b5245870965bb1b72da12842deb9780c36ab0f3d985f7dacd9d90a616a
train,trainval,great_pyrenees_137,16,2,10,d007b8e9a4cb8b18c2abb04b10f906b5bd3dddb30be5e279021226bca83f8b41
train,trainval,great_pyrenees_139,16,2,10,d92930b36c8e290643de45065df92177a8fe50f56f15770daf802ecd7a973b04
train,trainval,great_pyrenees_165,16,2,10,d9f304d141bb3606dda0598b8d66b6bbfd01b3425f757f5ebca0bf5d4b94b598
train,trainval,great_pyrenees_167,16,2,10,db30a212f35d1b862314c91492d8aaeab4e86076e28affb80b9895ddebe60cd4
train,trainval,great_pyrenees_175,16,2,10,e3118b6c57b6975d58cb9120b6ce71dad08ad769a0cd165629b7d8f54cee64ea
train,trainval,great_pyrenees_176,16,2,10,ea3505babe02fca50601949ba6c9ebf158135c5b434e12098c9b8a0c1c12e6ff
train,trainval,great_pyrenees_164,16,2,10,ea9ec6d017948939459f7ce2e2b40d8f9ba1182a137ab202ff7bb8593f9d9fde
train,trainval,great_pyrenees_157,16,2,10,f0169b8bd1d8545425690393b6a21abfd3cee12b20505e47aa9f6a889431bfb5
train,trainval,great_pyrenees_132,16,2,10,f24d7e2ab387dfd4d94f7ae840c26cd13ab096bee584cadf2589b1c4b5d3a9b8
train,trainval,great_pyrenees_129,16,2,10,f2c5749c8dedd092704ebe180e7c2d634e3895494ee8f149c5db0e6f711639f2
train,trainval,great_pyrenees_173,16,2,10,f3d6ed4f8a237bdd0930571619d2ec061af7342389cbe7650fc9474b63c4af27
train,trainval,great_pyrenees_102,16,2,10,f6c216b5cb45f175d4b067145c5ff774275a0b385841f84b41b18e150345772d
train,trainval,great_pyrenees_124,16,2,10,f7a4812f763f632ba5c1646b77c4a56f3e91f02adb3adbf4e95f43cd772f2eca
train,trainval,great_pyrenees_182,16,2,10,fa761e686d787ef2a9b909850ed9d7817d32aa78d980396c1e7596231cc9740d
train,trainval,great_pyrenees_15,16,2,10,fb25687b0620d65b4dffe49a01ebaa908bc2e03c34f72cf999e8e17dcffd3d1c
train,trainval,great_pyrenees_181,16,2,10,fb63d9d939e6562082c55393ebdfcbc0cc74f6486bd4526c9589913f8ab5c48d
train,trainval,havanese_122,17,2,11,826d56aef6aec0ed70a74264c8e1e1c1857b923659f627057f6db838aa9cec85
train,trainval,havanese_112,17,2,11,85be1b895b4e8c31b31a347269a521ecc396923129bb30a4d7c8c6dcf27bd6a2
train,trainval,havanese_147,17,2,11,871837f996fda56b6332a8548b6d29f9a4a43e0e075cde66c7835731b69c7b8e
train,trainval,havanese_10,17,2,11,876ce45fb7c4c8f889974255bfdc26bffd7d068c5cfa02d4de3c88c365a6045f
train,trainval,havanese_141,17,2,11,88b8035e4406d286822188e09e886eb56216ab95b59d1218d35dbca3086f0a85
train,trainval,havanese_156,17,2,11,89c02e99346643974d181d3a662eb774cd58c43133b4d4bed7e163e79b0ba02c
train,trainval,havanese_18,17,2,11,8a66c5097c11da46383996907b4ca5ebafca18a04159f5d7e18d1eee0bdc44ea
train,trainval,havanese_144,17,2,11,8d6e9e9fe9b96ca973b023eaf40019ec58a793c6f31d36af94f3967eaafeea4b
train,trainval,havanese_171,17,2,11,92053d0e58125de6b4b54a3195d72f8dc40ac94f3bca33a79d808fda36181c5b
train,trainval,havanese_108,17,2,11,940c8d247b7669b63812e511cc8d9b93aacae091e300934831ca1c141cbd2802
train,trainval,havanese_169,17,2,11,9517cdcef5ab52c29573ba62ce4810e480c3834463d6c7525fa5c29e517ca2ce
train,trainval,havanese_160,17,2,11,95946ea043193d031717009cd0d8b896390452ab4de895d50c38ec67a083dbd3
train,trainval,havanese_163,17,2,11,9c4bf041bbe1a02e7a1c9131f3928c925964d2e1ddedbdec24b8cf9882f14877
train,trainval,havanese_142,17,2,11,9c67a55bbe3282c7d024e02c28c9c57f01e96553dc51ac54abf99244ebdf9c05
train,trainval,havanese_167,17,2,11,a362de7a298d7bc4d00692326d3e8663a57003d0efa1abb85caaf6d6de2deca3
train,trainval,havanese_114,17,2,11,a8357a38e3dcf644a08078cadbfd2eb3bece4315d03d92f31af25e52d245642e
train,trainval,havanese_111,17,2,11,aa923362146ee6b6bb19935965d754500146da3a83b02b5e6b7d8fb39bf9a064
train,trainval,havanese_190,17,2,11,b3463c081dc12cbc1269b32b61a943b16e10ce481e025e9f41161317e02d5720
train,trainval,havanese_116,17,2,11,b447144c9d05ce9e4a8a1a278fc7f1681619c0773985360185792da58153f83a
train,trainval,havanese_140,17,2,11,b599a933fcf378933bb736788c9b080ab2f9d4555b7677f0ea74832b7ec1d0b4
train,trainval,havanese_164,17,2,11,b73644f4fb61e8b05f752a7ea779465ca9d4ca71be020c5f00987f9c114666ca
train,trainval,havanese_143,17,2,11,b9274b65853d296e360741ab3040267ec98d47f58e90f71a349f069669122464
train,trainval,havanese_131,17,2,11,b930a2968e4f5868172f321841d933246fee61bb448be0717594441eb5fdb181
train,trainval,havanese_14,17,2,11,bb090f0393426378787a639cdc812b720e6c4de54bea8e4a3df39422f4492481
train,trainval,havanese_129,17,2,11,bb8ccd20e02ae6f02688a7c91ec46a50433604dec6336b56bd11e05949771209
train,trainval,havanese_165,17,2,11,bec138982d06e70b4882ca1a2dc3435b8049689bb41eb99ce9c0c2eec0f6ca54
train,trainval,havanese_102,17,2,11,bf293a9d1c18bb22db8e32437b04e34f8134416f27896e708cd6bedd399db7ab
train,trainval,havanese_113,17,2,11,c203471053dea131d2cddd273fd5813fc66d831d9df08f06612c78e6abe4ed3c
train,trainval,havanese_128,17,2,11,c6abaef4dde80a408fc069a748ad1debe0d0739afffc728f63247aa47f5548d3
train,trainval,havanese_187,17,2,11,c80fdf2ff44facff03969e0201ff3289f44862230c5ff178f02bee3407a12e65
train,trainval,havanese_170,17,2,11,cbac06c40f5f3a1c728cadb00ef791ab90e370b6390b6b47821e66ea3654d68a
train,trainval,havanese_158,17,2,11,d74d4f536f84015393b915e484b16d9ab3fe3bbdcc771cb308cebe6da21d75de
train,trainval,havanese_178,17,2,11,d75ff576b942dad33112b1bb518430d85da510a2edf01cff36b11b6cf49d0072
train,trainval,havanese_12,17,2,11,d9ab395642f89cd6c49f2fba1469b2a1255b42f0e589cf99ecce08fc3abbdade
train,trainval,havanese_180,17,2,11,da30d0ef6dc8e2899578babd05ed4ab5eb779953022c99d7d6d327029da8ed2a
train,trainval,havanese_177,17,2,11,db2701d76847602b023af78fae9e5edf6e98b38b2affd0ed52e558424b9a7831
train,trainval,havanese_135,17,2,11,dd3ab525876ea2d7ef56c11ee3bee194588aac67afa863290f25d45bb7e71bd6
train,trainval,havanese_121,17,2,11,de1b96b66286ce532e66c31d72c1ff3ff7cc7e5708db7043dbd65144306695ab
train,trainval,havanese_124,17,2,11,e5b937f4d1ccdcf300f9800a1a839273fb67936a9538c6e7bce2ac60f6a6a2e4
train,trainval,havanese_154,17,2,11,e8997385baa123029e60cb4b35d09f0ba53075e7750719448c3e83e68f962c3a
train,trainval,havanese_107,17,2,11,e8b67273a853335f58568ca10712c57e2da96df1d7e5984264e42864eb709555
train,trainval,havanese_152,17,2,11,e8d28cc896e177e6c66b6a9644dd54ddee1e5a1ed9724335df6380d959c341eb
train,trainval,havanese_123,17,2,11,eaf1d0f8ebc21d84ecd38317b388ef10a14c1deba1bc1c4640e4116b1e0b94ac
train,trainval,havanese_174,17,2,11,eefebaefda2b739818ec1a007cced521f120369a69ccf25c4caa85890115d8af
train,trainval,havanese_109,17,2,11,f035127c9ca11add68b4b81783c52490c1d1819c528a869799720fea0a2e0bb8
train,trainval,havanese_11,17,2,11,f0f070230c79e952ceacfe27fc4aa45b4d69332fae7cc654d937f1f0d204f786
train,trainval,havanese_182,17,2,11,f359cb03237a94474c62ad49b9f8db08a0666e111ccd673dda29a258c726db3e
train,trainval,havanese_145,17,2,11,f5823deeff78fcdf92f393f787343b2abdec91a3c479f2f0d87d2eea8a725334
train,trainval,havanese_125,17,2,11,fcc95a133d96f8b70dffd558536db6c638649ef0cf37c5d9887e4a554cc2176a
train,trainval,havanese_137,17,2,11,febc6a3bba41a653e7ca22d40c057e5167512c7c0f45a70d58551894beb63aec
train,trainval,japanese_chin_106,18,2,12,745e23cf1e41fc09ca47c01ebaf32619829a9401a2c949d4ec11c1119e94d47e
train,trainval,japanese_chin_104,18,2,12,768c1384b2a3aa9b43c9a910358c31e8df2c4d12f0e0e4886971d42f28cf25de
train,trainval,japanese_chin_185,18,2,12,76eca11bdf619e15fdc4234254e01bd71878056c273b29fc4a0709e9ceabe34b
train,trainval,japanese_chin_102,18,2,12,776035f00d5532d06c560d5072c4b067925a0520270177b2516f286f32355936
train,trainval,japanese_chin_186,18,2,12,78823931652a2255688723398aa6b4294b4195dd130e425a43276276875ea65b
train,trainval,japanese_chin_145,18,2,12,788fe49c48fb3fbf8727698167e4d2ea4c838c385cd3c6c5ec4545cc799d0683
train,trainval,japanese_chin_105,18,2,12,7abf9f2c51ac469aff45774e6677a4f010e21a24e10821d5d1cf35b299154d4e
train,trainval,japanese_chin_119,18,2,12,83c6d18cc9efe7ff3142b5cd49df77112e9cecbfc255b0265bef7e7a61b6b049
train,trainval,japanese_chin_160,18,2,12,84055124cc5cf365be984ba51f5fd41969424a2cbbef7ab05df62b2057ddc0d0
train,trainval,japanese_chin_155,18,2,12,8b23e9824b4165629c76f09d8ebc6e99bf08cae0ac533cd4d109ff6329bf7c0d
train,trainval,japanese_chin_156,18,2,12,93636e077f04867dd603632cea56f3bd9ae4e0a2a99b9f2d63d6b5c2dc12621d
train,trainval,japanese_chin_137,18,2,12,941ca374b6114f524949898a6abe975406885981149cffea3e36290b14db39d8
train,trainval,japanese_chin_152,18,2,12,9716560ecf8abce5a4f238585304fca5ac44ce2224e69dc75b2e59a8ce797e1c
train,trainval,japanese_chin_143,18,2,12,9ed2b0a026933b016d105741f1718c5253e0d8eba42a0840733ea63149a7d724
train,trainval,japanese_chin_127,18,2,12,a16575763ac66e855a8c8ede92a7145d0b869cb5d7a1014644a0c6d9de3f10f3
train,trainval,japanese_chin_118,18,2,12,a18f2c57d66fccc1b4c2a698455b7e6328444b760c0ff118ea15a526e0f7ee17
train,trainval,japanese_chin_131,18,2,12,a1e6895e5ebdc48b674fd9508c05dab5f1396df3c0d1515bd2a47cd75d3df3f9
train,trainval,japanese_chin_110,18,2,12,a21b0cb2db3b5af4854a99856d5a13abd356e073ed881a1c75c96753114e1be0
train,trainval,japanese_chin_121,18,2,12,a78607496f69fa4140f3a967c2659a21146decd5229734ebd75670eb07b4366f
train,trainval,japanese_chin_173,18,2,12,a8c6e55b32a21d34fada8f67106c63d86c2ec9e33acd0bd71ef443bb88395f2e
train,trainval,japanese_chin_176,18,2,12,aa176680827aca74de320a039d781820b486be2efc9621d05f6a7c3de290b302
train,trainval,japanese_chin_13,18,2,12,ab47298df8199627045978a2b64bbe9208822b0b054ec26de600152587c318a7
train,trainval,japanese_chin_174,18,2,12,ac3d5ebf8b849a3d227e6c6b24a3d6c3541174f4be786405ea64196e5a11c3f0
train,trainval,japanese_chin_179,18,2,12,b103307fbafd3f7bf63cd17f84254481157f64340bd9d2d508c23b5132eb83d7
train,trainval,japanese_chin_135,18,2,12,b3e58917acf0833438b802a75cddafea3b5f7101b090e24e20a45cee23f61ae1
train,trainval,japanese_chin_128,18,2,12,b48ceedb7a4a06309b82b6051c43c1e3f42f217df98074f8b13028ef648dd90a
train,trainval,japanese_chin_146,18,2,12,b4cc62fb629d93c4d56058ef336747a7fa09231d8ca843badb0967382afa7023
train,trainval,japanese_chin_109,18,2,12,b5bc80bba794f02e8c2c59a501d524767dc213ba3bb80499d6889a820a0d5ecc
train,trainval,japanese_chin_178,18,2,12,b6e42e4cd6d474fd6e6da96b5514882a35c6ab561cdac0de19ec72d213061e51
train,trainval,japanese_chin_149,18,2,12,b930e58135496223206635b3be18f714a499938927720c60edff1c13fb11c384
train,trainval,japanese_chin_157,18,2,12,ba266d84a7a1bd7cd9d3791b51524565be3b9f0368797e0df86d69ce4e89487b
train,trainval,japanese_chin_187,18,2,12,bd17b5ab441a2b8023e28c36d38758af3e8989c9fb80f9b7d358ebe73da089db
train,trainval,japanese_chin_107,18,2,12,bd933955fb52f136d812b0e8220c680abcf8ecaec250d4894dbc87b322adfd31
train,trainval,japanese_chin_124,18,2,12,bec4df9a37d4c4cce4f03c7bc65f28705138c4c16176382e689791765855bed6
train,trainval,japanese_chin_153,18,2,12,c99fa40f645c0910a9accceb5370dc2670084c93e225eeb8a0fe9adb230a6552
train,trainval,japanese_chin_103,18,2,12,cb1f71cc92cce1ffcafdbe392a942283246159d23311e49c10b646878906c4a9
train,trainval,japanese_chin_150,18,2,12,ccd49c7c5ca1022496202bc25006a202127063d2a92720e535a2af3c49fbecf9
train,trainval,japanese_chin_125,18,2,12,d10fb582993c4ea55801b385edb2111c77ef697fc00950e0043bd40168d3c479
train,trainval,japanese_chin_166,18,2,12,d253b3e770ffd41791761023aeb72a764b4a1a376a88df6b85e6191db72523e7
train,trainval,japanese_chin_12,18,2,12,d2e0f6b70152ebd858112f53052df3fe4715344dee75a9ae674718a8faea7fcf
train,trainval,japanese_chin_144,18,2,12,d3de2e14ffb0c9a5711eff0f50aabcbc81e36c49fbcfbe723db1fc8bcd5440cd
train,trainval,japanese_chin_139,18,2,12,da07add8106dc571a83c1a4622a446c8a80e602fab01fda55c49d91475a3db83
train,trainval,japanese_chin_180,18,2,12,da56b6057c9f8b12a25716fb560403238922b562b54a5b8929d61efa5982766f
train,trainval,japanese_chin_123,18,2,12,dc86d6b18134c069ca1bac01d5b9203279530c0c02da059330bc069c8e93dde1
train,trainval,japanese_chin_158,18,2,12,e81a0272be087100c8ea1aedecf0545978731fb23500bb2a3f736122ff34e9e1
train,trainval,japanese_chin_18,18,2,12,ee5c7943777c0268c3b2fe5bc4013f8a65bd8d58baf47cca31275671ca6e491b
train,trainval,japanese_chin_120,18,2,12,f1fe9226cb861006506dc6d0bfe5091c10efd3a52c8705ba5924da6dd33ec4f1
train,trainval,japanese_chin_159,18,2,12,f4c4b83d157103707a6aee2ecb5e89637e7f3b981135c880cc06bd76ab0640dd
train,trainval,japanese_chin_15,18,2,12,f74aed5226a047474a3a6d712c2c4a34afa08c4ace45e54306166d1f9a8ebffd
train,trainval,japanese_chin_134,18,2,12,f7d21e4c9115da3b8072e6c196bb397eb14ddea2377e752d80ec47a33ff646e7
train,trainval,keeshond_116,19,2,13,884c9e12396d75559e7059ee6ef6423079417430180e8b8f9290b432f2d7dc54
train,trainval,keeshond_13,19,2,13,8a8ee193d145cf35709d4d9449433b5d71a460c297f401055bd56be5ed676281
train,trainval,keeshond_129,19,2,13,8aa5b9de96072a5e56a5d595ce93a4d9d115c69aba87894d39e58315c99e06c1
train,trainval,keeshond_184,19,2,13,8bf771bcd2bbfb4c45efe5e468fa6aa6d8516544e5830f08efb50a3aab9ace5d
train,trainval,keeshond_122,19,2,13,8c99690a64cbefa5ae018db64df50dee0fa5f9eec85d15e4b6217348964e9cbc
train,trainval,keeshond_117,19,2,13,8ca4a420cefb8b91a1ef452c288f4186792535a3a10caa51dd42792989657492
train,trainval,keeshond_10,19,2,13,8d4a64450b59f8a0fdb88b959d7e736269336c3705aaaf13b66af590aeb9a66a
train,trainval,keeshond_101,19,2,13,90afc4c79fdbca970149662e88f6ddbd30833c263a9719300acfcc33a7444856
train,trainval,keeshond_111,19,2,13,90bdbf1e5c937f37f963c75474c2917847f786a7d306ccfffd7d637ad1d96878
train,trainval,keeshond_147,19,2,13,92d3f6367f7568d426bf3a3f9e0f29844adc9363433c061937da43c781add55d
train,trainval,keeshond_164,19,2,13,993d32e6d8c0fc3fd20b18f88c418d07128ffc870fdf5a834644cd9c0bfa5102
train,trainval,keeshond_178,19,2,13,9cfcf780822344d038075c6ca5f4f0856700305ae7a470ef63a9bf9c07bd048b
train,trainval,keeshond_124,19,2,13,9e04b837efeea6e6aa92e1b00e92daac03b43df75ea20ed200144b899d44855f
train,trainval,keeshond_143,19,2,13,9f943b9c73f2c5729c28fb82b33af33212d8ba3fbba099e7d260b93d90608a06
train,trainval,keeshond_12,19,2,13,a2dbb1e7c026416a496cf9516783eae86d16c7459589cd0f34ad3d3d55e0061a
train,trainval,keeshond_15,19,2,13,a718e18fc21ea9d29877899cce5db4ba631b2a0039a50c7ff9d1d74a6fe259fa
train,trainval,keeshond_177,19,2,13,ad3baea1b50ac2ee33e47444dd7a75f700abab7778352b34e59f89cd1358755d
train,trainval,keeshond_162,19,2,13,ae01475137864eacd3af30d0e9a42905df03270c6c59949d1eb28893215861eb
train,trainval,keeshond_186,19,2,13,af03669157fd1dc66695be86dedaf9c4a8de8915eb0d8941c77b81664edb9a71
train,trainval,keeshond_148,19,2,13,b0be753389b39b9459a6ce400fa0d15e869cacaa0aabccbfe58f8a3b271f9838
train,trainval,keeshond_131,19,2,13,b5805d5cd49d6c9760dd3109a87a44bc63edbe5189b321c64f9d569decb2c4ef
train,trainval,keeshond_14,19,2,13,b58799c08f9bf26878d9da5dc7afe56a1cd4b72c4405b40fd6d2cac109621034
train,trainval,keeshond_159,19,2,13,b5dca678c7ffd4fc658c4bae025b8b2e166aa7699de517e03810026955db919d
train,trainval,keeshond_152,19,2,13,ba8c5277e870f365cde6e2b0bc309eca67725e7d207a5277449aa0640b99a9ed
train,trainval,keeshond_105,19,2,13,bc3de9cdaec3d7bb987d4b2bbf3be3d46e7cf92fbfe6122dbfbdab0fb1c29cac
train,trainval,keeshond_153,19,2,13,bc96bb39a6c85c8a157fba9103d97b356a757a664d76c4710062699ab59cf5a3
train,trainval,keeshond_126,19,2,13,bff3403e466758c02f6181b515e1ff8baff13cef57ff3026c8c5d877bedf3a49
train,trainval,keeshond_144,19,2,13,c1075891f601d959cc1350268a37194f586eb28fbe7f99ee13442b8a4db9e99a
train,trainval,keeshond_160,19,2,13,c19dd14fcbf2fcd4c4d4a1ea851e9f95fab41f0459ccf9ce7e6e0f39f5c8237b
train,trainval,keeshond_140,19,2,13,c5e1cd7912fcaa32556538707e4cacc868303e890ca4c35c8b8ad23a0b0a9530
train,trainval,keeshond_176,19,2,13,cbe792ef3983ff8604eb3f1ba469b461b714204cf71e8290ec8ff584306c90d9
train,trainval,keeshond_109,19,2,13,d138e46dc31d7a2b4c46088d83a6b8f149e089eb92ca0615a7a6f87d78ae91c1
train,trainval,keeshond_113,19,2,13,d3ae38cfe69a514e0e0b08808fef9a12cfadea5ad008ec32db940338f700ab3c
train,trainval,keeshond_167,19,2,13,d8305b7db595a41f596414051a287a67c86c4881710feb538a6a851e4a672a1b
train,trainval,keeshond_171,19,2,13,dc7c6ffb5950405708023a41d53717f71bc01b50248f241a6eb78a5e84dfcf46
train,trainval,keeshond_114,19,2,13,df8596ea1622ae14d0899638a0790ce83a2f6e8fea36a92c0eb41035fe08b88c
train,trainval,keeshond_139,19,2,13,e25cf00b070711db1d719f984d6be8adc101342624334cadd7623af7eb767eab
train,trainval,keeshond_168,19,2,13,e5a980d3fbfbfa52f785e95e23442dbce9fef616dee76ee7bc6d64a26169c8f0
train,trainval,keeshond_180,19,2,13,e75124552cac26581c9f56099329f2889610ccfb1ef9f9394d3c3afb43a8394a
train,trainval,keeshond_155,19,2,13,e90b8cff8d0d855cdcd37992423ec30d881b03e7642983faf44b86b8bc2330e8
train,trainval,keeshond_102,19,2,13,ebf5cb953b7bc7fd42e1cbaf9550812347328a515f8f6b174ca3c7b0736db3ec
train,trainval,keeshond_127,19,2,13,ec7738820eab170aa1b3a988c76b8291389ce28f5fed4fb4c6673d24ea7c0dd7
train,trainval,keeshond_174,19,2,13,efcf1849d61e53f3dc11274719fa8c052daa601466d6a3a832fbbcb7b5415d55
train,trainval,keeshond_145,19,2,13,f096c00114cc3ee84f9488e7e14125b0cefe8cba1569038340c887764f39b8c4
train,trainval,keeshond_108,19,2,13,f3a3c7568dd20abe24e0e3c2e5803545b6698cdd818180fae76ea1905f4e263e
train,trainval,keeshond_163,19,2,13,f5b94abbdb25dc46303c24a362f75c66a7553adac8ba2999d41aaff042b779ac
train,trainval,keeshond_154,19,2,13,f7b14b826560166881d25ed883290a6360b997fee40f1e0f578f47e53a0e65f5
train,trainval,keeshond_157,19,2,13,f936d60be134f72cc4d0ee8504a1ce269aa49cc26f955eb386147cf38fdb9e1b
train,trainval,keeshond_169,19,2,13,fa956d4740702c42bdea716d825609ec2eb34dda67e745238322bd3759a2c776
train,trainval,keeshond_112,19,2,13,fd55210f70f76b6b7b90d87dedabe7be377575500bddc9a93856012e8ffa99a9
train,trainval,leonberger_121,20,2,14,93c27409445cf9ba1e60cbf261d6feded57fe9239aff1327dd6aa69760390769
train,trainval,leonberger_113,20,2,14,946359cd3d7e53fee06ed15d0a34121e0b4b1e2ecaec364823d6a57ae440c20f
train,trainval,leonberger_103,20,2,14,9904177ea7c63caf2bf4af1437d74c406df3d1b9e57c56a809cd87e909dc6322
train,trainval,leonberger_128,20,2,14,99bc1456db2ebd346e8128294d2e16066ee7253b5f180ef79b99c03b888e7404
train,trainval,leonberger_18,20,2,14,9aa80b109782b45c2f283bf8ccd2f34179ea8a515728015dd2f063de20170151
train,trainval,leonberger_150,20,2,14,9f816d74018dd462f06aa2a7a49c5cfc669b936970f75d8b3b508ccf41d53e96
train,trainval,leonberger_175,20,2,14,a03b75d257b420796172d8cc5c721e474ef389796067b9f10d2c7a787dcc72e6
train,trainval,leonberger_152,20,2,14,a0e3677d4919b146ed07f2864459bda2fbb7570c68dbacd720cad3c119dd69c6
train,trainval,leonberger_12,20,2,14,a0f1684f41df9d8693f0294f00a834277fbac6e19fe788424434954f4dc7731c
train,trainval,leonberger_119,20,2,14,a36c8ad6bdde8f60c2ef877aa68354ce8df5cadefdd38576342a038e7e6e341d
train,trainval,leonberger_129,20,2,14,a68b0ea372cacc103a85f58a309d91d1042cc3caf0a7010743695bbbe8929dc6
train,trainval,leonberger_141,20,2,14,aa1aaee7c1ab610837f83adb6ba81c6e9cb2b70cb33d984bfb8e983e6134e827
train,trainval,leonberger_148,20,2,14,aa913dc3f049ee8b0956123945e658196c41693835fbaf3426a10b17154fddc8
train,trainval,leonberger_176,20,2,14,ab7a32bfb0abe4744976eb6b616cda99a5aef79d02040e0173ddb5aaaae78e61
train,trainval,leonberger_138,20,2,14,b1aeda8a767410a022692b39610dffbeaaa091352e3799b297837b28add9b01f
train,trainval,leonberger_105,20,2,14,b1c12526f76039714f524dc3364c3eaab61a1f6777732da3b9ac5ffc38fbd874
train,trainval,leonberger_101,20,2,14,b6e98f63ff88b3ac9a7891fbbde82aa2f22222c09923dbb94715b46f514c540f
train,trainval,leonberger_135,20,2,14,b8b12f473c80b3ddc8b343791232bde47d165ca9c7d89c1214cf0e92691aedf7
train,trainval,leonberger_157,20,2,14,bf26edbe881dc90d09c65bd5f45ff9a4fd8ce01de9399b9fbd25c1c876ae2aea
train,trainval,leonberger_166,20,2,14,bf3697319cadd80d6d591042eb2085b7524cd58ec7a9e45b5a7045faae193f85
train,trainval,leonberger_188,20,2,14,c8cebcd8564e59c3cf2f859d742cd9a63801732eee6fb9c65e4a6538e475ad32
train,trainval,leonberger_179,20,2,14,c9de5e0152836f460094e8ab0edaa9f95c9f8f40b04c0cc8bf45b9f48973fcf6
train,trainval,leonberger_160,20,2,14,cb744994feadbd5de880a2d587c66afb743e1fe74ae32fd5f975490bc10b2704
train,trainval,leonberger_104,20,2,14,cbd244c196cf76ca3bc1ca89cba8310f9c273cf5f5317a8996cf1a8d73e8676b
train,trainval,leonberger_156,20,2,14,cd581ae2fc9a04ac640677a25b65f54b3d9a5fcf685f7e4b74738b08276e228f
train,trainval,leonberger_118,20,2,14,cda2ba50e9c9619a731a7e2937dc0c7378d7118b9cd68bf6bef9bc6bd2d4d3ea
train,trainval,leonberger_112,20,2,14,cdb664f193cccd4879dc9c8d58f34727660dd2866d8837f3326710c196a0aec8
train,trainval,leonberger_158,20,2,14,cdc7d706593fdb861d0ec976656d3e9ace61aa81824fbef925cb2c2c0013f3df
train,trainval,leonberger_167,20,2,14,d24e80f78e6a72df1884f26165b8aa3b988610c5de20454d0591a6c0f22467f6
train,trainval,leonberger_162,20,2,14,d25c521e40438cc2d34e5012e97b1e2c30086735ebc2f3e5c494af159510a906
train,trainval,leonberger_174,20,2,14,d5b480bedc577e83e8da58f4b200c4d42074c7a7ebb29584a7612513c81348f1
train,trainval,leonberger_142,20,2,14,da662cada31e5514a70e35ef3a1aceadf8ee97abc6946eecd4510028633b8688
train,trainval,leonberger_147,20,2,14,da9f613345da63e69b147fde1b1f653a9aac614d5e79179aef3dcbede270faa8
train,trainval,leonberger_17,20,2,14,dd6137974972223476efef99773de1fbba8d47ae52e04517eb238505bded2783
train,trainval,leonberger_168,20,2,14,df54c0b52dcea5804fb9dbf0db0522e1894e6f68b8bbc3d69cec75571fb09907
train,trainval,leonberger_143,20,2,14,dfc735d8a37cb1c94e96b1c2e85cfc7bb68a998ca9385624c46582d028c60a80
train,trainval,leonberger_163,20,2,14,e0fad5244b1ebbdc3592df552e39cf9e7e0e5bb4074b700415d0690d3401b4ac
train,trainval,leonberger_126,20,2,14,e100c53743a4e4e17729d070054c3e67755efbcbb9adb60f9e32fa3c461cc90f
train,trainval,leonberger_14,20,2,14,e13ed38d5892ed4caa27570a650119f9242a0491974f279708bee973c09723c0
train,trainval,leonberger_189,20,2,14,e2a744140f71c61b476c2f76d5b24cffc766ba26afcaabf35f490586e5b58c73
train,trainval,leonberger_161,20,2,14,e4cef858570917ddabeffe9699595da386963918537daf08eec899721a9b52a9
train,trainval,leonberger_134,20,2,14,e70e8df1ec64110a9f5b73e55029f9c96444c797568e8cee42601ce86210db31
train,trainval,leonberger_111,20,2,14,e9d55e4802a0c35b05a49265a2ffbf0470f8616dfb245a1990b226e0ff8eb4dd
train,trainval,leonberger_184,20,2,14,ef3f0083ed2c06657cf1b7f3aa7971e54ec8f78ee594c3117f39aae09571c6bd
train,trainval,leonberger_171,20,2,14,f15797d98fba21f9a4001247327242814982d6e8cf6f61733073781c84102d4a
train,trainval,leonberger_153,20,2,14,f30b59ea7f4fa8c2de2311d94a02345815ecd55c8bacdc5add601552c125317e
train,trainval,leonberger_165,20,2,14,f62ad952a79cb5910effa0955318d5dfc250e2bf29b11080beab6fa842b54d04
train,trainval,leonberger_133,20,2,14,f69180076745145876e6044f35a2d3efeb27eac62be4addef71a3cf005aa9c82
train,trainval,leonberger_151,20,2,14,f73035ca70b07b8c4446c00747112a2f0c0bf5b6d44e3096d52a0aab80cc120a
train,trainval,leonberger_110,20,2,14,fa68a8de68e027cdec0c5d778629d023c031927d4861524938d26b4da9a3f517
train,trainval,Maine_Coon_171,21,1,7,8223f1553394744d4e6e58e57d270896185f9e092ebd672e8882cb38067c0376
train,trainval,Maine_Coon_121,21,1,7,86c127ea2d771860c836950be28bc7871c0c76088f699af25d9cb4ef34168f23
train,trainval,Maine_Coon_142,21,1,7,87264ecb7b6fc1abfaa7e335b76ebfd80487af4b1b817afd5f1220e825575989
train,trainval,Maine_Coon_109,21,1,7,8d86f817a5887801cbf50a0c581e463ff097994cb5eab74e06aef1c4f7607703
train,trainval,Maine_Coon_161,21,1,7,90c0415c6a6f9be890653fe98b788c54781aef66de378735bb219e12e81a9e75
train,trainval,Maine_Coon_108,21,1,7,90f82f62cd70d427fecfdd3d9e9a1c883ad379e0b5abaab2c43b8d1268a6b826
train,trainval,Maine_Coon_157,21,1,7,9101fa6c267247f7dd906b35acd429369a4b30a420b7a694dc00d455b94bd046
train,trainval,Maine_Coon_184,21,1,7,9285c05b8b7f6a872718d59557ff93b053ab199eb8f97cfd905dc361127ba5fe
train,trainval,Maine_Coon_16,21,1,7,9348816c3076af4d4d3fa12b38112c74ed4ec1c60ece2baa193da37927e30380
train,trainval,Maine_Coon_124,21,1,7,98a90e2dd3765afac1db717a07371cf07e72b03eba04f9bae3efd07f13476dd3
train,trainval,Maine_Coon_203,21,1,7,9a6c6727c2e422705a65be4acb5160b08d06fbd6719239d458196958ed6cad29
train,trainval,Maine_Coon_176,21,1,7,9c1b0d2122de114a629c7cb6d596a353c2cdf6b52d6d3461831980b3ac1296bb
train,trainval,Maine_Coon_143,21,1,7,9e802c6ca88b3f423f4f5bc709478902ed5a8ddcf8f8070eb17c6e17dc75e121
train,trainval,Maine_Coon_217,21,1,7,a44ed4083dfe1d7710e20cac3bc74887347b48e4f3161b922b1016670ad70886
train,trainval,Maine_Coon_194,21,1,7,add84ccba5a50b3965903d3d2dca5b04bd2d2cc06086e9febb547ce836cb5fe8
train,trainval,Maine_Coon_167,21,1,7,b6d287d54c71043f493d91accd4638876cb24fe67dd07d6de892daa9e5aeb63d
train,trainval,Maine_Coon_164,21,1,7,bcb2e508dc2f1aab185088084a0ecd1f150d0981d3a79b4ed74d9f043310f8c9
train,trainval,Maine_Coon_106,21,1,7,be1547b0c064b31c8dd481ebb75977c8f8678033d560cbe979e162334670ca78
train,trainval,Maine_Coon_140,21,1,7,bf3f4f2b7d0dcd192462c214ad88d6a20e2cea60b4f0229eb4d59b75ace080bf
train,trainval,Maine_Coon_150,21,1,7,c01306213c775f0bd383529081bfcdf413d34fe72be8a5adc73402ae2043e242
train,trainval,Maine_Coon_210,21,1,7,c0aa5af5d128ff9e6f366c0359bce1a190f4a059807f399e5e731e3ce60378a1
train,trainval,Maine_Coon_145,21,1,7,c0f907745ab2fc0b582a6f2f4867b23e2dd2a4fbc122cc6a59ea7798e4254a36
train,trainval,Maine_Coon_14,21,1,7,c34781dc994c02d0a0bbccf9c189f07fee41ee81f9ff340bbfe093eee5f55a83
train,trainval,Maine_Coon_162,21,1,7,c4f2dfa86443bb399521e935f432aef6cf49871504e66448cb75ed7c41a764be
train,trainval,Maine_Coon_155,21,1,7,cbc6cf145de3ae89a680ba434b32de5a3f56f3b34c8e72276b83070fef6704e8
train,trainval,Maine_Coon_153,21,1,7,cce2bc019d930300abd745a9338f03a86e489c077194d0a9d0ed099074e91063
train,trainval,Maine_Coon_134,21,1,7,cd3ad37aaf39b478c425f929d3dc064a84ae1a82448aa8aa02f4bad94fa659c9
train,trainval,Maine_Coon_135,21,1,7,ce61898261d7a3133db1157e76dc9d0a9d0be1a6d48bbe4eac8b7c862ee0a201
train,trainval,Maine_Coon_219,21,1,7,d34f950ca2dce13ce1388be6145f4d7547fd8481decc9d0aac34ff647f3d9b2e
train,trainval,Maine_Coon_110,21,1,7,d40fe85f51fdcdc6f712fef0422e24cb1e88fe080a4b903c5bef7124e894f0b0
train,trainval,Maine_Coon_144,21,1,7,d755666a7779694eb04cfda4de4f64e510bed62551815ae37f6ef4b1f814567b
train,trainval,Maine_Coon_115,21,1,7,d7deb38f2ea09208afaab67a436a742503809c97d1a00632110e34d1a605c636
train,trainval,Maine_Coon_107,21,1,7,d9e7c1c72dbf4ebee98cd99320cb8577fbb64b79586a6a516fbcb3aca1f78242
train,trainval,Maine_Coon_137,21,1,7,db4651d16f0b9d375de31ee6140306705b4a8d5e397d5b97ca312c9f0409d295
train,trainval,Maine_Coon_147,21,1,7,dc98f1d16fb53732eeb20d75726f56add8592c6fa52f24df07ceb84fbe956203
train,trainval,Maine_Coon_192,21,1,7,ddca3010add7df9f683d890252e7ad734cce5167bf46377fae4c74f0f9aa2315
train,trainval,Maine_Coon_132,21,1,7,e130973c564a9150ab42080dc821f4b0dd0cc1a354b7645d5f13f9711aca22c6
train,trainval,Maine_Coon_151,21,1,7,e1ab5f867e53d414527a95308e4b7ef699ca84e4b2fb2d475e5d097ff6d264bd
train,trainval,Maine_Coon_173,21,1,7,e58c67976088c061d3501d089955bbd29ca232dfae24ff59850288e69766ed44
train,trainval,Maine_Coon_170,21,1,7,e7422d3bc684cfec9fb4ef1993b05d7f86060e5c5987484ba0125ccb2c5a8e0a
train,trainval,Maine_Coon_141,21,1,7,e969eccdb6bf0d1ff6a26cda7d669c791889323e956eef77f05d181c206bb7e3
train,trainval,Maine_Coon_117,21,1,7,e98af3f5dac4064cf907b88e53688f18ca6f6c5d25ac44aa80338cd86611174b
train,trainval,Maine_Coon_126,21,1,7,ea51e62353e6136c4a0d3e691fd549484d60a1f920ebeea0a7265d3ba4723cd2
train,trainval,Maine_Coon_17,21,1,7,ef33cdd32698ab505f0b71a71daedc6d8fc81286dbea961c16f46994db9a44b9
train,trainval,Maine_Coon_128,21,1,7,f13abbbf9eeb685bfd0928fc4b853bc464416b8fa73e1acfde265a1c87192c31
train,trainval,Maine_Coon_193,21,1,7,f45060804c54890138e59d63c607e4aa8fef568f2be48d38575403c7fe31e150
train,trainval,Maine_Coon_10,21,1,7,f722f7155546e440dfce1500993cb7f2b4673af8f525a6b177fcf4976b995bbe
train,trainval,Maine_Coon_102,21,1,7,fa2f1f64f5ec9ec4a442a1787a6d1a3fa3a8dea5f6dfd3dc0d607cae5c67529b
train,trainval,Maine_Coon_119,21,1,7,fdb907a4e01dbd01c9fbd62978a3c73e38e433b9b470aca4c0dbf75a00a487fd
train,trainval,Maine_Coon_201,21,1,7,fffb881107176112272305d2800b8df4938bf917233f4e47191a25d0ae481826
train,trainval,miniature_pinscher_168,22,2,15,87bf9972c5f0898237674898740ec8da0ba274b3d370b729058b588f66ce0ad0
train,trainval,miniature_pinscher_185,22,2,15,87d84b50953d825c728d87158b83fc29144db7f837e36e07ba383f2ae01718eb
train,trainval,miniature_pinscher_152,22,2,15,8eb9b86a529fcea04787a2fc04740280c224bbed7ddf672a999618882692eed7
train,trainval,miniature_pinscher_104,22,2,15,8f2e8bfc2069e84ebb60f09d0f0fc2a78c8e947d7a97b8ed106103eb6a6c7bc6
train,trainval,miniature_pinscher_143,22,2,15,92be211cbba187accb91c169bd6f8e5c411b476b5b7ae203701a8415b818e7b4
train,trainval,miniature_pinscher_122,22,2,15,92f849bdb583918faa684c97f34aef8cb42e6c86965061a89e60afc4db613242
train,trainval,miniature_pinscher_102,22,2,15,940140804dcb0b1cad36e4034a586628025ba33956acdccc40f2e4350e41e4a6
train,trainval,miniature_pinscher_12,22,2,15,954fbb7ddb53993281870316964cd7c9652c613f3cc723fb9851920cb96d7666
train,trainval,miniature_pinscher_18,22,2,15,98524b5a9649e2107867ec4655c313f786489781f9c4aa10c732d13341d24a88
train,trainval,miniature_pinscher_127,22,2,15,9a20b954774fd4e7fcbcddc6bcb5ce80c4fa0266d2b5b3078a975498518a991a
train,trainval,miniature_pinscher_115,22,2,15,9a4b921978c2dae7bcde2ced36e914f4e7b0d674a21c88ac4bd2c06c2e2c80e5
train,trainval,miniature_pinscher_11,22,2,15,9d1fa85d3fa2e986d9f5f88a402556fe5b1e2efdb37db85a333d2d255cc7a50d
train,trainval,miniature_pinscher_140,22,2,15,a38c7fa656fb18b9106f5dffee4c0e11b5a250afb4aafcc314d1cc54925cff9c
train,trainval,miniature_pinscher_175,22,2,15,a684d90ac28e5aad5cd41658c5e4db48462e90ec3b53ee6c827df9a4a8be9b9b
train,trainval,miniature_pinscher_190,22,2,15,a9cbeb14d9b66939079802836c0407c92196894afde9892a420eb821a601410f
train,trainval,miniature_pinscher_160,22,2,15,af83bdd0d07eb20d1b093ca3996bf98a965ecc413fe32ef9bd90d8333b624756
train,trainval,miniature_pinscher_158,22,2,15,b060c5238c140920c4b2a29f8604569e856434cc988df8c3ac7ecb0b75c163e6
train,trainval,miniature_pinscher_14,22,2,15,b136af6209e2037ef73ba5142947587c3aba8bc984601747c726be4e44c714aa
train,trainval,miniature_pinscher_181,22,2,15,b1644d5644349c249c3adb6d243e93db53578675173ff41d20b7f0fa0d46fe0e
train,trainval,miniature_pinscher_179,22,2,15,b47ed09e4334af9a3601ba76bcde9e939c4734bfb707f426c372074dd27a1320
train,trainval,miniature_pinscher_125,22,2,15,b5250b910757ab8c98a818c3caedef0a9d40af495e81794bda5ae745c73cf091
train,trainval,miniature_pinscher_101,22,2,15,b93a6694d1d23b54a4ed593c0de9230942aed669aa8e2b2bb1d1ae1b9b1cfc61
train,trainval,miniature_pinscher_174,22,2,15,bbab81d9eb3928bdec4c14d3f45a8653fb7058df50f7c28ec8245ecf339658a4
train,trainval,miniature_pinscher_138,22,2,15,bc2228061d6b713ed83bcaa88347c7b2cc2be627e04f03d1ea8e3f5cc3224a14
train,trainval,miniature_pinscher_173,22,2,15,bde1ed67411f8ccfc843da45d1d74cf824000792286e20fda9635bc16003f812
train,trainval,miniature_pinscher_187,22,2,15,be811171d6f6db1cebe8efffdddc944f18d13609fb366d237ed017317781dcf9
train,trainval,miniature_pinscher_15,22,2,15,bef47fb1e34a417d83139df3544e23cfb55063673f3557d6bca6b7ab051b7642
train,trainval,miniature_pinscher_124,22,2,15,c1636c1eeda82b102b7c8a403d07ac76b8bfc7131e7332b02abad7bed7dd8182
train,trainval,miniature_pinscher_189,22,2,15,c4159c1edefb679ce779094e5ca5b1c770fedefd91cac578a91c2546e5bcf6e4
train,trainval,miniature_pinscher_184,22,2,15,c46e644ba1feca744253f4787af918986593fc443904292a5592f6125acb9406
train,trainval,miniature_pinscher_159,22,2,15,c594b158952ca2288fe90a46cd2ce6e7053c6b4a7a18d9e0dd76c5a955569df7
train,trainval,miniature_pinscher_120,22,2,15,cb61f81f0d37a5c812969ffff7df7b13e2f8793ccda922cf3a8aa913922098f4
train,trainval,miniature_pinscher_108,22,2,15,ce1d50df556c4847a71cf9ccb32656c53d3f9df0aaf656cf20c350161e837887
train,trainval,miniature_pinscher_169,22,2,15,ce7e2d51cb2497c1ad4cee449f55c6b8233e47444bf7b9cc5e3df54e6073a3b5
train,trainval,miniature_pinscher_16,22,2,15,d3ea461355d9c5bd1321acc42d81be0a9e72b87ab306cc3e988a6eec4727528d
train,trainval,miniature_pinscher_118,22,2,15,d605fb28eb40ee74bb90b731eec2efbbc8cd855985b705713f124c91e44ae01f
train,trainval,miniature_pinscher_142,22,2,15,d86eba0cca815833e18929dd29bfa64b2a6bc014e15bc0f84dcf84df6d9aeda3
train,trainval,miniature_pinscher_109,22,2,15,ddc16aacdbe5c4a34e3c2c44eeeaadb25998bac50fc8549037eb47cf4a8967ce
train,trainval,miniature_pinscher_111,22,2,15,de19a5547918be2831e3c2b63bdfe9a12c291956e705fbd6a1aca6605ee16b96
train,trainval,miniature_pinscher_17,22,2,15,df3b9142a400ea36f4d97e82412b4ec9d27f6aef1df9200a74697a01fd613f2b
train,trainval,miniature_pinscher_151,22,2,15,e111849d4724d88133e13fc74c8a00d7cc41c08abb000a3da1461816915f3d9d
train,trainval,miniature_pinscher_177,22,2,15,e53717c19576b107bdc2f931a04eda7f4702eee1bb1b7479f1d413cb5ef9dff9
train,trainval,miniature_pinscher_119,22,2,15,edd165b50382d489055ca42811619b6e87a657a8b12c966cc348ed85ca0cef6f
train,trainval,miniature_pinscher_134,22,2,15,ef632fa8a8b67c644469a4210c9b19ab36dab4b5070ae3f7a917a83afdedb5f1
train,trainval,miniature_pinscher_130,22,2,15,f77723069232562ea84994fad4db4748804428bd044169c61b6dee447d899281
train,trainval,miniature_pinscher_136,22,2,15,f87c4eab3a799cd64c32aa814a13be7a87a4374659619b761d2f26b026fa3dac
train,trainval,miniature_pinscher_144,22,2,15,fb84eb2f46c5d8abf684eb9b084d48a6c7a75e2b68bf9152fbdd7bbe3070ef4e
train,trainval,miniature_pinscher_10,22,2,15,fc03e45ef9c30ccb4870eb5323963f30459df939ac980ada1ceec64a687904a0
train,trainval,miniature_pinscher_149,22,2,15,fdc7f1f50456fe52fc709bdcb56156dfbfe7c0f5504074d7432022522ec7a5cb
train,trainval,miniature_pinscher_170,22,2,15,ff2b3b6ccd88381aa86a4a85821b95a62085de2ec13e333f00fa37f75ccc67c1
train,trainval,newfoundland_145,23,2,16,85989d9828e8f4be8688b9f6dd349bd1755500416dc9376b378c57c2bc153bae
train,trainval,newfoundland_131,23,2,16,8dcdd489438332d6b0d8e8e29185e6bec53044187c69e1663c61cac3da41ae9f
train,trainval,newfoundland_162,23,2,16,8e11b68859da9b1c9e86908c564eeab44d61d4c3d43655ed4e26c5e8ffc1f4dd
train,trainval,newfoundland_13,23,2,16,8f63eb53fdd5a93dee1b79e1ac1bd7df603d7b6c5e21ab66ac38f3ad234c006d
train,trainval,newfoundland_17,23,2,16,8f9979cfa75faa6a5bfd9a48e6f6047baa9e3abc7f1237b064d88c63f80b1353
train,trainval,newfoundland_182,23,2,16,913f8a5c43585cc6de54c2ce4e8f4d836b29b165dd313c063e18d5f51ce26b0e
train,trainval,newfoundland_134,23,2,16,93d35a6a2c1da45a8eebf6609c916ef1551f4a93c8b150d5c7d773a2d25a0b50
train,trainval,newfoundland_10,23,2,16,941b89864642e8110b3996f564bfece78afe1380a1aeb8e7513c70a95755efbc
train,trainval,newfoundland_119,23,2,16,9841eaf340676ddf4f9373cee40aedcb3497758a640e7092e6f7dc8c510ac79f
train,trainval,newfoundland_141,23,2,16,984a02c88c94c3ae961474f8d34e871bdb94cc2a3ddf659f3b8dbafc268d9adb
train,trainval,newfoundland_168,23,2,16,9923c874238e4481f2e5b4e2dbe6e55ad68d1d7eaab647f7f4e1565dd61c2ab6
train,trainval,newfoundland_174,23,2,16,9aedd6c75717a2b012a9e6ee4b8c45accb6c60075e67b41b78def0c5d08f3628
train,trainval,newfoundland_188,23,2,16,a0349d22696859531b5e4ba51827eeb2c6552d42cabe6dead091c7e061a443cb
train,trainval,newfoundland_135,23,2,16,a8549249e93af8e56b4c69682eace3c229c94cc217020d3ff42a2b6c0f9b4b8f
train,trainval,newfoundland_183,23,2,16,a8f3217e0d3d42d19c02ed0467a98c1cd27fd1fe49f72dce8240921b2274a683
train,trainval,newfoundland_163,23,2,16,a9a973dd46291b2ff15c26a5546c920219e1eea1623944858ae71a12acfcb30c
train,trainval,newfoundland_137,23,2,16,aa207f2a8b21f92cac46631cdc63a7d2485385890158957c96312dc6ce9921ff
train,trainval,newfoundland_156,23,2,16,af7db6ebfd08dfe310d5dfd88846597775cfcbe6c183dd9c1c72499b4b20af64
train,trainval,newfoundland_118,23,2,16,af8704ed3654ae02c1531cb831176b149c88bec61d03c58456990dd8562edfe7
train,trainval,newfoundland_111,23,2,16,b69994b935d560fad42ea5dc415a19387be19a2ec86feeafdbba092b83fdf437
train,trainval,newfoundland_106,23,2,16,b84074e9afea562bbc725fd1d46477dfd75134da6635c3f397ee82d8776a2da1
train,trainval,newfoundland_110,23,2,16,b9f543127401942f8afe595c67f40e5780cc9d8e32897b1f301b55cd4ea2b8d1
train,trainval,newfoundland_171,23,2,16,bf60308c4b624600cb07953b961a2df1690308f00a19dee2c9759a77afa81fd0
train,trainval,newfoundland_129,23,2,16,c00ff0f1aafdcb96dfc6d05ae1caa3152555f9e25b9ebff71f74f33819f43579
train,trainval,newfoundland_143,23,2,16,c2795344c0fca5904dd8457dcbf4ef4d1bf68e8895d7088cd777bf185ac687a4
train,trainval,newfoundland_116,23,2,16,c8325d1241ae483e0779010a83a01523ca48749dd6c5aa550d6c54c9f8ed9bac
train,trainval,newfoundland_12,23,2,16,cb3a8f820a403c3eca8260578adb379c35dbf962ff6daca03ef45c74bdbfc810
train,trainval,newfoundland_109,23,2,16,cc572120c583e5cd81151f082ae9eb79e74d08df082d8f0b37837548f10a7eac
train,trainval,newfoundland_121,23,2,16,cf27ec4bf47aa9b0350dd40b980b97250f8e72a38164ed3d9785a086565458a6
train,trainval,newfoundland_172,23,2,16,cffbb13b039cb9512da94f9e52e23d0a4a4cb2b150b60ed6916d608b6d937a01
train,trainval,newfoundland_15,23,2,16,d06649f4f4b43897d6fe8d00169ba3713b503aae6083a203045d84aa5ab44494
train,trainval,newfoundland_140,23,2,16,d0a85d4fda6706cfbffa046156547060b1fb69f3c193dc2933a65642bb666389
train,trainval,newfoundland_190,23,2,16,d136f8c5344c9f7a2a88aecdee5bc4c4e8bbf6cd4ffc416dd17857503fd87c4a
train,trainval,newfoundland_159,23,2,16,d2031e1560f6b5a51f50ff7581ac900fa965db5dc3ffa6e6b107d9ce2e1edd01
train,trainval,newfoundland_114,23,2,16,d2a090ad36d9bb38180726b8b1dd82d78a66355481b10bdd8864b3607e39cf6e
train,trainval,newfoundland_128,23,2,16,d66c14e1561c9d59a893cc9acf98457539c938ecbf8b87c4f69271a9a675c347
train,trainval,newfoundland_181,23,2,16,d74421571654e03222dd127ed4c7d5f15d8518708e03af1c4baa96ad2a44244e
train,trainval,newfoundland_132,23,2,16,d924417a8398b70c55ff2bdfaeded9ba890be59aa29ce673fdbc692c55284cb2
train,trainval,newfoundland_127,23,2,16,d931cfcd61feaaba21426d29dbef8f94d4fa4c37794e181553a55f8cfedff9e4
train,trainval,newfoundland_16,23,2,16,da49e627873bf1547e6306e958c36bcaa92b474a63b35315725a73111757ea10
train,trainval,newfoundland_124,23,2,16,e1556275cbbb9939076d6e820f40d6cd255bf8db57b6f522cc505024ac0be56a
train,trainval,newfoundland_180,23,2,16,e3cca6e345b4e991ade7c7fa365228146aaa989d4677793cdf7772f4fb296b30
train,trainval,newfoundland_149,23,2,16,e7a7fd831cd7d845df744c6616b630f3c2cfd47fa1889de59fb8fec5af5f1111
train,trainval,newfoundland_169,23,2,16,e833d51e2390914e2d9190022434b6b57e6f1665cf298eeaaebe9e84a6eb2502
train,trainval,newfoundland_133,23,2,16,f1f29723a66916e2cce4ccc88149c226945b0724448a37302404175d7d07ede4
train,trainval,newfoundland_14,23,2,16,f8465057ec3876a5c319e2f6a827f9363c8c377acd16b426188016e4414621eb
train,trainval,newfoundland_146,23,2,16,fa281e333edd62b97a27d1f2ef34e7f484818b761fbd8a3410480653507e5335
train,trainval,newfoundland_175,23,2,16,fb9cd2ccd278c4c2e89af679daa1f9e69c130244f43dd85860fc56b003a93899
train,trainval,Persian_147,24,1,8,8b0412559e3f75bcedbc50245dc30fecf9bc60c123b4e15eba58acd0ea2907ef
train,trainval,Persian_134,24,1,8,8bc5a3ed940e4ffade2fc1845fc636037330f2dff85fec9c1511f4bfacb7f67b
train,trainval,Persian_183,24,1,8,8cfc25cbd99b598aa9fc59ce682b99f1f080df937d5dae330d8c5055473002e6
train,trainval,Persian_136,24,1,8,8dcf84779d7ef2664aecb2b84e9dd92f62ba274eb923060c8efe3541fef188f1
train,trainval,Persian_117,24,1,8,8e518cd114659df520704507ec7a13ae6baa8ee13ea7c49218128160be247163
train,trainval,Persian_170,24,1,8,8fb83cd4f043ef6570edee02b6618fc222de614798a0f9280185d611df1644e0
train,trainval,Persian_152,24,1,8,915c6828d951b507d6fd773d8cc9fd4e682398ae7522c1e56d4e0507bb237c04
train,trainval,Persian_100,24,1,8,93d9b873bc05b2c736ef80a71247d0372ccf0bbd9e9be0969d1b3f7c011a2764
train,trainval,Persian_171,24,1,8,957e0883a47391b628fc75e6e9adab365f23ccec907344eb07eb39692cac5aa2
train,trainval,Persian_189,24,1,8,958bbde3bce5d386e31c9004b23dbc6ba7c9e9bf08b6c3c164bed9ab4414a44a
train,trainval,Persian_174,24,1,8,9b5af110bf81afbc894c551f0ea0708c060c254531a0d1408c9e62e4f9d2dca1
train,trainval,Persian_201,24,1,8,9ccd675f8694b4cf8ec28e31ffcae4658007edd22b5dd1b88c42e6b7a417237f
train,trainval,Persian_13,24,1,8,9e2e0d048320c67a41ac3439c9b736771a1a5b690c403e19c7cf3c28041939a3
train,trainval,Persian_180,24,1,8,9fc872e4166d28352bfb729639cc8f4abbf08fc3688f40733168eb2ad5a26bfe
train,trainval,Persian_144,24,1,8,a0f89d3604ae5c8b7093306cd2b611db55c0ff095ca97669c11cb2b4aed0f15d
train,trainval,Persian_156,24,1,8,a10272c34aa77bd3e6ce808a4fed73cbd3d525fb2512f5170cc310b9066465b0
train,trainval,Persian_197,24,1,8,a18d5af57421625a7ab10d01b515911dbc6934d21445ff7c1d734485f8bd1b30
train,trainval,Persian_17,24,1,8,a33b74ce2d45fd0f0f214fd1738c8916b86e5973495331b2a54c2bd3fb74303a
train,trainval,Persian_166,24,1,8,a37d4b67fc1d3f1bf6580ab0d7b32074a55d5dcc8a16dae9c63a9b06b3571e02
train,trainval,Persian_132,24,1,8,aafc7936da58c9d5fb6ee13a17a4047a294550f9885b004e038afd9f0330e848
train,trainval,Persian_169,24,1,8,ab724e1a38743fa06dc30cf8e2587cfb0c2f9ad35e22dc1a9c0d7c20765788b4
train,trainval,Persian_115,24,1,8,b186f345ceb8ec0a4df9429f24753f163403b9d01089f8ff11ecabd480ecf295
train,trainval,Persian_135,24,1,8,b1fbd3cc63499ee0d4eb5ca631240ae9dd08d0c37250d99b86e786e848d12f0b
train,trainval,Persian_125,24,1,8,b23e28c414c6b3b07ac72ef7db84341bc7a35e2ec28edf7feeba7387ff3a4e49
train,trainval,Persian_126,24,1,8,b2ada64aded2b3f34a2babdd356ee935638e6352f0b4d3acb6e21c0a46606a74
train,trainval,Persian_107,24,1,8,b697277916c353e99c273663cd9020e1179b3329f9b4c90861a2b94fc65a7bf6
train,trainval,Persian_122,24,1,8,b6fc9fba322dac5e5d93d718a598b88e2af1af5c103c6730faa4f98e22d0ea90
train,trainval,Persian_121,24,1,8,bb3345d1f9cff23fc84eaf434fd734cb448afe62d934ce790ac045fe37ddc419
train,trainval,Persian_114,24,1,8,bcc7c68eaeb35ec2f45278715d2eaaa535931f139f50473ed0c6f25686180ed7
train,trainval,Persian_18,24,1,8,bccefb384104f97d9ca4c808636b243950f7d28133da5981deebab7d89c56781
train,trainval,Persian_193,24,1,8,bd11244a9973ca9f971da0ea0dd8b516b8be293107a318e0933144edf80c879a
train,trainval,Persian_20,24,1,8,c059a698c1bf4f41e200d7f4e4eb5e75ff8b3674920fb71dded0b67ed975854d
train,trainval,Persian_133,24,1,8,c3d40977aed7260d9f99a1e88c8e579f9802f55b75f3368e20cc1b585c15c177
train,trainval,Persian_143,24,1,8,c4bcc089e1035eef8fd225ea8c771283095558eb31a3db4d56fb82100c1f9a56
train,trainval,Persian_175,24,1,8,c5305b5763e26802715705657ad1aca4e2c65d5dbd83d48e334682b3519e969e
train,trainval,Persian_185,24,1,8,c5376b8ebbdd8a8b8c47997d384f9abc6c384ca35e587e0d5290c4453696d4f4
train,trainval,Persian_160,24,1,8,c761a64004235fcb293216ac04276f22de80f6e873f663b77a5592901d3f5bca
train,trainval,Persian_131,24,1,8,cc733ddb0b74bc1c39d268f153b8f2f385d2c83ce090f5ef71e2391b9d9ba0da
train,trainval,Persian_140,24,1,8,cfa8aa69e3bc899ee5eb508f78237993381f78b528fc67d5fddd79ab90bc98d1
train,trainval,Persian_128,24,1,8,d14ce7c6f83fcfb654daf59bd4fe683e1b1e3380ea2ef1eb4dde5ff43b846f01
train,trainval,Persian_11,24,1,8,d2034465c3d3d9f531ca9f8ee7d86fbb37dd29ad519369b5419bfada64eb1574
train,trainval,Persian_10,24,1,8,d2351d1658af8ee5bb4731d427a12365e94cacde151dcb6f8ed2b9385a2976dc
train,trainval,Persian_116,24,1,8,d2bec3e5ea8f13bd9969deea3073ae1b66e2ae9f40853f21511185e78aad7164
train,trainval,Persian_182,24,1,8,d410af9adf2f4d0be50590fea5e4f0e19729432afde4f598e65d9a75312592a9
train,trainval,Persian_165,24,1,8,d862db9e6f61ac7f51b9b03ae9ce48cae90a9e0f5fc2d1d1eed86995d37e202c
train,trainval,Persian_104,24,1,8,d9a60892b4b8663b91b2fc4601b194c6d016091098cd23b7415619c6951f0290
train,trainval,Persian_141,24,1,8,e9fcc6d9fab321517099a3e66a82ffa211d5451853b41c67db3bdf10742bc03c
train,trainval,Persian_161,24,1,8,f4f9b909be16a06353bea13cc55b3d99ac3b1e0293b5c437299d29562b768f0e
train,trainval,Persian_14,24,1,8,f9ab8084d9d25018264e88071679ea25f3cd3548fa7cbe3020247cb81933e000
train,trainval,Persian_158,24,1,8,fa0f3f3fab14fdffdfd5c50aedc7683fedc831c7853f66439a36d6b930d59b9c
train,trainval,pomeranian_137,25,2,17,7600172fae2d5e3d3f60004283b476f7239f385de7bf10c2f96ec03ea1523f0b
train,trainval,pomeranian_133,25,2,17,76318164f49c41ef8d7cad88ac9cd8a5e5edacea78358acc2ff3813c1c0846a0
train,trainval,pomeranian_120,25,2,17,7687fc6d87d76897b0b15543dd71677e7cf0549511dd28b348d578222a54694a
train,trainval,pomeranian_108,25,2,17,78423e08cc2891ff6e0fc2dda526949043e57a3ab6e5b8aa025168d647b47d94
train,trainval,pomeranian_16,25,2,17,7b6fe3aa8b2013aab254447e16bfdb5d3cbfc68ca2ef9ee268eb50aa34dd9202
train,trainval,pomeranian_18,25,2,17,7c673789936d0ee07af5906edca1e649e342a8d27876c65d19c7fc44398366d2
train,trainval,pomeranian_127,25,2,17,80f7c7b30c768024ef7067b6dd5d0dc634507b7fe1c72a08e7d620d00f621be0
train,trainval,pomeranian_134,25,2,17,81ca9927178edb47fddec0c214aca50951105c7800a41421eeb5a4f4d9df22ef
train,trainval,pomeranian_176,25,2,17,88b67ffd23be8d7c1993e8b5b0c1f02cf825f77e409f4927dd803d1154028a86
train,trainval,pomeranian_118,25,2,17,88e0c4a6355f3c32fdd38d73830631ad91bd47b9491c1c1d94e54ad720852787
train,trainval,pomeranian_179,25,2,17,8bf7d75a75d00e5c00cfef78e960653aced78279b6fe535f00299f936bf5c796
train,trainval,pomeranian_170,25,2,17,8c706730b9430d3e70900c666cb58a37869e93eeba4136cac867b2b83bd7c350
train,trainval,pomeranian_143,25,2,17,929e7a51a2c87ba34eafc5416d39ec3bb5b52dbd79324ba5c914f103f33f6950
train,trainval,pomeranian_125,25,2,17,96ee794deb1f2ff0e160f8474fedc44b4286b2b45b3ca6e85d83baad9f8484db
train,trainval,pomeranian_154,25,2,17,970de06f643631bc18f1622351e837a94877d50f5902ab95ee59c3ec3fd3dbe0
train,trainval,pomeranian_186,25,2,17,9a796793b2f7fd16db603284ca68a9d84b19e66422de2f2e09e53644d47b2b0f
train,trainval,pomeranian_141,25,2,17,9d252e4647de8bb8c9402495aa60d0d8b2bc2b15e6a8489d7efe15352c4e426b
train,trainval,pomeranian_144,25,2,17,9db3c303c8e2e67ebd69bf0cd969e289cdb7d89f11bcf539405e97f6888b1bdd
train,trainval,pomeranian_139,25,2,17,a47e5d05373ff8809e17251c9aef8b9ce752000bdd4dd6ae406aae14cac3799d
train,trainval,pomeranian_114,25,2,17,a50beab8d84e341d4bd85452423e14f1380d2e418f40be3805aff7ea75256042
train,trainval,pomeranian_115,25,2,17,a95e7e10b6b04889ca0a0a4f70a4631c795d17dfc26c168bfb683e16bf4d3f54
train,trainval,pomeranian_147,25,2,17,aaf910135070a5dde40b383f1fca58339dbede4ac81e8cca1b926c939c84c868
train,trainval,pomeranian_172,25,2,17,ad0d32d0a3ce6ff13a95197a2f89256a1e5fa0ca48a642943fea9246cba09e5d
train,trainval,pomeranian_158,25,2,17,b250593d3aa401608e28fae9c56a8426d9af2713443c916a4714fe15601007a8
train,trainval,pomeranian_183,25,2,17,ba33ce3189a2aaa477dc1268464b3b03e7daaef03b08e4f7df4e433cef03cbae
train,trainval,pomeranian_123,25,2,17,bc093fa8c6b6d4574fc931189e0cf28f68fc13f41776939bdc5129d2f2ff591a
train,trainval,pomeranian_126,25,2,17,bd72108eb3de6e14088bb908c73bb717933fd4763c3b8393876f1ba18e072e0d
train,trainval,pomeranian_130,25,2,17,c10ddd840d9c9ff1cbb25820083831d63260b16611fc38462580451c64e11c37
train,trainval,pomeranian_145,25,2,17,c45c22a33920b22dca2ac3652c777b17fe9b417a67864fe1dcf9aee24c547926
train,trainval,pomeranian_182,25,2,17,c647197d444051b1265c4c20e93f398d4f457b70ff1742e83be3cebca337578a
train,trainval,pomeranian_174,25,2,17,c66bad6e5263e75997ad3f7e0d92fdbde84f9a49080ff5ba5a31112e8ff455be
train,trainval,pomeranian_171,25,2,17,c87bc281453e9f4a2e2d046cd1d580989c7e1538420445788181fb44e0a65975
train,trainval,pomeranian_185,25,2,17,cb5dcb75ba58a945c4320cf025822d2d8449cee34dcfe74c30d052e5a794630a
train,trainval,pomeranian_178,25,2,17,cc751312ad92a2d39864b9fd50fdad97d1dcd6fb7bf1c9c8a2bb0f00e276cdc9
train,trainval,pomeranian_122,25,2,17,cc9e22490665b1af40e04381ea0f0101f93f6f2656aaff308b80d3e03b87a69a
train,trainval,pomeranian_109,25,2,17,d22eaf4cb7f0e3c05b467ebe698c1c66eba78cdd46d994a90879e81661777d25
train,trainval,pomeranian_166,25,2,17,d99d2699b555ddef729fffb58da28f9fb8338cb01b3edaa6c5eaffac158477eb
train,trainval,pomeranian_180,25,2,17,db1e061e85793fa51dc9b04b05df30c7676c8b454e77acc8bd1823cc3a31c4dc
train,trainval,pomeranian_149,25,2,17,e27182c9f8ff0d85dc01e22086a4e6d5a2934f31da6c485fcc92e57f6c1a3888
train,trainval,pomeranian_15,25,2,17,e746bff92875e5da2c149ead706a6654788a8ecc09c0c01b55326eb506a5405d
train,trainval,pomeranian_187,25,2,17,ee4aba030d557651916a38379e5dece70aaf4b5d3a8861461460adb0dd2be60c
train,trainval,pomeranian_160,25,2,17,f1886989030fa0cc18e22d709518ad677ddf579bd888c0f91afce0f23fa3867d
train,trainval,pomeranian_138,25,2,17,f2ac639efc35755fb8346a7f6412f915a8986367db13fb08fe8dfb80f35d0828
train,trainval,pomeranian_181,25,2,17,f2d53f64cf32f624e501d2f8cc1361efebaaee1891fb992647fa34cd00a87c2d
train,trainval,pomeranian_124,25,2,17,f372b8047dbbd694dd336d1a08e0ec8dd77c4c29dfc5b1e42b9fb14b84dd4e48
train,trainval,pomeranian_17,25,2,17,f426865e122da6479e3fdf739a74b176e39a5d8c80b8b79f9547a19846e0145b
train,trainval,pomeranian_12,25,2,17,f607bff8e744df0951ef70ac120cc44551190828da8f83234a205f4ef22aa375
train,trainval,pomeranian_119,25,2,17,f6a2592251a3a84bf151218756df30d16f0e0a41c1e8a498f3a5ebcf62e73b40
train,trainval,pomeranian_188,25,2,17,f838e5fe03cd862e39bf2b7f79adbebdb3d1dedb02662861aa576cd77fd51385
train,trainval,pomeranian_151,25,2,17,fa92054b187e3dca8ee0eb247039866cd7ecbb37c359b585d87afbe200ad5f9e
train,trainval,pug_127,26,2,18,850f8bdaebecdd1f238f6d5bebfb788534a95255939d44195734cc90c61c8a64
train,trainval,pug_148,26,2,18,8827472f7e596683d31fc07e6bf6c7f4c0023be269a58a1aa9a35e5e583f206c
train,trainval,pug_117,26,2,18,8912b281453f31b63906c7c6dec380b12b72d590b069d8e7bd29933b2007dd09
train,trainval,pug_146,26,2,18,8b11ebf4cbd35a402b38a6222387b464139a1eae4a39a343e0d782d973b81e81
train,trainval,pug_114,26,2,18,8d05aced6471a79d4c2f0fe83deaa43482592ca621a86069235b787c3b8ceeec
train,trainval,pug_176,26,2,18,8efcd7b5b3c7a4293bb0d1bf860be61ec24c0c732b6a0b4988d1234b6660220d
train,trainval,pug_183,26,2,18,97f8705b4ada468d02d2310a62bc8ea822cd32aee561199a2701f43d3c2d3acd
train,trainval,pug_180,26,2,18,9ac903fa41c9d0e37f9aa53156a1baf14bbe7ca6e78912ea8853b213a7965816
train,trainval,pug_112,26,2,18,9b935f02d5e2f75d2ffed18172209c4d14b5fabcfbb01a37539bbe33f75be669
train,trainval,pug_159,26,2,18,9b97adf48365c4db5b0b9e909db95fc7e701d165547e4b82f47b9cad84674275
train,trainval,pug_16,26,2,18,9e05673afe85b2c9d1327dcc79f3b6699a25a548be9c11bddd20d22fd444d4b8
train,trainval,pug_124,26,2,18,a013f18ad67dcc201db835ca43a4aae9cc05237ff96c67ca50e605d9a942d675
train,trainval,pug_18,26,2,18,a0c32d626709c6c948480a877a2b62e746c5b182b016a294d8df5a596f59c9ca
train,trainval,pug_13,26,2,18,a59623680ec7b516c6e91e3b07a733ce01259668f8e1267fba20ff3ce4b966c3
train,trainval,pug_119,26,2,18,a5af995767bcd1d7ee14a4498ad0e19f13d19a18097eb33cb66164fbca20e3b7
train,trainval,pug_142,26,2,18,a78b45f97ed8daa246cbe926e75a5fc930aaeeb2291281fc56737582fa405c35
train,trainval,pug_100,26,2,18,a9ea22ddb3b6db42fee077a542a82e84faf333aaf453005c27eeb0d6dd84706c
train,trainval,pug_111,26,2,18,abdfbc769f3475e4fcd920e6bc27de1ae4a9c8173963e31538653b7aa9063ca7
train,trainval,pug_132,26,2,18,ac07954316dc788910ecfeda4870e46e82d94931e914c52646d9c73f6bf2f4d8
train,trainval,pug_190,26,2,18,ac255d8a4f1321c87beca632aec9649e828088053029cd74bb17ceace7f0c0e7
train,trainval,pug_121,26,2,18,afc6454f97e7ff8a239b29926e21ec9e7768fce3938f2c2816a410a609cb7028
train,trainval,pug_166,26,2,18,b57afcfa7f6d03b193e186ba4be12e304030136c2c1e14d1fabe83ad5072a25e
train,trainval,pug_118,26,2,18,b7861ae73534aa564e4688b0f8d59dd1e5b2bea86d0107863dd5279d827baea1
train,trainval,pug_186,26,2,18,ba3d5d955cb73ee5e39923c3e906408f85880a6a636ef9b0fdf7df52c80ab511
train,trainval,pug_139,26,2,18,bb4ea9a796079d44b3a2c458c2de8822659885133cbbdbab6aac9c35178fa8cc
train,trainval,pug_126,26,2,18,be425a910bda80cae66732d10394cd9eb66a9e5374fa8ebe7dea4e8d6e2fad57
train,trainval,pug_133,26,2,18,bfdf4279b9fe6315645cc616a90ddc830cf2a3a8d0d621a685454664c8cd5ef8
train,trainval,pug_189,26,2,18,c11c46e3c75f20a1ee16b35797073608844967ea3d0c2ce033dd45dc5d7964f0
train,trainval,pug_145,26,2,18,c25215683a4d1f7e1c63ac3550b6ea8ec9ab58fc37c98908db959b051aad6e15
train,trainval,pug_177,26,2,18,c59d6a99591a3d00280fa79fe5da4901ab00aa787c438ac2aff3a9feaaf3aac1
train,trainval,pug_143,26,2,18,c88ebd18203d5c850902fcb584a1227ad7e4915a289e90c51479a2ebae8fde1f
train,trainval,pug_155,26,2,18,ccbd252b9c006b6d92ad5221482f1e49e2f20094a80832f3c84f2b0b2230f8b7
train,trainval,pug_151,26,2,18,cd6efc4cc3496cbea92ba0b9985c20f52b94ecec0663c4f9261606266c09adb9
train,trainval,pug_128,26,2,18,d39c823a3769bf6ae524b580e897f262a7d1bb3af3024952ba540db001fe10ef
train,trainval,pug_108,26,2,18,d3ccd4b0145511d4f9660a4f2a4fac4249e818f00703870f9050b3fbbcc52643
train,trainval,pug_122,26,2,18,d798278975a0c696d9b430853f9f8185f367572bcf606fe6386565fb86ec0a58
train,trainval,pug_109,26,2,18,db4518dac7b395d807baea1155d6d5a3bd5bf296451ff30ed224fba208196b62
train,trainval,pug_137,26,2,18,dc94f03c5bcdcde62836d80367bea04f5323fec77c6f6baf1a29aaa32168f3fd
train,trainval,pug_107,26,2,18,deebf4e0e068a8ef589cadd7b2ca8f50b01f01ffc807dd587a0ca20e34333f6f
train,trainval,pug_115,26,2,18,df39198cee024e359112b953f42b36e69b6f27c0bf2d5bd7d36e6db1fbe4b88b
train,trainval,pug_173,26,2,18,e3317469b4510fb456d9ae0215678fa0d118b72cd63557ccf824906567a70fa6
train,trainval,pug_17,26,2,18,e4b6dcd78302fdc4fa7c8d8ec618035157b2ffb203eaa7f62f48f0620a50105f
train,trainval,pug_150,26,2,18,e7275038850330428de03058e8aba9c7b6bc1b5e226b8ad800f74ed0e8be4926
train,trainval,pug_116,26,2,18,f2c01eea1f947bdef38274fba782891376c2e7b0004cddf2f1bc05e7885dd6ef
train,trainval,pug_164,26,2,18,f35e4860df20056c526073ce878842809bf6dfb7f78d5d909f97456a0a052e26
train,trainval,pug_147,26,2,18,f449b8c796d5f2e030f19f4189e0b247c5ed1caf05e0fd77cae91cd25d312094
train,trainval,pug_102,26,2,18,f56b08ce28dea2dc8b537af931e61c9c0ac20ed92b9e30c957db80b7e1794690
train,trainval,pug_181,26,2,18,f71ff4a2f97cf9e3a607dce9f3f2ec7443996b53b3d45a95b21c1e6740517384
train,trainval,pug_149,26,2,18,fcc7028e87c76447ae81a8bdc0f4720aad54dd56682a90e428660fd0275a802e
train,trainval,pug_105,26,2,18,ff13550b1677ea577b365d328c62a75899bf898a08738f4345a125bfcdd84557
train,trainval,Ragdoll_141,27,1,9,a7ccf7696e8cd41e11d1fe2ac326ce8109dca7c859d6da3c270cc33b8943a95e
train,trainval,Ragdoll_179,27,1,9,a8962a8a164f2e6a433b002bbe1b570fb49aa1831dcfe1b9ffc8bb428f40be19
train,trainval,Ragdoll_153,27,1,9,a9b5100522ee8fd8e3b94ea34ed02068e90bfa8a93200ff63a035bd9e2fa8ca3
train,trainval,Ragdoll_13,27,1,9,aac2891c9f0e680bae1605081f81b8338d6744913ffc4407e7e2c63ca374fe1b
train,trainval,Ragdoll_188,27,1,9,aace0508c410c3c7646cedd0ce371c91cac48c27410ec96a47ba92207e84cfee
train,trainval,Ragdoll_161,27,1,9,ac09fa131546e19e235598079ee0d8d762026754eb6ad7bba514abdd326927a5
train,trainval,Ragdoll_171,27,1,9,ad86431f714fb65e85da46776f375880a324b7b220d1cc9b57a6bf8009a2f0d7
train,trainval,Ragdoll_156,27,1,9,ae2f489d0cb2475354ca33f0959840e5a3478a7b9aa11625d3feab49670cc85f
train,trainval,Ragdoll_106,27,1,9,af2984d5e1e8ee23382e1d8965220864d535c19ba07b9f69229e1c6cd5dae416
train,trainval,Ragdoll_107,27,1,9,b5433a5a1bf204b81e12e5a61b74711b35114b7c7032f2aa6fe239a6a836775b
train,trainval,Ragdoll_159,27,1,9,b581b2391034ce037c4dd19c827bcbe3a6d72286dbea7699015ca5e2b068073a
train,trainval,Ragdoll_152,27,1,9,b7e2dcb732ba4401c2afefcecfbc24619cb384b381cfe0aefb2d582050223f6f
train,trainval,Ragdoll_178,27,1,9,b7ef9f28b0e55749b9f3c6011cfbc112506df20c1cbd085b7ed0bd6f94589bdb
train,trainval,Ragdoll_186,27,1,9,b8fc1936fde8e26b1f3a39069413dfc3239b00ee8a79e252711d20e55f97e474
train,trainval,Ragdoll_175,27,1,9,bc4da1987c3865ae30a952043573e949ea227902b15557739327afe03df648dc
train,trainval,Ragdoll_122,27,1,9,bf918732c266467d0f52031d7c58156cb61052839083db45a56b327571e753f6
train,trainval,Ragdoll_176,27,1,9,c2026001999b37f7f8a827eb0f3294634dab018ae507297c98e981be8a32a90f
train,trainval,Ragdoll_196,27,1,9,c3d32caee83670bd960d0328b8878e7918fe15ba0c1d46f3d877e130f1bb6ebe
train,trainval,Ragdoll_174,27,1,9,c415e91aaeeafe4b8d4e9ea35060a6a944d0665a610e605f1421011fbfd032b2
train,trainval,Ragdoll_118,27,1,9,c4580f17a58b1e61a19919ef7b0fe80a9a3404a71cd6f6082213aa44c398da53
train,trainval,Ragdoll_138,27,1,9,c48eb73eb926526382f07a1a33746d0d20d6db9b21218c51230d43dd1f4019a5
train,trainval,Ragdoll_140,27,1,9,c4bd843206764b31d13f1ada3fefe08a9658fd2c1fe4f1c4df0741af1d1a66fd
train,trainval,Ragdoll_165,27,1,9,c5f4149ccdd64c57061397061964fd81be963c5bd38b6e670a2465c3412b7aa8
train,trainval,Ragdoll_111,27,1,9,c70b00fb69f2fbc5a0b532488a151ef2beba2259ff408b4730789fde7811178d
train,trainval,Ragdoll_136,27,1,9,caa985a5a2436d57edf0c74f28cb934a8c652bb753152f8b674f1e5feba125f3
train,trainval,Ragdoll_154,27,1,9,d707786e545967661beb978532d946dbe713f73957cfb83ca795167175426071
train,trainval,Ragdoll_190,27,1,9,d75a6e33a7bd862fd3d2cfda453b0efd3d60a3c03b222890ec65247ae2c9840f
train,trainval,Ragdoll_129,27,1,9,d88d8164482e4040b4afeab007d81ef12922d2d96e384d176eed71d458f58db8
train,trainval,Ragdoll_168,27,1,9,d95e5a658aa0b3fb36e7926af3a3082a722b23ae0f64a2d44c0bb3ca7799ce1d
train,trainval,Ragdoll_114,27,1,9,d9b0ccc444391f615e0b57ed151d9fc03650b0533f07aed8f16e00913863e12e
train,trainval,Ragdoll_121,27,1,9,db2c6bc97326a0b9ad0df07fb16e38feb487e7cacde5b39ba347d3d5e99f8191
train,trainval,Ragdoll_189,27,1,9,e0035877b29e3885d03f02ce4dc4e96215175400d1a84e8b1b15d3ad0862f8a1
train,trainval,Ragdoll_183,27,1,9,e256a3ce056946ac129646be88cd55323de29410f12eab3f6e8f99dff14a3046
train,trainval,Ragdoll_192,27,1,9,e6acd3840990729c722c8ab56e433d3469bcb53e011ab43c82d1aab14c722e12
train,trainval,Ragdoll_202,27,1,9,e7aaf792787c587802f63c87035bba4d4336198ef54a3a2e7bd41fc83643d819
train,trainval,Ragdoll_150,27,1,9,e7e5fed05fa03d6d901223c72c9edef45ed13cf9b1a8df5811015d4be788d712
train,trainval,Ragdoll_185,27,1,9,ed9d3d59b67c8acea4913517745c36c281964cc7a5010746731f804beb74278e
train,trainval,Ragdoll_137,27,1,9,ee2453084a36b895b86af72db60029c809a9426ef8f3fc2e82ff418ea28daebb
train,trainval,Ragdoll_130,27,1,9,eebe3f192b97304f7f9f968c74c4f3d505b314c8398573a4bae1fd6397e48373
train,trainval,Ragdoll_182,27,1,9,ef314c7947416a8f9bba1001ace3e9690b2e6e897825982444896531c12fb18c
train,trainval,Ragdoll_126,27,1,9,f0abbc61075d26031497282b2fc89e01004a927ae8caf7f91e11320bc25ee1d7
train,trainval,Ragdoll_145,27,1,9,f22103bbc04101a1695a694cd0f57c35c810c8ba9de9b3ad980121ca68780f79
train,trainval,Ragdoll_139,27,1,9,f2bc3eb9a9bd8db009d1a80f0f50ffdab9c0152aa39e040fac686077a739dbb9
train,trainval,Ragdoll_104,27,1,9,f36ab959434af99b2a402fc4ae04589aeedc2a13794ee4f31204a0987b77abe6
train,trainval,Ragdoll_124,27,1,9,f3a42f4b60759a942a523929bf8085da59507e6ccb5b10eeefdf0139f8e387dc
train,trainval,Ragdoll_181,27,1,9,f928c66238f80ddd7325254370793fa2b53f71d7abbdec466e1a58a2dca31d35
train,trainval,Ragdoll_199,27,1,9,f985189d74e333fc50fa42e07ae25514909f5eff2dd6a1c6177e6f89994e7d67
train,trainval,Ragdoll_116,27,1,9,fd01eb0cb604e340cfd59488c553c7edea4d83db6f274e851ce823f6f3279ac1
train,trainval,Ragdoll_187,27,1,9,fd1390be63403728198fd0c8ff171175ef17e5a464d030f3e85edacea88af5e7
train,trainval,Ragdoll_133,27,1,9,ffebe068582ac37c471b7aabc5349449f8012a08597cc0987511fafb1b697d5b
train,trainval,Russian_Blue_180,28,1,10,89455553095b5fd0cb147b2edc31007859dd35b6f090fe1d653a3cac65eb122a
train,trainval,Russian_Blue_154,28,1,10,8a7ace5156d9496581577c5a243f0c092a3061a02686b29cd638e5caaf5dbeb0
train,trainval,Russian_Blue_129,28,1,10,8bf31ad3e4b4fd697fd56a426a7f3df67776882e07f24ff2722666c1bcb96f89
train,trainval,Russian_Blue_143,28,1,10,8e32ee723cd1ab7d5c7831171b508884d0caa0c00d526edafaacd6c7870eecdc
train,trainval,Russian_Blue_145,28,1,10,915ada9ee0d1517731934603d6fc0ef6064f60d56a0606afe7068f21dffe6d94
train,trainval,Russian_Blue_142,28,1,10,9172be29ae760a064c55d7712463c95f7581b7fbad0d8f9bb6fa4b65b0419411
train,trainval,Russian_Blue_19,28,1,10,98935557cccaa44ca3a5bb33e684a580bcf1c2599ad276c883905297c5f29c6e
train,trainval,Russian_Blue_191,28,1,10,9899d62016efe0473527dfe25d0029174793deb2aa3547f344961077fe0791aa
train,trainval,Russian_Blue_110,28,1,10,9b538b4367375063a8c12a180f2cd46c3c1b0ac04ca63f7d5d78e067d48da124
train,trainval,Russian_Blue_103,28,1,10,a19f20920afc7fc907c503370a41049e47eacb837cccd34ca0081c930a83b89b
train,trainval,Russian_Blue_131,28,1,10,a2865a5c5b31c797fb57b59f4ba876f7746da3d81d05e505682cefc6baaa3969
train,trainval,Russian_Blue_127,28,1,10,a29dcf10f2d678c705fbf69881fa73014775e153b88790dc1b762e8da4276a2a
train,trainval,Russian_Blue_107,28,1,10,a30e42f4f29ab68be25718467a8ff138d836ad692cd38e63a9683d1a665c22ac
train,trainval,Russian_Blue_104,28,1,10,a6ff458f708a955afd91ea18ab9c8f3c5f33ff6f3d52be5d48fbb76ce3420e16
train,trainval,Russian_Blue_199,28,1,10,a9fcaffb24a97e0373c57be759139ab3a60ef2a5fd13510dee347f15906c9096
train,trainval,Russian_Blue_188,28,1,10,b417b3823c2f11b2d1f9dc9f26584b119f075faae055220b0dae96bf92e1cb4d
train,trainval,Russian_Blue_153,28,1,10,b517fc63830ae622957244f5bfc587c9cf3fe6817ca5c784bb78d3b6f39c041e
train,trainval,Russian_Blue_182,28,1,10,b53de1f7c46df705efa55bce98b235bdd2e498daf5edce7f844cd0565227831e
train,trainval,Russian_Blue_151,28,1,10,b550f245bab5b0bb2ebc295fee226477443361b005b37486ecc034f4478011ca
train,trainval,Russian_Blue_106,28,1,10,b5ca773274caf66d47c75d5438f0da45073e42fb120c3764e300fb9cc05cea42
train,trainval,Russian_Blue_109,28,1,10,b613d3f062d095ecc00576bb3c6bef32a1cf6f85f1f3309ae2adb15c11002dfc
train,trainval,Russian_Blue_118,28,1,10,b85df9027e93cd85054ebbd9528520e2152fa854e5e72547873793289f3c946c
train,trainval,Russian_Blue_160,28,1,10,ba3049cfae2633fddc50382e0572c0d0c4b9141c7207885fb4852b460c320e25
train,trainval,Russian_Blue_125,28,1,10,ba5314de8b4c770f8b42636a312873c05296a4ce54c7e643314b860ff2ce3fd9
train,trainval,Russian_Blue_139,28,1,10,bba163b7d932cd6e9388c141fe610a7159dc855e969618b3ce871e9264fbded3
train,trainval,Russian_Blue_177,28,1,10,c178b6fddbab672b3f34f98362f41d9cee4365e3b7c5255e64f15cb0751ed53a
train,trainval,Russian_Blue_113,28,1,10,c34f81cca14cd8ebcc954683447042558b68b213a659231d617cc39e4834d5d9
train,trainval,Russian_Blue_102,28,1,10,c50404ab633fcff730bcd36e0fca5ed72e580c55a71924f51b0c2454275af829
train,trainval,Russian_Blue_193,28,1,10,c65f5314f372cc342f2da747d81e2131d596d6e5492fffc16d3576fea464c734
train,trainval,Russian_Blue_128,28,1,10,c83cf43f33d29775a5de0f434961371464c728ceda5a33ca8ce02006d466ce1a
train,trainval,Russian_Blue_197,28,1,10,cdce4aced4da27ceae34f7d20543c99a5355cc8dae111a8373d00eff18a3d4fc
train,trainval,Russian_Blue_173,28,1,10,d1925932a438f63573aadad45e5d8e3d54eae893cc491e3d1d29bc9d231e558c
train,trainval,Russian_Blue_150,28,1,10,d87d6b6fe84964ee7990960e7b97300fdd516c3ef12684cb27e247000714f826
train,trainval,Russian_Blue_117,28,1,10,da721ace08029ffa519270fffc4ae514ef92058d86e2cf50f597793c0ac28ebb
train,trainval,Russian_Blue_162,28,1,10,e1c3cf8f58abdfb5c8bc324a6280a2bc893d417d471facfe036e15a89848a670
train,trainval,Russian_Blue_178,28,1,10,e3dfffe2b0cd5d0e7eb262f4aff196a416a3e9fba3c8ba693f45297e8484a372
train,trainval,Russian_Blue_124,28,1,10,e6a673cb667b28d85250aee324e8b59d920dafe4e5de3a4927418f98ecbbb4df
train,trainval,Russian_Blue_165,28,1,10,eb9a4e1101df1f7871d5e8c0c5181066936abdb1190ea133be95134beb47702e
train,trainval,Russian_Blue_185,28,1,10,edc4538b82f2b11c065c67408f27af891bf90d060e3f26ad2bc644a3d9a0709f
train,trainval,Russian_Blue_164,28,1,10,ef815cbd8790b116371173cc8f65df3c25a68d81171652a1488deccbe905f100
train,trainval,Russian_Blue_101,28,1,10,f575f796a10f8de3353d008c1879bfe79ea6cddb6323af24c46a6fda4ff3c83f
train,trainval,Russian_Blue_132,28,1,10,f59dbbfcbf2fdaf621d0a013d167d51f4e096e878f9fdaf9125b0af88b20245e
train,trainval,Russian_Blue_114,28,1,10,f6947779d2ad9fb22d4eb06a7cca4c897cdbf568706310cfb6e2ec84b932fd7a
train,trainval,Russian_Blue_116,28,1,10,f803c04f21c63ddf9a90c9972d5b687aff8874752071aabfcda27f0497c762a6
train,trainval,Russian_Blue_136,28,1,10,f88363c7c0f8647cd457d618d1acf5221be4b1f5de160171dd46261e863a11c5
train,trainval,Russian_Blue_171,28,1,10,f8d174996f46439f91634aae35f41466ed5615f490b4c748232632313dad61da
train,trainval,Russian_Blue_115,28,1,10,f969e39148ad63dc533973b3d7bf8ffe47ae66fe3ab8b6fbf3d03d5c88e57745
train,trainval,Russian_Blue_187,28,1,10,f98622156283ed97057d838e9456d0b74c3ce9fd789e3f5919ad977f64ce604d
train,trainval,Russian_Blue_176,28,1,10,fc9c7eb822a968dea31c241f28557a25db10166ab55dc8ef6c1021d242735258
train,trainval,Russian_Blue_170,28,1,10,ff6408c5e847ad874fee6afdf01d3c308db151ffa6b96d3c93e1bc22a680bdfc
train,trainval,saint_bernard_153,29,2,19,83e22d63dbe45520eafe6b86693e98d43f3b71a1b1f9fbb11a6766ffd6a702e4
train,trainval,saint_bernard_142,29,2,19,86ca4f9d385600015d62d327fd398e112490a1f5385c8e99174a32c491f09c71
train,trainval,saint_bernard_112,29,2,19,87327d89229a77154a02be359d61287ab65776ab8a13d650c7a4324422c5af7e
train,trainval,saint_bernard_115,29,2,19,87dfcfa7164e62291c38dade3a42f9fde8ec902eed5823db8169d46c866f933b
train,trainval,saint_bernard_178,29,2,19,8bdf56405038a99a528abe9a50ffe7dd6852a62a3ad446f73d8cd6caeaca5701
train,trainval,saint_bernard_176,29,2,19,8d381696a66fc6c0fcccf548ccffd4d4ea281c843eca283c14315244930c444b
train,trainval,saint_bernard_135,29,2,19,921fec21a8d53d63e70cb625504387586db5ae117a3a1a3b4c04d2621434756b
train,trainval,saint_bernard_151,29,2,19,936b1f3440b0eec71778205f49c4948774207667f6591f255c3e4fb4108839e7
train,trainval,saint_bernard_121,29,2,19,93e6200a06f488ea644a890be583143ca756a030974ddec32b9d3fbc916a16d8
train,trainval,saint_bernard_183,29,2,19,9522a8a05bb2f34f67d4935345e463f74e02de6aebaf91cee6cdec20602b66a2
train,trainval,saint_bernard_155,29,2,19,95e133c25b795016bf8ea7eb9cc3d773bef3502974693d93563dfa317b1af745
train,trainval,saint_bernard_106,29,2,19,96ab42eed2fce84a98c0ac179b707ad473bc2851e8d7d5f6073c22bc509c7c9a
train,trainval,saint_bernard_111,29,2,19,978481e727645d7239cc8b5b3844d6e39daa450b92957bd2743f11a7bf27a80f
train,trainval,saint_bernard_161,29,2,19,981fbfe34c7f85ab4b25d9d7c3fe95e00edf47043651db8db23dd33527d5d330
train,trainval,saint_bernard_109,29,2,19,99d6b9d0831bce08309ffed9019c3b8926fb07377f19987a272c4f7784f0a184
train,trainval,saint_bernard_141,29,2,19,9e08536188def177d99d13a00b63023f14cff818defa64e1b3c8d7d285074e01
train,trainval,saint_bernard_150,29,2,19,9e24bff3b9233d927fb6007bfeaaa3c3acb778e0c7ba2f1bafbafe5f1802c989
train,trainval,saint_bernard_187,29,2,19,a58c2e59fe6fb3052ca93d41c1118d50af57dbb6d1ddeae84d450fa14641e54f
train,trainval,saint_bernard_168,29,2,19,a8a142b777fd1c9013e5dd3fb2b05a228eb7a844af34eb82f3d9c7446abf51f4
train,trainval,saint_bernard_174,29,2,19,ac065f06b3014be2ed94b78acb17c7ac2f4257792e8b4e7ae8692828cf50b018
train,trainval,saint_bernard_147,29,2,19,ac4c4ea4404899e21d44f3389b7df08ec29a30e6071d8582d055216aaa90505f
train,trainval,saint_bernard_160,29,2,19,add1fa7011cbe5d9c63f10afdde41061309a3ddbad31f3d70eb010a5269eed48
train,trainval,saint_bernard_100,29,2,19,af9fd18c80f9ea65324aca99e7986ca790dc3051e879d4148f73d9d347e5275b
train,trainval,saint_bernard_102,29,2,19,b216f89c247ac3f643a158d86c833a9012fc8cf760c6198ffa0d1b23340b0acd
train,trainval,saint_bernard_132,29,2,19,b34a5d529f0a55ef178fae2a297ba2c8ef224714a06aac737979c7205a8b551f
train,trainval,saint_bernard_146,29,2,19,b429f5964060d24a32f3c41d21627b43768574882bafb70d8ea3a467de6ee5c7
train,trainval,saint_bernard_188,29,2,19,b7e81aca0ccb0f5169a9c075ebf0c5bf9d74ecf6fb514ad876dc07936ee1a3e8
train,trainval,saint_bernard_122,29,2,19,ba634dd1594b40130cebd1f3390bcd014a6a22d3a29b9106a68c37ba96da15c7
train,trainval,saint_bernard_105,29,2,19,ba8741fd02c8f37458d8cc3ed850dfc50020f6a5687e05c208568476a00a8ac0
train,trainval,saint_bernard_170,29,2,19,bb5a3791ba90753f39c7ddcb1114ad8838df4c8fe3a54e78d8fb25648a744422
train,trainval,saint_bernard_167,29,2,19,bb9a199d3f96dfa5de9d38a2e4b6f2ee56db3052efa22f09331dcdcba86ef1bf
train,trainval,saint_bernard_189,29,2,19,bbf51ff3d35e1489fd7b6553c595c6ffc8e1e4f9a7c7298bcac1485df2695959
train,trainval,saint_bernard_139,29,2,19,be9dd0f7c8aa75b9ef0b1ac50a91f0b8417a31b3c3611e819d6f47f19c8fe2de
train,trainval,saint_bernard_118,29,2,19,c1c8391f6775cf6fc4cea1614a87a06047224eb1c02e0d4bc54ee1aa77c21897
train,trainval,saint_bernard_179,29,2,19,c2f3f5b6bd29b6d65dc5a987ceb76556c08a93f0f2e31b656efd1f7aa6fe816e
train,trainval,saint_bernard_140,29,2,19,c85ca03a02010d958cbda8ab54437073243e3af2f3217c13fab63f2f6763af09
train,trainval,saint_bernard_126,29,2,19,cd198e33ee92a478d74ada4ace0edb4f94dedcb29c66bfbc70779eb621603353
train,trainval,saint_bernard_175,29,2,19,cf014f0a49ec79cdd296c8ff9f5119ca99a8cb55327febc0b3ba438e5894f1c6
train,trainval,saint_bernard_119,29,2,19,cf5a8b6d4be42330c8dcca6edd4251e75812a57881b3d2b8afbe777a8d262774
train,trainval,saint_bernard_15,29,2,19,d9818565428b87a8a2d212259d396ff8fc883d2280af24327df8c72e31a5d189
train,trainval,saint_bernard_173,29,2,19,ddf44918ff0bd11873254b47a92ad8c0dcc62f243d4a2d8ab69b80bb684ab81d
train,trainval,saint_bernard_117,29,2,19,dfcf861b081258a39ed89a3221f5ce6e1aff93136ebc0c7d48c6ebd49ab9c8cc
train,trainval,saint_bernard_120,29,2,19,e47a9ef37a02534024f1db1a8a79ecf3c4eb17fb8d11448c2af93f05408f75fd
train,trainval,saint_bernard_133,29,2,19,e6235e651bb5fc39e1426b54e874defa35e5b00d866ed0e178dd0168f61940cf
train,trainval,saint_bernard_166,29,2,19,e7df9adefd82aeedfc423a9a8f9584a4ff36e7718f0c44d194e5cf0752464e25
train,trainval,saint_bernard_125,29,2,19,edd038c15d91dbcfa6f6797de8f082541b05a39fd2bbde3dca7b6004958e8d72
train,trainval,saint_bernard_158,29,2,19,edd270638ada729d14977b08e7f66999550ffbe0b8f07b84a61d7f03fbc842ad
train,trainval,saint_bernard_156,29,2,19,f51b1b7c6039807fd237a5d0f16973f956c5a8e36a29a840518b331021fb4e56
train,trainval,saint_bernard_165,29,2,19,fa9b65249e4bfe4a124173ab59ec4ddab06f36f964910ae93a73f1a50b51a67c
train,trainval,saint_bernard_127,29,2,19,ff879560861adb8267bdc8271a20b410bef29cc43ad2ecc138cf206d311d9aa9
train,trainval,samoyed_172,30,2,20,95e8d2c5fc195ef7f6462c826822642c0a537175e320237c595bb8b5f7a10e4e
train,trainval,samoyed_183,30,2,20,96de01934bcc89da730fa19842c9efde1df238c889152bbb4b486bb29fb61c3e
train,trainval,samoyed_178,30,2,20,98fa7f24edecce5562ae03b1de4e1064bd955fc825eebd8d70a45504a3b22775
train,trainval,samoyed_107,30,2,20,9c9cb78d27ceab517c4d95467ff1531feef2e1daea90e405c612a04e31186a4c
train,trainval,samoyed_134,30,2,20,9d400fee8050574cd7bfea9a355218a14b6d4f8a6f9b65c8dd16df0771e0a9ee
train,trainval,samoyed_163,30,2,20,a561fb32304df7fb540cbaa3ccc4f6c51236e4d677d223774305793a9a879488
train,trainval,samoyed_180,30,2,20,a5c150a0d8b9e027493eb1e8d2a8cd3df9a6c5d4adec8a4793901f0188aa8e42
train,trainval,samoyed_109,30,2,20,a67e03846f07644283f83ceb2703e00ba19217e84809c96cdb2b67bf2adfed36
train,trainval,samoyed_168,30,2,20,a890f91a96bd43b6b76cf32de70cc9b7cc04c8ac6df9099c10ad994ea3f6210b
train,trainval,samoyed_131,30,2,20,ac39ef19be02eeecc6b3f449a52343674d2a2d379e1751bcabdb5811fc753d33
train,trainval,samoyed_125,30,2,20,afa137753c379048018cde40ffc4d9cdd63bf3e3cee7ce7d1dc5e91c162da016
train,trainval,samoyed_155,30,2,20,b1435cb7b7afb7318667267056e8de556e3fdfbf8c731cad24734382262806f1
train,trainval,samoyed_11,30,2,20,b28d2b137fdcb93a9c0a78b5575cfa2d147f4218a76b5ce3d92a55e17c040aa0
train,trainval,samoyed_141,30,2,20,b87e8dba7a715c5115158d6ccf8ef1a4544cad7df7ddd185a44b0f893b7976f3
train,trainval,samoyed_15,30,2,20,bb0d7d619991a5bd5fd2a38fab3fea2e4b5ee743a6ab2bdbd925e2b7a3ede754
train,trainval,samoyed_110,30,2,20,bb4970c37c8e004c2c2cdcc40a5b0f83a0aa28ae2745b06f5b486e8bcdd3e163
train,trainval,samoyed_167,30,2,20,bc55d57b90ea6a8c22b21909f6c11f3fa706b0cb17b3cbd5039952828e1a5194
train,trainval,samoyed_106,30,2,20,bf4d29efe86a6f058fb8cc7d1d4d30af17633ddf1cefd781425c3fc455d79940
train,trainval,samoyed_123,30,2,20,c26d4ebdd4fd951b4f762a293da5e7baa8d78253a591703188bc51d9f210842e
train,trainval,samoyed_188,30,2,20,c2d6d15f7e974281ac6a72abcb44af3585d83363316b5635a3ed1833a6fa893f
train,trainval,samoyed_177,30,2,20,c437503ae8b1ea86cb761bf0403aed33f39270974cacbae1447d9f332930b6d3
train,trainval,samoyed_16,30,2,20,c5397608562961d54d328ad3d5f61e2f2acd88eeea36d2aff2098d4fa86d9041
train,trainval,samoyed_108,30,2,20,c68ebf74a29478de2fa7e47f4938b75c44e082a1b298eba0db68ec9f712aaafc
train,trainval,samoyed_149,30,2,20,c69ab6675ef2a147249df90370d0019479ee2929cd46569bb8a7bf6a84cde466
train,trainval,samoyed_143,30,2,20,cb02a7ab7d55380ae8d7547cd81eab3fa004b4a0f333a63eff9b82a465ceb143
train,trainval,samoyed_17,30,2,20,cbfd69807f9beb1de8c10b7e72385f174151961026715506458f508f3c5b794c
train,trainval,samoyed_190,30,2,20,cd9c34c1b1a3be9a9f6dce3ed6d431f4467b0761892d92b5c24d433002214d28
train,trainval,samoyed_186,30,2,20,cfd9a01b31aa21a715da838b2e20c4a2f23ea08d8e6e57cbc1f29d733f4f0ece
train,trainval,samoyed_152,30,2,20,d24decfc33da3b6eefbd1887c1f11c1aa2c00b34e69f10391afa1d0f0b2d00fa
train,trainval,samoyed_122,30,2,20,d3d88750e5fcc206c7f2b465c7ed45547ba5ce33a566e15867212f7cfdab504f
train,trainval,samoyed_170,30,2,20,d5bf2755b6cb3f149b958959288fadaba3eabce10f7c54704ab0ea9c84ccfbf6
train,trainval,samoyed_104,30,2,20,dcf9b75dd20dd2aad1ad4b8833df7e245050e0e84b8b3a43a598e1723399cef9
train,trainval,samoyed_129,30,2,20,de9ee5785284befc1dbc1442b7ec50e53575cc0fe8e4f4b8a7277086ca99ca1e
train,trainval,samoyed_164,30,2,20,e5f73b55f9a18c47e4b8475aaf26dec5d0f33fbe42605d437a68445637711853
train,trainval,samoyed_154,30,2,20,e698c4dcffa5ffcf2c5e3c7afc2984c25f063c8c94e67b19dbc1c49d3d650383
train,trainval,samoyed_144,30,2,20,ec798086b6787687d6b13fbb0fa91b4be097fb23e7df09ddffc4a8bce7e395bc
train,trainval,samoyed_133,30,2,20,ef32f9c697e8584b3e6c37ee2617b3a3328a0271627d825cc37362be7f9cc826
train,trainval,samoyed_132,30,2,20,eff0acfa37912b7ec54f29d7afe7f6e67d69bffef96cac0ff1121c1c10123571
train,trainval,samoyed_158,30,2,20,f0d19f56c9749f2cabb689be407e283262172a68c963ef8ebce9a43517dd8c35
train,trainval,samoyed_101,30,2,20,f19eb4e193f1d941657cd9ef2da67a51495c924cff10a3b389ce41dffa3d9e46
train,trainval,samoyed_124,30,2,20,f4ad1bbf10d221230e72e2f9569e6b32b4605907bfcea69d7fed1f214f8c3c62
train,trainval,samoyed_100,30,2,20,f51c917d9336497fe0b005469da0ac378ae82954fb4d5239dadb6dc7d69e71e1
train,trainval,samoyed_120,30,2,20,f5b265edf88f1aa6c8e9a47db73ec1935aeb8dd98e8ff8b10495efa20b4b1f30
train,trainval,samoyed_139,30,2,20,f5bef4e5cb2f03121c1f8d17d9d047c31ae0e43d28de225cf006ada85336df89
train,trainval,samoyed_140,30,2,20,f6236b89c1646af48a0883e5d61402917e4bb5dfb2ac5a0ab09e169eac541592
train,trainval,samoyed_115,30,2,20,f77342f6c185fdd48de2b21b8dd27f6602d6af13922aa56bbdc283be62a80f7b
train,trainval,samoyed_159,30,2,20,f9d689950e8bd0b61faf1c45ab6a6137a44767b0d4638e3145818417544e49bb
train,trainval,samoyed_138,30,2,20,fab9ad79a48e0cae6007e9329a45894b7a75575ab5c4c4ef5c7433dec42a3535
train,trainval,samoyed_174,30,2,20,fc19d857f4b1db8b0efc0de4d4b932551450b277a13c6dd66296464a33e5b364
train,trainval,samoyed_182,30,2,20,fea34e71f88b41755412d8aa2a186218f320867f41cab541f0dff3ef244de10d
train,trainval,scottish_terrier_143,31,2,21,94c8ce4c19c9aaecbbec76994b1872851af9ebd4ed02b466250bf244343b41ef
train,trainval,scottish_terrier_177,31,2,21,979b575e9441a2a7a2c80eaf308c5c5b642307afb88e2a384e9481c2083c18b8
train,trainval,scottish_terrier_154,31,2,21,99d850905234488f85e25e81c29db4d293050c8ba7e57efa28cd257c265ac6de
train,trainval,scottish_terrier_16,31,2,21,9a821be7f03d9616be6901816c600a5591ab351f13d0fece0336e46630c2031e
train,trainval,scottish_terrier_182,31,2,21,9b6f50bf168ae5f21dcb5cdfbd0129c51a55b69df576820babcfec5d1f5d9692
train,trainval,scottish_terrier_148,31,2,21,9c09fb8ce796368e8c2023d74056e8e2d8815ce2bdb1b8863d922d7ad4aee71a
train,trainval,scottish_terrier_141,31,2,21,9c0d4270ef90a7e078e05a7a57c158b7b7911b488b675dd0e06c4365803ad605
train,trainval,scottish_terrier_129,31,2,21,9d6f84a39555d349ab570a37bb61b103218f252eaaf7d752d819297a2fb8c9b0
train,trainval,scottish_terrier_142,31,2,21,a25dc10ed48a66c570b9f7031357bc4dd0015a218ecf661f6744c043388816a7
train,trainval,scottish_terrier_10,31,2,21,a411b118729e0ab85ebc526cffbb3c08d577e868a7d9a1eab8c758c9a0192adc
train,trainval,scottish_terrier_112,31,2,21,a5b0d78d2f1c0680018a6de30cb667f7f667c8eac7daa5d7e2ba15f45973ef77
train,trainval,scottish_terrier_14,31,2,21,aa1415d81b20f903a1f998bfe2afdb1855f887b70efcf68ce6ea02988cf67514
train,trainval,scottish_terrier_127,31,2,21,ae6373b94ea12cb6f5f24f6eb8a1cbf4616a4398be958f5ec97541615fbe9827
train,trainval,scottish_terrier_133,31,2,21,b2b30e32685d2cae677086431cee25b72ae2722c63001c7926c759d7cdc0f4e9
train,trainval,scottish_terrier_140,31,2,21,b53c0527371670b048c5946f1354629cca7ccb3ba39542a557ada0ea3c94ee2c
train,trainval,scottish_terrier_173,31,2,21,b62ea98920c5e618c4527701be9b26ad6c24240f9d1a986d03b87e3d244ad49e
train,trainval,scottish_terrier_185,31,2,21,bd6a13525467bed798390ea69da3e498db205d6d03662ab4a7202646ed369e81
train,trainval,scottish_terrier_108,31,2,21,c36b953b8fb2a85110e6d0bf606575a8320aaa0d40189dc32ff7d3edc3f820db
train,trainval,scottish_terrier_155,31,2,21,c4261360baa90b2dea875d6aa59f86eb1905e5cfd39b91cafc44b0e9ca4c6ffd
train,trainval,scottish_terrier_109,31,2,21,c4c62f049e0a150442784b76ad401ec130ac6d701f404500c325f26d80d93f8a
train,trainval,scottish_terrier_115,31,2,21,c5204807c7c94f3ef5a1a927742ccf45bea61dfa14c737a3b9282723316e0c76
train,trainval,scottish_terrier_163,31,2,21,c59d10fe90552b28a57822c6ad1b353410da4efa31057cb5145f45e02d2a789c
train,trainval,scottish_terrier_120,31,2,21,c5a1951ccb27fab312c2f392c096d7e62f01b733b411f4295b5b919967299482
train,trainval,scottish_terrier_172,31,2,21,c8b413721cb8fbb6aab631b3ec1bd00b6282f68a80d3c558198052d1cd80c20a
train,trainval,scottish_terrier_136,31,2,21,c9dfa9e07c8983441c4bcccea46c64529e170209a7fab5469cb8e634b08f781a
train,trainval,scottish_terrier_170,31,2,21,ca8cb0e34cfa7137ea3a929c04fca0b9f287462dde4156c16a048348c2066086
train,trainval,scottish_terrier_116,31,2,21,cae29ff2e2cbbff11f2b8e10cf89da853319c158e89eac1db9ef9a0487c88252
train,trainval,scottish_terrier_187,31,2,21,cbf10a83df438743e9d254a13ec5a5c16f448668aaeb875e148b559617126299
train,trainval,scottish_terrier_144,31,2,21,cc724a4ba106a9e90e673dc1b9543e27b5a31603e6efb2ee425c1b9adc8549fc
train,trainval,scottish_terrier_101,31,2,21,cf060b5d63419b1e9cac7a3d185a63a4dd9856c94753933f89f3b21785531930
train,trainval,scottish_terrier_165,31,2,21,d16052f53a6978af5b50f41c441d19755f7c689488e3d285f74a401528cc0af7
train,trainval,scottish_terrier_189,31,2,21,d202fea5b03d76ba4e2a9d0f5f0fe6f18014d74b794cebf2012f291c03b58188
train,trainval,scottish_terrier_102,31,2,21,d4711e7e632f185edb45fa91e2892a391703cd768053b7f6b52fde649dbf105c
train,trainval,scottish_terrier_188,31,2,21,d6b89e1ebc9dc84a400d508fcb2d7e07b13f0c8ac700e3a847315871735bdd33
train,trainval,scottish_terrier_167,31,2,21,d81e0a6ddaa5f33859e11f74afa9b95517722a4b55bc7e900254c332d84960fc
train,trainval,scottish_terrier_18,31,2,21,e0103844ac53ccd2475481ecbc63c22d1b02d8e49464ea6024643c5fb433507e
train,trainval,scottish_terrier_114,31,2,21,e6090f36fd958979f5f33540fc8abd4f0740365111221aa57ac82d9efa7896fd
train,trainval,scottish_terrier_176,31,2,21,e90bc6417e9de52f9ab0e65ac24695f42558e149c788fb747544360512c4c3ea
train,trainval,scottish_terrier_113,31,2,21,ebb61bae32ee1c766aa7f21cfafaebf9b26f06f445f9e75c2e87a302bdf00ace
train,trainval,scottish_terrier_122,31,2,21,ecc0ffa2d0db1eeb7ff2911e92a397d4ef461d1968d010552e6a9e77869fca5f
train,trainval,scottish_terrier_178,31,2,21,ed57203e3a3f3c1cface91ca946a292297c28f4bf18d2d5a3b54e257648b47bc
train,trainval,scottish_terrier_137,31,2,21,ef5f51ca23e3ecb66c56d4e7c4b177763cc6f96e014741804e0814245d8db897
train,trainval,scottish_terrier_132,31,2,21,f09fb3c8f8c2e38baa2308346031938c7f8b006713484a5740095141eec6a994
train,trainval,scottish_terrier_179,31,2,21,f35201c7bc8af7f64883a6272eb8dc7887650e9e7b2915a5f1356f7e8058d067
train,trainval,scottish_terrier_153,31,2,21,f7467e518b548be59b32ce1bc35bf686fa4860876faa0543d4ec2a3e715719f9
train,trainval,scottish_terrier_131,31,2,21,f84b4a2b94b0305e4200e343723ce9fd9d3c46c0f02ec5e6c051aa3c6a6afcc1
train,trainval,scottish_terrier_106,31,2,21,f9b71c2820e398b54234628b2c2200be6d8757900ed1c18e87f9f1a3f55799f5
train,trainval,scottish_terrier_15,31,2,21,fafc710aebcf7f7d03d0690adc003e995d9b0b43b917aa772f2d934c5bd37ccc
train,trainval,scottish_terrier_126,31,2,21,fc295c4bfd79d01367e7a6cc9f17e756c278e3912d19bca998f87a41ebbe37c2
train,trainval,scottish_terrier_107,31,2,21,fe0c5a33822abedeb133f76924cf90f9de77112c2124f4f82483a7db56c89d5f
train,trainval,shiba_inu_117,32,2,22,839d11e73579e3b22e7555ac086f923d77bdb9eae8ee90fabcfb6462af2d8018
train,trainval,shiba_inu_110,32,2,22,83a52af098b941506b3080fe9d04fd5b686279b63fe3817f0da588e7213b8e2a
train,trainval,shiba_inu_142,32,2,22,8401803ff45727686a2a168870839de7425c732bc9e4caa5acc74363deb42789
train,trainval,shiba_inu_11,32,2,22,840b131cb1cd582ed06b67143f511cfd987b94590eca353df4c7f646854108fe
train,trainval,shiba_inu_112,32,2,22,9345e64b7679b3677011a253f9ab0b6be923bd0eff3d7fc2fea6f568b5dbb039
train,trainval,shiba_inu_108,32,2,22,934bf6c005388b7f6d0d301e69021af3e240f970acedc090800e18ad9b3b05b4
train,trainval,shiba_inu_183,32,2,22,947c661352feb4853e8e1b13dc06edb603f276fb22c2d932f9496127718e254c
train,trainval,shiba_inu_126,32,2,22,95acab89042e7f75b0f07055a366775b832963c938c0343bf549d0960d49affd
train,trainval,shiba_inu_163,32,2,22,9ec54711ed7c6a17b1aea9bf22ffc720c1e286414d5c30250a1010af11352df6
train,trainval,shiba_inu_150,32,2,22,9f42adc91d2a392c053d24f08e4ca649c668ae8ad92b0c5a581cac8e07d7656e
train,trainval,shiba_inu_152,32,2,22,9f8e26ef7832ac94362c2637a63bcc95737c4febcdc3597e6303135a34a3c818
train,trainval,shiba_inu_180,32,2,22,a2480f19d008db2fe6a9284cce5f597769d2f262b473b1791ea9f07a68300f38
train,trainval,shiba_inu_10,32,2,22,a3bc5352d3930d71196cddfbcaffa43eb0bc6a08c2794da8742f0b7a820093ae
train,trainval,shiba_inu_177,32,2,22,a4e1d9db99cf5263c2560ccfef4f34e51f7802fd2cc61566b6aeda7eef70a0c8
train,trainval,shiba_inu_187,32,2,22,a563bb126f71ebb2ba36e48cead2b81f5d6bf6d9eca9522de9006b9e51db0739
train,trainval,shiba_inu_172,32,2,22,a681a2ffb330a898d86096c21d6cdc0f90d5a6f86ca1e804379692087df1dc30
train,trainval,shiba_inu_198,32,2,22,acd2e8a60be88efb91694df2a104f03426bbb009f58213e0e71af7bd851643d7
train,trainval,shiba_inu_16,32,2,22,ad6e19f6a1801f652f3da07ca8557344b1812878eba0a969c12d306ebe02cd9f
train,trainval,shiba_inu_178,32,2,22,ae874c1c44c1763d58fa34211828249bb3b59c83cf1bcd0a1577cf0de2261d4b
train,trainval,shiba_inu_14,32,2,22,b9d7125e75a55393be91b0fc78e5d95d2264bc9b875851e53918ea0e880225f0
train,trainval,shiba_inu_19,32,2,22,be4a9f3787c503058b8044104e74d03a8810f1359806c174fa7ab8ebed675fec
train,trainval,shiba_inu_107,32,2,22,bf6523c4a1880512d5b003eb11d305a96ee15e5fb25a49356101b39a2ca4962c
train,trainval,shiba_inu_118,32,2,22,bf884a0170dcce6fd12d443f42ec6a7fbb089632f8b4fceeb36c4ec1ca9a487b
train,trainval,shiba_inu_101,32,2,22,c197b9603cf850a4c6f06260000162102e24bb615d8f6504490b61227603f305
train,trainval,shiba_inu_125,32,2,22,c381f20ba5993697d5e95d1ba0786ea4563d1f6566b741485fe83b3f886c4b77
train,trainval,shiba_inu_122,32,2,22,c48c37049a0581c5e51cf7cc945338ae40c261a424985173add5ce097befb1a1
train,trainval,shiba_inu_146,32,2,22,c6399eb047bdf359919efeec22b260b55da2dce5491147232b86f6b20eaf85e8
train,trainval,shiba_inu_12,32,2,22,c98887c7c22fbdad0cbf8c2f344884beaffebc2df4dbdc4c54653bbfa0485886
train,trainval,shiba_inu_145,32,2,22,ce132310d5ec0f8840e179da36667e01b499ee9ef0f5459af082be0e83db0246
train,trainval,shiba_inu_133,32,2,22,d384b24acc3232ae8bc719b646437a9a730688e62b6088896ac6fcc29516bfed
train,trainval,shiba_inu_194,32,2,22,d49569cef0cc03413c94455c9d9cf6cef38d2ecbaff3011349f23ce228017082
train,trainval,shiba_inu_199,32,2,22,d6d4a5ab72b4ca38e716ca6bbe5cd67b01b1c51378fdbd5ed5566730718e73b0
train,trainval,shiba_inu_15,32,2,22,da3394866ec98fdeb974037b322787ab01bd756cf279154a2098a69d9f5ff2b8
train,trainval,shiba_inu_103,32,2,22,dc41b6994defbcec24c03eeb4bdba0ad5a32474cfd44bc4c15c2e86676a8d89b
train,trainval,shiba_inu_181,32,2,22,dc6544a8cb9d65dea0192bb9605568f0944f8d276ffed3b84333f97a5a1fa153
train,trainval,shiba_inu_182,32,2,22,dd820ae95e7a680ced761e51c4aba0d4b24c5bc88fa36e3704d0b88d1e333954
train,trainval,shiba_inu_18,32,2,22,de7cf8bc49757068a9aec30bfd811f04cc02876c6e7c8d2f7aa637a055e2966c
train,trainval,shiba_inu_109,32,2,22,df9d28b68d46382445ede63f3075d0d2f8ac8bfc9888a56736706d628ba3b116
train,trainval,shiba_inu_139,32,2,22,e0b96f6b0f5fbc2f56302e9047310a6ca632e470d315d0c2c51fae3214dcd48b
train,trainval,shiba_inu_153,32,2,22,e2d5a9f87030812c511c4f170477ac8f0cc786fab3b5f73bf334f20823631878
train,trainval,shiba_inu_196,32,2,22,e2e4f9facaedd1006c1c51b5d359ba69004f38772a353ac14fe916f3d17b2b29
train,trainval,shiba_inu_140,32,2,22,e63c2d7c4cf039cf54dfbdb51ff4a1a180ed29c463432bb806123866770b19e9
train,trainval,shiba_inu_131,32,2,22,eabbc927aeb50629ba7db478f6c902d8ea2f8c2e83d9d165b26087dcbbe56134
train,trainval,shiba_inu_154,32,2,22,eb064522c66ffae0252380216d58dcc80bf78225b86af57fec679e7e10a52e1a
train,trainval,shiba_inu_176,32,2,22,ed308e005fa235714d6c7f7d580112fd565c336969c07e9ee1c0756acb61e251
train,trainval,shiba_inu_115,32,2,22,ef3c2d4ffe1aeafd7fb28b25ae6eef856fcd8a4b72e13bff08a5efe73456f79e
train,trainval,shiba_inu_155,32,2,22,f5132bd4872fd4208bfb9f12454f2caf1773ee17c6e2593186132e9fc729ff0b
train,trainval,shiba_inu_165,32,2,22,f8661dbc9eeb6f2dd6271c74578ba022fd8b7abae127ac2810573c995c698ee6
train,trainval,shiba_inu_13,32,2,22,fba98cb007fe61edbe89688ab059d2f02f3e112e89d1a6e32c5be9cdc3a1216c
train,trainval,shiba_inu_147,32,2,22,ffb76c9702d39defdc244deb2326bb79acec35dca53cd33b382e71c9c043399c
train,trainval,Siamese_159,33,1,11,7b28be5433814f2ac1ce36fe0f63c472a5d63c6c4f660d0287c6b2f896000d8c
train,trainval,Siamese_129,33,1,11,815c837c0b542ea43bb834b2e555945a8ca96b9bd09bffaec7408362b0869866
train,trainval,Siamese_205,33,1,11,86166be31ae1d7dd49981ce674c484f669a6a31a32da721997592efd3001980e
train,trainval,Siamese_193,33,1,11,88ad3c4e747831db9e5a7b422bb0c5b9a651a1a5de8d5077f01645936afe86c1
train,trainval,Siamese_154,33,1,11,89c055372d5e99afd5a6cd7c260c87340f7c26e8d3f4eb1f08ca6a727e0aceb8
train,trainval,Siamese_139,33,1,11,8b40cd9ec6b977612e4ff011e24bdfd58cc153e1dc434a9316b2d5c23ca9766c
train,trainval,Siamese_208,33,1,11,8eac6d48c0a6eeda38a618429cf129a9322aece13e75e9fa757091ab714a6ce3
train,trainval,Siamese_140,33,1,11,8f78c6f71670e50b78a0655428795d9781e9f97bcbcbfa9c52c083b9c844dc02
train,trainval,Siamese_17,33,1,11,93240bd8113db373f5a25b31ce538d5556250f393b4a6e2a5658340402e2b225
train,trainval,Siamese_104,33,1,11,95a6e77d302152bfd37022657cada0c5d6841102ad41d248fef6e232265fea90
train,trainval,Siamese_176,33,1,11,95dfcca31b2aa0cef81a73df9aa5fe6348a9b7cc40c2003200c175b3aa3040a4
train,trainval,Siamese_127,33,1,11,963102d3588b32c79460cf6dbcdf99d68126238fc131ab90a15b4498ae18a2db
train,trainval,Siamese_143,33,1,11,972cdca84a3e3bbadba14228fabf77da3c7d3c8431b76e218cb56a42f32d361f
train,trainval,Siamese_128,33,1,11,986212887191019a8491e7606f7d833396b9d28098f1b17488eb07d88a8505e1
train,trainval,Siamese_163,33,1,11,99d22603c8e9578d927dd1737a9ce1e227d5d83543bbbdc037a9ad766919ca8e
train,trainval,Siamese_201,33,1,11,9bb345be5c0b21715f6f502f401cabde6ac341ccb276fd7378d57de706167cff
train,trainval,Siamese_136,33,1,11,9e14a36bd05aa326c952434180d5cd8d65c2c2fb3001bb44bedc45ba51ad3dc3
train,trainval,Siamese_141,33,1,11,9e74231043e8da51b299da62709b3d94b0d713aee4662ae23bb21d470dece523
train,trainval,Siamese_101,33,1,11,9f43d23e8f07b431fd8452e61beb2f220d8c68ac7bb844da53b5fc18daba1345
train,trainval,Siamese_198,33,1,11,a4d810d31f5dfa6e1187f13f233e6185e0cb955606ea9e1980553ecbefd27f32
train,trainval,Siamese_189,33,1,11,ae29ed3dbda30b00675057b43c2681149b1314035cafadf3051eb916fa8b8527
train,trainval,Siamese_112,33,1,11,b471b93a2733b4ed0a6468976e412b49ab5fc291266df0fb9c6ee9ee770f8a97
train,trainval,Siamese_122,33,1,11,b5a786fa91aaf5781582e890b165af5ebdedbc89740c9553db64a67c771cbcdc
train,trainval,Siamese_109,33,1,11,b755bdb3d2c80c04190e140f5674fdb82f701333d6f26ad289dbd08d759fed9a
train,trainval,Siamese_113,33,1,11,b8c324b263f8279de5c1f6ad36247b6aad754a7713e529f7a218d5c7c4a04a81
train,trainval,Siamese_137,33,1,11,be0b0f4f4b0d5fb8fe5053cd02ba1d678cf5ad7346ccc9f8cdf6ab6dcc4116bd
train,trainval,Siamese_185,33,1,11,c1047eea9ba8b2658a89b27a51b61840e2f92246bfe51aa34b31a06bbbcd1be2
train,trainval,Siamese_181,33,1,11,c62a23895a4319428b9b98e79884f2a44905a7b935b53c9d71587420a9e51dd4
train,trainval,Siamese_117,33,1,11,c6ce099c94510db978464fc7beb01d4c39dba919ac1c0a0ff84e629972647fcf
train,trainval,Siamese_194,33,1,11,cabc84a01c9a55ad6df9611d01a13b6bc1ccc5d04bfc197dfef41543e16c6a4b
train,trainval,Siamese_157,33,1,11,d07d59f54be324c59b9b2f53ff9ad0fe27b5e629aa3309f5970569642e292b16
train,trainval,Siamese_130,33,1,11,d1feb8ca09da899b5d7d6acadef3cfa0bc88a789a57224e818b7d020dc370b26
train,trainval,Siamese_148,33,1,11,d98c40990862da4111e2ed98902ec6f0c7e3bb1e226802e53c4cefc59838f00c
train,trainval,Siamese_161,33,1,11,da60b076f00752892b6345ae32a55f592ff19640f9060c9389b4c85492ddbffa
train,trainval,Siamese_202,33,1,11,dd18b18b8c0023b116ad868a87fce84d13d716b5b03bbafd316bcd833bc2c2bb
train,trainval,Siamese_151,33,1,11,e1bb1cb8258540a452d1305692974d9f0c85f1322f7e86f47560d4a184da1b07
train,trainval,Siamese_178,33,1,11,e4fcc90f24892d6c0f0e90373854a8e6067e9dffd7b5120c9f8f57842edc64d4
train,trainval,Siamese_116,33,1,11,e612c57febb69a027dd52695579ddf9500d1cb6581c64cdcd7e892269ca682e8
train,trainval,Siamese_183,33,1,11,e6c64103ffc8f98169a0ca9728c8b269319e4bb7a7d49bced9134a886eb6bf0f
train,trainval,Siamese_172,33,1,11,e6ec8a493e2f8f141259ef4f418224630f6ef0323e7a9b603fd97febfb24e27d
train,trainval,Siamese_146,33,1,11,ea18499268065c54b0dc3fd9956545dc0f26799d5e80e8c2e268591d8e28065a
train,trainval,Siamese_171,33,1,11,eb05f3aa48a660639d7e58849d2088bcf3469965acd5cbd2c44b3a84c48344ee
train,trainval,Siamese_158,33,1,11,ec3e58d5917493bc731d40b2b04c1f27af28d582b868846fcd60ca59e8824cce
train,trainval,Siamese_125,33,1,11,ef6e5af46c4bfc1fb2dd5fae5cba082e1f23a1fd22f9b9295156f5856f345d7b
train,trainval,Siamese_169,33,1,11,f00a118480462a0a12e9e2c149211cb2800b22aca6a9b39831139f8de412c5e6
train,trainval,Siamese_126,33,1,11,f3d1fabdb1b55cf0470fd4ad4387b3dd67970c1f5dc0ba7c895492b1775bd240
train,trainval,Siamese_110,33,1,11,f935be35589184513d4d25403ab1af41d08aeff9c942f14a2adc5f215b3b781f
train,trainval,Siamese_200,33,1,11,f98f0d97f44c4897387f4f3ae92dff1af27bae6784c1900b7c106b85abc2ce2d
train,trainval,Siamese_119,33,1,11,fb2d7c83aa3961cf9960abaa8ebefdda3f5c9cffc1b503ee7027e13b467b854d
train,trainval,Sphynx_185,34,1,12,95a77634e7f62a626adccd1df648796e7bce5a793cda3bf1c6b1d089a6efe539
train,trainval,Sphynx_195,34,1,12,96e7c684646ac012685c2ac2cf7dd686df176d3e2d8235ebc40dbe88540f233d
train,trainval,Sphynx_127,34,1,12,97b4cd369af1063421cb45f438b017bb489ef41aaf3f2a5c91f766739418d2d7
train,trainval,Sphynx_111,34,1,12,99a1ae8e9b6949cf6fe697dbd969fb5377db1ec5784eef7115d1e23d3e0ba7cc
train,trainval,Sphynx_12,34,1,12,9c437cf091ce434e5acc86bd55d2ce3f8b2137602a454f1a9ec66092b2655f9a
train,trainval,Sphynx_205,34,1,12,9c95c58af481e83392359488721814cfdd43a83982fe8f8a5b4333eb6bc2bd9b
train,trainval,Sphynx_196,34,1,12,9f9aa746ed6f4407677d506edfd06e100d0536890b7e9a2261ce5244fd2c7ea6
train,trainval,Sphynx_1,34,1,12,9fa73e546306e0e623af4c9f0207f739aabdf88dc327045840da7939a4e84748
train,trainval,Sphynx_192,34,1,12,a23db7428c366b90675939f7a16a24035eb2584db67f0c801ac72d19a1c7f2bc
train,trainval,Sphynx_191,34,1,12,a24b47a8b491fdbbcd59a8b60f8251efadf2e2e51184810342252a7dffcfcdae
train,trainval,Sphynx_143,34,1,12,a3c8cd6f4678a0432324a99b6468d41c54d1974d842c5ed4e9bf3a827f80e16e
train,trainval,Sphynx_18,34,1,12,a556e7473c2b6e583c1592dc7a7e5184ae9a139c3a044ae8c10c2c6c2fc534a2
train,trainval,Sphynx_173,34,1,12,a5e1e7bb6047aeee8f006eb34a84a8ffce13909f92be13685607c27c48a84f8d
train,trainval,Sphynx_181,34,1,12,a8fa986dd94ca96dd55030ed073ef5fcd2826ad63d83fc56175f3c54b93a8ffc
train,trainval,Sphynx_203,34,1,12,aa1d33c3ff4f2302b08c630236e779c3bed660bbc8517b16dcc443002eb87c58
train,trainval,Sphynx_112,34,1,12,ad4042f8849b785ab41a3c4b5f67b78bab3d82208102efe801efe3e776095111
train,trainval,Sphynx_197,34,1,12,b02e0ba0188a2385c61e6c22604e2928f8a0d9717e16959531a70fcc19db00a6
train,trainval,Sphynx_144,34,1,12,b054145426f680a4f7e4214397c5d931f13780bacfda30630d6a6debf11db56f
train,trainval,Sphynx_108,34,1,12,b0a30f9a97c961d0a714e0e28da55e0571838d23d1e162054e3e462121b39b3d
train,trainval,Sphynx_164,34,1,12,b0d48d6fc287db9439997baf99f5113a8ebad6429ca13ec11a68870730e06cef
train,trainval,Sphynx_122,34,1,12,b4c0cfb14b962154026f1340e2bdbf4f6e92ab9ea466094dfecb5b9499ca665a
train,trainval,Sphynx_198,34,1,12,b674445c9c18d54b8bb8ed9e5acd7eced7f651c2f7b1f139be81bfebac244eed
train,trainval,Sphynx_11,34,1,12,b69da2824ac93ac644d766dd22c985d7b953335bfe7d52d1ccfd12698b3af452
train,trainval,Sphynx_179,34,1,12,b74d9e903bf3ca06c6cff012a1aae6515dd05e06b43f91d6868f35392ea41a65
train,trainval,Sphynx_160,34,1,12,ba036b8e199dba42ca683e4a7e4542a29a63698659e4e4c24c1ff4e052dc4dff
train,trainval,Sphynx_134,34,1,12,bb9e78d784c91f8599be1846838021e5df5c3d042bea8a714449b4a03bd9e465
train,trainval,Sphynx_200,34,1,12,bd4197feab832d70ff9a6fea13695c55dcb8056dd85aac36d12b886b095a8393
train,trainval,Sphynx_104,34,1,12,bf584a263da9ea6e5bbbb9171520921a9e49be1db5dcd014d4cb4e46ced9d0a4
train,trainval,Sphynx_157,34,1,12,c0d14637fe4679b2e02483a4ef6f6e7b1bee848069b6a7fffef73eebd6a159a7
train,trainval,Sphynx_129,34,1,12,c11760cd8821e3bcfdc922becade83584584acd87e2a04f59242152dfd8bcfd2
train,trainval,Sphynx_119,34,1,12,c4e873f3324a9c0dcf4fdb1d71a2abeac78117bd70807b4b817a562539da37a2
train,trainval,Sphynx_114,34,1,12,c84ced6b9be7cc9144ac3262bf10f3adca870f470cbaa94f19b590dc624d743b
train,trainval,Sphynx_178,34,1,12,cb2dfd81b2240de3eaf3b8c68d146e7da847dc178b56706d9321983e0e4bf7a8
train,trainval,Sphynx_158,34,1,12,ce7ea7efe4b62fb48b77b5656cefb664062507b5c7726c80c1542e128e9edb4b
train,trainval,Sphynx_145,34,1,12,cf359e519293d4db7334206db2be0e354fccd21f71563897486c2a7b6e9f699f
train,trainval,Sphynx_142,34,1,12,cf80566dffcf0705f32385eb3d372f71ba2eb6cce7f3c127e89be8e15bd22672
train,trainval,Sphynx_159,34,1,12,d51e05ca13dc529407fb5c86b97031aa15e888b246aae7144c4198706469a7e5
train,trainval,Sphynx_151,34,1,12,d5d445a82793e7767695b64853fa9621126f65fa6619858e40d41ea6c8faf8eb
train,trainval,Sphynx_174,34,1,12,db76d8bf35812c637653de28d791cb5a961fc50cc36276e6ad6944fdf9cb9d34
train,trainval,Sphynx_139,34,1,12,dcbca923a9224b04709a257961b454eb61899474fdc38d8c0e982461dac7863c
train,trainval,Sphynx_132,34,1,12,e11c9f0756f351374abc7bd2c470b265f6e105120b8801c873bf836cb1c26d49
train,trainval,Sphynx_14,34,1,12,e3c8c03f9181febdccb9cc1ee2db40af93a0221009800fc8ca1bac3675af0e10
train,trainval,Sphynx_153,34,1,12,e675b7ac32789cb8248dd20663a41f1fd6c6a8f13ff7a50dd2324ae75c289763
train,trainval,Sphynx_17,34,1,12,e809866d9536dedd7143cefc3c525cd2b68e1c2a7822d39f3602b1a3be1ef14e
train,trainval,Sphynx_166,34,1,12,e86dc50c3246c95fde0a4d9b49ed684147412e1b2edd113b4f89565cd42d5746
train,trainval,Sphynx_136,34,1,12,e8a732e3884a51573a63e75cee15b44123f8c59a60df84786330296947e16de1
train,trainval,Sphynx_156,34,1,12,ecb2aef9766f97f137adf0dd92a5e8e4c6d568b3c06a325849e192e41eebf622
train,trainval,Sphynx_15,34,1,12,fda418b343740b41beafac860638b03d76bdb1896053b3af54c65acf721166a3
train,trainval,Sphynx_137,34,1,12,fedce8a07ce190ea7dee1ac590237b9dfb98cb517352b7af8a7089543cf315b7
train,trainval,Sphynx_193,34,1,12,ff8509b91348874dd6fc5e88c780696bd1ab059f9984c1649a947eea2556c224
train,trainval,staffordshire_bull_terrier_150,35,2,23,84e5f5a816c722a1342083899e4fc93dd5dccee0549a4dae01e5519b1383754b
train,trainval,staffordshire_bull_terrier_143,35,2,23,8736c794ed2c0c27a679de47535b835667abd79c42c8f3816b2bb4b9f89be380
train,trainval,staffordshire_bull_terrier_126,35,2,23,88b5e926a16fb316e3f418f10530de878c9362c57b1302af9d9aa429d95f1f06
train,trainval,staffordshire_bull_terrier_167,35,2,23,8ccc179dc0421724279a3f70488f43ce12d3ec62aaa2eb39a4c32ce039af3e0d
train,trainval,staffordshire_bull_terrier_120,35,2,23,8ce2fa874f26367f194eac5e53a845d56ba5af3331f05a43754f01b030ac9140
train,trainval,staffordshire_bull_terrier_15,35,2,23,8f345ed0211ca43d730ffd621bf243376d70295c9f9b5dbdf0f70102cad138ca
train,trainval,staffordshire_bull_terrier_113,35,2,23,90da604d38be05845a78091d20de000a1378615389bf6a8da4949835cc1d9320
train,trainval,staffordshire_bull_terrier_159,35,2,23,960a4f0c0292549b8add40518d8e98f396bc70847babfe7d61da7eb180726af9
train,trainval,staffordshire_bull_terrier_188,35,2,23,982045ba177ddbb07162f5f901f1215115b35fc9ecec30f6c480ed697916abc9
train,trainval,staffordshire_bull_terrier_152,35,2,23,9eb5cef155a3903d8e6b413e444fc532c0eec335d2bb1ea389ea681f3e25bfbf
train,trainval,staffordshire_bull_terrier_117,35,2,23,a0fa61414b27a30eb104afcbdcd162440fa6f91c7de2f9090b08ce0cfcb18c1e
train,trainval,staffordshire_bull_terrier_151,35,2,23,a649b302ebfe5da913173c94e1a061723b28c596953a7ec88c4bada6bd144035
train,trainval,staffordshire_bull_terrier_197,35,2,23,aa511f83c4036cea1ceaa87e17a926ef23cd0b358fafbd39fe92692506244b1e
train,trainval,staffordshire_bull_terrier_108,35,2,23,ad4f24a62a67242fe283211fa808a3d83abb0f62df50199354769e734c47a2ae
train,trainval,staffordshire_bull_terrier_123,35,2,23,af0069a317f1fb58b62cbbf509b0a161eb836fe88318cce9fa87989cc427a9f4
train,trainval,staffordshire_bull_terrier_155,35,2,23,b2684d7ad60efe27d47113a9731d010cf0d5cb71121df72383c04bdc0794117b
train,trainval,staffordshire_bull_terrier_100,35,2,23,b336a5054e1ef9b33b2ae8642176d5bd3cc01d63c7c3803c3215c0faf1af4b0c
train,trainval,staffordshire_bull_terrier_114,35,2,23,b5dd249d0b9c831ea3b592cd557e2f8468e1180177480a6bc2503a09608b8af8
train,trainval,staffordshire_bull_terrier_195,35,2,23,b846222056bb0b34d70af9900f3cbb05895a41c0d8cae751cafaa5ee46843498
train,trainval,staffordshire_bull_terrier_141,35,2,23,b97f8654ae922c7f877b501852ff96e9102b10a13943f6f47260429dfdfcdcf0
train,trainval,staffordshire_bull_terrier_105,35,2,23,bd49a594c57c54e97b0b13f6fab403d40a824bc822e92c8c99d6581a5f23aa53
train,trainval,staffordshire_bull_terrier_14,35,2,23,be263bf5d3f157ed866d7f0510dd4bd095c8e684851f165ed28f1417fee49e58
train,trainval,staffordshire_bull_terrier_1,35,2,23,bece7371ed637ad5fabde991793f8391cea8836e8e3b8bed81a4c39d3e390c17
train,trainval,staffordshire_bull_terrier_185,35,2,23,c2ad86625a37fa150f5e93e7819da98500e75535d8830e098df773c7060aa24d
train,trainval,staffordshire_bull_terrier_16,35,2,23,c2d799cedfe1df27629029f44c8fbfe58a219007acb3658af1b9a49f2b2c2e0b
train,trainval,staffordshire_bull_terrier_190,35,2,23,c425e4cd82b449a0fcee527c924c576bc781a2b1ef72543133e70ff9b562b6f0
train,trainval,staffordshire_bull_terrier_138,35,2,23,c43f4597477b39044d40886ecb3cd36d525e45853f317c011bff8eaecb898651
train,trainval,staffordshire_bull_terrier_169,35,2,23,cb1c784afd5a2bf4205934879692b0eca26918072764d079c087024d818cdf8a
train,trainval,staffordshire_bull_terrier_162,35,2,23,cf4b43507e6eee5b69ea43ea755d6e8002eca4fe08db7480ba12436603df5d75
train,trainval,staffordshire_bull_terrier_132,35,2,23,d1478efcb532c2a352e42fcd2d5242df0501a4751d83d255a36bb52adc33c1dd
train,trainval,staffordshire_bull_terrier_160,35,2,23,d212773612a51bcacfaaad2db743f8364ba9e7f1cd4bb67235d605f1dbf7b9c5
train,trainval,staffordshire_bull_terrier_130,35,2,23,d2d5e787cf1a3451e994326883539aacc2efeef5575d1761e0956b6519bbcf38
train,trainval,staffordshire_bull_terrier_102,35,2,23,d5d69c5194fc3f644a091131f85753a9e49cd0de1bbe97a3fe1cfec1a84454e2
train,trainval,staffordshire_bull_terrier_181,35,2,23,d8daa223703213790287606527b241efaee00442852b3982a1bf6046d50d1572
train,trainval,staffordshire_bull_terrier_121,35,2,23,d95e60b9ae9eeb71af2798c9075bc4adfc8c86468fe8711ffcc36d300b21c128
train,trainval,staffordshire_bull_terrier_125,35,2,23,db22411058335de5037208339d536100ad031e1ffafbd032cd341f5b39c09ba6
train,trainval,staffordshire_bull_terrier_129,35,2,23,de79561f1fe5e1c83bb842e5c48df996808e8cf5d5f7d35c81e34c923482ebe1
train,trainval,staffordshire_bull_terrier_13,35,2,23,df40a39973d1d2c91600d35617c612a70143e473d6f41976d5cf1dc9b21356dc
train,trainval,staffordshire_bull_terrier_101,35,2,23,e5c7e539b26f0d0e200d55733ef82a800988e309229e5bcc1b412cb344c51c9c
train,trainval,staffordshire_bull_terrier_116,35,2,23,e611948951df13e1b567b0f1ddc8d98b5526b064c30fae75ba796df0f3b96d25
train,trainval,staffordshire_bull_terrier_171,35,2,23,e68bda6b27712519d34695088ca6433db7047518b517ed4eab6a9a5c04f3227a
train,trainval,staffordshire_bull_terrier_166,35,2,23,eee9d5361302d90415601b636d40b8a9ed6ea3e34159276d0165f9b683ddec81
train,trainval,staffordshire_bull_terrier_128,35,2,23,f047f6231043ac8cc144c48ae9b42535128b3c5bd343fd8779549381beeb7e36
train,trainval,staffordshire_bull_terrier_118,35,2,23,f08e68a213ef55ca2266cf7d45a2f098377d683715e1f95d3ce25ab42aaf768e
train,trainval,staffordshire_bull_terrier_194,35,2,23,f2dbc87d5b2bac0a9fda030de1fe59c00a448f6180cc68a68be8ae2d9d06b32f
train,trainval,staffordshire_bull_terrier_168,35,2,23,f34ea022d4cabe381ff6db2b64e2c7ce5c1062fcac7eb16fa8f477c0358a7b3d
train,trainval,staffordshire_bull_terrier_110,35,2,23,f7968f8c31bb175c496104e1994aca9dc9e7145aa9867110049ad0f37bd66a5c
train,trainval,staffordshire_bull_terrier_173,35,2,23,fe7055df6d0b832be209e243589f56d5f872b319cb8b5996836cde6bc8fbc827
train,trainval,staffordshire_bull_terrier_119,35,2,23,ff377f0b27f404740d0ef727ab89f5081afe9ce30d7e272c34a1772c19898f63
train,trainval,staffordshire_bull_terrier_12,35,2,23,ff8b35e66f10631c7fa8435385e8811a5c9aab41817612775bc802308eaedbb3
train,trainval,wheaten_terrier_131,36,2,24,854e91bc56a0012c5fda48994ee73a7ba4daa956abcaaa9624822aaf23da559d
train,trainval,wheaten_terrier_165,36,2,24,8a2e70ddb498d5d125eab22d1e8348ddddd66ac964eca9d0c004561e22011c84
train,trainval,wheaten_terrier_154,36,2,24,8b51e3df6139289ad18d6b7e4258ab1cb313d3c49be5fdbd1fe9beef7b000e73
train,trainval,wheaten_terrier_126,36,2,24,8f836646134c203d2a317ae8a71f92ed9411b43ee5160c55ec7e63031cc34ced
train,trainval,wheaten_terrier_157,36,2,24,959bfe2e235f36757de4f49ba7bfd9ae5539083177206a6c65efc5d9f784ead4
train,trainval,wheaten_terrier_102,36,2,24,977139490529d47a4e013aae1534d16d118bdce06bfcac6f968551435e064579
train,trainval,wheaten_terrier_12,36,2,24,9ad18ee10c5ec95f6c8f747274726eb9b8fa33f370aa468abbb21a317a83186d
train,trainval,wheaten_terrier_159,36,2,24,9bb92678dcb39d3e6f68ecc8eaa054118c4f1d203ffb3ca7b24b0db59e0a33dd
train,trainval,wheaten_terrier_167,36,2,24,9f1e77bc1911629c5f9416f3b640db70d018ec2621aa3391ca0b03d8ebae80a0
train,trainval,wheaten_terrier_139,36,2,24,a1da86d6f76e100e07345ae2f117ecfd5335797dc26f2602618bc074fb563520
train,trainval,wheaten_terrier_175,36,2,24,a75ad1b0e5ad9e8f39f76ed0ddc4de0b8f4add59c0de9fa820db8ef9557a555e
train,trainval,wheaten_terrier_160,36,2,24,aa65dfd2a21d5cbf514def4f1d9e0e7b0ebcb7da5763e2e13d7869581e54c3d7
train,trainval,wheaten_terrier_151,36,2,24,ae69df76e06a5e1e6fcb38d6fe2e265ad5d0d79ec22524603044bb15d887739d
train,trainval,wheaten_terrier_168,36,2,24,ae7d77994692b6c559c4f98c0564a4f47a2ceaf7c1f4fb09c594eb21be3afe7a
train,trainval,wheaten_terrier_143,36,2,24,af90600b982b41136e4028716ce21f1cd7a7a0a1ffeb63cc836dc75054c75fd3
train,trainval,wheaten_terrier_147,36,2,24,b011cb277bd1647e46ec8ffa64716a511826817bd150e5b042c017a6f32d5636
train,trainval,wheaten_terrier_11,36,2,24,b204dd30bdd84a31f63efe2d2bc5ca4e83efd3e804a09f18e3642d8d5e6db248
train,trainval,wheaten_terrier_152,36,2,24,b2749d7b553ad7552437f841f1caadbf337f3022183bfa2f91b57a867912d4c7
train,trainval,wheaten_terrier_141,36,2,24,b44ddb5e891431a434ef9bab0bdd30ec5f794051ef19d5f0ae020692623caccb
train,trainval,wheaten_terrier_113,36,2,24,b6d6b12b09d769b85242889c053881634abe8a55312781be7fbb9d20d83c3948
train,trainval,wheaten_terrier_122,36,2,24,b8372c3a812839053acd03146b1ebcf89e19f3a20f510c520befa835421bd13b
train,trainval,wheaten_terrier_124,36,2,24,bad889268b82ba0d6038b532f71943e85177b27170c579e31afc8e91320d29e0
train,trainval,wheaten_terrier_130,36,2,24,bc7dbaba38f46f64e56239e797abcfc169175dc754e5ee89f576328ee7fc0752
train,trainval,wheaten_terrier_145,36,2,24,bca18ec3c42e90b98d717c3f081356e98f9a36bb7c9445cd2c1217bc3d241fb0
train,trainval,wheaten_terrier_106,36,2,24,bcc9a11425cdadbe1479b04712db9e53b7ece9a7bca81082d8385f6ceb7f34d7
train,trainval,wheaten_terrier_173,36,2,24,be4daf786ffe0ec07f1a7722a8fa555db8a366f7daf2c395678d5f2a9695706a
train,trainval,wheaten_terrier_111,36,2,24,bfde3c4d63ee9961a506ecec03b8c0b94b8d02556f8051d5a50d2f3ea97cf953
train,trainval,wheaten_terrier_184,36,2,24,c1ba7f1563626c34dc649496544eb7e47e9a9571de057100b47bea9a44bf431a
train,trainval,wheaten_terrier_180,36,2,24,c902093d441dd228db265890fbcbf879f044f85b0bf58dee3c55f60170044a52
train,trainval,wheaten_terrier_108,36,2,24,cabd136b68688046b77ff08b3d8da6c8881703baebaabd331fff70529e72e2da
train,trainval,wheaten_terrier_162,36,2,24,cdc100450b7a603b9172c4ba2445dd8d89a86ac07130ac9668f014420e3d206f
train,trainval,wheaten_terrier_172,36,2,24,cf8152ab36bf1721904d381939f93a442993718ce21541473b31824a3cb7e32f
train,trainval,wheaten_terrier_174,36,2,24,d1b7c659ca28ec328f60784f80410f5f4defe9e8cb0f7680aafb9c6bc418484c
train,trainval,wheaten_terrier_178,36,2,24,d297badd78ecd18b603c17da59c41b77346f60a7ea9ff4779b2987a8c89c233a
train,trainval,wheaten_terrier_103,36,2,24,d35184615c65f23e64c23b1950e74a10d257faeb12ae0d8d8101b78255e0f325
train,trainval,wheaten_terrier_163,36,2,24,e572e9505acb5bae8f18fa368deb148f0dc9109eaaceec35d25221c4d3682ae2
train,trainval,wheaten_terrier_117,36,2,24,e6063085dfd1f242f6eb62a372b13c64be1e57abb4b5ceb03135b2e9dd6741f2
train,trainval,wheaten_terrier_125,36,2,24,e6866a0365be148cedebd3cc27b5eed13bf6a5525960ca9ceae98ef2b05db6d9
train,trainval,wheaten_terrier_133,36,2,24,eb43adaa9129810552ab91691f1b1ed9afaf047380971a26fb914840d5c2cb35
train,trainval,wheaten_terrier_120,36,2,24,efcd15618d8ff0b9eb4c65be884b653132fbe03c386ccc91113718efb1441c0d
train,trainval,wheaten_terrier_181,36,2,24,f14ce9e66ae38b37768f38e4bd557786441a8d8b4b7b06f2ddee4c5cf498b42a
train,trainval,wheaten_terrier_187,36,2,24,f362f4bda84c8c677660ee28086baf9f3421556bac54aed9762277ccdab32109
train,trainval,wheaten_terrier_161,36,2,24,f46a03268c8881e0801aa0f052bc34b8015cf7e38cbc7929a33e1abdf23dab26
train,trainval,wheaten_terrier_190,36,2,24,f4dfb4b88f16f71682643dbab7983aebd8fbc9ca6b146c74088b2a50b868a83d
train,trainval,wheaten_terrier_189,36,2,24,f5c29031f0edcaadf8659a6086a08ec3921dc579b59c04be0f41a034b002bd9c
train,trainval,wheaten_terrier_136,36,2,24,f76f726052e74a4bb94ad59f4a230577cc5925fab00f7fac6ab149259aa40639
train,trainval,wheaten_terrier_132,36,2,24,f8f40fcd502339f7a097495b072bacb392fb6cda8103e82cc79b7a88dc8c7e6b
train,trainval,wheaten_terrier_182,36,2,24,fad0c36babdd0fd1984882315d0ed976017cfe4bdcc940bf57521abc71c5c185
train,trainval,wheaten_terrier_156,36,2,24,fc9a948464822b099750b151da091d8668eb64898ef9e8c9a02fc47565993683
train,trainval,wheaten_terrier_135,36,2,24,fef081a51a6faad023aeef290a89d259e60fe194391fa321311fb2989caefcd2
train,trainval,yorkshire_terrier_169,37,2,25,71156ef9dcffa2e34957ea6d7c5331be7e439ba51baf6c63caf84a7a4540374c
train,trainval,yorkshire_terrier_156,37,2,25,716e036b4b5b9488156573c2c7737070532ba8232619e63e51c5389b775e5f78
train,trainval,yorkshire_terrier_164,37,2,25,7256b41ad93ce2047d05c22c2ac10092826f5219d77872e167e48899b19ab4a8
train,trainval,yorkshire_terrier_149,37,2,25,76f622a5a85e73bd055aab3739c4b09ecc6e38d345af4a6241b15a698735f074
train,trainval,yorkshire_terrier_162,37,2,25,77f0c335c69a08a67a64fc378f4ffeba9343c3008f1878430bef517df3c25ac9
train,trainval,yorkshire_terrier_114,37,2,25,7b02108492c0c110d081fedd7f8563d711732935b67b7a5ae9ab9308b66f775f
train,trainval,yorkshire_terrier_132,37,2,25,7cb509d57a8b3582a09606bf55df87df5d6a919aa08c19d01f7aa023da09e507
train,trainval,yorkshire_terrier_103,37,2,25,7e471cbbfa030592a315f94aeffabf6c6a7f692d26f69472e6118c7eedd5fdb3
train,trainval,yorkshire_terrier_109,37,2,25,82697101847df2c80a19c78e43424591d327ebc4fb67e9b1707c06d6eb8ea0c4
train,trainval,yorkshire_terrier_118,37,2,25,82c54288e8bbc72f37af6bffd3b992e0e75d3dc9f3763c414150db3138c13811
train,trainval,yorkshire_terrier_173,37,2,25,855152e36dac464774a7f6a4b5c41971ec418cbf0574e5e83d2bcdcb0f2db032
train,trainval,yorkshire_terrier_187,37,2,25,85acf591cac6298cd0926dcb02033633961ea250f9ee821f7219d9898a72d097
train,trainval,yorkshire_terrier_183,37,2,25,869d840e13c1078497a6d7077e1ec7cbff1f47af7837a4e56379e2d22316ac79
train,trainval,yorkshire_terrier_159,37,2,25,87d290357f3f1c544a2746d239e491612ed9c2be210c2671e38c1c97b2ae5ac3
train,trainval,yorkshire_terrier_11,37,2,25,8b8faca1455b30a1ca9f88ec24ddb7fd99186b53cdfe1f0229f74823c7500de8
train,trainval,yorkshire_terrier_123,37,2,25,8c829115e8b234770e9f8503b2b5200bba86580a89f9b4fd3a7db72a649fa595
train,trainval,yorkshire_terrier_141,37,2,25,8dc0eb84d4eaf21199e9d98f53e85473cec5734b1e360b0222f65cba736340f3
train,trainval,yorkshire_terrier_179,37,2,25,96a03db801b77a8133fccb3c48dc3e47a19fa747d63bbf849b62693a2ea79914
train,trainval,yorkshire_terrier_150,37,2,25,982d6a4d779404e328cd1ee41279937c2018e062dcd3c68ef39aad0df801bd69
train,trainval,yorkshire_terrier_171,37,2,25,995caca622646573798d027eeba525a7364a6a571f8c1673b72df9487b441909
train,trainval,yorkshire_terrier_180,37,2,25,99a96ad98ece1c4b875bbb1a0ee3197d3725a67fcbe9d8f58aaba54e12b36674
train,trainval,yorkshire_terrier_190,37,2,25,a302bcb19d28fd0eb777b4189d20ef4b54202c792b1b4e12a0470892fda3266d
train,trainval,yorkshire_terrier_116,37,2,25,a4d08f232610591cda548113d9921f292c33b32f392bd043b83c4f7dbe8457db
train,trainval,yorkshire_terrier_133,37,2,25,ad156f08c3fbc765bf900333c5f82ab414d41db89cba27da2c533c1b766510c5
train,trainval,yorkshire_terrier_131,37,2,25,ae734bd5d8b867d7f723c4222da8362f5aafd628e8dbca72812d83e600a69ec0
train,trainval,yorkshire_terrier_14,37,2,25,b1c2cdb85234981e2eae3f409c3ecbdf1553dd74d7567d65416df44e272453ed
train,trainval,yorkshire_terrier_152,37,2,25,b5a8b4cb3df8a60afd6fbe57fcbe670ec93c7d3f25f37fab3a806e3686f40792
train,trainval,yorkshire_terrier_110,37,2,25,b7d1d658299c56c5a804d75afea497ca40f90d42e2cc5fbd7c0601f1f2ade59e
train,trainval,yorkshire_terrier_161,37,2,25,ba7e45da493b32091113f3953f00b1a24b4662663d0b023bc5e185061534de84
train,trainval,yorkshire_terrier_146,37,2,25,babc16b7ae7c3cb23c1c831b9421c935e4a5598883e549b4a7b29b1e25afb06e
train,trainval,yorkshire_terrier_155,37,2,25,bbcffbb90c5011b9bcda0d6c8491836496bc2c209963e848e75e664a84ca8da3
train,trainval,yorkshire_terrier_163,37,2,25,bc77d846e99c37a31c48175bd9a59eeb5e994616e8af14cc1f90d0a02d53ffb9
train,trainval,yorkshire_terrier_121,37,2,25,c02d132dbe1712970026720ce13041d501e5e9eb8e19e9178736febfe0ca8ebb
train,trainval,yorkshire_terrier_135,37,2,25,c08e9466c5f1ab3df729e2be5db7aac860a7cdbea480089a0f3c5165d4fcc58b
train,trainval,yorkshire_terrier_129,37,2,25,c1d8d1559f42e2a0ed56a1ebd6ed17469a8ad44ccb41763e188273810429ee23
train,trainval,yorkshire_terrier_13,37,2,25,c1ff3e85e686e8cbbd90426fb4d696b7ab4377491a537fc0bb50e4218d6a32c2
train,trainval,yorkshire_terrier_115,37,2,25,c2432545439b152c5dbd40ddcc6b2186c7cc94dcd8eecc393182fea10811fed2
train,trainval,yorkshire_terrier_125,37,2,25,c2682a4862d90cf02157539093b0e329e684ef284edba7441662ecd27dd9a709
train,trainval,yorkshire_terrier_166,37,2,25,c2a4b3eb6620aa775bc4d7541b4041a0ecc339f75e0a14a2433953f416b2c105
train,trainval,yorkshire_terrier_186,37,2,25,c86c748c09c15879f2078abab702baad66f6688b09c59fea509f5f1b599377aa
train,trainval,yorkshire_terrier_178,37,2,25,d199532a9ab0c6ba815bd695233e7ff4158ee12038265c394b197f14efb45329
train,trainval,yorkshire_terrier_122,37,2,25,d24bebaf97bd5613f49fd51126608180c0ab8c1fa682b68997174d01072e31ba
train,trainval,yorkshire_terrier_18,37,2,25,df9e9e0c1d33c2a45636cad22757ab15acaa3c935c9533505c9df2d5a456f40a
train,trainval,yorkshire_terrier_151,37,2,25,e6bd4d7cca1bc7afe708cc2b62ec28216bccb4d5e1622f64d12f36083097afce
train,trainval,yorkshire_terrier_184,37,2,25,e7009b2e4db0ee9098cfcbc8c888f22a292e043e148008c41838e5289fe60e71
train,trainval,yorkshire_terrier_10,37,2,25,ef185214d68079e4a7d14c35a6ea02102db015872ba609ff7e9189cd5ce3c78a
train,trainval,yorkshire_terrier_182,37,2,25,f2d3683123968a894464923c68cae0c26099f28999bf8c22675cdb5fa4994697
train,trainval,yorkshire_terrier_124,37,2,25,f92dad135e9b86c3b2b604808c4b1523fbefe61258e183830b2bde5d97a209e1
train,trainval,yorkshire_terrier_120,37,2,25,fc78aeae78fbd99fcb20068402e0ec259e789988a64f09c3e70cbab54dbefde4
train,trainval,yorkshire_terrier_145,37,2,25,fe4dce95d8c6d1a86e5f31e7d5787370e883347ce24ae51e4e356664a7814cbb
val,trainval,Abyssinian_156,1,1,1,05a9ee2d059b2c1c452a5498028ac25d7df124871f9d9f9834b2ca84679ef10a
val,trainval,Abyssinian_166,1,1,1,0623a393ce140b3befbd8da442574cad9beea055b5651bbf6e60ee5701546620
val,trainval,Abyssinian_131,1,1,1,0718ad4c8da1413f9708aec3adc42594f6b3c30c361e6b0d893f339282da8ac8
val,trainval,Abyssinian_193,1,1,1,098af7b882d569878cfaf30d45b22ca32357f7d4e801f5c8d1b7800e7f0bb77f
val,trainval,Abyssinian_152,1,1,1,0a3b9d7f2c76b1ffa6f66ced6e7f8b19708ce64f7006cfad3b580341e0002713
val,trainval,Abyssinian_135,1,1,1,0c9165d9f123ed6ca5280b635f3056381a3dd929204bc457513d8e265a05912a
val,trainval,Abyssinian_127,1,1,1,0f7a3d6243af0012a072a453d94215d4a42b3cf69f5f9df4a27348ecb5ab0de6
val,trainval,Abyssinian_165,1,1,1,0f85d12b5efc2565ec0f5a8fe8ce0c1ba49eda0ee3e07dea53026a7a0364f6d2
val,trainval,Abyssinian_168,1,1,1,105e002ca4dfa4a7dc8c6e3307874f7ff2d0bd52c1d7569962644c57b34151a6
val,trainval,Abyssinian_108,1,1,1,151a88ae0ecf4f733aef57b126b49da6d708575ffb04e8415f75cd79434369fa
val,trainval,Abyssinian_173,1,1,1,198ee09b785039789c9351f0d2fc6f888290717a0db34488c40edc423c12d4bb
val,trainval,Abyssinian_154,1,1,1,1e461c2f86cf1b7a497dfdbc12f12624dbfb6718521a8ac32251e3db0fb9a82e
val,trainval,Abyssinian_155,1,1,1,201f2a917435aaca49ff883a00447eeb8732985c85161b648abbf468ed7b240a
val,trainval,Abyssinian_120,1,1,1,24661fb8889024c7d7a9dc1f9fe6288517992c4fbf6d33b1664fb578f674789a
val,trainval,Abyssinian_115,1,1,1,24b3af7d15a026a177319aa613a04d3023a3d81c150af3d29bbfec04fb02244d
val,trainval,Abyssinian_118,1,1,1,251bb3947bd7b103172da7c041903fbfc9bbc841ba0fbc29777dce4e9df53e50
val,trainval,Abyssinian_169,1,1,1,258699aa6750413808d0b24737407b6c183190f6b42b9abe61415772ec637869
val,trainval,Abyssinian_114,1,1,1,26921131e16fed79dae4da13059c248683e52173202d93dc7932c4ce8009c8af
val,trainval,Abyssinian_14,1,1,1,281cb1ab73322ef5c22f51648d21cd25da53601a57ef04ca937e0c4f2e0bba6e
val,trainval,Abyssinian_140,1,1,1,3394b95f28660d46c380000000130b82026f168cd36de64819b2d4fe4e44f221
val,trainval,Abyssinian_196,1,1,1,34432f19d1e52d0e625fedfe01cbd1e0432e03f961f649320712ff1a4af0856b
val,trainval,Abyssinian_175,1,1,1,3998c3c52286fa0b0a56c38b6b78c9dd8faa9359c262da5a4dd5c9262b921e91
val,trainval,Abyssinian_197,1,1,1,3a04ccd58e418fe76f49f255f237bf964b8b553a492d398a8a7010a9a8979fb6
val,trainval,Abyssinian_17,1,1,1,3d719a3a9c048d286e3cc91021370418792361ce483ae1c0bdeae3e5840ddcea
val,trainval,Abyssinian_112,1,1,1,43cd8934390b7aa84443039be063f53f1bae3c60e6e1115395870e8905828f14
val,trainval,Abyssinian_15,1,1,1,45b09cf2132a57efa50ede43aa1b319a21a6d164aecdee7a980fc61d6edc818d
val,trainval,Abyssinian_191,1,1,1,4fe44d93991de6165a9ae170c0986e86a1993d83cb6a6541f3af7c722987d558
val,trainval,Abyssinian_157,1,1,1,50a651e83fc603b4e25891b20978fc742d81beca688acce55f180221f635641c
val,trainval,Abyssinian_177,1,1,1,516b6272f7872817dd58ea15b899f9acb9c18e6e05ba403639691dcb146fb32a
val,trainval,Abyssinian_119,1,1,1,52cd84e76ee69bf70d040b196a67dacdccd22ce3d4d41b083093d6d084b8b3cd
val,trainval,Abyssinian_184,1,1,1,5330b9bac944f2e7f5483daa60f7f5671e936a734799d1c4210d90453ac06e61
val,trainval,Abyssinian_153,1,1,1,558d0c3ec948d813c0328ebb05950a86a889a9b9a0af572b9cab0464425561e8
val,trainval,Abyssinian_121,1,1,1,5595ea020b7eb5f4ae17b63d02dd65a6c02a3a6f9a7c487d8595053d586a5c2b
val,trainval,Abyssinian_183,1,1,1,5632a1a15bc0271c9b547939c28c6d5abe71b83379d3f82189027976d885abbe
val,trainval,Abyssinian_107,1,1,1,5722d2c28fa81613b872abd7d9fa8b2d5d3c1fda171aadf458dc2aa4f867deaf
val,trainval,Abyssinian_100,1,1,1,59ae546acc08cc3c6fa471fe4f39dcd9120ec19aebb4c27e83d12ca1554ad726
val,trainval,Abyssinian_111,1,1,1,5a24e65b46fbdac0737f4b60a92379fd44bf70e4034a4d9da1fe4c14aaef3efd
val,trainval,Abyssinian_104,1,1,1,5b624803bde60392235fee10b70b0ac1348325fcddb666aa1aa3d7f68ca9bba7
val,trainval,Abyssinian_102,1,1,1,5dd117ddf3100b1f4abc1d54537d1c6dfa80a5f76f09ec93c8d4469502b8ebf1
val,trainval,Abyssinian_185,1,1,1,6154f1425c99a81db2f1d76a04fad797db68d72891603a7cd23460d603312fbc
val,trainval,Abyssinian_144,1,1,1,6198d592d22d9cf3ab35b6a272a45339495d30c5b0a5072d2f1e8786ebff6452
val,trainval,Abyssinian_122,1,1,1,63a0dcccd8e28d203c1d357056d4094c0a0e5769539bad22ee3a71c7cf3ca57d
val,trainval,Abyssinian_178,1,1,1,6522b5fa0914cf5516c1d3d4d48aca0a0b806296fb78b9c80987eea7ec77aa8a
val,trainval,Abyssinian_174,1,1,1,65e2167a0c2657881ecc635ed7d5eac2dd5161bec12b2db4ed5ce485088db5b4
val,trainval,Abyssinian_142,1,1,1,6daadd67cc285971937ea817ef88991089e2a6c5cbe4bf6210f247168ff83a41
val,trainval,Abyssinian_137,1,1,1,70b12584e38a977cda9679074d608240c087614cc10ac01d703ac7cb476553ca
val,trainval,Abyssinian_132,1,1,1,7237cfe62025ed851ea010b4927ca4b20d362f78f53e9a79b11db64e165da594
val,trainval,Abyssinian_141,1,1,1,74ec1607ac7cc7b2f3218986e14fb659d9e4ec62fd60c58160918a5d3f357bcc
val,trainval,Abyssinian_161,1,1,1,763d637d016ffdc24c39d7fad0c2d5f6414b0860daadfb0bde0836c7bd654890
val,trainval,Abyssinian_103,1,1,1,780e2f8b512f748065515f318721c5e5beb7dc178a420997e8e15a6b781557da
val,trainval,american_bulldog_123,2,2,1,0249595bd4f672a2520c2594c564fb26922a581932c702ee397c4508e4fa99e3
val,trainval,american_bulldog_172,2,2,1,0319b73a42ea2f067cfc640417e133f1f58ef6cf7a87eee79c4f21d153cea1a9
val,trainval,american_bulldog_115,2,2,1,04dfe22f370f51af63b43f22188947a21df024144febb5463859c95817ecc97b
val,trainval,american_bulldog_124,2,2,1,074316d44f3c1c243c22b11230fbd8806f12dc21c62ff96646db56005fc8c01b
val,trainval,american_bulldog_161,2,2,1,0aa502088d01aa84730f4b20589c8ed186ee12bc5b48013d46f78150dd761a1d
val,trainval,american_bulldog_109,2,2,1,0b50683b1ab45fb99f99b48d36199a1b9d50032761604998cfd5f8c4393d6d63
val,trainval,american_bulldog_100,2,2,1,15febac92dc051783056bc3a84e135d67f046a51674e82c90605c98ffef4b10e
val,trainval,american_bulldog_141,2,2,1,165ceb507a0e537b35ad3b70859462b2e8049ac262bcb9368a10804ed1b2c2ce
val,trainval,american_bulldog_182,2,2,1,1762bfced4a8566725f911c1c35f75ae1ec53a70016293d57ee397c67d3ba44e
val,trainval,american_bulldog_187,2,2,1,1a4f0a1af1974ea07015eace47f9c157800bc1a93d7e8b385463a92b20da0eee
val,trainval,american_bulldog_16,2,2,1,1e7a4cc0c0b34495a1c97abc181e7b9622bbeb5cf5edea96094dabc446f566f9
val,trainval,american_bulldog_186,2,2,1,1ecb3406d17313742c81dd2f4a744bd6e7e0763eca7d480f685086c0c411f07a
val,trainval,american_bulldog_107,2,2,1,1f08f09116c2c714bb4de8a32f9c2dc4d7fbf1263fed9a2edee0eeb5b69781cb
val,trainval,american_bulldog_151,2,2,1,2119a9510b4bac54e193a2d1d045c56e81bb096fdd0c3bc44f7ba37bc2be131f
val,trainval,american_bulldog_138,2,2,1,22c484c4ddc3e4d002ee46826fac64a7dcce1963181d36a078586324c2efae1d
val,trainval,american_bulldog_122,2,2,1,286d03820caccf7de49e2ee6ad315ccc2f8136e373216807243a9eaf51a6bc3e
val,trainval,american_bulldog_140,2,2,1,2dc7e6c56ec6b566aa40936a4ff68aad2bea5e5a6b220be7e48c0e496a048d49
val,trainval,american_bulldog_14,2,2,1,314fe0c666337390b6591fd03b11ab40c8948271f810e2bb462b2ed1f7cf244e
val,trainval,american_bulldog_173,2,2,1,3157e2ce3ff486ec521b026c11714bf75ab0fbb51e1f78e8921298a74186f1f6
val,trainval,american_bulldog_103,2,2,1,3191012ab87af73c132e148436fd43506ecec1b4e3f7115c29c97f090b39f970
val,trainval,american_bulldog_198,2,2,1,34e02e0f1c3f72bcb9f72811970762863f4bea5342f9841837dc89083b345121
val,trainval,american_bulldog_143,2,2,1,377bdde86f44a4887f8f46ee4bc471abffa465436a4998230bf0b030eca5915e
val,trainval,american_bulldog_193,2,2,1,39f02e5e380941a9cb82b19150bdc21c3bff0e9242d285e2d1efe7bd10bd2930
val,trainval,american_bulldog_132,2,2,1,422a3cf172a95e2ed3c1f90ef7369885774cd3a45a573c5335f8144da516f3fc
val,trainval,american_bulldog_158,2,2,1,44a040da340ddeb9787b86654553c61b935f0c9c61e53caeec786d169a627b9a
val,trainval,american_bulldog_119,2,2,1,460f6c4fe70e1954c0245f30271d0960c3aeedd52f77028d77c669cc73d456cb
val,trainval,american_bulldog_134,2,2,1,46ef76bbb256988e1e61a497cccf514f2a2c4847fdf8de380b6f9bc71a201383
val,trainval,american_bulldog_136,2,2,1,4729852e1943b82a266407536c6b62e524f4cf25b27e5fb444780536851eb64e
val,trainval,american_bulldog_19,2,2,1,486d94f69399695e0033aa3de0ab5b16a7ec6aef06f849b2d2e39d0116688a76
val,trainval,american_bulldog_11,2,2,1,4c1e58ee095d81a9b4e4efba27133b5bce66972797cdb06b35257f2eff870d02
val,trainval,american_bulldog_188,2,2,1,4ce4277bf0aa131f7eb81d41c1278443eece5489811590665fcbce6ea8355fb0
val,trainval,american_bulldog_153,2,2,1,5290e147a3ae8d8176b011b2a75e77aeb5bf22bffbe589b0de612f1fb4c8d5ab
val,trainval,american_bulldog_137,2,2,1,5835f3329fe250297f3ebb3f3a161ef1421393bbc0276a70dec9fe603566497f
val,trainval,american_bulldog_131,2,2,1,5fdae82668ebe593597dbe37bddca67f97c7cfa58713aae5f00d9ae474108ff2
val,trainval,american_bulldog_116,2,2,1,60954e3cc132b313bfc2468167b05cfa2f8471df0c2a68cdeb1332037877ef9e
val,trainval,american_bulldog_104,2,2,1,64263f22005810bdba87430450cc46406cc76e093f77c1759b6a13eabb0a79e7
val,trainval,american_bulldog_105,2,2,1,669b4348b4cdeaa2b5e13781fa9a0063eee6530f6557a96b893a5768b6eb40e8
val,trainval,american_bulldog_169,2,2,1,6702d8fc0ecddbe9e427cf241da9a32c6d015eb1cc0c3e3d2b21ae27a6597231
val,trainval,american_bulldog_150,2,2,1,69a7f5955951eeac6487283f300a55594e779d4f08ee472dfa3f9eaa666ef9c7
val,trainval,american_bulldog_171,2,2,1,6d46913bd21289ba9e20bf00a5ea2c06b409979b0bf3488b23b86356b0006835
val,trainval,american_bulldog_191,2,2,1,6d4a892aaf97e9c9487430d5eabf537ce42bbe164dd12698f8a015e959b7bb92
val,trainval,american_bulldog_181,2,2,1,72748e4169dec32c06c8a493761ae6b7aff9317156a2b471f86c1c91b3b8f00c
val,trainval,american_bulldog_18,2,2,1,733c48f3b857ed829089f24c17bd65a31a0f910dd90201d9ab38f8fae1846eeb
val,trainval,american_bulldog_176,2,2,1,743d4764f03392fbf2999e10d23a8e45da280f72a313085de26019ff19ad6b24
val,trainval,american_bulldog_190,2,2,1,76c5aa966c62e4fb0acd804bc0c5ad19d20e70c1bf3ff495c1ca9e647e9043b3
val,trainval,american_bulldog_167,2,2,1,76f265b78b2684f63314d8b3b3466bb0a92b8e40a4103980558c6b23d6fbef43
val,trainval,american_bulldog_185,2,2,1,77ecab5cd95751454ff39b04764b048fa0330aef5a622712585f6654de4e9827
val,trainval,american_bulldog_126,2,2,1,79681235fa9d2aed18e5648fd04904c08c21f7ab3962f4e664be0970f90c5c5e
val,trainval,american_bulldog_202,2,2,1,79d6e03122d2fa77d84170a0a18648f20bb9b55c7d5a99890b432507a07b2974
val,trainval,american_bulldog_130,2,2,1,82c25ddc5eee4073ac9618a33de44f0bb85c943258fb7a0622db42c87b2f6a68
val,trainval,american_pit_bull_terrier_110,3,2,2,02d27657f130ab081ae3b0e254242ccb06b8e0b075a878b912eff3a02012a11d
val,trainval,american_pit_bull_terrier_159,3,2,2,0a5a98f7a7673b6545c5df13d91d3dad10e0352d9763c35285032cb733aa4f7f
val,trainval,american_pit_bull_terrier_163,3,2,2,0afcf9558735dd9822704ea52df17b656af397e72a4fa7d9a572fe62039c7737
val,trainval,american_pit_bull_terrier_11,3,2,2,11fd9979525d490198c2e5c29152a42a166a05af90a0fb379320eb84bc85fc39
val,trainval,american_pit_bull_terrier_104,3,2,2,12b16765860ad0e9a2ba5bbfb59ab630171fba2e1270f3b938b44ed50c9cb85f
val,trainval,american_pit_bull_terrier_125,3,2,2,15553f308667cc2afa89f1d1b294e9e9915b7edb2a3818be8256bc11a69a81ed
val,trainval,american_pit_bull_terrier_145,3,2,2,1557ae9bf66f5fa6255421c7def8d8bad473266234bf08ed243082c77304b87e
val,trainval,american_pit_bull_terrier_165,3,2,2,166318eb77a36f5c0d731f9a02ea2119d7e21c69365bb9769c371027d0c2575d
val,trainval,american_pit_bull_terrier_102,3,2,2,17e41efa60028f404dc6f3b1099dd60945d8f77dd5d6c9409dd088e30f572d9c
val,trainval,american_pit_bull_terrier_146,3,2,2,1e3280bb1ac79dd06c855d368770e87c0f98b9851c4a17a3bf5ab4683ef5d0e9
val,trainval,american_pit_bull_terrier_135,3,2,2,20f767544ab91ca85d0a989ca7c5ee4814603ea53529481e693d0480c60f20b7
val,trainval,american_pit_bull_terrier_189,3,2,2,268af382e40e29ae5d4e5312c690e045f3ab1e84ee1c741e9d2e7a4e87e3a6d0
val,trainval,american_pit_bull_terrier_152,3,2,2,2753b80fedb31b02c47ea13920904200aa7c7afe73d071018e782c4efa990c14
val,trainval,american_pit_bull_terrier_14,3,2,2,2b1ff6f0e3769835c1f5b992ab40827cdc80c43cab07a1ab3aa80f500731d228
val,trainval,american_pit_bull_terrier_179,3,2,2,2e5588bb952f31df84574b8f9422b988cd80a639659ab804f674195377dc5e1a
val,trainval,american_pit_bull_terrier_141,3,2,2,361296ea33233158f1f73244f1e2a7db8d150135b324a20e48261325dd386549
val,trainval,american_pit_bull_terrier_190,3,2,2,36359e977dabe232ae83421188a43d9696f711060b2f862d205894a5c6b0f5ac
val,trainval,american_pit_bull_terrier_180,3,2,2,3897c2c1a64ab1db83bbd9082c7ca56d548fb25eb2bb841bc3efd3ca69dc3ce8
val,trainval,american_pit_bull_terrier_120,3,2,2,389eab02101252accc70709c8fbec5565591dc4973550f5ed1a43d16968ce9a6
val,trainval,american_pit_bull_terrier_162,3,2,2,3baf255fc18e376a403c30ac48465879fe220e93039854416cbdefa120007bc1
val,trainval,american_pit_bull_terrier_109,3,2,2,42ed2fd326d507a18f1238b57105dcd4f45097e1decbe37faca6c0063f425b2f
val,trainval,american_pit_bull_terrier_138,3,2,2,462ad317f1c3f69347896ea8c4a11fcc08980c8e5c1bbd78c08f1adf1e1ca907
val,trainval,american_pit_bull_terrier_17,3,2,2,47ef1773d86ff4db42caa2fbb5baa486e2d9bbb9cccc6a11b8167d88b529d359
val,trainval,american_pit_bull_terrier_186,3,2,2,48509e751c253b15672e93a6e6c714f8aae2be7c9b5ce564d7d06a36c67fab3e
val,trainval,american_pit_bull_terrier_175,3,2,2,4ae61e68c92f17ca512dc3e03a10ffc0574122da9d9b0638058c8ac8391ccd2a
val,trainval,american_pit_bull_terrier_154,3,2,2,4b84ba473233e98ab954d10eb8bdf767dcb2d2e51d6a0ba603f551b78e1e98d8
val,trainval,american_pit_bull_terrier_176,3,2,2,4dc80679e4b11471259a5755c0f2a6639b68a32e4f2b8e5279a1e30630bc175e
val,trainval,american_pit_bull_terrier_128,3,2,2,51b5b8d4e490cdd4b777eed2e846d1688d8e946debec1d1f9c5026b112e4f4bf
val,trainval,american_pit_bull_terrier_130,3,2,2,5ca701733c6afe31b726dbd72006827838a70ca5eb72f796179ff75830176ecc
val,trainval,american_pit_bull_terrier_111,3,2,2,5f8626de57ab2cac34e0a1af44d2ff9c163cb7b026467398f7cbacfafb528172
val,trainval,american_pit_bull_terrier_174,3,2,2,614630e1a8a82c808c117eea9a3259070ba29d859896004fc308be8180198ebd
val,trainval,american_pit_bull_terrier_166,3,2,2,6181192d1eea70693763e3a61859d7dedc83e16c7bc63e98a7c9cc5507282833
val,trainval,american_pit_bull_terrier_100,3,2,2,646a171809249c6f088218b406599857997c4ee282b28b02c995fa27c8514d79
val,trainval,american_pit_bull_terrier_131,3,2,2,6928a213700e63dd8704090c67c734bf830c0661928dd21e7cc61ea6abc31cc1
val,trainval,american_pit_bull_terrier_129,3,2,2,6df6527afb556889d17c432f8ef7133e06829463a33959d5d8a36726bba9c051
val,trainval,american_pit_bull_terrier_127,3,2,2,6dfa9935cda3126321f8bb73acf0a6e2424b60bdf131d3d38af4a21648a2ff3d
val,trainval,american_pit_bull_terrier_123,3,2,2,75b585f9da07ceb8350b0be2f1ae68f89e4a51b9b19e88cbb0cbaf8afed926c5
val,trainval,american_pit_bull_terrier_133,3,2,2,77f6ff538a18799b168adc7be19ca63ac2cbe8f4ff01accd81c52c532d73ebdd
val,trainval,american_pit_bull_terrier_164,3,2,2,7f54fc60436de8f2f6f7d9299f64f6a9d42f14554e5b144ba96a0261800eabea
val,trainval,american_pit_bull_terrier_188,3,2,2,8085dec991e67400ad40d5b138b1260610237d8db5a6967a755fe003f700bef8
val,trainval,american_pit_bull_terrier_121,3,2,2,80eb1ad417cbd25288e4554639bf4027f536092eac45978bd8c7a75e1d1d1c4d
val,trainval,american_pit_bull_terrier_158,3,2,2,82e1135a735458374e6e133a649316daccc67dbb59dbc416eb457aecd5aa8ccf
val,trainval,american_pit_bull_terrier_172,3,2,2,82fa66d96befc5a00cd9acd2809e9dfa51de46a7dc8867f32c6027e98faa194d
val,trainval,american_pit_bull_terrier_183,3,2,2,86e42ea30a15fa7586e154d5c72ab865675a2de3927b4d1fd70ee3e195a474ff
val,trainval,american_pit_bull_terrier_103,3,2,2,875fc1226a8988b05e79119f55e493baa9d407e7f62f0422946bbe578d29dde4
val,trainval,american_pit_bull_terrier_157,3,2,2,880d12aafe1ed55fa9804e0a1b619b145089036089cbfac2ae559af8924986f6
val,trainval,american_pit_bull_terrier_185,3,2,2,89bea42ac5ae283520186b25a899605726f5a822787fd7f67380dff9702017b4
val,trainval,american_pit_bull_terrier_132,3,2,2,8adeca6938197c2d995bd83fbed989bcca62e59999ec56213bf30d59f87d7636
val,trainval,american_pit_bull_terrier_140,3,2,2,8b1c1edaa02b76ca5056e26a35b22e291bc7b778b0f5abb7d592baa1d21a6ef0
val,trainval,american_pit_bull_terrier_181,3,2,2,8fbb86e0ef6042d5c93b31747ee8721ca379dca5f174d6d5c99fa3a821843d17
val,trainval,basset_hound_189,4,2,3,00030d697d8590a3a5cde7046a3e412cb1d73953abdac2802f31e6420186ba0b
val,trainval,basset_hound_136,4,2,3,083902e401f3c03c949d5fb372d3dd850797e06eb227d640af828687b0b4b966
val,trainval,basset_hound_116,4,2,3,08bd5e9448d7cf2282f9a4689f84fb7cc92dcdfdf340ad7e86ac65cc075250eb
val,trainval,basset_hound_173,4,2,3,09d5b0915d4db052fbd941bdc87b9ab737f9cad0b90fec244a5dcb9a4d0e9c09
val,trainval,basset_hound_104,4,2,3,0bffc2828714952eabcb1ae4df6ccc9b84a45bc68397fd68077a4974d6288704
val,trainval,basset_hound_15,4,2,3,110d1634442ce4522700e8d5fb77c030ec22fd9b67fe7d42003325758bac6d5a
val,trainval,basset_hound_161,4,2,3,1191280aa558f6d1ebdec9296334baf55b93d399e8df7feed78888f6e9407ad8
val,trainval,basset_hound_168,4,2,3,1563b198f35221d748e01ea90a8508c094465381541c0d9867b5155e10f42d90
val,trainval,basset_hound_163,4,2,3,157d2ef6a01e34463dd3d4f8be9150f49adf85cba940cc76648153bcf6627b75
val,trainval,basset_hound_17,4,2,3,195398112839c890eb22c3154745b60ed93c990557b478ea56b8e770f404484a
val,trainval,basset_hound_172,4,2,3,1b40a579a74d0ade0ec1e01b944dd89b9249851462edbd8766290ba57be642e7
val,trainval,basset_hound_111,4,2,3,23771c383199b34e49e8e3f2e44c43070019c1c25385bd71eabfe2bb4f11f057
val,trainval,basset_hound_182,4,2,3,2a34510c86079980d6a5765c36abe2c33f33ac070821ac88c9fa09aacb142249
val,trainval,basset_hound_139,4,2,3,2bb86f3600ca336b784920850422c4052e826437a90c7a72b40a437c2b0295ec
val,trainval,basset_hound_157,4,2,3,2bfba4279cb714deb62e4afaa0272a76497d9a7c35cbf7fb7e8c8b455bc60826
val,trainval,basset_hound_176,4,2,3,2e34af7b6397d35220a656a0014786699a37fade21a5511a75934545100bc334
val,trainval,basset_hound_174,4,2,3,2eb8f0018842efe14171ad3d90f72c16bd130be4634fe50c5bb3048ecb64848c
val,trainval,basset_hound_155,4,2,3,3195563958b4e85a0ecfa5b5a185c68bf128cec80c067e0fd64d87f838fac7b2
val,trainval,basset_hound_130,4,2,3,31e5629b787ddb77abef0b093dea2b34155b37e904d0858f5a1afd7e04a2e815
val,trainval,basset_hound_178,4,2,3,34cb652a7a9b06eedcb8b231f482c71a0de181fa8d6c18b55506ff179823c98c
val,trainval,basset_hound_149,4,2,3,37f73413e2c9163fb4607a6bc93093cb298c364d0025727f010b7b22b30bb743
val,trainval,basset_hound_117,4,2,3,3ceb2072d5ae21268a3804e6b29fdd24e00fe33629d330884bca215d84392efe
val,trainval,basset_hound_166,4,2,3,3e93dd913ebda240f0d80dfca4169805b9a5f8e134cddf3ece7d19398ec2afbf
val,trainval,basset_hound_185,4,2,3,429c047999592a6971cc3da268543ca2531bdaf22e11c9125227fae306c0d28e
val,trainval,basset_hound_105,4,2,3,4378a3a9e7aa15589c4b5b65f77da913c0944fd1535a0963cb7625aa407a82a3
val,trainval,basset_hound_16,4,2,3,43afb47e6f27ddbf517747645a56c88706ef7371cf2b53f0e562c7d49e5abe30
val,trainval,basset_hound_150,4,2,3,46e200312ede6058667bfad451c6879c440684cec682d4a52cb2cc38774932b2
val,trainval,basset_hound_147,4,2,3,4f28a849ba4960e0d5da2b63927b2d95cd016119464353853fac05d659288e2e
val,trainval,basset_hound_112,4,2,3,516e0a924890b9b8e0e8f1a9e46e142dc9865ec67b54379a21cd85a213f08cfc
val,trainval,basset_hound_156,4,2,3,52b3f92285c0b6a5d7b2565da352f39bf5e739381cabf193ef62d34df06645e9
val,trainval,basset_hound_115,4,2,3,52ef3225f33ab8b9542d662eb80b776e09969299ade85175f1f0aa52c54df9bd
val,trainval,basset_hound_123,4,2,3,53503883b19e4a6dd8ecc5d79c80b595b92e2ea0f5b48531b6690549742e5b39
val,trainval,basset_hound_169,4,2,3,56fe7ac66b3b0c11a1e5d283c4bab1bf9b93a87b52a10792092c10381e2ef58c
val,trainval,basset_hound_188,4,2,3,57f7101a79767db14a22fe1fa7011c42cea8ab88e1a391494cacb92911329173
val,trainval,basset_hound_158,4,2,3,5854dd7c41b80eed3d68d8b06358a536db1171fe8eb76cf3c8612692605da73c
val,trainval,basset_hound_102,4,2,3,5ae0ed4419890d55d52319d8ca8a4220982ac46cb190f91d397b478f74477417
val,trainval,basset_hound_128,4,2,3,5c068c4a9528afaf3010ad297f55ebe659c05d221869c758c693f5a9187aa25f
val,trainval,basset_hound_190,4,2,3,5ebc5e0ab6952ce7de466db325205cd0859ef68c7f8f0520627c307bfec6962d
val,trainval,basset_hound_153,4,2,3,5f3d0fbddb40ef3eee764aedbb3a93251168bf993fc01c8e1bc14f843d134067
val,trainval,basset_hound_164,4,2,3,5fdc89fbd47a1b9954b435554d9c7dc4d0f939a10813b700ec97e45da282dbe2
val,trainval,basset_hound_129,4,2,3,60f56d7b8eabab9dd99c9101b77337bd6d5f61362b344c74bc9a4583ae28f224
val,trainval,basset_hound_162,4,2,3,610422ef8b973bcd56dc063e042bfb518be1fec11c1d9097c6e6b612088a1592
val,trainval,basset_hound_10,4,2,3,639607784df0acb6d7b25f9a6ec02149fbe67eb63153196d596d5f1e59decd96
val,trainval,basset_hound_137,4,2,3,63e08d835ff7527d63419c563d97c0e9aab3ed83622258f5240f8df88836da95
val,trainval,basset_hound_151,4,2,3,6a615eeed61c423b006bf2aa5620e417b51720971e6ec24ae17fa633c0332204
val,trainval,basset_hound_125,4,2,3,6a61efebafbc68c63ffc038f9205010744c204ef25877d3bb754921c44d14b05
val,trainval,basset_hound_113,4,2,3,6c9629e77f2eaca6a248ee6dd220702d2e0ddc3fa1a4b53260c4daf836785322
val,trainval,basset_hound_124,4,2,3,6d6046962e3403cb72410cc4b25593ca5e4de9def693cf0cf583f98af3111334
val,trainval,basset_hound_14,4,2,3,6fb8350eb432418e31012619a3f1052baca931fbbfe14291a99694452237e9a1
val,trainval,basset_hound_159,4,2,3,70634a720d043b9f0f16903de8d063b4d78348f76766f97ad6d853bc3240a21e
val,trainval,beagle_153,5,2,4,010dcd23787c7758d7eb08bd4c8d4dcc4ab8c8361921f13359fd1ab51972ee65
val,trainval,beagle_108,5,2,4,0179db78c0755bf9e148e5664f476cfd493ed28248e9392956dddf4f253c36da
val,trainval,beagle_115,5,2,4,092a7d1d8e27804708c03a382a0e90e328a4283ba336f317097982f434f14f07
val,trainval,beagle_174,5,2,4,0a3cd516df702358f419212fe8dce0ac113df68e5e6bc7501a44b0ad5aced9a8
val,trainval,beagle_146,5,2,4,0a801af1bfeacbeda931470a34b7c533246bd71fdb6bdd8dd9caea6bf70cd6d0
val,trainval,beagle_148,5,2,4,0f014612b8ba5016597120dd16e1d7bb1b413a75ab1fcf5405e277d187c99bf3
val,trainval,beagle_127,5,2,4,117fb7c4e4f2fa60054fe832079d658eedbe174dc1b46d728bb1e412ba02d65e
val,trainval,beagle_189,5,2,4,16b70afa9450c9931f2d5175c8eec1a260d3fbd141c65d1ff66a7b4dec5eaf51
val,trainval,beagle_15,5,2,4,1aaea4e2bb942f95a60f37dbc694064a4dc9381a3a708be466d76883492618f3
val,trainval,beagle_113,5,2,4,1bab5180a678162e3b06effaa1e4250d70c109c30f7b4ffc0d215498853f08a2
val,trainval,beagle_105,5,2,4,1f744d6d3671dd1c05ab70fa8f61754c5412c02332cce5c14b50e9f4317decd3
val,trainval,beagle_13,5,2,4,211919070d291d6ea05034d889a076a102d888c7cc1abfb9f2b3ac5217a87eba
val,trainval,beagle_124,5,2,4,218ee83afb91dc0f1a4c43abf2064234ff2c11eef8f9b092b7d1b486cc3cf638
val,trainval,beagle_114,5,2,4,244c8950d34744c28d8887286d3fd6ed5cdbf5a122e4d3f3585d387ec6d5ad69
val,trainval,beagle_177,5,2,4,2526616db50a34b1ad2902c0b0e25b674cb4b70237f0346814e98e1aca33f3a7
val,trainval,beagle_188,5,2,4,25645df254aaa7df878fba798040b176cebe72a7b5c05d47c278ee646d5383ec
val,trainval,beagle_168,5,2,4,274b851cc7354cc0a921d33f70e74bddc8b725dbedcbc636312f4b904e5af750
val,trainval,beagle_194,5,2,4,2b809610c9312c6940fdf6b30cb386ac1062a58cf84867eca8a16046dc344e65
val,trainval,beagle_192,5,2,4,2c40694db75e2c29c1baf51173e6d9524ac55a3422b14a9e78a6de0c9752e15b
val,trainval,beagle_183,5,2,4,2f54968249a8f54a24c14334d5d2b581a4235d529c614b5ef3a58f2ff58c6ebb
val,trainval,beagle_193,5,2,4,30da90568ad882d99ce29a95a8ba789cdbf56c9c1c8e1ffb15a2ab9206922d2c
val,trainval,beagle_172,5,2,4,3229032aed53d48301d1d1d157ace0829ad1fea8f4e28d2bf3d0c875507dd1cb
val,trainval,beagle_120,5,2,4,3428968505e07a455b3bda29e0902d828a72f50675b06f7de1f098bd82417d79
val,trainval,beagle_184,5,2,4,35446bd940b6f16eb54a9aa06c674c439efdcc33624ac2881a42877870318161
val,trainval,beagle_167,5,2,4,36316c764524ceec8dced00e0c72b8e1761f952b417975d48e9f30195119caa4
val,trainval,beagle_144,5,2,4,38b5fd22537ed73c773b9dd7de5d74d6dc5300a7e07b767599007a1c36dacdeb
val,trainval,beagle_187,5,2,4,39e8c18d385d76d6bb656c89ba157fa9a25518e638758182cb5e0d0125ab3e76
val,trainval,beagle_170,5,2,4,3a4a84523dd6a960c3f7dbc2309cef11bb1501e9a0d60422a1b453a9d8235ed7
val,trainval,beagle_145,5,2,4,3b50cac61bfd2b213fc618f1870129a8718239da0a14ed913b8e285207be5a4e
val,trainval,beagle_14,5,2,4,3bda5f5cdda2acfb968b6c84ea3573a16b9a0befd80c4b4783866e486f0b9858
val,trainval,beagle_179,5,2,4,4636fb44069bb6d662aaf10c20289438c5e7a415fe5404b39a9ad03017b3e439
val,trainval,beagle_109,5,2,4,4ce62ddc6cc9bd8f6c1d408db98ce90d7654b38314e19ba5db7380389da5dbd0
val,trainval,beagle_165,5,2,4,4fadd35a526ef843672513678ac0db2bffc218f6ed8204227af3ea1172d66012
val,trainval,beagle_100,5,2,4,516f619e9f8eaadc6f18b5e7915ee7f59a7e2696108eb1b7ba26526db6ce7857
val,trainval,beagle_161,5,2,4,5223a4ea4174da5c3bc88112f9b787fc53ae5f67b5bf5ed63ed3173f6c70423f
val,trainval,beagle_186,5,2,4,5471145eb5545270d5f0ed5abe272789dccb6455a0c35a2cfb38688661b8b7d3
val,trainval,beagle_10,5,2,4,5709ac5e6f6b65fa2cd86815b48ec6aa285b7509b5de236a8f952a6ded85ffd0
val,trainval,beagle_157,5,2,4,57a00af4d262cc6b103c4b2094369a922144f95fe51eb2e84d5f6147263e249f
val,trainval,beagle_128,5,2,4,591828d4d7c71c3b757787cebe6b5ff0b31a758814891347f2c07db6ad1da8bd
val,trainval,beagle_141,5,2,4,5af8e539dcce64bcb82e1912a48939086245befad5ac21eb92567e9289405416
val,trainval,beagle_169,5,2,4,5ce5651828cccaea1230a71a187844ef0aa5b0bb6dc2aa180122dde2559ee2c3
val,trainval,beagle_185,5,2,4,60fdd841d1d9329ff013fc2df605c5ecdb5315a3fb2fbfa3ea20d3d124f2c2a3
val,trainval,beagle_133,5,2,4,6677ced4551f746570da65ba7f10c456e441bf945f763ef4e795439767ac4434
val,trainval,beagle_136,5,2,4,6f3c7b91d87c8bd1be21215e2753286d468c93771e0439066c5b04cb0721afa9
val,trainval,beagle_163,5,2,4,740ae6265c34f947d1b3bbaab76f69e866f47d6476d869903e0d67fe00afd27f
val,trainval,beagle_164,5,2,4,7936fe3ed2844d5f17728da487b15ad141b2627809629d402182223a07adb7a5
val,trainval,beagle_140,5,2,4,79f2288a701594ae2748cf652267fccd9bd65eb36897618cc2b6216cf45cf750
val,trainval,beagle_166,5,2,4,7cbb67291a17042e9907e053475f4d9cbbbbc5b970ccd13d57ee8928c9a6f527
val,trainval,beagle_139,5,2,4,7d25ec927b3444699422b78b998a1b24e9b2e78038564e47327eb270a5358333
val,trainval,beagle_178,5,2,4,817b310e05b6378d52b4d6fb05ca6bb4068f8f4c8ad5b0a0e7f51bc1f4d892da
val,trainval,Bengal_125,6,1,2,00b2ad16b63d9e0e3bcdf22ab34dd5779989f4ce486791cb375435c7735e1886
val,trainval,Bengal_164,6,1,2,01c30036ca491a19667e639bdc1bc85caff664961db7f77d935592ddd756d62e
val,trainval,Bengal_122,6,1,2,04093115cd2ace3f12f391bebc6b39b310ef4064c92b2e7edb4dada6f5c5d33c
val,trainval,Bengal_166,6,1,2,04d2e778ef46dd237a00c1ae41ccafcbd2b5a55d73b2ec264f596e89e052ced4
val,trainval,Bengal_113,6,1,2,052215c03f36e535749ef8d517070881459fd1c1b90d1383641ef26e0ec9abb6
val,trainval,Bengal_156,6,1,2,06f3e9a9185ecd8f15d8988f5ff46f7eb3234f8f227af7d6d82e1edd7eb7e88a
val,trainval,Bengal_179,6,1,2,09a035c9d6ccab9723696b4e608ce13b34bd3a290651186f3cef543a0ec950cb
val,trainval,Bengal_173,6,1,2,0ef4185b193fd12781a8cce322cb2152199477c9070b344e91119d1a2ec68ccf
val,trainval,Bengal_102,6,1,2,0f21b54f6e08812be344ae88d14edcc9d96c42a12dc4e2577adcc44c2e25a5f1
val,trainval,Bengal_150,6,1,2,106d791477d13d1868bef8476a6292f4db790211bb9035dbdae20b11dd4efa6c
val,trainval,Bengal_188,6,1,2,1a2028a2f4c8704298445bfa860ce0f5be40b363fc4f6a37f6a231be18a9847c
val,trainval,Bengal_136,6,1,2,1bff3de4c79c46466047f18e64488575b1de3f17e53b86a8059479d8addbafe3
val,trainval,Bengal_107,6,1,2,229c8064917a6184a6ece6182651f0927024b542cc28a659b089eca06c257f4a
val,trainval,Bengal_106,6,1,2,23cd6b44a114d05083f0989847c987f5d7ff2f1e92e010ff1f87da514bc6878d
val,trainval,Bengal_159,6,1,2,24961ed5ffe26a32b609f95b838a3b20ce51b5be320a8a5623d3344f3e7b5558
val,trainval,Bengal_104,6,1,2,26310d83b1b8d9825a3748bae605b3834aa69b8409e0c3eaae2b646df6e70ebc
val,trainval,Bengal_174,6,1,2,29e38ed83496320bde3c97c359f66e8719f5c0960b1583084623766a4711dc96
val,trainval,Bengal_177,6,1,2,2a8a7e2ae1194295234ac236e335b93628305501d4f7941fc29da759d68b1c20
val,trainval,Bengal_14,6,1,2,2c4bc44edd032f4f8749cae83eab6ca8139b0232b24d4710cb98b85d69e309cd
val,trainval,Bengal_105,6,1,2,33d15c6c2925bfcc7c03f698e715aa17650f6ee75d760074dc3fca3f2d3d6f1b
val,trainval,Bengal_126,6,1,2,34d7c87c8a05d4dc83c19f78fbdf2aba48f8f79816c3cfc16e4602bc00fba423
val,trainval,Bengal_17,6,1,2,358ccd5f12a8708a104f4282daa7bb24530f7a4eef0fea1e87c43cb83db8dbc8
val,trainval,Bengal_169,6,1,2,360b7495eed585815cbe7608ef0829bd6e0c2b47ccaaa3a98ac74edc0a22c900
val,trainval,Bengal_131,6,1,2,362f9ec3bfbe0735406bd354af040937b21b835f1aabbc427492bae99ff2ccc5
val,trainval,Bengal_10,6,1,2,38cda63116553d64910ffef9004d5f4884aa9cd3781db186f2927770ac8a2086
val,trainval,Bengal_189,6,1,2,39b116cb8a6a09175df2797f631823836f7319b96697860e18246afb7bbbde26
val,trainval,Bengal_116,6,1,2,3adde6342477d814261831100f07cb6543194b61ad7ccc6991f8ecf270b883f4
val,trainval,Bengal_123,6,1,2,3d980a1f543f05b8b60f0593c579b66064c52b9bd59d5541b81d59e8b37e5b0c
val,trainval,Bengal_15,6,1,2,4331f284f4660263b5598a6a99d703ad3a4360f8f6df4de752d333344286aa9d
val,trainval,Bengal_155,6,1,2,4508a258c74d4285630f3d120e09691c31c83dd42be89444272d4be9cf90e10c
val,trainval,Bengal_112,6,1,2,453b4e2b128b39fb1a6d58f244a26c764f55767d608dae1dc8ee212a76f9b27b
val,trainval,Bengal_145,6,1,2,45ce36b2d616eccd4282249d64a99ca97ba33353d7cdc532c26691cfe904e875
val,trainval,Bengal_109,6,1,2,4691ce117740c5c5f810ae57b7e29e6e765b4bd410b694ee4961ced79b425a53
val,trainval,Bengal_134,6,1,2,47ffeec2bbb61fb2abc996dec648c407e1b41c4cdfcd348ceb7528f6dace1504
val,trainval,Bengal_187,6,1,2,49e5d5cc320c7747fa213b595adebe6eb7784d0eaf51f96ab573d813d44cd4a0
val,trainval,Bengal_108,6,1,2,578ae72708ed0162da7957681ad7b215a770babbc2f7a02e1408a6609701a465
val,trainval,Bengal_162,6,1,2,59554407de5cd0c7796fca5975014a70f538d6a8f10519229854e5a94e5fa1fe
val,trainval,Bengal_135,6,1,2,5b6c3668b1b1fb557d7b84467440fdb3369f9d4a8ba9a7aa0d0bb445510579ad
val,trainval,Bengal_172,6,1,2,61c3f1631c5e72bd6c9deb1641eeee4ababd72ce227a5bcef21699eab4b067f5
val,trainval,Bengal_163,6,1,2,61c47c45da375d4fdc0752b4d08ff76420a575c06a9ec0f1734ebfedd9861992
val,trainval,Bengal_149,6,1,2,63ab76ebd8009325d07ba2b3628a6d995b17ede1400d5aaa30613ddf0710c3e8
val,trainval,Bengal_180,6,1,2,64060af965544dd4d28d86ecd2b9b1c54c24e9d620d0b38068d2f3ddeabfae70
val,trainval,Bengal_147,6,1,2,686bc5262dce6837b4cda4c7e0085ae78a5f4ea98e0c77ac3a1af8b91a9dae41
val,trainval,Bengal_103,6,1,2,6914e8558e7d52cbb7e617762acb28ffb179a62c0c278a091fcd9875143e2129
val,trainval,Bengal_184,6,1,2,6b36feb3ac6f159c86de5b96b855da5e07ba6fa010d6529389884c2ddbe4c557
val,trainval,Bengal_127,6,1,2,753f72da4e33284e2697e9946f2b421dcef626a06a15ad7ab1ff234d39ca59a5
val,trainval,Bengal_121,6,1,2,75ca1c8df4637a2be764b80369a2dfec1df90846d1e6bc94476ea98e98703cb5
val,trainval,Bengal_132,6,1,2,7e5c3f28877d14f39cae9fa8000a8baa3a0ab96aeb9a176f5b545ef2680638b6
val,trainval,Bengal_138,6,1,2,825e4f02114442e62df6c993ad44a0dd1d4af0816a63605460c61c6493eba43e
val,trainval,Bengal_161,6,1,2,8465fd570d5816b7ca9335146bb71d34ee9065a5293860d339840466f5798e9f
val,trainval,Birman_187,7,1,3,0051e92372b4600e3aab8105a63145f772961a7e936093e2dbb6b7d9d131b4e9
val,trainval,Birman_153,7,1,3,00b7069a845bcbeba7677384c5b933ca3c2940f3eba2fb5ae97ad59089aabbc9
val,trainval,Birman_143,7,1,3,0129641e366e327fea21b9e9b171b1632ac6fefdb6c554f9117d6fe69147ebef
val,trainval,Birman_140,7,1,3,042d2ec34c4f11fe4288ad331474879ec1709ef1ae6b570e9c31561877fb9358
val,trainval,Birman_149,7,1,3,0542dc659d6a3bc8a02e45b61660f2f6e686526c8cf78570bae19723dd7b2b23
val,trainval,Birman_138,7,1,3,105193a3f879068007171aa7563a84579ff00fe201814091867e20cd5c69eeda
val,trainval,Birman_176,7,1,3,12cc43a23ea7d27334a99ca929e00669bd5fb78f904e399cb4780f02ba2a25d7
val,trainval,Birman_142,7,1,3,146d48f6dbbcb6d224bc349339dc53aee10e011d1026c33cdfe06275ab24ff14
val,trainval,Birman_184,7,1,3,173cb5140c80f9daf672595d08857675c1bcbe296d9c771e6e48066923d5ad3c
val,trainval,Birman_141,7,1,3,1a3fb1917b9d3bbac7773fb6e09412c0bf420381a2ba261b9500fef7b526f605
val,trainval,Birman_157,7,1,3,1bb171bb864a7298d5b971c5390a3c579cf2fe95bb5eee134051cd82ea34f0fc
val,trainval,Birman_165,7,1,3,218811cd78e24d38de3d1cccbbd8f73d2d2f7c89c15856e34bce9f266347f568
val,trainval,Birman_167,7,1,3,249102930a4ada3d387bfaaa06954b5284982a929f94639bc96864ad43dd46f7
val,trainval,Birman_123,7,1,3,24d2394b5e3dd30d9bba9e2b1988f70315cea013e8ed729d6bc176f90d804d5f
val,trainval,Birman_148,7,1,3,25257506c9df033d4c5a69789dfce4165fcd79689c9f8ccaec1f48baaace2470
val,trainval,Birman_12,7,1,3,28926f7868d90776a156a38fa1cb8e94ab437a6fb145f17b7545a67a195f4fa8
val,trainval,Birman_145,7,1,3,2c9c42e649b95368f648a7d5eeb23b4f5bf5075e91993293ed15caf894cfa63c
val,trainval,Birman_119,7,1,3,32f354d9f5dbbb8be4014a37968e05d1714aaf16cdd1b2e509654bfb3c794756
val,trainval,Birman_174,7,1,3,3378a44b77366e73e97c76fc841e50ed5e4f268c9d3383807b3d1c353070a5db
val,trainval,Birman_172,7,1,3,33bb08080a2ea4af6f1ce25b7f0225cb21dc2d2aa854afe98b9bcb9692fb9c9f
val,trainval,Birman_105,7,1,3,349b4b28b233d3d73a7f7183ff7ba182e8147647219727a134fe5923f097a5d2
val,trainval,Birman_144,7,1,3,3777c12bf864f1da59aae20d30396950081f24282b548403eea690d6c0a61ceb
val,trainval,Birman_16,7,1,3,3816fa97dad0132dab153d33f03c573f00d33266def8cca13b796ef243108412
val,trainval,Birman_101,7,1,3,3879806b7c8391ce07aad5b01f06a30c66376a8525bb2adee5165afab70e0539
val,trainval,Birman_181,7,1,3,395adf66558df8e39ffc184d6a66788381aeeb1f4a578f1b7a4f7e39b54ffd30
val,trainval,Birman_170,7,1,3,3c7bc9d1333e1a7d115e519bcac5ced3e05bbad521747db04c2319d0293db8d1
val,trainval,Birman_175,7,1,3,3cf9a972939b918dc1918c0f5813001ccf6e84d8b2d3272a2f8130b2a034d8a5
val,trainval,Birman_136,7,1,3,3f27b5f8e16c2454a113385241d028457848a7e757046495a321e9ef7bf80007
val,trainval,Birman_107,7,1,3,3f9ebf497d7e842607746df1cb180eb1ed9c9d5eff8a4170ed64a38903941f9e
val,trainval,Birman_139,7,1,3,439ad28794410f6bcdd1facecd7be3841ad35be0526191d83d6fb13f3e0df1ed
val,trainval,Birman_129,7,1,3,47922f3d3a2b6d3e0b5578c1eb1fffc19a237308d24ab8293e218ff658fb5cae
val,trainval,Birman_109,7,1,3,48f407ff7ef3bcc01899b2281d84d2c5cd114931c42fdc31484f002a6a4cb290
val,trainval,Birman_117,7,1,3,4bdef43232389a51c3347e5932154d7fa3c3f3bad87cec599e9394f4a4898f17
val,trainval,Birman_177,7,1,3,4e3911babf27af03af8b8fcca10a29cd55e5440840e29bc4c1d599adc9af6508
val,trainval,Birman_11,7,1,3,4e8599d85c7412c16805538ce9cb9688a597531a62c83f0b17210f67b95bf276
val,trainval,Birman_132,7,1,3,56d643071f3d3335dc431c680ee11b0b056edd77dba98c5d7980807f4043fda1
val,trainval,Birman_135,7,1,3,59a7b0ee1acd986622221637e0560eda172446aa1a895d652ef2e20b5249e437
val,trainval,Birman_121,7,1,3,5d2aa404bad92200690d01e2093aaeae5a323cb80632a5bac7fe6de39cb4428b
val,trainval,Birman_186,7,1,3,5ecc053f0d17da5df945ddb7618873b202cd78990108b5809a41184fb20444d1
val,trainval,Birman_118,7,1,3,6227d603225d213bb51ad3de7b97895f045bb47a6fa345867fce31d8fe1d14d0
val,trainval,Birman_100,7,1,3,65c753861a467815c288bb52b4419ddacb04a0dd13811e9a4e9c19413ed0c73e
val,trainval,Birman_18,7,1,3,661fa7e6f578283a8e45ce077622adbfb375694c056ccd07cb00589d3f563cba
val,trainval,Birman_125,7,1,3,690889ef57485bccbb853ecc44715daf74851b5ee9f83a9576364a26b34e3454
val,trainval,Birman_113,7,1,3,6e854d1d54de4274bb6dc255e054c7a0ebeef350ee0628d4606e3540df420b6e
val,trainval,Birman_178,7,1,3,6f7347aa85e39f76d46eeeb6fd9a6c451dc7e2101ca308cfb6f303193dda77aa
val,trainval,Birman_158,7,1,3,7223a9225e28d9bb9ed281f5fe743c72626aa2d44329010993b799a01fdca767
val,trainval,Birman_163,7,1,3,75810cc027852a946266b31c4e7c815ce8c2c780a032318e705d281c1a1d8e44
val,trainval,Birman_13,7,1,3,773407bdefc66a743eb51e6e336a90d02f2525e94dd4fca794b73b1bc1c61659
val,trainval,Birman_128,7,1,3,7894b3724701c8881ee11882e3a039f4e83278f4fb6bd9659258453532cac9ed
val,trainval,Birman_106,7,1,3,7a82134b628949023f704f58ca7f3945e9d0c00af7144a08f7c786094a67d3d3
val,trainval,Bombay_100,8,1,4,08a6ad77d41a439bb2763d118a1a4f0c651e8bc0be588fb158926e8ba480bda8
val,trainval,Bombay_173,8,1,4,09b321f7d524f8be76696d9ee7d9806921e47429e43e8c34331794b56941b704
val,trainval,Bombay_10,8,1,4,0de97c0730fbfa400e2e0e51abbdf7739e9e90bc5551adb015df4f2554ffa4a6
val,trainval,Bombay_109,8,1,4,11e8181207bd1746b4faec129e8b515a3313cab9382939566b7261d340cb5c1a
val,trainval,Bombay_167,8,1,4,12494573dc4d137c7851b4a4772b108758b7ff9c4eeebbb9d0293d9ecf7f1d93
val,trainval,Bombay_16,8,1,4,130dbf48cfcaf6931e09d81fda63baaecddfa49b12a8360ec9a937b15ac82dd2
val,trainval,Bombay_130,8,1,4,16c0e0e4a3f6ac7052d1700fbab5f047aba39fef34abaab0a756bc46b99f8dc8
val,trainval,Bombay_177,8,1,4,16e4e83869e1252eddf895d94d28120342694b54ed1e51a286c683f8867f60f8
val,trainval,Bombay_144,8,1,4,178e7d9b32b6177610d0e54e3728b7b368e9bcb385e62d619d52f38785dd74c6
val,trainval,Bombay_169,8,1,4,19e8a58d942ca4e98d4c1105be9edc298bdf90151d19a2f5d0497a60afe12aaa
val,trainval,Bombay_164,8,1,4,22217b8aac121978bdbceec61c969e4765405919a4de4617a44bee75d79435d4
val,trainval,Bombay_18,8,1,4,24ac20a528df107d507961bb9f0f5f783e3c0fc7c1e2481d3c34134a15db9387
val,trainval,Bombay_183,8,1,4,2738a6fbc896e734142823c95cb78dc3424a53e6a9423e32045f028f12c80169
val,trainval,Bombay_137,8,1,4,2a128cbe2cfd552dcd187dd98238b4f5fdf38dfedec5ffe27a2130001ef21a3a
val,trainval,Bombay_157,8,1,4,2abf663834ff0bb3c26fc74f922506e4ad306f912d17ce1f581542a87d144820
val,trainval,Bombay_132,8,1,4,2eb44a3ac5dda8d4ffd9dce8d8d5d61d6a57fb2e2e17ee933a8e9d991d12fc8a
val,trainval,Bombay_133,8,1,4,32170039671b03457f1271e3dcb0dca3821b367dd6ca645d45388a444709282b
val,trainval,Bombay_176,8,1,4,33399ff2a8ab295cce1ef8708a238b90f58c925ec6be96eb8a9b291b3c558ec5
val,trainval,Bombay_146,8,1,4,335264d91468c1db4a9a66bda35d8cd25b8605a9d31895cb93d49cb88eeae06d
val,trainval,Bombay_174,8,1,4,354e8aa6ba524b5fbafbe8423d6a7bbc538ad7506486bd3f4e3edb9f36bdf4c6
val,trainval,Bombay_151,8,1,4,357f145ee57d6be244f50607399ab9ecef9b6316099ef125dbafe16b7753d69a
val,trainval,Bombay_175,8,1,4,36b53cd03147b3abbb2ca4e2c75fceef2eb1e8cd7fac4f40ca7797e0d22b0c62
val,trainval,Bombay_107,8,1,4,3aebf2080c1bfaa1341ae4c40420e9e8f484126c58776d6a466409ab6fcf7861
val,trainval,Bombay_104,8,1,4,3b3f8a8b2e6e567b2fbe1312ab2277ff1561b7db3769e397678f9eed53195269
val,trainval,Bombay_194,8,1,4,3c617a46d82ff466c98cf303d89ab45048893477024508dd30c8abc82919fb86
val,trainval,Bombay_131,8,1,4,3cc9259cff936bc433245ec98f0f1c8473a531cd463be8f204951bea4f18af92
val,trainval,Bombay_171,8,1,4,3d0d22860cbd5fe6fd64bbf030166c8170ffca99a0fcfac19187306bd4223fcc
val,trainval,Bombay_184,8,1,4,3d9e10e6fd13849f7416c61e8ed0f2eb7d31cc823a26353e53b1fee1cd8cfe33
val,trainval,Bombay_108,8,1,4,3e2c3fec0aa42174371be3e4da6ba232a449850c0862912da72df4d791bd08ad
val,trainval,Bombay_158,8,1,4,41d83199a13438507b7875be988e65fd13b55a7640f04a6c4a939d1fc10591d4
val,trainval,Bombay_155,8,1,4,442a169fb3a6aac0f2233abd7c7b8baa7ba2bfc4000fa011a73ee050ce35fa4a
val,trainval,Bombay_181,8,1,4,4537dbb2101eda80fc29c1880681d897740d83b66e8741e9604208176d714a0b
val,trainval,Bombay_123,8,1,4,4610431cca1b04b8091ded6d5cf6e10fe6bb720c7afbeac8f3192c7027bd10d8
val,trainval,Bombay_170,8,1,4,465a19706d6a52c57376e71a8c5031ac628c5601b3cf3b0c91630f8da5115605
val,trainval,Bombay_120,8,1,4,465a5f1545e65bf7c733641520d9279f016037770751b8983edb7ca55d66d042
val,trainval,Bombay_152,8,1,4,49f3ab62b5023c744f2ef6e8bba4043fce03fb95f0681ad89605db0f76d9b9a3
val,trainval,Bombay_140,8,1,4,4b8ea3b1088f0b86bca8141e70dd562c748c79f84f5a1cc195c0c24d393dc0f4
val,trainval,Bombay_143,8,1,4,4ec645b18406efc10dbc4a8de27a38d519ad1c5b29f49259c0a277b58a84102a
val,trainval,Bombay_126,8,1,4,4f8c25abcd1076b263052d2a617b84ee85e75b698e8680bd64791d07c1556c43
val,trainval,Bombay_186,8,1,4,53dd31fea0a231ef2c67183f1270ed6675b0d2832590855c5bf8440b40028653
val,trainval,Bombay_139,8,1,4,5625b166b6cc0d1c848eafff8fddcd44f64b319999c3fb9bf36209b7ba9e5e2b
val,trainval,Bombay_153,8,1,4,58fdc4e84864fdd3c20c70b6eedcb600130abed20fe87067b3b3754fc53623ed
val,trainval,Bombay_14,8,1,4,6220022ec4d731f5df1e54211a04a592269b2e61f1dab5c5a4bf32da9f1057ea
val,trainval,Bombay_111,8,1,4,644ff41c276d473e85ff084bedd69fad88c69720398ee1373979e728e381d6e7
val,trainval,Bombay_168,8,1,4,64bf22828984ec5d46c0f16eb25e3e20cc6db18322b8a9762c923cb074a4867b
val,trainval,Bombay_136,8,1,4,6556a52c195bad30226685dd67f5035f1ccbe5d11a7179ee329582705893fbd2
val,trainval,Bombay_106,8,1,4,68a0a98e8afc3af029739c611ee88fcef78e44e0d744fa05b3f1d408b3a2ed77
val,trainval,Bombay_15,8,1,4,6c048bc5e0b67b49e9a18edb92e9fe701d8f1f27a0da00f25e4d337e0a8dc6d4
val,trainval,boxer_14,9,2,5,0068b0d4de609b1f293ac88d56567e4c4c9ed51eae583da2d3c17b04e7c10df2
val,trainval,boxer_157,9,2,5,0326c5f9641d06c50e994998148b4a7964baa9cbfe62d0f6d9f9285ff27b51f6
val,trainval,boxer_186,9,2,5,03b6ebb3a363be4425695ab1346ca387288acf65b3c806e3c750a578e141adb4
val,trainval,boxer_142,9,2,5,04033d68ebcc20f7144f85c45d7e510df9cb201229403acb8de9fc3b4fd5d806
val,trainval,boxer_179,9,2,5,054aed983cd6948381ced5646693d8eb486bbbf1a67f56845b095a2fe5cbec2c
val,trainval,boxer_121,9,2,5,05da126c6abd33bb39e1766f1c6df9c2b692f2cab1775c541325231a5451ba99
val,trainval,boxer_174,9,2,5,0678499b0171e825783d578c802d1d826c54c1a9caf9375902cf1cae136148f3
val,trainval,boxer_152,9,2,5,0ca06797d19ba9a191b9f76db1c1eac7bbf9b6790dbab80130cae470f7206e35
val,trainval,boxer_161,9,2,5,0eb0f7bdc6f7ba6aef24b92adda6085f409c937878b250001dd0ad4a8efc6b59
val,trainval,boxer_127,9,2,5,0f5125b92f862626af674d3ec1bb9011531388c77df67c89d7cf31dff03bc4e6
val,trainval,boxer_156,9,2,5,1075be95d033a1590d2f8d1c97709c20c1b5321547ee67b08f84e51560045f1b
val,trainval,boxer_117,9,2,5,12ae6297a53ebf9309266c083d5ed2ac87c2c59f6607deaef94caf4f19fd89d9
val,trainval,boxer_118,9,2,5,12d28d5c0bd9716ea79a1b7f6e24bab97496754a80685090aa0b6699992cc6e5
val,trainval,boxer_175,9,2,5,13be2f6f25b9b126013cfaad4fd286ff2b303e63033174190cd3ba502ed94473
val,trainval,boxer_158,9,2,5,15355612846357426248f9dca31ccf54025f79ea5855ce1ad775db8118f55370
val,trainval,boxer_167,9,2,5,15619382340464bedb3014cb3b437459e193e3572d43685422c702824f5d989f
val,trainval,boxer_119,9,2,5,16c978f538473803c72e1de6107990d5a86497e846cab8ecc3e744367de52cd7
val,trainval,boxer_189,9,2,5,1a1e0e64a22110b9aaa75a7bc78542d2b7e0f264edc03bfc810986591c5ced32
val,trainval,boxer_162,9,2,5,1bf3b82b01022b61336f691a3ce495604c1cb002eacef29149d93438d638cf03
val,trainval,boxer_146,9,2,5,1eb63806f14c087ddd6007f9485dccc3132ac637b05c819d7e4c0d7c6426a504
val,trainval,boxer_163,9,2,5,20c78d24cc98b0850308a42a18e772c701713bf9080106f7486e9273255cccfa
val,trainval,boxer_154,9,2,5,244d36f28e7ed4fe62ce978af32c07bf6e982c177dfc075c75f0a16f9e0164c5
val,trainval,boxer_17,9,2,5,2bdafb2d559623b4720baee0f787e9c0895a300a3b803af21e27ed913d80f2f9
val,trainval,boxer_148,9,2,5,2dc50946e26950baa8d1990c91de1ca2dedadd52b90d56954cf07069adcb1cf9
val,trainval,boxer_116,9,2,5,2e27625800fbe47d0822ee620902044efb248375e96b232014613b95a0b2cd9c
val,trainval,boxer_168,9,2,5,2f66943b89637e85c828a52427138406f7b4dbe062fca9b5f6e46ce9fcb4a1f0
val,trainval,boxer_178,9,2,5,2f9364e444204155694cf4cce2acdfe77b37f53966f19c457fdf28d2670e00a8
val,trainval,boxer_155,9,2,5,32974db97923530a452bc9ee80652be033eb554b0d3407eb532b797d16ca8248
val,trainval,boxer_15,9,2,5,32d81a29d3555570b73f8fb0270497ddb3e4e89d1222ea1e286765de9b97f4b3
val,trainval,boxer_132,9,2,5,33dafc360e9a69929ada04acf8bb97ecd5e15184452e78c5d01c5137255464c2
val,trainval,boxer_122,9,2,5,3861ddb9237a11b07232027383ff38f782047ccf2971983a6bcbeffacfe3d2e9
val,trainval,boxer_110,9,2,5,39264e26380e559a9e8f98d633fce0bb7d488f313d999886c38199f2fe903dc0
val,trainval,boxer_139,9,2,5,3c617a21cc74791ec86adb2ea256258f67f3cf7b50e80420e85d5f7a637e1a97
val,trainval,boxer_109,9,2,5,3e0a719b98edfdce580c3f932f0bf17ba1fbf0d5d864d97d91552623cf61cac7
val,trainval,boxer_124,9,2,5,4784199a1122d13372b24694fd350763d8a33b4f23b0154d2be04b8d34d092dc
val,trainval,boxer_125,9,2,5,4a7bbcaeb2d14fb0fa88b7dadd1214460c502907f3bc41b874dae71ee33aa1dd
val,trainval,boxer_126,9,2,5,4abb482c5029cf92e877d8e26403a261d4076c56e719b61195fdfd2d075e1a7c
val,trainval,boxer_134,9,2,5,4b9341ba56291e2a5bd9d228dabf3756b7089a3fc896b59531cf7d54247e60d4
val,trainval,boxer_102,9,2,5,4cecfd801a555305b8ae04eeb65da87ef4c165413cf9c998143b53802064045f
val,trainval,boxer_115,9,2,5,55a460d02d787f6e31fbdba624e5552afb06e19c04932303b4674048dc664455
val,trainval,boxer_120,9,2,5,55f1d33510463d5f9aec16c8ef32799a3641b14801c8d6b5860d7b7eea938a06
val,trainval,boxer_165,9,2,5,56088771a5c0e0b966295cffb042c2026f4a16ded4d33fe8e65087bb1f020ac5
val,trainval,boxer_150,9,2,5,5644e1d2adeacbbc6a8dbab75a2ede3144260b715fe1d7aba5aa4f18973f9ab4
val,trainval,boxer_176,9,2,5,57368d021de6a02b86923a2261f48587da28ab207b153510c8fc3875fdf40587
val,trainval,boxer_10,9,2,5,5c668075fa5dd51e51eb890d22a94a08f8f1dd16e9a848ad63498e415ba6e389
val,trainval,boxer_173,9,2,5,6141ee1ce74a873f0bd07b2c5218768d87d75f379fb1342555c1d30604bcfa01
val,trainval,boxer_13,9,2,5,672a0f6cd6ab47d5bcce074b412406292a4f1addb50d07aad62fdd2773cf05a3
val,trainval,boxer_106,9,2,5,683ebc6ad21141eb616e4e8d231d8c8db52188ca11e899de61ef4f0a79939074
val,trainval,boxer_140,9,2,5,71957464ddc5b400a3412d43b2d0d4e883ca3ea0b069330e9f292e9443e570c0
val,trainval,boxer_164,9,2,5,71d0dcb7e70a2d61bb69a17ed1e6b4085e2bb2726bbc034aa8b9216c220bf12b
val,trainval,British_Shorthair_196,10,1,5,007200594a7964ecc9344a5e7d48edecd9455e1bbdfa25ae876084f61e09873d
val,trainval,British_Shorthair_127,10,1,5,0580c3a53ed13dbe27d03e34036e4e622bc346bcf7ac3e49a1a3aaec6eafed55
val,trainval,British_Shorthair_199,10,1,5,078de3204c09627d82a7b2d65a1ae9bcb4248aff7889cc1abd0e4cc383f80ee1
val,trainval,British_Shorthair_176,10,1,5,0b47229a60fd9f382463beb0c5c719d9ae32abdaa33730508713574fbd68d5ca
val,trainval,British_Shorthair_121,10,1,5,0be4a4e576bd527233f64f46a4cfe1ba06b590b6f446f39972be115b3415d260
val,trainval,British_Shorthair_114,10,1,5,1135e71e347adc1add883befd34d421c94fc55bd501f572934c26608e14f2a6c
val,trainval,British_Shorthair_165,10,1,5,11bb437de7cfb1dab6e3d01399bd8b1e766fbe725d003a54e7596327f847df10
val,trainval,British_Shorthair_134,10,1,5,12566fbc4d8c00055c0c60c8f20b79227369ef1f3f19c8e6738c92d840e99c98
val,trainval,British_Shorthair_155,10,1,5,171bb2221f01285f7b9794b0dad7a62ae4d1b5af687e4d7e8386e0c12b341f92
val,trainval,British_Shorthair_139,10,1,5,186ef6f3fdd39c7164fccba82d2adb71ca996480d49605617463807eafcc2230
val,trainval,British_Shorthair_123,10,1,5,18a8b627704c57b3ad748fcc5d46b1f42ac8f64f3584d5fdcee0a514272531ef
val,trainval,British_Shorthair_205,10,1,5,1a542d5a995ede7259f55f3c96a35905e38cd0a417788540eef74d4ec1b1b70e
val,trainval,British_Shorthair_125,10,1,5,1b66cacd71bb27432f72b4c04e58f136b2ee4bea8e3d12d8fc6c07546f8f8390
val,trainval,British_Shorthair_113,10,1,5,1bff52f19679a3712226b64d1b4e9f4a4fcfdd07bd342b79687493ac7f5cf2fb
val,trainval,British_Shorthair_135,10,1,5,1c0d940609226b5a9093f1a97d7cc8869f7489cfffc69bc47e6b9de23dec055e
val,trainval,British_Shorthair_140,10,1,5,22c5678c3a6a733854bddbe4d0de77ad8544d12ffccf9b5f0f3b7888c19ff6e7
val,trainval,British_Shorthair_15,10,1,5,2547255a00b3d4aaf6b062b300bf656edc6eccad11c1c1b44de8c24af59970d3
val,trainval,British_Shorthair_195,10,1,5,2586e60b4c8c5eb795ce8e5cfcbb95c7ea9ccf877959024399c10951cf6e6311
val,trainval,British_Shorthair_186,10,1,5,26c26cb0e586011290e1c8d6c1c9fffc1ed3f11ccb2d9cc55d09e50b990686c9
val,trainval,British_Shorthair_120,10,1,5,283dbcfb6b299c653cfc7faacf0f869a334afc5b394b21886f04350526b5afc2
val,trainval,British_Shorthair_159,10,1,5,28a09f70361275f2c10534e166db00cf25a3dfeb3f5fd690734c00d9a85bec0a
val,trainval,British_Shorthair_207,10,1,5,28b13dea14c7cfd286f282626dd23c23cd4f322db84aac460c784e00cbe00b8e
val,trainval,British_Shorthair_16,10,1,5,2e227f1272da207b7e20271ea340b04fdefa29c63a447ff63a63d08e832bda2a
val,trainval,British_Shorthair_137,10,1,5,2f3cf08449f1b9ca6f5a8d9e879012e37f1d210a124b10dbedc2d45811df7394
val,trainval,British_Shorthair_198,10,1,5,3118c6fb4039c65867fcfcd062b6bb4984fe96830641d6a28b3989ae565784e3
val,trainval,British_Shorthair_18,10,1,5,3562117e6c479a5ff15d744825ce71e7486e30e19ceecc00f86f5e07face1844
val,trainval,British_Shorthair_160,10,1,5,35d9d41be94bb1e66ab1e77010db904042dc94981f216d49b472ef3b55f053b0
val,trainval,British_Shorthair_193,10,1,5,3836fe72601b2557ae06f266a8690a9eac27a93fcfd4e303229da52445390ff3
val,trainval,British_Shorthair_117,10,1,5,38e3e5fc6f310015bf29a72f5462e97042b1d74aa9bed17d1ede4e5572bd2d6f
val,trainval,British_Shorthair_169,10,1,5,3d26cdc31a8616834a0206ab620a062c5472688c72ee300dd583ed540ba10b44
val,trainval,British_Shorthair_145,10,1,5,42d01e96a232a2af5a59e3fd4f00e0d8b5eb53a643fc22e63634044334a51a96
val,trainval,British_Shorthair_119,10,1,5,4373d21240c402faa8cd5b9ae79fc8666407ff995f6aa1587c67da700babf357
val,trainval,British_Shorthair_163,10,1,5,48d1586b452b98eef76329a160fa97bdda6f0a177f392cdf26a67bd5eae04888
val,trainval,British_Shorthair_111,10,1,5,4abbbd318e8291b786c56d08ca795a328f32e0f3d20f11a08fcf479c9940a30e
val,trainval,British_Shorthair_100,10,1,5,4ae744e00f97857e47140441c164ff914326484e9acf702cd75e31a52fccf229
val,trainval,British_Shorthair_106,10,1,5,4cb025a0d5a07dbb9830d48453daa418c4651eba7832d7e57d106fa35bbef81d
val,trainval,British_Shorthair_10,10,1,5,4e92c0680ace2bbad539e09e62a98835061e1b79ad4d14052733ac982fd0c4e0
val,trainval,British_Shorthair_209,10,1,5,516e787c4a4b106ab4d931a814d80bebb77e3268aa88af4293545899eeecc9f9
val,trainval,British_Shorthair_149,10,1,5,52cd6f427661b53d139f8b6c2d2f87b28dc40cca10daa0e7fef34d0c0a7bd95c
val,trainval,British_Shorthair_108,10,1,5,546aa4fe365dd7fe821c0f0b9c3e23f8c4a81fa7c45cf0b958397e73aab19c58
val,trainval,British_Shorthair_105,10,1,5,61ae7b0d6c489c605ed48ea0d202c8aaaa0e972ad50ee1e8a68fbd8d5e16b5d4
val,trainval,British_Shorthair_158,10,1,5,62baf85bf125b97246d62796a1eed2165f06a203830a887b13de39417ce90068
val,trainval,British_Shorthair_107,10,1,5,6481ec2be3906f547935e4959ae22ef957fa74cbd1c7dff571b6fd7c24289a86
val,trainval,British_Shorthair_130,10,1,5,66a0d7870b9f86687b7843e88f300be3b6789225aa85a8f96597d3a853da6c8a
val,trainval,British_Shorthair_102,10,1,5,69245f3fbc1673a1bc8f0a440143d3f7eb65414aa9e06b2570dc34026333ac5e
val,trainval,British_Shorthair_122,10,1,5,6c1bc8a93ad8c60d9a449f6b288daf3e9105cecb0cc9c90830ae04731a053e0c
val,trainval,British_Shorthair_173,10,1,5,6e58e35165976e7571fdef8d287002a26708f92749658790ba717b37eb2b8729
val,trainval,British_Shorthair_197,10,1,5,6e9d6756e7f27e8e0ed6830cb5b22eafaf0599954547278e5489b4118ec19c1a
val,trainval,British_Shorthair_116,10,1,5,739e80479446aec9129c9eeb801c415055f74b7403ef3de8a74188b1b5f08cfa
val,trainval,British_Shorthair_124,10,1,5,78740e813d168ab179b64a4812125cad99066a637795b97629e0b4b7307e4b21
val,trainval,chihuahua_164,11,2,6,04470ffc4932ef9a74feb805e656bb59aeb5d008a3cee18e7fe2acae8609be71
val,trainval,chihuahua_130,11,2,6,06f14c31a7263bf1b68f8ad709d6aa098af069a2e6401a6749adaee5801a4416
val,trainval,chihuahua_182,11,2,6,071a5be51f6a1b8fd3e752f89612b5b82e822dbbb2441dcf004d86feba2cb04d
val,trainval,chihuahua_17,11,2,6,090bece3a26730b7eadbe05e36563f801aa46464517d67b1e11ae417e71b9cf3
val,trainval,chihuahua_150,11,2,6,0a1991f0df0a3d452bd5ec243a42242d759b7994227a8ec096d53080c3311494
val,trainval,chihuahua_100,11,2,6,0b4894928e538b4fa6ba52e4f3ff6ebb284f969f2e81ff5d53234ea4e3d39166
val,trainval,chihuahua_123,11,2,6,0e70c47a4cf3cf550848f425abe5c0b20a954bb601999ef77a42454f68c55b52
val,trainval,chihuahua_156,11,2,6,13a3dae130260c2138750a0d5f8634a6bc1c13541d5abcb22f29964b187c31ae
val,trainval,chihuahua_120,11,2,6,1467bee49561781445c722672d36f56e8917a1118f2de4185132ac7b2ca60a82
val,trainval,chihuahua_10,11,2,6,17ce818e3c7938b08bf471cc78cc6ebdfffa1a4706fd1dc6b1c1f2ed06643fdf
val,trainval,chihuahua_179,11,2,6,1b820ea99e5d974e4a57b82a557736cfd05cec8906d6d5d7f8e3314f7028c01c
val,trainval,chihuahua_128,11,2,6,1fb580111d2b0bbafe57a9b16b5dcee7d1f2db2885822443d24ca59992b21071
val,trainval,chihuahua_131,11,2,6,203531604fe37a9c4074e9924c03d420adbfdfdb7be4e554444ec620f94544d5
val,trainval,chihuahua_155,11,2,6,21e1af10b3fd94ab8b8db9607a5ac89c6485dfd580c61189e19e2ecbc775ee33
val,trainval,chihuahua_148,11,2,6,22f5143f6ad92b8d196dc7e08d30dc0e8fad6e6d42993bac3e75bddeb96d4e67
val,trainval,chihuahua_172,11,2,6,25447aaeddafced8ad9ce53ddba948f8ebbcef4df399d5e6ea86e072813dbde8
val,trainval,chihuahua_11,11,2,6,28e994872349633566e553a5218f8827df76333cd01ae1b4383a800800ccdfbb
val,trainval,chihuahua_185,11,2,6,2a80909157991fd077e7c3a982b919538637dac9b7f1213f5395a3b4f3030fba
val,trainval,chihuahua_159,11,2,6,310a0a7f443c1978a65165da01811bee64b4fc017024e6bd32865192fbf39b53
val,trainval,chihuahua_189,11,2,6,324016adc0817cf0e7b994047589d3348a88cbeb26ab52a6fd5c3ad51695f115
val,trainval,chihuahua_142,11,2,6,363137e8691bdd00e4dc71424f44bec27ab1f11b2e3812c1cf457c4c06bdb7e2
val,trainval,chihuahua_129,11,2,6,375d340ab841fa68ccdc266f25dea7c524af5985046ceb6053b279b091bc2bc6
val,trainval,chihuahua_104,11,2,6,39400b70c9b2af53e05eb4b0084749913cfc88bcccedd6c09469089359dd8fbd
val,trainval,chihuahua_169,11,2,6,3bab9004b25239bb885feafcfcb5a7fd50ba29b95a5437d0741f8cc4835e797e
val,trainval,chihuahua_157,11,2,6,3e3d8c82eb72d02c69b0758a32721cfd34fbf6daa93da3557ea2d859dce44169
val,trainval,chihuahua_118,11,2,6,3f541a9933b0c8e67b49069f8dcf90a4238e7bf2ba11f36b0e7ae13ebc41450b
val,trainval,chihuahua_170,11,2,6,434bd2c924ace428a316127ff64eba91d403ece7bdd6305d6b80ed2475d96ed1
val,trainval,chihuahua_127,11,2,6,43861da6c1ea5c5f142f044ad8669f49bc2a5e344fcd98f4ed6cf4e231d9510b
val,trainval,chihuahua_149,11,2,6,473bd62668c10cca5b0e68a7c201000b8dfe82c3b686cdc373447ccfb15162b3
val,trainval,chihuahua_139,11,2,6,47dcffdebfe4b27c31ab96329a657a92a03f798f3d7f3f016bb24856f3952825
val,trainval,chihuahua_138,11,2,6,4bdd52f36cdd19645121b928a11d9997da3ef785a173e5f54a456aea7d5f762b
val,trainval,chihuahua_190,11,2,6,4f40ce4cc7747f3143d84542f4f5e56fbabc7f9c377b4a2ff5b84a2911799c43
val,trainval,chihuahua_141,11,2,6,504676baae9eb72cc7ca14d6c0c8c38803038ce1f3d63d9f615fa5fd70583630
val,trainval,chihuahua_163,11,2,6,5178e7a7eb5cbe2563dcbab1d084ce13ba2ff93350a7f6dd48e08ac98ac4e69b
val,trainval,chihuahua_16,11,2,6,56c2c1f8b5ba3a29eb4c123d8a9efb2a85310f8e0de8d5224298b77e09699239
val,trainval,chihuahua_106,11,2,6,58cc4d562189e463d1383db0d8c8c6c15622f14cde37e7eca943581114a34045
val,trainval,chihuahua_117,11,2,6,5df991d5a718e60d079113aeddeee336e4e26317e7e8a91eb22f5fb0ed76ad4f
val,trainval,chihuahua_171,11,2,6,5f671c0293d6d828383ad9e931c954fb66192f486dbf83cdd0d3f3f99884c4d4
val,trainval,chihuahua_151,11,2,6,62e3a9158aa8ece6d09c03096bc2612d934b194e10d3b16e71c4a007417d3ef6
val,trainval,chihuahua_113,11,2,6,63e7039f45379c71c48dbbf131a20d9549c300e50fe4ba22b5c9546180b3c5bb
val,trainval,chihuahua_112,11,2,6,6a3e05369e0ad631a26f5b6eed2ac44ca6926c128fb1169b5a5a6b44bbbfadd2
val,trainval,chihuahua_183,11,2,6,6c44b711ec593339031902ebf634725cc2a4155ccf9883c179dd4bd6fae2a167
val,trainval,chihuahua_146,11,2,6,6c81de8a35e4024cb7cf2501ea6acd790366b68c940c445e588a6a03763b8495
val,trainval,chihuahua_121,11,2,6,6d7e99e084260acb44898329325c923985a285cdf53a25010f3a64e21d4c6376
val,trainval,chihuahua_187,11,2,6,71a6cf8ab7df83babc8bea0d5f0ad39cb0dca89fa9d70b7ca421dbb6c5156b8e
val,trainval,chihuahua_116,11,2,6,722482c2392a69598d04194ce7835cb5358ab4dc4695d793eb41b42e149d8d38
val,trainval,chihuahua_13,11,2,6,7257639cb1d5f0f8839f2717a1c1c449421052bfedccb33d61acb1fa0201ecff
val,trainval,chihuahua_161,11,2,6,750711fb5dbe298b145803d96046510e059b15397b7c45740063ea42be00688e
val,trainval,chihuahua_110,11,2,6,7781c3d10a64b0a183f859188f66e49ae27e6fcfbe9f2bd33b48d873e63109f3
val,trainval,chihuahua_184,11,2,6,7a6beb927df93ded701a45d43f81e1d13461fda437afb816b6b34e6e0d76ad80
val,trainval,Egyptian_Mau_144,12,1,6,0360ebbbf16c79bc6f696afcf02a460e92e75e023c25e198c684bbcdca8dab6e
val,trainval,Egyptian_Mau_164,12,1,6,03e02fc004bbd54f1f6597681abed57ea60daf4a9484773f58dd6b506d2aee7a
val,trainval,Egyptian_Mau_142,12,1,6,05e2b7fbeed98a662a6fced7cdd629cb45cb99ede266f39806217fa72220e6ad
val,trainval,Egyptian_Mau_106,12,1,6,0eb1296e7ea88c34d39b84d8baa1dfa82e6ddb9e472fe00287c6b5cca39dc934
val,trainval,Egyptian_Mau_12,12,1,6,106770e056f81b2b5477f8697d5aa7bbb1cf8f1fe6ef0ea8b9614b383faf4a87
val,trainval,Egyptian_Mau_121,12,1,6,10ad31875a0646f73428f2a2a45e9217d36ef7468fb3e2733b5d44a74a7675bf
val,trainval,Egyptian_Mau_101,12,1,6,137872ffda3ca5709ace0850dad6b1e59fdf8d0705930b2f0440386ebec95757
val,trainval,Egyptian_Mau_115,12,1,6,1e55fea2ede1d2323adb1c3516d1dcf183696ee1223f190c7281220758a6fa3f
val,trainval,Egyptian_Mau_147,12,1,6,1eca060381bf2494b899badf13de2892d40a9679416c2b35d5079f9615a769cd
val,trainval,Egyptian_Mau_125,12,1,6,25a3930a30937c77df94c2811107b447435413b6ea844b7399397bc1ffd1b784
val,trainval,Egyptian_Mau_163,12,1,6,299fe9bede0a1c22a9f8df0826ea44e003dce739c217c7d786b7adb31f4e87ae
val,trainval,Egyptian_Mau_141,12,1,6,29d7c4f7e8fc251cbfd294ed855c001c72b87673fbd8ae7a313f63c37de02a8d
val,trainval,Egyptian_Mau_179,12,1,6,2a6700037ad7361a8bda6b02d12aee2e7c661798a94c345c5b9d4d6a3a88d620
val,trainval,Egyptian_Mau_104,12,1,6,2ebbe7a995ca1174ce083c09c9f4f483fe2bd749a51524003bc0771aa7fb2e21
val,trainval,Egyptian_Mau_175,12,1,6,2fb52883cd4e279042e0577a1abb329d9563b126b3a7fbd6b655392020134d8b
val,trainval,Egyptian_Mau_155,12,1,6,33a13b192b3b2df60ae7e577161e8b0f10dca6a1d23a36fe0816678e1cb7f43a
val,trainval,Egyptian_Mau_165,12,1,6,37bd2e5d4485a5b486775422a2e98d786db616641a21a03975768c55295cda32
val,trainval,Egyptian_Mau_118,12,1,6,389743ba1bb3a6c8bbc4d5bf08c4c5cfac7267a6ec61d3a05929c940eb19e0ca
val,trainval,Egyptian_Mau_113,12,1,6,3b9ee7710e00e54483dead2596e89c2ed3243b5595f23ba769d9b4fe4fc4042b
val,trainval,Egyptian_Mau_116,12,1,6,3e8aa19319c0f24533ffc8bb5c493d7c232e2359aff678a670e57dc0c8216027
val,trainval,Egyptian_Mau_173,12,1,6,487005131da640fe9807f6336a926af5610219e80b8d600467ac6fac6b0ab656
val,trainval,Egyptian_Mau_168,12,1,6,48a5187c6927878027a07474ddbcb723b23147fdb85df5b281e72def1a20723c
val,trainval,Egyptian_Mau_120,12,1,6,492e659aafa6a455846dfc83812109ccbedb6e37ba2df7b82a19f082cf3877e7
val,trainval,Egyptian_Mau_110,12,1,6,496f5beefff161d7f5ccc7ad2cc3bc7acbf91b4bf6e53e278e43bd0812bde6ce
val,trainval,Egyptian_Mau_133,12,1,6,4e14e7fc0593b40b40613f6863bfd8085ce0e556c62f3f690a75c12f49380f38
val,trainval,Egyptian_Mau_157,12,1,6,4fd85da066aedd780e27e3ace37d08efb2834ac4e762aee25783158ef9fd1770
val,trainval,Egyptian_Mau_117,12,1,6,5488ff42f2407f826a7aef0b077802f33f72d0d9312e1026950c18162e9af0a3
val,trainval,Egyptian_Mau_11,12,1,6,54933f7cd794b1288414bb5dceab9569737aa8934e3f586ce0f171ebe284bec6
val,trainval,Egyptian_Mau_131,12,1,6,5875e23ac321fed3dd413581abb7a9a2292e179fd37699e64aeca6725d33d72a
val,trainval,Egyptian_Mau_176,12,1,6,5a2ba7c74bf76cb543522ed432988d19084c03756641cf24c27941acdc7c47e7
val,trainval,Egyptian_Mau_161,12,1,6,5f4478c98581a988d69c1572170880d93866b16f313632f892361b9da70ccd88
val,trainval,Egyptian_Mau_160,12,1,6,610b13a3ea13a1992d789eb25228923d2d1a2202101c8225be47c3ae7aba2b73
val,trainval,Egyptian_Mau_149,12,1,6,6646252d36a66691feb64426c8045767e0a8597efebd6dbeff8a165c505366e6
val,trainval,Egyptian_Mau_190,12,1,6,6c0b05b968377505f81368322cacb953b266d7010bacf1daecc0787f378cf050
val,trainval,Egyptian_Mau_122,12,1,6,6d1ebc9a0f69865f640c71294e335f31ea6b164d76078b61ceea5fed3bac4ff3
val,trainval,Egyptian_Mau_108,12,1,6,6f4dfb3c852bd1e5c9b201664cd95351b8d4d2690efe4d78cfdec513f9d3a825
val,trainval,Egyptian_Mau_174,12,1,6,6faa0f7f9b2056f1129965993e004536d4c13909d31ccd89ab9602c89bb33af7
val,trainval,Egyptian_Mau_128,12,1,6,7176fb2a94804b5293e26dbf463e50e5485a9c044b9a1b7b201f580b56b05aad
val,trainval,Egyptian_Mau_130,12,1,6,718b9e033057a3cc686ae1c9d2f7807a5086c03f233007e53ee96baafab002a2
val,trainval,Egyptian_Mau_156,12,1,6,7a9e7bae540aab3bf97dee69c0e5b3ca86481c17f1aa99310d6ff9637f4f5199
val,trainval,Egyptian_Mau_162,12,1,6,7e9b579ef5bfb47a63207e6d35529fc81357561557a2b7548b70b924414f1efa
val,trainval,Egyptian_Mau_112,12,1,6,7efe8666874a48a8c7db4836c86efb145fadb972c2e24170061629325f32df0e
val,trainval,Egyptian_Mau_16,12,1,6,80c728c4c8962f66ce937ea38474e4412977e3c76b6a6fa990146f8ed509eb33
val,trainval,Egyptian_Mau_102,12,1,6,8230eb42ccd5a0a6df486a5facadf16693858a0b9edd2412791a5fe8d2192f37
val,trainval,Egyptian_Mau_140,12,1,6,82eead181aecffe7e74ef9f511d0c410981b964ab4cb2a6367dc3cd8c4af3a49
val,trainval,Egyptian_Mau_13,12,1,6,8505fcdf61e1ea31644a0f9f5df31efc7aad51284ea53feb2f2fd5d30f709f1d
val,trainval,english_cocker_spaniel_136,13,2,7,06f548d8aecaacf48ac69c2d836b76a7ef1d01db628766128ed7b9fe3d1774c5
val,trainval,english_cocker_spaniel_18,13,2,7,07976a1cc575f16cf8685efa0a51f1ee321159acfcbb26da086ae1e55c33bfcc
val,trainval,english_cocker_spaniel_14,13,2,7,0bce4f040ecc4c4a2ec2e7a833140172b317c3e436439005fd91a7e61ded6e6d
val,trainval,english_cocker_spaniel_102,13,2,7,0d7702f79c07687aa21d36f9d798a43f2059f6c275ef94242a2ffedd0544c115
val,trainval,english_cocker_spaniel_176,13,2,7,0df0751b1420229b0b07a70c682163f0d61bd914764c3b15681303b12388593f
val,trainval,english_cocker_spaniel_10,13,2,7,110fa6707e49233717149edfce1277d746b3a07e2fb1c0b87d52008512462ac6
val,trainval,english_cocker_spaniel_13,13,2,7,176538f2a65b7aff1f3ed3f1a50cd9d6f1579287a7d40bfbed1ee1a460ea9afd
val,trainval,english_cocker_spaniel_183,13,2,7,194fa81e5f2589f4f37c273c6ecd78873eb189ca84c7c69251f22c2ed2c4d479
val,trainval,english_cocker_spaniel_128,13,2,7,1ad2d7d2b9bc0fbdb430153e23e3aae22c4a2abc06a8f3e084316a33a60a7900
val,trainval,english_cocker_spaniel_184,13,2,7,1d207b4ba2217b485f4705755bc73af036bf61f5a1659b7d09e3ea1d41d79151
val,trainval,english_cocker_spaniel_169,13,2,7,1d5331d82fd816d5d1caa331c224bc8c1f56f463d73c0b49f9369f80ef6918fa
val,trainval,english_cocker_spaniel_115,13,2,7,1e4b953dab6bd952fdc0b98a1a41a1c460eb2b49e1df797a769686f5c6a6b881
val,trainval,english_cocker_spaniel_134,13,2,7,217328f2a2ba7d9f66d708f7387058c21dda8b6820a7a3ed43d3e19fbdb0ff14
val,trainval,english_cocker_spaniel_100,13,2,7,2471f481f7d66cfacf6570800177e075a921846d83e6fdffcdf20722d702ee3c
val,trainval,english_cocker_spaniel_132,13,2,7,2726fd3dd3c93526ba1f928334610abd3ef5ae3759a8a46df0e19bbff6264a29
val,trainval,english_cocker_spaniel_112,13,2,7,2fe99c637d8c6ef6c935dcd53ee7a76a74f64d728d5115168a44dc3d0f20a26d
val,trainval,english_cocker_spaniel_148,13,2,7,2feab348ed197d26dc4f131caf09d603ae88eaffe0ee078ef4fde8c04fffc5e4
val,trainval,english_cocker_spaniel_131,13,2,7,3363ce70c7ee133c35e9858c4abc1109431475a676f42c8c757f87a34c7ba72f
val,trainval,english_cocker_spaniel_174,13,2,7,34655aef10fc91347322cb7eec3a6ceaedbe1c1eba3848e4f435d56e9cebed2f
val,trainval,english_cocker_spaniel_141,13,2,7,350ac96e841f34ddaf8021557ac1ea5e442e837c00d57f6ed6fc4609f19175f1
val,trainval,english_cocker_spaniel_106,13,2,7,366564266e1fbb13730da2de1aeb4829aebf2cf34a01cd936ac3ae6460b1a0b4
val,trainval,english_cocker_spaniel_157,13,2,7,379f1b163bddf301d8d33eace054a1a9b78c7ba534a895bbfec31fa39be62508
val,trainval,english_cocker_spaniel_150,13,2,7,3877294c6a363cc870a271f9028cc25256c830919ac16ac30e5753539697f5b5
val,trainval,english_cocker_spaniel_108,13,2,7,391d552e7a8fd57db6c873543bc12fd807afbc7292b30bb27cd3abcd7429d349
val,trainval,english_cocker_spaniel_107,13,2,7,3c0a9bd244377e93400c61b1e8bd3889f1e197d910f1e6fb3df5327d11b9865a
val,trainval,english_cocker_spaniel_111,13,2,7,3d729939a3ba2e1a7d6bd7722da8c2bbe829e68db12ffb050be0bc3b553e2d6d
val,trainval,english_cocker_spaniel_158,13,2,7,3eada1d69076c33b99e56a06c4f268bd9c70d29e990398ffe6ec2666cf5ccd55
val,trainval,english_cocker_spaniel_186,13,2,7,4055b14660da907e245965257f3e2af621b1ed05b830fc212a1f213d69a7cee2
val,trainval,english_cocker_spaniel_123,13,2,7,41d310c23c2b345b1c2e2a10e8c4a5024311b821aadbc1919e5439d398640e9f
val,trainval,english_cocker_spaniel_173,13,2,7,48e8b627a7dbd17817d0dd2cdd45b2e918b9a612530b53f7fda2acdd043fedd5
val,trainval,english_cocker_spaniel_152,13,2,7,4ad4e4fe50afb619baabd616abe7df4498d02a34be5454f3d6cb2851683401ed
val,trainval,english_cocker_spaniel_12,13,2,7,4df39a3d1029d1a04a3b400b21bb12208237ade65d3d8797f36974daeb12aa09
val,trainval,english_cocker_spaniel_156,13,2,7,4f225a84e056b235d1f3e6fb616f980ad58dc6b379e3d1afe157b475d2a9dd24
val,trainval,english_cocker_spaniel_126,13,2,7,4fa2eb83855f4049a237098ebe59184052673f00f1b02156fc7ec1c0388d6c37
val,trainval,english_cocker_spaniel_124,13,2,7,52f6f59a83bde0fc867c5361033d3c08a22b05fd67c0f0f8f0ec95d6c4c7e8b4
val,trainval,english_cocker_spaniel_129,13,2,7,53a0b6871e00c4790cbc980ee3bed6a95fbf05f38d47ff7ee1d4ed65e0830c2a
val,trainval,english_cocker_spaniel_190,13,2,7,5720fb387ba68a30e598fe6bdeaa89f8827761aed6b1349061f0387f82044720
val,trainval,english_cocker_spaniel_153,13,2,7,62e7680f535d5448eb0c82322a951923ea8a0771e23d404405c87a3c321d2529
val,trainval,english_cocker_spaniel_116,13,2,7,62f8eeb4439eaeebd45f1652f3a7f713f8eafc46b18e27b0f6c5c0cedd324f2e
val,trainval,english_cocker_spaniel_144,13,2,7,670a22274d4b34924cd8a9db979fecc163a1d97460bb911cb322e70b0f23e898
val,trainval,english_cocker_spaniel_120,13,2,7,675616b500d0dc0046d0c38039439cc03999e37ef4401688511dec926f80277c
val,trainval,english_cocker_spaniel_118,13,2,7,6756f67d0be6872f120e9eb476b0e7f6405da9cc751b48523c6711c4beae3aa9
val,trainval,english_cocker_spaniel_181,13,2,7,6776debb130ad27b71826e8a33d316bf2bd0c21cc19c0a13029d2e3cde118fc2
val,trainval,english_cocker_spaniel_182,13,2,7,71252af8f03d32ab6747aec0708bf856f39cd7e9d04660afcd6b4d0e4f9202ba
val,trainval,english_cocker_spaniel_140,13,2,7,7181d44356106ce583d169ad297167d96f5d7d0dfe47389c98262208ce1beea6
val,trainval,english_cocker_spaniel_15,13,2,7,74e613c3e06fcf7af670e37c1242538a48d52b0862b44bcf4a14ddf2b626938e
val,trainval,english_cocker_spaniel_145,13,2,7,7753725dbeb20bc504b48f32219ffa6e3563d5cb616af889cb95f118b962b1de
val,trainval,english_cocker_spaniel_146,13,2,7,7b53e888f15e38fee6b0e89b184df200c10340d179fee12ff7ca61b3b68976db
val,trainval,english_setter_184,14,2,8,018982a01c5cc2f9b5fbc2bd8ebe39ef85212dd7a94a7ca1882dd0c33642a06d
val,trainval,english_setter_115,14,2,8,03b94ed7623ce5a9f63b22e241836df6f0eece247ebc70dcf9387c567914d063
val,trainval,english_setter_126,14,2,8,06a867d2345c8fb43b35fb7a16beecf5187af2253e2c49faf06de010c4b7a644
val,trainval,english_setter_151,14,2,8,07af4a1ab12c0d8e7a45ee45a2bc86d6b0691a2a76ce3999befcfaf4066e4757
val,trainval,english_setter_131,14,2,8,090d97cdd7e41c2685880f836015f7d7d0433b4303ca53688d6d4a9d588b8290
val,trainval,english_setter_168,14,2,8,09cbd0b79b11a8bacfe727268097ff1d7bf8f65a983d8a3fb1a944b0cec203f4
val,trainval,english_setter_15,14,2,8,118255bf5915680daef63961d8c520cfe620c59595c5d5638c1f03d7f31e359a
val,trainval,english_setter_11,14,2,8,11fa1706fd1b2e76fc5978da9951010a585f43bba9cd1447b1e281c1b6ff8a69
val,trainval,english_setter_190,14,2,8,17a5e4bcf1023f93047776c151fb3249359317ff45e39cb707ad170f51472482
val,trainval,english_setter_170,14,2,8,180f5b7cff16298c6d0afa06d67ffa3f9d607fd8b3c29a385bdbba96691159d2
val,trainval,english_setter_157,14,2,8,1856b31ecfd48dccbbd487ae08ad3f766e26c91361f555cfd38b15f8136c6270
val,trainval,english_setter_150,14,2,8,1b39354ae8946b0835ed12f105ced410768d15a4508d9a51d7342954ae4a952e
val,trainval,english_setter_177,14,2,8,1cd8164040c9fa4478e62ba8a92f63260deb8e18091d27c1a798c14b6fccd0cb
val,trainval,english_setter_101,14,2,8,2430abfbccb0ba54203a895b315b28199c8c83c3245eb90242ca7ecde3a12bf7
val,trainval,english_setter_128,14,2,8,24d26660a8868e2dd50f2edc426ea5d9e52588886b1fd528bfe98d27cae87277
val,trainval,english_setter_108,14,2,8,26ca6c8b80530de80e604738d937f645d3cd054d4fc3d596ee56b5abca179359
val,trainval,english_setter_189,14,2,8,2773fbdc30fdce3de057063689c7e5322acfafc634659ac3d574ef29a9c02ffa
val,trainval,english_setter_161,14,2,8,287891d82f430090a6ae606aa709723729e356e1b2208e0dc2e240674c23bc23
val,trainval,english_setter_125,14,2,8,2aa66aaab2bd9cb75d538f095208e93b364158e1599f65913fa0f903730c2ec0
val,trainval,english_setter_112,14,2,8,30ac1d0d35a0eccbc8b545d31c6d5ff9b9b78705653d176c750d3a2491f5ca8f
val,trainval,english_setter_169,14,2,8,338f970202727fd7bece46d19f7c7e292fbdc3c65a3a904bc24e134527a0c761
val,trainval,english_setter_127,14,2,8,36a4b078995997d635b439313f4f833f1bb920a72dc5302ebf2dcd3a7dabb29f
val,trainval,english_setter_129,14,2,8,382f06d0b95fdd22df16865510d80ecbfb898e5a974746ca07c6744d7ffdc951
val,trainval,english_setter_158,14,2,8,39bd955ed9ab74bce974f078abd42875fddc92c879489d5a998422b14e674040
val,trainval,english_setter_185,14,2,8,3aea97b17a81ace47638f47b2be747788fa218d5bdba45912b314e346c96eb6c
val,trainval,english_setter_117,14,2,8,3c9386317c581f1bd7334c8f377dab115076ca936e419d98dd5eb110621a2b22
val,trainval,english_setter_154,14,2,8,3e17d24f7453a3e3271d0fe2b0c3d5534a1c26f012381e659150a19f20d0209d
val,trainval,english_setter_116,14,2,8,416362a9602662df8df873c39a20572a038ecabf2c19ee8e9f1fc1ff3fdcce29
val,trainval,english_setter_10,14,2,8,47b3bed2daed44be747ac5224a4adb699086d3969fb77d034ac2844d562aca76
val,trainval,english_setter_113,14,2,8,4a81621b6e9d0788968bfb1aac195cec1d7a40ed340aa2841092e68d25aee01b
val,trainval,english_setter_188,14,2,8,4c0767f83ba8c3749df99f5e13690f3cf0dabd104daf8ad56d96dc26a5924637
val,trainval,english_setter_173,14,2,8,5f82592094b8ea45688f83f913e75550c5e893c87e8bc96e1e9a7776f6cb030f
val,trainval,english_setter_122,14,2,8,6389431a5517d7184b47a0b529b9cf50221d62b50f57daf6e227ff9a21ce4ea5
val,trainval,english_setter_149,14,2,8,63957d4356592ed7d438e32784a15aa24711ed884a3590bfc4a037da4a1d74dd
val,trainval,english_setter_176,14,2,8,64c6284d9e2e05d760fbeba8d6de745da0c5cebe1547c0b944dd56397c891608
val,trainval,english_setter_138,14,2,8,65ea86fb96f7d58a4813da43d89739a171f437258c64baf23c12bbfff172c164
val,trainval,english_setter_148,14,2,8,6a3b3df5f9314dc18dd57e84b64eac6dc07158bb37a11ee0d6807a11b7deb430
val,trainval,english_setter_142,14,2,8,6d04161a692f874c6bdf29cfa005dedb1a5b1dfd56bf79b921671b9da730239f
val,trainval,english_setter_100,14,2,8,7521fd56ddfafcfe11c3cd257dd62577ff025882d8316b2f46cb1dc0656ff4da
val,trainval,english_setter_175,14,2,8,7a3e138ca4281f86e8d4da2fca1bad7f96378bc26a03978f60f3f175427bf84f
val,trainval,english_setter_167,14,2,8,7a43c3757189305b4a0a9f02b6a5e6463da9c319cb15b566b074288363e1ff23
val,trainval,english_setter_144,14,2,8,7c09797ff850b8c2e2a9a81aba7ba6bfe1828e37b9f6753abd26b7f04f5ba8ed
val,trainval,english_setter_160,14,2,8,83eb05ad58c48892c7c37646d2c6e2a9f27ea4e74d0ad68e0be99a90f6e199b1
val,trainval,english_setter_119,14,2,8,840fc43009c6a5c4e73435995eb6f31b622f8417a293a7222e006e39e4f78a73
val,trainval,english_setter_156,14,2,8,8996f34b1ebd52d821faf3248d57c94c4303df5790bd25a776b74bd1ac2da718
val,trainval,english_setter_140,14,2,8,8b4752a3ed091b935a6768dd1ad3edd35a43437fa0c24b91fa47e75a3713bfe4
val,trainval,english_setter_114,14,2,8,8ccdf1b3ee436dbc039e17139804def0e06e08963ec024476515a15cb0d73b38
val,trainval,english_setter_120,14,2,8,8ec319bd8c84e6ee9eddc266999c0a5a42b107f68f812140d1ed05748cf2c729
val,trainval,english_setter_141,14,2,8,90dcf07192de38f03045f712625535269afb4d9a4aae600edec37809e0dec020
val,trainval,english_setter_110,14,2,8,92c3fa3260fde1480d76a3670393be342365489ade99426080888ed3f68be4ad
val,trainval,german_shorthaired_106,15,2,9,00b3fb0f06aa60e0169e7cab08b59439d7f21a3469ad469de6da67213d1c350a
val,trainval,german_shorthaired_127,15,2,9,03ec60b8d7ae1c7df760657191a43a028c4ac5d208c8bd25388486cbda0a9548
val,trainval,german_shorthaired_144,15,2,9,0911eaac4eadba736dbdffe967c793f0436470d5ad438fd45d3ae40d728a91f3
val,trainval,german_shorthaired_100,15,2,9,0a18b320c9f77ba63f0770e45765c43350fe06d316032de99c5823c665bd2e7b
val,trainval,german_shorthaired_136,15,2,9,0b405642fd3a14dd19eb26f3dea716bac53babf3e3539b2877c4f2dffcef10e1
val,trainval,german_shorthaired_148,15,2,9,0c7beefed6520e10e7731a6f7ff72bd7dc1bc6283926769e40ef8ed05eea57f3
val,trainval,german_shorthaired_153,15,2,9,0d0055085364a3520b103f24ccf5981b2f161e75bc60282084a94cf47409416c
val,trainval,german_shorthaired_125,15,2,9,0f1d9759562df3d7c18364034ee753431874ae65fa18791523617c52ba277a89
val,trainval,german_shorthaired_155,15,2,9,0f2e59bbc165ff7c18096fd88ae826d4b9444860e25d1ed7f5555babf3fc33ee
val,trainval,german_shorthaired_115,15,2,9,109ff698c01557d0810b2df792ed46c74b51cc0b57874d4292b532b1347c5c61
val,trainval,german_shorthaired_101,15,2,9,18480e6074879beeb0b8f07135a2904e5ac49da884ce4576d76634ee5f5f363d
val,trainval,german_shorthaired_139,15,2,9,19b1343f210aa11f12ae286864ecf7ee1f15838e7bc57054c52e7585d070c7e5
val,trainval,german_shorthaired_168,15,2,9,1bb16e4b6f1ad0dd4cdcaee2b6065ef418821b458205b4e9979ee95482a86aa0
val,trainval,german_shorthaired_135,15,2,9,1cbaf5d78c5158336ba785a85d9cda955d0ccad5f01181c7990e6c149d31d1d3
val,trainval,german_shorthaired_141,15,2,9,1ef5777b00d5ee2a77f35db103379a1c1b2a93aaafdff1b62868f692e0e646be
val,trainval,german_shorthaired_181,15,2,9,22119a4a4174e61eb77c8110381bf12e15f063f4ea35b82e9f39c1cccab263fa
val,trainval,german_shorthaired_171,15,2,9,243c242bc7b4e3fdbedf5c103af0f670d449a0713776dd372e5fc16e8b9e6a7f
val,trainval,german_shorthaired_162,15,2,9,2d258a4c836d882d2f2ae113e8d212e977b44c09f40671c576865ea87348d2d0
val,trainval,german_shorthaired_124,15,2,9,2df465a3f2af546887a47d0f326c1d1807f7d71aeabf23fc0f4af8fd12ad15fa
val,trainval,german_shorthaired_114,15,2,9,337c11c6e4f0b27a921c2fb9660d9c86724b302c0cae5563bc3065c71ea2684a
val,trainval,german_shorthaired_175,15,2,9,33b2d152d11cfc04311f824b9de845fc3cec349451b232d0bca8b68a08024ba3
val,trainval,german_shorthaired_185,15,2,9,37a119989c962ca9bbc398c461fcfe7f8f2bf741f29e6b99444030e9cc83092b
val,trainval,german_shorthaired_160,15,2,9,37ac3a7d1c34d9bf7a46acd3c9389d49acbb6edb8407e808375fab2f1a4e16c3
val,trainval,german_shorthaired_157,15,2,9,3a3c75e633e9a40e0d3f8178ef55ef411ad876366a8c96e30b57ba77776b2705
val,trainval,german_shorthaired_12,15,2,9,3d7a09e565183c47917490aa3f0e249ba9f40a2f22eaa9183ac429f54c4e2e63
val,trainval,german_shorthaired_112,15,2,9,423fb22b43812ddbb2a7460464c7029f2ee345d3f61133cb38c1304f12c4b716
val,trainval,german_shorthaired_123,15,2,9,435ac592a7858e9ddc3c0ba320102090a517b6f8c80625ddb2c4bf05fe63568c
val,trainval,german_shorthaired_111,15,2,9,450dc4de998927ebfb3de8457a4bb9081f57397cafbaa2d96eb24793c29942aa
val,trainval,german_shorthaired_172,15,2,9,4a26fc01253a8f61f5f9d96f6206c0e99fecd065864442a785733b544d2b69b5
val,trainval,german_shorthaired_109,15,2,9,4c4f0e2d43132a92349c3cf5133a6534509465291963629d8e911b9950227449
val,trainval,german_shorthaired_126,15,2,9,4c9d7ec19f2150247bb67ad36ce8eade31b2feb9346ef6956d3173f079e3a3c2
val,trainval,german_shorthaired_145,15,2,9,4db5a230345648d466868cd7d5c9f998d6bb9f4e399a721c936217782cd2196f
val,trainval,german_shorthaired_146,15,2,9,50322fc1bd333f03f3e8c18b91f84f12e9a5cdbe7afc4c3bacaabf29cba58b82
val,trainval,german_shorthaired_117,15,2,9,51083c6cf6cffc7615f82eaf54707dc7cffb9bbca8d05ce205c3f4cc10ddd3bf
val,trainval,german_shorthaired_178,15,2,9,552e42917faeea44d844cad4c6c35f6dd63af6a1a5b80f5561f84f677fb6d212
val,trainval,german_shorthaired_187,15,2,9,60b2f0b97e846f4207e41c9e0aab73bc63155d994a4c1f2e4116f3cfb2cb15a4
val,trainval,german_shorthaired_120,15,2,9,680347c784408b8a8e050d27b8ed640c7a522791c460a50be786bcca3902b8f6
val,trainval,german_shorthaired_15,15,2,9,6abf3e290326285dcee6b2846901919ce8111d597eff76bb55484026f4726f59
val,trainval,german_shorthaired_177,15,2,9,6ce70e1e106f053d90b1461de5c23452b2271a4f80d349e404a89ac001f826ed
val,trainval,german_shorthaired_189,15,2,9,70b19443919605ca95eafbf90104bc949ea920b4d88c57c2213762892543951f
val,trainval,german_shorthaired_186,15,2,9,7129fff45ea4013e5bd644129dd0600c64b4947481669952863f154e1c22c806
val,trainval,german_shorthaired_158,15,2,9,7b140a6d196cc8be1eab7a57cf46c6234efb3e249986157cdb4561c406f7fc4f
val,trainval,german_shorthaired_14,15,2,9,7b7773fa0e60e69e0736019cf21574709e6086551f429ea9281c8aaf6783a2e3
val,trainval,german_shorthaired_119,15,2,9,7cf99b80f4972e7999340087893739480f75cd558663aca792486f20183a3e57
val,trainval,german_shorthaired_10,15,2,9,81f9c0db4317ca5dba3bc1a968d8193c3b3d3af5ab48a62b7594ed629657ceeb
val,trainval,german_shorthaired_110,15,2,9,81fef7f4946a5aa5e5fd2088c25506dbb790a1910b853fc75e8943faab1b8cf8
val,trainval,german_shorthaired_142,15,2,9,828879e94526d41d9219be2e679100266d40b44f02e633e55f0694586d2ee75e
val,trainval,german_shorthaired_137,15,2,9,875b4db71d5122929649f1b7c869c5760788b964d5ea4bbdea8dc4fae9ea9390
val,trainval,german_shorthaired_182,15,2,9,8ba79b54aa1c19ecbdf3068476a1ddd842c14ca9ac77a5f73b8789898c3b4f04
val,trainval,german_shorthaired_105,15,2,9,8c9004c4ec92b6768439c0329a506037aab61fff527ef3a336ea3cd72b9db12b
val,trainval,great_pyrenees_169,16,2,10,03bb1e3325b406ab7e37c86cd0c4a9f8251f3e3e579af4eef2958fc77188bd5d
val,trainval,great_pyrenees_123,16,2,10,04c7a00833c77adadcfdeed1d08b29845c02990dcd1f59134dfbf45aaa0ca1d4
val,trainval,great_pyrenees_110,16,2,10,07523258e8f5452fa44aaf50e6a2f2848666e341b9a4e87f53759ebeb64ab14b
val,trainval,great_pyrenees_187,16,2,10,07a5f42efd7e38bc6c9fdb51a0d991948ee5941b22730d898dff55f6c3970423
val,trainval,great_pyrenees_158,16,2,10,12ffe29b22178a0865c6c46ef2d4bbdc027f1b5407a64430f05407f274f49ee5
val,trainval,great_pyrenees_163,16,2,10,15f9bbf46c32db9cd91d86b8621fd5b78ede57033ebf1ffad24f25784d0d9fe5
val,trainval,great_pyrenees_185,16,2,10,17a1eb952f8b3f6c45e4d883625504266a8743492877cbcdaa54f0e9ee12ad43
val,trainval,great_pyrenees_172,16,2,10,1eb8a750b47a635ef7dd06ebacae0418e44b72c73343e4e2740b10757cdb2d47
val,trainval,great_pyrenees_10,16,2,10,20013a99238589d2be1865887f10fb9d0d2936a947a0a77c9476b128d8d775e9
val,trainval,great_pyrenees_189,16,2,10,2194e768ace08f295bca1142304f74570a0b47a170c75cc514e026ed1ce79cc7
val,trainval,great_pyrenees_119,16,2,10,22c9f66a4ae46be266d596c3c3929b13b30f607615e5342114a748f5e65555ce
val,trainval,great_pyrenees_174,16,2,10,2864eeaf5f3f0ca953d293fd6368c3a39aa2571228eb1ab68b2a29565fd1c35e
val,trainval,great_pyrenees_161,16,2,10,28665584e545ece870cc012c9992278543932bcf076a6e5d92c0ff7b894d9487
val,trainval,great_pyrenees_113,16,2,10,2e913435c6f6acd454435499c9d292295d9b4cc0948dc3c99ea538ca61fb7074
val,trainval,great_pyrenees_145,16,2,10,2f1bdbba95684218dab6e655f828ce2f6af5196a31639ef78f448e296b457ecd
val,trainval,great_pyrenees_131,16,2,10,2fc61b39b2584441d4edfe897d1d81fabc00d7795fdd4e55d52a88eaeb8d4d6c
val,trainval,great_pyrenees_101,16,2,10,362dd2a349b24aed2c616ed904c4bc1a75840dd06043c34c260302d36ba9ae54
val,trainval,great_pyrenees_152,16,2,10,37879c61219ed51008adeba36d2ed8b2ece5607485319a7eb7bfdf70188687b8
val,trainval,great_pyrenees_133,16,2,10,38c06d9b6e239d961ffb81499ea307aacf92e4d392b83af740cad6a487a03447
val,trainval,great_pyrenees_111,16,2,10,38cc683e807e21583099cbf9cd11bd7a022c86235e70added13f6528ee27f14a
val,trainval,great_pyrenees_128,16,2,10,3a771aa9b57bc9f14cfe62ccbfff926d527b3ba1d44f2fdf8f91da5cc96faa9c
val,trainval,great_pyrenees_18,16,2,10,3f9e7aef42191cba4923b908b8cacfcc9b2018b9aba3e3e13edd0574e8851182
val,trainval,great_pyrenees_106,16,2,10,4036c7e4925a7b75e6f61215ebac742aaa10e9910925d0b53df2ad8886c74c2e
val,trainval,great_pyrenees_16,16,2,10,410b543c9c435a7291c46847cc87f742623bc2f20757efc298ea46a0d014224d
val,trainval,great_pyrenees_170,16,2,10,428d0ace8a0d05919f0ccb5ca4ec13d0f5f96d280071c580dcc3739476d8d8d7
val,trainval,great_pyrenees_121,16,2,10,4696a29c9fc07fda8cb8f5cbf83bcb4e3f772be793e7b881e3c177bb1ec1db2a
val,trainval,great_pyrenees_177,16,2,10,4bd37326edc59617a1ecd3c4eb929bd30400add4dcbbf656dd5607545b8c1e8c
val,trainval,great_pyrenees_149,16,2,10,4de030215886787adb4a969937ceac251b9e94570941aaba8d0571993e03a550
val,trainval,great_pyrenees_159,16,2,10,4f3aa0d74ad6450c518f04b87d6390616aafb0f59ea39fb4c429694da147735a
val,trainval,great_pyrenees_11,16,2,10,5076c7ebb59f5339c9f46532dd1d47b07a5221e4624304e777fcddba624465b8
val,trainval,great_pyrenees_12,16,2,10,52fbc6fbbcb466dbc643c8bc515d49eaeb44f0c4315a5701f179cc968943b06f
val,trainval,great_pyrenees_112,16,2,10,54e525e54a0ea8ec70434cfccd5a75484c1c128401f942372ee275e17ffceb1c
val,trainval,great_pyrenees_117,16,2,10,55493cd31c47c2193cb75c2e109696982345b175b0cd6b0c54d8af9ff010f52d
val,trainval,great_pyrenees_154,16,2,10,574d0d17985340f98755b29b27b370d5cfb28a3ba0ffdd18961ff8c86f6607b3
val,trainval,great_pyrenees_126,16,2,10,5f6b7280529167d0c326edef05da30f6e3d11fa4f98d40c26707279ff3872835
val,trainval,great_pyrenees_120,16,2,10,663e8d6a190feb566584263cb9508626f2d9b9919fbd456b627f0a1067dba066
val,trainval,great_pyrenees_148,16,2,10,67ff9088b92c9562753e763a561089f50d7fac9b1a70535cbca5a0f486284786
val,trainval,great_pyrenees_183,16,2,10,69226b991426c94576ddb13959f9c41ba54ad289a524b105cb6f4b92ce4d7b7b
val,trainval,great_pyrenees_116,16,2,10,6d119f6e9b03e9db47571474f1e1ec32b02724a6a968996062250757becf26b9
val,trainval,great_pyrenees_122,16,2,10,6ec47f075fc1c1dbb6999fe53e5d94cd81fc45ad23640212e89fbba2ea3cbcc9
val,trainval,great_pyrenees_13,16,2,10,6ef860f92cda9e5945492c66856772cad5d03b5d9db19a8650c8b7f54e6a6147
val,trainval,great_pyrenees_155,16,2,10,761d9cb2c2feda7f1486af3de85004d65f03a1a762ae550a49f28b2dcd976667
val,trainval,great_pyrenees_160,16,2,10,76ed70595ac8f0db331cf77a4aecb703194df319fa8d64b1c29ee9a858683496
val,trainval,great_pyrenees_142,16,2,10,779b32a2b031cbc767b9ae65049079841d4c1c3eeab3b374e6c87b0067f7ee8a
val,trainval,great_pyrenees_14,16,2,10,7c046016fcafa43b2cf6132351a7427e030ad69f66caacee9fd07618dfc12224
val,trainval,great_pyrenees_118,16,2,10,851c13fda765cd27cd719165363014eae841b821bd6f26d190fe4f57c207a4cc
val,trainval,great_pyrenees_17,16,2,10,8801485f65a1d421f67a7f915674f4fd0f124e655f28fb713b0ca2bde5d902c3
val,trainval,great_pyrenees_127,16,2,10,882c157012f8e56e248c59434371127e622a470ae6ef16082ad2a34830f5bb93
val,trainval,great_pyrenees_125,16,2,10,8caabafbc9fb1f9cabbc88e04744392a611ebc8f544f08d9f530cffb415c87be
val,trainval,great_pyrenees_135,16,2,10,8f893807ee2832a373be9f74fc54ca0b6f44ef4f25d2c9ed2d23cf8cb6f4731a
val,trainval,havanese_173,17,2,11,0070823116148339c696c233ab65376b67f1e4b88eb3ecaacc4ea91e7aa306f4
val,trainval,havanese_148,17,2,11,008aeb0f540efea260f4ff6a0e30de3d66584b8de90122ba7cae346aaeb737ca
val,trainval,havanese_153,17,2,11,0c5a33e31b736654280199e26477c628a30b023ca227862b8ec1cdb3f0b444d1
val,trainval,havanese_115,17,2,11,0d7acc96273f3fce4976e7af1183586ef365eefce0762f4f178b8d9318aabfab
val,trainval,havanese_188,17,2,11,122cdbcd4e0e4dd8d4f1e87a8d745875ebc4a7fd2b789366c631f97f895fd2ad
val,trainval,havanese_166,17,2,11,12d7f68cc44c0bffd24144962282a7771a3af8a21d2c514dc02b68f12abdf0e0
val,trainval,havanese_175,17,2,11,17365ff63a9a7f4813468f9106672a3c3f42e975f3ca59bc5c747eeb6dfea435
val,trainval,havanese_104,17,2,11,1a65b8a3fa34bb373ab034ebe3ffb8bba01f98e2e9d225d77f8d25468f7dc60b
val,trainval,havanese_105,17,2,11,1cafa9952dc250411a7294281ca901b37b6224aea701b3d95729f1794bcdcbc2
val,trainval,havanese_149,17,2,11,1d004b97eb0d531069043df3e687a97aa1a0435426ef295c5093e17cefbcf81e
val,trainval,havanese_110,17,2,11,20563fb88ea70b2cf0915a8c7362cd9911511a10084645fb88806bc7e105b397
val,trainval,havanese_176,17,2,11,28d456e57a5bc5237cce0bf1a8d6fdbec20cda6affc21d983dc3a7e079140ad3
val,trainval,havanese_16,17,2,11,291d4bf5d09df57566ffcb6537b03044337621832e57ed3454e51b0371070202
val,trainval,havanese_100,17,2,11,2c639537995161776a3d75494ac03d8ed5f84de0cc0568bf4c7181fa1dc93770
val,trainval,havanese_15,17,2,11,2f6f17ab2c8d87ca0b14bcb32cde0fe901179f07245ed4ee697b5f8a7b6c1a7d
val,trainval,havanese_179,17,2,11,2fafe66728346ddf32201f61912314f444911e19130bce5f2d9a6db73f43b003
val,trainval,havanese_133,17,2,11,31a262c61411e9636c4a3a41a9421a9c04358f4ee791690b29b3462a3513d9f1
val,trainval,havanese_117,17,2,11,3583287a438a935c8b831a3bb7ce1fbb5a24bf22c841314f5ecab9f3d46a9782
val,trainval,havanese_150,17,2,11,37adecb926a0e3e8d64de8b98b4055a4153bdb5eb19ff3b22fbe1011a6f39406
val,trainval,havanese_161,17,2,11,38bb5b04785501d6734ff3e7dbcfca7aa34ad07ea898d1869b860c7b817c6fd3
val,trainval,havanese_17,17,2,11,3b89af9be02fad76859270207fa29761bf6a06ce04fbae678d49e484cb7d1a05
val,trainval,havanese_186,17,2,11,3ed6341a3a602a30f12779759d99dee97a3e95e752ad0182733eabac8b1d9b84
val,trainval,havanese_118,17,2,11,3f4d0c2f36b077116830b6aae65831e41e74525ad4a7c977d67855bc2ad9d215
val,trainval,havanese_103,17,2,11,419c74fda8e899b35cc87974b0a1271bd4b74ad616671211da14183a54829aa0
val,trainval,havanese_106,17,2,11,42521822e67aeb56e3f67c5d7a5399d62e9d69bc1061a74a6f6e942dd4fa9f05
val,trainval,havanese_168,17,2,11,440c5672695296f338ef2a61bcf7297e74c4af0fd05dc18ec9505b41ff0d9c2c
val,trainval,havanese_172,17,2,11,481863fd5d9e90168b02fc74b6c0c2e051ede852313a958298849ec82aa3265b
val,trainval,havanese_146,17,2,11,49f51f614e05b1ef220a880f54c43f61a7a3f8446c2a2d240bc4811fb269291f
val,trainval,havanese_130,17,2,11,4b28733ad24c346505cf08d378ba3ccfa968f89b91ea7327d02b89812817c19e
val,trainval,havanese_155,17,2,11,4b673924d6b27282f8a6d4e6d1f7f0bb7c9d382a74d509bdba5ee78cad31e6e0
val,trainval,havanese_183,17,2,11,4b901e6d2768f49e7ac58b72ea2762464ad7d1e1a7556856a74aab74f60b46f1
val,trainval,havanese_181,17,2,11,4e10378560d90b245a3e4f86dd7b5b53ca00cfead031cfee0ef66695bff6a331
val,trainval,havanese_134,17,2,11,4ea4a3389ecc96838fb81318e53eb14e91b42062bf591b8f5153d1e50813092a
val,trainval,havanese_138,17,2,11,4f7ce3639370708f2a42c68c9f0cdc87ba3c01b9f38e188f7a52fda5af1782a5
val,trainval,havanese_127,17,2,11,53f27e2ef084a0470293e023a9b2721c4107266c2a826a3b3678fca3dc036ed6
val,trainval,havanese_139,17,2,11,548cd4c4dea90f46be659364d8807b8b8c460ac8cf425aed6fb1e27f3cefd188
val,trainval,havanese_184,17,2,11,5837b4320f702d837df806c4e6af55ef54fece594dcc5ab4e6f3c77931fbcff5
val,trainval,havanese_120,17,2,11,62fc5b6813c2f962ca28e3a460a298ae618a6f6544d9d38826b2711ab5a3afa0
val,trainval,havanese_189,17,2,11,64243fd8feced14f34212c2030a06395571c8f9bc7c9580defae482f07b7dea6
val,trainval,havanese_162,17,2,11,65a97130320ad50005512e8dde104f3fa331baa9b0da74f939013b009ca5eb1c
val,trainval,havanese_132,17,2,11,6ab3d1b8eb86cc247127c236667f5a1940a8e12018962f624a49731d383b182f
val,trainval,havanese_151,17,2,11,6d0079c008a0d9970f58714e8c0f233963ef4c2c52053257cd6233b174cbb79b
val,trainval,havanese_157,17,2,11,73f8af433bf22eb1d08ebb5435609c91a72feadc770d4440dabd9328d85f55ba
val,trainval,havanese_159,17,2,11,77a396d09317ffab5befa3d86a67b94fa0f0a9bed0ef67ca498cbbdb4c497793
val,trainval,havanese_101,17,2,11,78b47029344c8685e88e22e02c54a7ea53078ad210ffeb89cba0fe46e61f0834
val,trainval,havanese_185,17,2,11,7a44879b204a29e34fdd6e68ad979591a55ca63b446fa81de43b796d86fa141f
val,trainval,havanese_119,17,2,11,7b00c519bab3309d424760045227884d5e69a21409e19eb9912c1bd91d1fb01f
val,trainval,havanese_136,17,2,11,7bcae234eabeee99b0c21ae2d65f52854b1cbd8c18b908922b1dae54d4ab5963
val,trainval,havanese_13,17,2,11,7c70b918748debce1244acfda87d97d3c153c9964e32074e09acb519f0c154f2
val,trainval,havanese_126,17,2,11,819134fe77eba10c0dcc8df3974fb25a3f043af8e8058c80939bc845f2c3696e
val,trainval,japanese_chin_108,18,2,12,067ac6224c3d798bf1c46008d294267500b2f94746d4e7eb7d43ee5e476616fc
val,trainval,japanese_chin_189,18,2,12,08603026d903eb9fc5d5cb1637a397249de2534b724d2575557d25e776545439
val,trainval,japanese_chin_147,18,2,12,08e17ca199f5a59880b57bb46ffb48f16f6e9eade17a9451051665ed0094936f
val,trainval,japanese_chin_181,18,2,12,0995665ee086a47ca5fbec1c2e917dc0104b1d0f93d16c6f03e873963a80a834
val,trainval,japanese_chin_182,18,2,12,0ec784a57cf5f4946c5a2cffbe542544f9282135afc6af087f85e18f51bb7678
val,trainval,japanese_chin_101,18,2,12,1053311a644c8b6c1be1ef98b2dcd83e5069f217ac35ea25a14f6483a6f539cd
val,trainval,japanese_chin_140,18,2,12,1103c2db391be0a6b79b1f6fbaff7aa577d1439d190c2905444e68b7473a9814
val,trainval,japanese_chin_169,18,2,12,1239569f252ed51bc50347b832785cdf3725f31fdc57d4a85c3a68dc5cdf4e6d
val,trainval,japanese_chin_142,18,2,12,128daca190f8e913008664607ee1e887e21ca3cb016542b330c6c8279ec09e98
val,trainval,japanese_chin_141,18,2,12,1c1b791c5cd6f60da473432b7e3948684600d8fb73624dde25bad6733c3f36d8
val,trainval,japanese_chin_122,18,2,12,1c8a97d19345e0233439b5982a35d7e8e23898e1c0e2b832fb9305f42d26420f
val,trainval,japanese_chin_14,18,2,12,1dc1ebaad05af7b239220d29fb822d5a12f281af19e6f60a62a5b7515d15b39a
val,trainval,japanese_chin_154,18,2,12,1f7de8f9bfbd29399af6642ffa8beb63a25a72d3d9f82b3d9a2130be61eb585d
val,trainval,japanese_chin_161,18,2,12,21058bcc92733b911f70cc7040338fb7d1f4de24da4c9eb523b10bddd3951c4b
val,trainval,japanese_chin_190,18,2,12,212c22d5db10f6a23c39db15d3882c1952bfa0e08363fe59545c8d4295b4c62a
val,trainval,japanese_chin_129,18,2,12,21bcf2be10978ad58d91366a00e14169e05af13b59e22753503ef9766905e6e1
val,trainval,japanese_chin_164,18,2,12,241a97ff124a1e781e79480cdbac4246bb76e1da108e7ba9494446c7afd97c0e
val,trainval,japanese_chin_165,18,2,12,27f98d57abb5a55c0329fd8ab7a6252e42000b4daff6f5fc40f70ff84fc6943a
val,trainval,japanese_chin_162,18,2,12,29a6547932e0653776994b52b1f6e87619646dc280ec4655d47e8432c31b9e64
val,trainval,japanese_chin_170,18,2,12,2c5b3dabbaf98195ee4467d9b17a9e2da0626046aa8adb3169ff1c8103aa412a
val,trainval,japanese_chin_111,18,2,12,2cf6c95477e2908a1fb4e8cc9cf2b732617c98ebbc3c328a893b49846aae527f
val,trainval,japanese_chin_136,18,2,12,2eb84316a467b00c90fc3e9170305229cef8cddd682ddaa638b8e7a6fdd8212d
val,trainval,japanese_chin_112,18,2,12,31d11dd704b7ca7f3acf6318de79ec6de4468e0c55b2ebe883bd3a47c5e607d7
val,trainval,japanese_chin_10,18,2,12,322249731f784554e10cd346c6d9344ece1299a93118e708172cc130140de605
val,trainval,japanese_chin_175,18,2,12,3a67c3e32703579ac024671435afa7b510b0723021d0ce0188ff95cbea9a11dc
val,trainval,japanese_chin_115,18,2,12,3b3a5b217c70c14e85a0b9513b01f2d7774fd0a1a5c2e2c8b7752eb42690293e
val,trainval,japanese_chin_163,18,2,12,3c3d539ba7285b665db639e2edc64c49d45ca8f718a7df076430122210abae99
val,trainval,japanese_chin_114,18,2,12,3e7bf2e3b9390cad43f6ec093c2ac214785edb022bf44f6c4115d94eaf847a4d
val,trainval,japanese_chin_130,18,2,12,439be1ee512a83cfc6a26b438f894a1de3a8d4a29addd0f9851450a315f2b2e5
val,trainval,japanese_chin_116,18,2,12,4557d986490b6727ec25cdaccb8944c5821485ceb8bf2c8f80cb454b43b70b41
val,trainval,japanese_chin_188,18,2,12,4c7e1edb80014b98ac15129abd7e6a15836d855cab9d25fd8a647cfda2365cbf
val,trainval,japanese_chin_17,18,2,12,51474a3da75f2033b43e669e45dbf95ea15218692f687d50d4b70600113170d9
val,trainval,japanese_chin_113,18,2,12,51c3aa4476c4fe047af8486effa38d7569bcd50af845358849b27ac810a7bd43
val,trainval,japanese_chin_183,18,2,12,51e742027c9ea70bfbad07d5a86f7507f4025d51c9a3e7c5d26e350cb41ad4cd
val,trainval,japanese_chin_148,18,2,12,52d8725cdcd5e0724800f8959056be1e71f6e87fc98844989ff79b3c2a2e493b
val,trainval,japanese_chin_100,18,2,12,53d2c4bfcab414f78b6e9ee396fb331165561a5857027e49f09dfd7c51261c12
val,trainval,japanese_chin_177,18,2,12,54c93cd11217a4d20c252d794f3cf22d1c829a70e043b998b3c67362d30b0d80
val,trainval,japanese_chin_184,18,2,12,55bd1d17ec63c14c1f298fdf479693423babc6680deda874ec2f7b2eb5311e3f
val,trainval,japanese_chin_11,18,2,12,5644d2d6dedf558f275057a9789345c516626192cce2fbcde420c546e7080c79
val,trainval,japanese_chin_151,18,2,12,568493dc44a081c9d13048fb95b9669b1c8753c412d421fe3b8425ee41dba6a7
val,trainval,japanese_chin_171,18,2,12,5b045d9c8859110a47649926e72c1d6e05cda8face56e65f8fe1c043fb138301
val,trainval,japanese_chin_138,18,2,12,5ddb7a8ebca0d6c8db1cbd68a6b2f3101e4e254c19537a2f745d163efe39ba42
val,trainval,japanese_chin_16,18,2,12,5e4fb4a4fcbf4669d6a2b93c85e77e8ee5d09ab39b6f0089815c467b2ef3b5f1
val,trainval,japanese_chin_167,18,2,12,62bab3bfeda0b1ce86bf2e647bf79359ddabe787caac6be09f104d68683f5e30
val,trainval,japanese_chin_168,18,2,12,679f3e6df53dee7a7cbafe5d142f2f07ed0937e5e3ed8921cb50b96d9e13500d
val,trainval,japanese_chin_117,18,2,12,6ab4ed3777c74dd1615866a3f1097022596e17365ee2faf8907af1ed38e6a4f5
val,trainval,japanese_chin_172,18,2,12,6bb69ce35bd0342ee40ff574679b42c28bb85a16f360088a6479b83221433d6b
val,trainval,japanese_chin_126,18,2,12,6d4f7b262438932911f1a2721eb329372c5a0ec01e22bab26519edacad6a55de
val,trainval,japanese_chin_132,18,2,12,710b4dcde5bb94a164fe49a49e1e929197a6b799a688e5a1a5fa38db1d4af5e9
val,trainval,japanese_chin_133,18,2,12,724c02794de67a05b70a3fe9a7c894e29bf657d941b0bc2e987eace7f0aa4a88
val,trainval,keeshond_188,19,2,13,00066a9f32e34facd29f811c24dfb49cbf542af7e5a4f1803b80113db358b003
val,trainval,keeshond_165,19,2,13,03395fca04d98d98f6e514142ed32983d13581fb355acbda2f9e4faf96943d90
val,trainval,keeshond_146,19,2,13,03b73d61cde4c562a75813593696529646d711df48eb52e832bba365d1eab62d
val,trainval,keeshond_181,19,2,13,062ad10e0ab53244ac92513ba0d7761fc18e28e08db1cf86ef89ad297a60edef
val,trainval,keeshond_141,19,2,13,0d87451798f7924b22c1249a9b748beb47dfe0696d99f522747c3b257f55b136
val,trainval,keeshond_142,19,2,13,0fac45c38652511ea410b83a326b5c428a809ab3bb89d33e8405f0661c8b9a5a
val,trainval,keeshond_138,19,2,13,16cfe7d1503e9c599d1680982288f173f2ede39b869a299e678a67cee7c11f93
val,trainval,keeshond_130,19,2,13,19bd857258b9a1d259418d18dab05bdf4dc7832db2e1e56726be8752264d41ec
val,trainval,keeshond_100,19,2,13,1a8cfd3adb2c6b70f7aa2645d048da0c5aed847d78932762a539c926f0872966
val,trainval,keeshond_182,19,2,13,1b7f621ff6bb530fe470be8b9b5642d9fadf78f2ecb4dd895f7ad0ee49d8fbea
val,trainval,keeshond_190,19,2,13,1c6acad607b543755b2a7e3a2677a92c59bf4d7ef2841bdf91537bbb187bfce4
val,trainval,keeshond_119,19,2,13,1ed134648b8d4b04fb057085b1487cbd41ce8abab9aa71ab8a48c13edc9e55a5
val,trainval,keeshond_107,19,2,13,1f60bccd9ad66734c506ff4ea29034fdf2689ba725e8b56514816188c1aa4d24
val,trainval,keeshond_170,19,2,13,20932dc302f928c4368ce8382ef5dea4c73781e8913cf2688fb5891a17f334f9
val,trainval,keeshond_150,19,2,13,233865780d76b89bbb1e81a9d759c3c959aafc033e696f6faa712311f9c4a98c
val,trainval,keeshond_123,19,2,13,23774428b115298caf067bd6a43746f4dfe825cd5ae634496dd6a51e93f95c33
val,trainval,keeshond_175,19,2,13,2578ccca92b4af692fe609996edf2a433a577fa5aec944137879e5b10e845a89
val,trainval,keeshond_187,19,2,13,2597b13e76ec5012ef6fbec24bf26798c1b7cb8e55fbc98db6ec055de3c1997d
val,trainval,keeshond_135,19,2,13,285ef8427a215ee4ff043e41a0dbcdae177857d0a43e032fd734c03e4059e258
val,trainval,keeshond_183,19,2,13,2d1239e60bc3f5a8bf6a813122349f74744398d178a67c1f07ce807b1b89bf0e
val,trainval,keeshond_185,19,2,13,2dee78cb9efd40008e5c11faca1e95ca9cdf9d242773da440898570a649be0f1
val,trainval,keeshond_151,19,2,13,3241192234e5ae3317806aeab0b8c4978d0be04335ab405d6dd4d6c878ebec8c
val,trainval,keeshond_115,19,2,13,32a7195c8af6b8737d5e64a7aac0b39615bf0f2900ac5ded445b299018d31aab
val,trainval,keeshond_158,19,2,13,34a33ef1a8269892b461ed54f1f60817954782c3d564abd6a3b48f7426c775bd
val,trainval,keeshond_137,19,2,13,39244afc0d93bbd3b5b4da28ce1bc21c8ac75172278af75738adb6e7bccee25a
val,trainval,keeshond_156,19,2,13,39ed2f9787098f9a30d900759792e966d5052ee29fca1fffc326057d70e4da5a
val,trainval,keeshond_104,19,2,13,3b5fbae7240e6f671794b18a2f9c0f7b83c8f7448edc96c9dbe89ffd4ca2548b
val,trainval,keeshond_179,19,2,13,3d9b79e74e33f78091f342f11e71f0e155af4502617a9d15dad512784c717f91
val,trainval,keeshond_149,19,2,13,3fc04b1ec969c51f37141f0d6254e52a46b14010bb9440ef82949c71a8d1f621
val,trainval,keeshond_125,19,2,13,400d16fd3e017652f98233f434e300c2d519c1474ed6eb89f503b2e38853d0df
val,trainval,keeshond_132,19,2,13,403b3d0e612a5636c360834b61ca2b315277731a0fc8c0d153cffed9b0db86c5
val,trainval,keeshond_110,19,2,13,403cc59062d8cdf21b26534d3751ffa2df56ec11bb747b69d5c53ec1d357e8a8
val,trainval,keeshond_106,19,2,13,406cf187935a317ea5025d6e00fe97b0d1090a496c6ec504be08aaaca1a310ae
val,trainval,keeshond_133,19,2,13,4259b56020c36faa589b62140e3d8c9862ee023424c84383e3650af0f295d9b0
val,trainval,keeshond_128,19,2,13,4aefdef7747f4259cbd7f0c2ca859c3059bbaf355fb224f79816fdb18407e58c
val,trainval,keeshond_18,19,2,13,56284f458c216aacbb1ae0a77262ac4519d7837054f28ae28d481d4f5ca6a73b
val,trainval,keeshond_11,19,2,13,5e2003b3857fc7b1b330dbd3bc3aab1c9a04127621a116c3cddee19ec9fe0dac
val,trainval,keeshond_136,19,2,13,6d2513079877f87b92b565a0b3069d17c9b6b3f3b358ba5ff4ca803b43bf6aba
val,trainval,keeshond_161,19,2,13,6ef92de5b03cbc6119b04d9bc2a72796a580186c2cce68a040caad06bf215a4a
val,trainval,keeshond_120,19,2,13,6f76c2f5bd1f5fb595ed50fbf0489b1541d3d4e8122519a721b82e4c831def53
val,trainval,keeshond_172,19,2,13,6fc26a6e2efae042b9cdd774cd67883a015000183e6b8a80098e6e1f4d7bf453
val,trainval,keeshond_189,19,2,13,7294792f535649ee044c6fab2aae4c03bbef861896bf146d8e7e37033d693fa8
val,trainval,keeshond_103,19,2,13,73dc2a0644b754b7c1bc0c21e4dcfc7e71a4acd88847ff59a4433c397d3a1430
val,trainval,keeshond_17,19,2,13,759d62cc37e3eec3e2b06f3c767366fdc290b511c30966b758b59287fda3b3a5
val,trainval,keeshond_134,19,2,13,7b98caf995a06df2fff3ace3e7ad33e5c1e51139ce4703bf883a741abf9768a9
val,trainval,keeshond_118,19,2,13,803aef5daccbb2d70eeea7dd3b93a829db014fdb60aa1d9b81ce9d50f5c05a18
val,trainval,keeshond_166,19,2,13,816d37b77169a1141777f307be5ef104a18b7cc36dd7e811eb177407c8f7b048
val,trainval,keeshond_173,19,2,13,82cf71249f32169ce5a41e4b366af8d2936d9bb550956680c6184b6af11c0c1a
val,trainval,keeshond_16,19,2,13,842a674b6f29868f7455b8bbe0ab50185dd16aef0f160ccc8366c9a5aa543e3b
val,trainval,keeshond_121,19,2,13,84fb003c689ebff4df59853633ba9b4829a258aba06e8d9538e3e064d9a1189f
val,trainval,leonberger_178,20,2,14,017502b9b526602f8ca1b0da56d8ab083d75ee509bbff0d88927cba291ab26ec
val,trainval,leonberger_181,20,2,14,04c64a2d1e1c17b4fa8d7462e6d402c1b69d440af95605af42fef9dc1685f654
val,trainval,leonberger_100,20,2,14,0785b1b81e40689eeb1fe4f0d522997c7456fcd687b6dfbed9b1de50523b156a
val,trainval,leonberger_137,20,2,14,07d4e4a17e04115a03b9da474caeb005681751cd63b2e0793bf9666cf20ffc0b
val,trainval,leonberger_117,20,2,14,089ba11ed9790d0bb7a7feb4edfd3913bc68ad0d4020bce111c1d39b76edc51d
val,trainval,leonberger_140,20,2,14,08a1e9340abf9fa17158405e56494e1b4f90941ebba95625aad42d16a4a4b38a
val,trainval,leonberger_145,20,2,14,08ea3de14535da8ddf989721d7e0215a3fc71b670320e68507a92c9accaf61c2
val,trainval,leonberger_13,20,2,14,0b5e5001184b44a9177d1862b50f009c96c7d387b7a359b7b8a71ad64a5c96cc
val,trainval,leonberger_106,20,2,14,0c96f72208f6cb331919882d08cedc3a31095dbe5c33f4bfee023bb22545d043
val,trainval,leonberger_146,20,2,14,1911bcb218c7bd84714964ea13de59a04edbe48fc2aad56450a51ee3f148b58f
val,trainval,leonberger_149,20,2,14,1a0aa772c00204e314eb55c43cda2f43ef45498e25e1ccfc10dbac2b77223060
val,trainval,leonberger_122,20,2,14,1cbaa6a63bcd4107023f7b92963b9eea77cd3d6b45fae7c39ea24df90d2096cd
val,trainval,leonberger_180,20,2,14,2521c59c573606fd549b2ed0539511bf9062da8e61768ae098efe58162d29005
val,trainval,leonberger_187,20,2,14,279d31d6fb3daf57b1ad3a92929f1ea94b773b2da833ad54ae51c1f14a4d4b26
val,trainval,leonberger_102,20,2,14,2a93f91e32eb8106883715e2a6549868cbb3c20b3915c898e5f467d976755b63
val,trainval,leonberger_139,20,2,14,2c890f3c8be01d2b233e2f48d43314f0d4771ab66facf2c06f37115c07df8214
val,trainval,leonberger_120,20,2,14,2e0d1a763d224a247c4b8b64818cbf38cf697ab4bf4340cd7c68124d85a2e5ab
val,trainval,leonberger_172,20,2,14,2eb1b25638a1753118d2c3292e9666e39ad2e84ae9d7d3f1b132c66e8c9ea21b
val,trainval,leonberger_170,20,2,14,32283bc077a040634f7382aaa915ae0c3ae9c5bb41cb8e9777bc8026a7019fa0
val,trainval,leonberger_155,20,2,14,33edb3477d4ed082e08950cc1a1d093e1912175c080328a217a991a6be6c8446
val,trainval,leonberger_115,20,2,14,3bbf6ccfd957f6ed7f2d04d3c7636a9fd7e685246a40f919e42edb02e458b100
val,trainval,leonberger_173,20,2,14,3c0413a76d7fc24c0a1df0b19e194b67896f8db9e9492ceda87283e5a73926c1
val,trainval,leonberger_15,20,2,14,498c4d05033b46ef4c6b0bc3c795efb7bbfa9b636583702f081ded4a2928eff2
val,trainval,leonberger_190,20,2,14,4a735feb592699471c5057a5c4935e5c72719352f6e307f671635d919a69702c
val,trainval,leonberger_11,20,2,14,4b189c7fffe66ce7499867b706e6381ecf541e74cfb2d6074b707e6bcd9d4cd0
val,trainval,leonberger_131,20,2,14,4c52baa5d489d279eb83632cbdd3ace79479dd92ce95ee2e640784f969185f6a
val,trainval,leonberger_132,20,2,14,4d2b7379b76412b20ca5c9a9e7be8f2dddd9b308b1fb0182e88fd3cb0980fe56
val,trainval,leonberger_116,20,2,14,4e75e659af6f12282e6c3c9ea0620f054f6487856881ce05c5459ea2a14eab09
val,trainval,leonberger_159,20,2,14,4ff902333ec68ae1fee29e6fa4aa6fe1a01362654177f392be231f0d36c26924
val,trainval,leonberger_127,20,2,14,51340bb77dfd89151882741a93c9b88a2ee284e7435a9e55c2ca5ac1c7cedf0a
val,trainval,leonberger_182,20,2,14,55c230d898a732e1ddd38921141589e60679b660edd5a62610dc0ede81f9253e
val,trainval,leonberger_125,20,2,14,57693c12da94678349fa907dd616c1fb84e23c39a539969b48967de155eb1d7d
val,trainval,leonberger_124,20,2,14,583124fe55e1cd3265311ae3382707c7e88a7868b95b6bcae7ebc48c877d4216
val,trainval,leonberger_114,20,2,14,591a87b96bceeea7c117a21e60134f592d8499ed0f898e5e93436179cdbaa447
val,trainval,leonberger_144,20,2,14,6088e520a429958e560a05bdfec40850773fb5f63e05ad7a45b5b493fe0d35bc
val,trainval,leonberger_16,20,2,14,6465455db19a24808a09a826d072b7f555e006fca20ee9aae4a5704925d8b073
val,trainval,leonberger_123,20,2,14,7551633bdcf3b8c79cea003c16896f2419bd88113e960e34d227f778d0fa6ec3
val,trainval,leonberger_164,20,2,14,75cfdcf75536f22d2709b0bcccc830dba6749557d322ac4c73fb079f3619f00e
val,trainval,leonberger_183,20,2,14,818b93552d8fe0df7fe82da42311169f8fa4eae3fa3ee697e65924550b594a8b
val,trainval,leonberger_107,20,2,14,82977b63f8e2eea22d661155862d80ff3514f61726497e32556dd5207478be9f
val,trainval,leonberger_130,20,2,14,82a139b3a823b7a019d5bca6b3efe77afc6f06f268b4bb964de78b72aca002ff
val,trainval,leonberger_109,20,2,14,858623ca7c45771a345b71c5fb5a7c398b1bf656071e3fc6c0a582ae045ad1d6
val,trainval,leonberger_185,20,2,14,85a90c96975bfb6f3d6e579afc73acee1ce9fbe253423d63041c45624b992e1a
val,trainval,leonberger_186,20,2,14,87bf50f81d1b53d59abed3ba22122ac2e5d4c73a0cbe7def665a610cceb35bbf
val,trainval,leonberger_177,20,2,14,8808fc3e57d8c9d11af88596ab7f13d8fa0bbb36293936e4c3fe80b996b9ed1f
val,trainval,leonberger_10,20,2,14,8a33e6603b15be5da613753cd2cb4a586d037abdbe2d632425bf1901cae0295e
val,trainval,leonberger_154,20,2,14,90b1d6cc7a143301e3d4f0dcd5498c2386159e973beed68991c7ee5e1caedc68
val,trainval,leonberger_108,20,2,14,90d0a86ee11dc1882a45313816ea0bd736ec8c513b072dffb5628d9dc7d98cfa
val,trainval,leonberger_169,20,2,14,91136bd12c10094c16c87935d329d89fa958a5fd1275565af4dae49058a67541
val,trainval,leonberger_136,20,2,14,92f12668f7b6545299766d1875dc9cbead5c7583d902a86bb93888ba6b8f519a
val,trainval,Maine_Coon_169,21,1,7,023195c1ecf69d2a38970e76806ec168d3880bbdd4704f60354c36a070aa7e2e
val,trainval,Maine_Coon_182,21,1,7,0295d4e38f36a5c3ec61f569f6c4f94b776ef1a27bb705631018428f4102f342
val,trainval,Maine_Coon_116,21,1,7,03479891c379cc4ec6e22bb6dec913f531803f3cfea151cc55ad3182cc8043ed
val,trainval,Maine_Coon_213,21,1,7,05432310167f73255ba7f3afe9c03eab2a0a31a705f926505b1097b8ff86422b
val,trainval,Maine_Coon_204,21,1,7,07c699ad81c1fc8d08248bdb9a071a745904ededd4f79b3ee76224ebb3c343fd
val,trainval,Maine_Coon_129,21,1,7,08df3060f18320e3914aca15cd49a6b10783d4dc37b8b67dffda65a5f8ff109c
val,trainval,Maine_Coon_146,21,1,7,0ea6cf150f6fc5c7dfbbbd0e5356ead83bb54743dfd3350a32e2bec263e26d4e
val,trainval,Maine_Coon_104,21,1,7,10a6bd7371bce309e321a8287838802fc70de43788c2e439c179489fe56e82a3
val,trainval,Maine_Coon_187,21,1,7,18519049c5743f56d7f0ece458646ee02dac6f894e3a03c3e0244c772dbde5a4
val,trainval,Maine_Coon_103,21,1,7,186c94bf6f00712ba9883782eda17bab0aceb7b51d202ad48c079aff6e5defb6
val,trainval,Maine_Coon_152,21,1,7,18b581aa1da9824e3bbd22629329fcc2ce34cf4cc0e32a93870df97b6d3ec99d
val,trainval,Maine_Coon_131,21,1,7,1e431b99311999928f15cb614be4ac7503e5366d3ddae6f0a08d7e68390d5f3f
val,trainval,Maine_Coon_180,21,1,7,214a26b5905fa4184c5395f1170c85a5bb5ce20469acc3f773438c6ba50cd9ec
val,trainval,Maine_Coon_123,21,1,7,234a2e3921a5142c93b65cd0ed2abf5f0562075f88bdc79c00ecad5de837d1f2
val,trainval,Maine_Coon_206,21,1,7,295cf2c8642b120806e2cc5d2771dfdc224361cd470ba5c3c9cae6caf2fdb33a
val,trainval,Maine_Coon_197,21,1,7,2ace54a32892174d0a736d90df17e0ddb604966e159e2531ea63e41b0a7216b4
val,trainval,Maine_Coon_207,21,1,7,2c4ba388dd44eae864de10597292bb448ccc8736170693698426f625b8878c9d
val,trainval,Maine_Coon_105,21,1,7,2dc5f8431c52239ea7088c601063b4efd999d51b85960710bf89e0d748e51e52
val,trainval,Maine_Coon_175,21,1,7,31f20a2692178d13235d713051dd4412f9c6592e29c04de73267ce05cdf5deda
val,trainval,Maine_Coon_136,21,1,7,334342c7888ee0337808d11879ab0b906e4dca84bb81608a33dc62fd8eb5d66e
val,trainval,Maine_Coon_138,21,1,7,3c9e93c144d9bc437fadddee529e23543b477ed43728adcf28c73d74f609b90a
val,trainval,Maine_Coon_148,21,1,7,3cf0d9c43d012fb20aff9429eef8c685633ade5381e3a3a6b4a0ec158ed2b505
val,trainval,Maine_Coon_211,21,1,7,404a3c008d256a3f92e5599ccfdb26a27ab3c901812c191b6eaefd61625fc571
val,trainval,Maine_Coon_191,21,1,7,44d319661b580069758d3f849ee7d13e922ac4c457f736f475b99c1665238af9
val,trainval,Maine_Coon_158,21,1,7,488b96d172d5b0326721968050a61356020c7f632a0f42c38f1fade031898002
val,trainval,Maine_Coon_168,21,1,7,4aa8772f89c6a9993386853bf1fe04156572c45d79e0a1cd13d7f2c7a6dd08d0
val,trainval,Maine_Coon_196,21,1,7,514095bc9531fafa27d2f584c0713225c0b66c8ca54466af8c8cb656e3be5a6c
val,trainval,Maine_Coon_18,21,1,7,56877fe26d2942c6ba16fad08d277f7abd3d640b6901ebc24941baad1aa13993
val,trainval,Maine_Coon_205,21,1,7,56e951193ca43fe4ccd85a9108756e06a2728b12c8606d34255ea59ecea8a4d6
val,trainval,Maine_Coon_19,21,1,7,57c18dd3d89dc92c07208919baab8bc4301f195efb1a24b76db7c6445cb7af11
val,trainval,Maine_Coon_174,21,1,7,5879520f2bb1afb52942c7eeb35e8e23adab7f4f4cab156350338f0b88c3b9d2
val,trainval,Maine_Coon_13,21,1,7,59a89173b4a20782515decf639f1453b82378b3cca30d2819306de3496f6dd4e
val,trainval,Maine_Coon_208,21,1,7,5b0c5104e261f935ee9cefe9be278aec31b59b954d7782b59cf0f38d9d338533
val,trainval,Maine_Coon_163,21,1,7,5d377ea0d825d29ac6048eb20eaf2e68a2e47e8aaed12666a3aac213eb9521b4
val,trainval,Maine_Coon_101,21,1,7,5ed656d3871e64f51d37ce68ee47e912f3c4a61598e4e35fa599f9cc2985b4da
val,trainval,Maine_Coon_1,21,1,7,5f1954df7cebb1dffef48fe4346b5e80360b437898772bf31beb3687f07a8312
val,trainval,Maine_Coon_112,21,1,7,5f67ad6abe64d6b9aa13332189d739724cf9042f7c46619b8d1158bec0cda681
val,trainval,Maine_Coon_214,21,1,7,5fe9a0afdcfef18ab82d030a063489526e4e0a03777c768d9a4a3c504a1116c0
val,trainval,Maine_Coon_133,21,1,7,6196ef1335761e1d1811503108ab0dec414885127238e2b6269e6a9c05166dd0
val,trainval,Maine_Coon_111,21,1,7,627984911e75e89ba122c27969b86f8b3107e0be89feef4a068f4a2cd601ca26
val,trainval,Maine_Coon_189,21,1,7,62f7e69a52b1eff56fbbede26a41c3579a4d78995078815bf3d345ea0b799656
val,trainval,Maine_Coon_195,21,1,7,649541d0512a06fe6fb81764b9eee8aff0561a574b22767134f544d713c42b32
val,trainval,Maine_Coon_139,21,1,7,668eada6a2ec79f3b890b1c670e1c3a0d4a4a9a2c103b0c6e9f1768a32cec711
val,trainval,Maine_Coon_154,21,1,7,6bb80a2a3777212c55bc61c16ed8ad880c004290f4a722aefab7cfbc14affe97
val,trainval,Maine_Coon_127,21,1,7,6f88740ee96a69deea6c9e445669cf16cb2c260fde752c8424fa529e1440ba13
val,trainval,Maine_Coon_186,21,1,7,7015279f01db08b5bb49d25c9805298a9a0cdb99c3708f73b22ef31e3258aca1
val,trainval,Maine_Coon_159,21,1,7,708ea26693ba334880d95fc6b1fb20a75167f01c5d6652cab189f33e6cff0732
val,trainval,Maine_Coon_149,21,1,7,76b70019f584d1c1f04763249f6dcaf0444ccc7c45532c5dd2530ff4fac25424
val,trainval,Maine_Coon_160,21,1,7,7fb2995b509c33a36d7a101592e038be5d5c5b4f6be2d46ab40d8108ce70322b
val,trainval,Maine_Coon_100,21,1,7,8124d6b230f0191fe88ddf8a3f294e73981d1f8bfb4cc9bf8cf7aa2a20283534
val,trainval,miniature_pinscher_135,22,2,15,000944796a9eee3622dbe1c40821f93d644143e10256b4e03168fcb24a0dcedc
val,trainval,miniature_pinscher_145,22,2,15,05ed6231cc9fbcfe9fa965b740a3e82a8de146235f958b68db54765a46928c00
val,trainval,miniature_pinscher_163,22,2,15,061fbb1624cdc6cf18d5a3b6b8e4da3ba43613ec82d419aa3be314c0b6fc29a6
val,trainval,miniature_pinscher_162,22,2,15,0b6095b07a6c8c43f595fb79144c197048eeb71cf343d9a919f6eb9064a8441e
val,trainval,miniature_pinscher_157,22,2,15,0ee90104d183e403c98f170c6eb38c4aa8bd30d039e30b317f347e570a652cd3
val,trainval,miniature_pinscher_131,22,2,15,109e520449d24eca2cbd691c46222033ff77c0843af4c61ee491df2233a96c66
val,trainval,miniature_pinscher_167,22,2,15,11caab8027942b6d97fda5b6974589f1cac0c376c82ef220eaa6fb4cf828f91e
val,trainval,miniature_pinscher_100,22,2,15,1233a8814c3915df5d9168b966e0cc5c0e4a32e0f535e400e13a20ae01abf425
val,trainval,miniature_pinscher_112,22,2,15,136716308b9ca2ad57c07977b7728524b54796c0775b90e14abbd91aa1b7dd81
val,trainval,miniature_pinscher_147,22,2,15,13857eaef8ca24f929ee65467a220f8157bd1fc542bbdd634790f7b2c735e02a
val,trainval,miniature_pinscher_186,22,2,15,153818177e077600a2341d1f75eb7b1790d75216b36a25b3883d0457ac94dada
val,trainval,miniature_pinscher_116,22,2,15,16f01aa1b45fbaa65b56fd6c5d849cf1a5f73aa88726c7bf2178ec7a3af4476d
val,trainval,miniature_pinscher_146,22,2,15,1ed03f239868d3d920ecb10ea9ad3edff5a09e1fa08e942bbd41dec05ec81c4d
val,trainval,miniature_pinscher_148,22,2,15,23cca7ec70f94ef25c2a72477ff45d754e2df1ae44f0301fe40223f615dd3c06
val,trainval,miniature_pinscher_106,22,2,15,270024ae096f20e28c196d51cb8355c2f32f93c0b40b41bc89005707329b043e
val,trainval,miniature_pinscher_117,22,2,15,2a9f7fb654cb5d970d47941a91200276187d73f780d104866139dead5dcc3701
val,trainval,miniature_pinscher_153,22,2,15,2d091392b449c7f7c27b3741b735bd3ea31f8864c8fe7fffed2d9840dddd03c3
val,trainval,miniature_pinscher_182,22,2,15,2d24cbb62799a4f73d3fa2bf15f7f651a0e28eca8e81081242f1cb08de4321be
val,trainval,miniature_pinscher_114,22,2,15,2dc9feaedddb19262f6b8b46a0d49cc6f4d50ae7204b32b5a4205ee4143bcc14
val,trainval,miniature_pinscher_172,22,2,15,2e060d0aed6a3c7ec417964dc8e3c0068a4555775442114b48e1bce60d955010
val,trainval,miniature_pinscher_110,22,2,15,353276e1d1cae65bc12d89689d0a9c3c871d7ae10139ceee6b2dd682305b7705
val,trainval,miniature_pinscher_103,22,2,15,36427a50fb4b1655ecad107e224ada401a4fb99c992d852b060fdb21252eec02
val,trainval,miniature_pinscher_155,22,2,15,36ecab1337e0f1ee5a358ce4acaeb71d53eb07c9e3c2a793322aeb68e2ea0e0d
val,trainval,miniature_pinscher_164,22,2,15,3b9e58dd1ea4a4b2480fc822f782410838151a5a9322d1655ce05a56458be24a
val,trainval,miniature_pinscher_139,22,2,15,3c70964095b9fbc6759c207493cdcd66123c630a9cf7ccdd114f6342493ba001
val,trainval,miniature_pinscher_161,22,2,15,3d36fdd8ea0309796478cb80f9278d75319b62bfa219fb0b7c384bf3cc0130e2
val,trainval,miniature_pinscher_107,22,2,15,3f80679967dd5673b77bd47ca9a5d23cd2e6e779f54260d09998ad3c6492bdce
val,trainval,miniature_pinscher_176,22,2,15,469f356ecae895a95e357f45ede3949057420fc8fab6c526b0edb92c583f6b2b
val,trainval,miniature_pinscher_154,22,2,15,47c5bc99fe737ffd93c9403133081004aa8bc9bfec4cdc4057dd27e5c998fdff
val,trainval,miniature_pinscher_178,22,2,15,4abfd0ca43ba0cff9536cc8200ecf2a9b93ff3530e0dc5f0e7d6a1b615d40ed6
val,trainval,miniature_pinscher_13,22,2,15,4c1d70d92fb6e1efde2e9f7bc256d8e703c2063ec0d8402e342c7cfba6056e80
val,trainval,miniature_pinscher_150,22,2,15,4d130212bd7100c031825816a55bfa702f12f1f5f498dfb141f45a74c4dee1d2
val,trainval,miniature_pinscher_156,22,2,15,5050594a69914f37ed9749f3d05be7d761be25d8a28d1f62b9f1df4e576d860a
val,trainval,miniature_pinscher_129,22,2,15,53afabf1b4ad00c1f6e0ab4aad1ae59319db9c1f351995f09ed1fb70ee1e6b8c
val,trainval,miniature_pinscher_180,22,2,15,5406efb331e7b98767083f45033b34477fa075ca1c4620b80f9d77ff35afb916
val,trainval,miniature_pinscher_137,22,2,15,5503f258eba77f4af1a3ab2e82b9803eed1ccbab60801fe1f6b4354fb90ecfe5
val,trainval,miniature_pinscher_166,22,2,15,55eecbadaef933284336ce21176e7c63fad0a2d518d31f78adeaef688b85fe56
val,trainval,miniature_pinscher_121,22,2,15,56392a78e9327c78136e6a1f2b6283b1429a6f6ff473a80c80165b53fa43e390
val,trainval,miniature_pinscher_126,22,2,15,5c6519c70ce42c5ff7c85db5980d201ef03cf2c0e30f83e0da9cc62165f2c411
val,trainval,miniature_pinscher_188,22,2,15,621809431f0245f50d45d74068e4baf177183a1a8191f9a822cec132bb573852
val,trainval,miniature_pinscher_128,22,2,15,6382e7629382c4bd645410c164be22c20cab045ff215d5f9689b18f504a4caa1
val,trainval,miniature_pinscher_113,22,2,15,67bba091eff14edd3f82b0622fb1431c5f96ea579be51b59ffd2cae88f06cb70
val,trainval,miniature_pinscher_105,22,2,15,7155e1ae7a7de8d697a6a94d4d75cc93b739576732d3efca1d22b0896a92f188
val,trainval,miniature_pinscher_133,22,2,15,738aa01bb8730b6f24979764c05d223ef4e4ecc4e058445ddf51f0209d4c2dc9
val,trainval,miniature_pinscher_132,22,2,15,739ff37b79b01fd87a1770790b7e46b107946ecb002eb67aa4f095e8510176f2
val,trainval,miniature_pinscher_123,22,2,15,766e609eafebaa7895d2efa50fceb01bc11f045d1cfb02ec37e8d79e3cc15307
val,trainval,miniature_pinscher_165,22,2,15,77665aff7643ed8982fdf84b1dbeafe1e83fbc01a8d6f44974ea4f880ba33b14
val,trainval,miniature_pinscher_141,22,2,15,78b14ac25b074019268931e28ec3b82a6723a9c26e6975e6f3fdde9b5883b0a7
val,trainval,miniature_pinscher_171,22,2,15,7af21b9b8d0571c15c7548794ff15fd577f978e03d4c176147b9c8ffcc9f627b
val,trainval,miniature_pinscher_183,22,2,15,85c6ef93cb15a449f666ef15c985ed8caf1538518ffdae5be5be4d0704b17164
val,trainval,newfoundland_166,23,2,16,029949634a4209c09a07aff9a6d616170b07c75d43e8e6856e2e7cf118b3a987
val,trainval,newfoundland_178,23,2,16,0a5de967d9cbf9ddbd7ff79b76f68c2587eec97be89decddb3daadf098ecd976
val,trainval,newfoundland_136,23,2,16,0e062694f48596bd2447c41f28fe7c154ad26bac248697e54a2f075d2387968b
val,trainval,newfoundland_107,23,2,16,0f72d7a3dc69e0aad563cfe6f255f45af0e3aea186ee45560579914b24f29e21
val,trainval,newfoundland_125,23,2,16,1199e45a4ead678dde55b3578b2c399393ef351e438c96a5c395b45e4f03ec74
val,trainval,newfoundland_113,23,2,16,125c3c2ca67999f521352bc957b479b35e02f716de394fa603256b2e9342c7a2
val,trainval,newfoundland_158,23,2,16,13871ba3d2a7588c3ce4aea5e20176ec5e0d097f3b89bcf27130263c960f9213
val,trainval,newfoundland_126,23,2,16,1be74c8d7902d592810529520b6d1bb15645fc40c25e65e568af0728057e352d
val,trainval,newfoundland_123,23,2,16,1cd44e57c8b7cb5758873ced4ce613d4ebf3db32dcabefe20ac0f68f421025f8
val,trainval,newfoundland_104,23,2,16,212ed530f4ef7cded624b64d534b8dce32dd3652871a56022252683cc2f25029
val,trainval,newfoundland_138,23,2,16,22880e20974b5d4f02fa036634eca3cf55f10a95dcf2a223a906eee39f8df2c8
val,trainval,newfoundland_184,23,2,16,29ddbf0a4dbd712661a2ce715ab6d17a71bb2bad2ee9deb2f36cce8bc7d9f6ed
val,trainval,newfoundland_186,23,2,16,2a88c66ca00434551a82b894e47787fe2ceb8ece414ad173fa70247ff7991d3d
val,trainval,newfoundland_164,23,2,16,2ab06d1144260ff189cf108c3dfed7c46203172bcb199462809c0c63b0809ad7
val,trainval,newfoundland_122,23,2,16,2baf9a0a8d7d77ef7f9fb7e3487d956bc32114abeba743391094df5fc727203d
val,trainval,newfoundland_167,23,2,16,35034f176430ceb7af49de3a1879cf741a624305cf6c2b91d9415fd0d29eff39
val,trainval,newfoundland_117,23,2,16,36527f6e824760a5a3f676d455b10eed3017c0c122c7429a932e0387a5c31fdf
val,trainval,newfoundland_100,23,2,16,37ef5c03c62e15ae76ab9620f799c48fe0f2a217b6fd8452376c36c98ab073ac
val,trainval,newfoundland_147,23,2,16,3834881c9cb2df10141b76177466f3f15ea1f6048da74be2f30d018c9b9abb47
val,trainval,newfoundland_150,23,2,16,3c9b686edc3cfa5d1dbccf2336fa42874b7c4c2976fe3dc457c3e3022cbbde96
val,trainval,newfoundland_130,23,2,16,46b40e8853f17fb29fefc74cac490911fdf223676ef5d1d79f657dfdeecaacb6
val,trainval,newfoundland_176,23,2,16,47a2a6130a0bc0a56acbf83cd1cc40da6b0ddee2675bc152ae6c1a4bbd96c72b
val,trainval,newfoundland_105,23,2,16,49bbc41a682c1fb7d3fb32801a5ff3d7dd9f9e3cea41b8484ed51abc3fd24327
val,trainval,newfoundland_189,23,2,16,4bc3d8d82d4f4c56e419fe8117de917be13951efa4f67ae8dca9c4ef18816170
val,trainval,newfoundland_142,23,2,16,4c769673a05139c3c4b9b75bd94d5947f1fcddca04fd14e4d06a195a35b40d00
val,trainval,newfoundland_144,23,2,16,522216479b97d50617dad00e1fa5268120c5b7ed30d1057f6c3b03f24e238f0e
val,trainval,newfoundland_173,23,2,16,58f3d5e2347d49e690e8dce75a98f0551649aa8a12417ddfbf7420ef49875bc9
val,trainval,newfoundland_151,23,2,16,5b0fa6d0ea85f9db2a30a5f1abffcd160a27e5f7cf14e58bff73f767b395a485
val,trainval,newfoundland_18,23,2,16,6086ceadd74fa0ed02d4935f70766a5cf2631682ea069584f89b16ee5f4f0817
val,trainval,newfoundland_177,23,2,16,61c6ea1631e5d28f4efe3f8dd5ca699b93ac318ba15c9059b9899b565dddf0c6
val,trainval,newfoundland_120,23,2,16,629dbccd77d0887e8c2d2925faf2712d929a5488134ee4c7853767c9a19023d1
val,trainval,newfoundland_101,23,2,16,62f7fdc910a9aa670a1147d80525fe55b15cb3c95028e40629f5a74884844352
val,trainval,newfoundland_179,23,2,16,63396cd54d213518923bfd5c509ec554cdd9bae31052178b9bd628676686353e
val,trainval,newfoundland_112,23,2,16,66130292fd970ce9c817e54ff6c802a1fb496ddfcbe2fe1920e3e2e8da617007
val,trainval,newfoundland_148,23,2,16,66568c5f9310327ce2a67ac23d7bd8ba983c7c6a2961789837acef774f115663
val,trainval,newfoundland_115,23,2,16,675871c45d5e0c2cd6ad6a2196c44b174db358243ce56fcb039d97012d97d371
val,trainval,newfoundland_187,23,2,16,67aa3c75942a7c474f8b56e6cecd17707fcf99cea828382ddb5c01a25137ba3c
val,trainval,newfoundland_170,23,2,16,6dba2038626354ca244471963bc8add53fa7a749e2fce4fedbcc174fad096601
val,trainval,newfoundland_108,23,2,16,7040521c38499aeb1a51fc0923a9de8bb2539ad63b01fdfdf4db592d1f8a8174
val,trainval,newfoundland_139,23,2,16,72de3f8c1079d105dec2d694facb6c565b0fa3b00a83f443e62ab91dc5badfc6
val,trainval,newfoundland_165,23,2,16,746e29872d83d31f1ccb31e102efcd077f21ce1549530fcd69d360c386c35598
val,trainval,newfoundland_161,23,2,16,75178c4828e9887359b6d169ff51ce8264aeb8e64088ba48381d65e6f76d4e41
val,trainval,newfoundland_11,23,2,16,76dfc4c15a7636f722d4fad7cd7f6e13e8a7c65831d197ad24191946ebafc50c
val,trainval,newfoundland_157,23,2,16,77fd8da5f0920287fcf768a56272b2a3c802035ca13b1fae5c5245506dbfe709
val,trainval,newfoundland_185,23,2,16,7860b817f0b55feb2ac9abed6d418dfc0817927dc90986ed2b0a654d8477d54e
val,trainval,newfoundland_103,23,2,16,7c6cbab4d806c3649fd171ddaa7ee4d88a2e1ce48093a286fa10e80666dbdfa3
val,trainval,newfoundland_102,23,2,16,81a4cb8c8cdc4e646fc8118d5b9b09e47e04e9f10d87c4532da593b111a3ac30
val,trainval,newfoundland_160,23,2,16,8378224fcb269bbedc1300328a0a40670afcf2ded27cc2d5761ebd5a19d86e0d
val,trainval,Persian_106,24,1,8,006c94e42ce71486937211a2be38f39c4bf90a5680d5825df2ee1d2d521441fc
val,trainval,Persian_200,24,1,8,0300a1a11df1414710195f129a43c1458c928da533c3de244a37fe320d074beb
val,trainval,Persian_111,24,1,8,05a5717c1f6ce8e8f2d2ed31ef73f31dc16d36ce50ed1949a4355c7dd64fbf82
val,trainval,Persian_184,24,1,8,063a0e17ed97435f2aea76d4c7ebeb0c682a5aaa09622f69ae0a49dc74e9e856
val,trainval,Persian_102,24,1,8,0c59d63e7360764999b90dc062fc66d552e72456399e761fd6d976177e2b9a17
val,trainval,Persian_1,24,1,8,0d74dc7fe84b5d76a2c275c49f48c106e66c1278fa1ecb18d1955f6c7afaea46
val,trainval,Persian_101,24,1,8,0f183450ebcae2b7c2d85a33b3bbe6c7fbd63f941f76e60068ff10353871936b
val,trainval,Persian_137,24,1,8,11f167293b67ce1713b15a27fdc6053f5b86a7ba8584b350b77897d9e5dddeaa
val,trainval,Persian_163,24,1,8,15d85c9a31d8bfa9d1ecce252aea2d0ebcab6252f2c47e2af5dc50a352828f55
val,trainval,Persian_105,24,1,8,1a741a8a7875fd26d60192d6d381cb24ee51fe6e98be09915746d9bed2686f88
val,trainval,Persian_176,24,1,8,1a8259d1df46fa3ea03f28d77619e0c0365236ee907033fec0506ae96e30bf7b
val,trainval,Persian_129,24,1,8,20d9b4c3e6ef314d381f9925a63ee7096052c524a04cb31836be9574ad09b000
val,trainval,Persian_162,24,1,8,244d1d4fe2fe72e5c4bf8bfc44ed1cd4b2265e215a7fd3a69642c5420ed1547d
val,trainval,Persian_192,24,1,8,24960556fdf833246d91bbc0a5df9aba6d936527c86ae11cec006f08264b8829
val,trainval,Persian_12,24,1,8,2a680559cb37370b508fd1708f7e9d05fb7177c0f9cdf5ea2a54f6a892d63aaa
val,trainval,Persian_206,24,1,8,2ac5aaf97183233943c83994abd697e6462485692739d99943af4e412915110b
val,trainval,Persian_186,24,1,8,2ae3214c3172df4b01707d78814c02477803ad7af4190f8b4b2e2b9162d4aaa3
val,trainval,Persian_191,24,1,8,315df4f6568104a578824991fc6eef882caaca79f7031cb9fda703bd3e6c74b3
val,trainval,Persian_103,24,1,8,32e632296c07908aef2cab44f2df85737ca43e4753fc9387681add7765e38fed
val,trainval,Persian_139,24,1,8,33b0d108db83b3c9399ade8b9dee3579fa63f8efca7c1a9c76fbeec2b87728e9
val,trainval,Persian_187,24,1,8,3c1083f599757f93c3442bf85d4d3fb92f67198d04f8e46494843e8d6201f77c
val,trainval,Persian_181,24,1,8,3d942734b9912e6f6ca0962ac6f6b5e508707407fd41216218f523b0b8ea1118
val,trainval,Persian_120,24,1,8,3e7ba0ac0207a8779f9ac8de7be92ab7a603e534dff526bfc178d86d3332b0f1
val,trainval,Persian_196,24,1,8,40bf693542e470f46ebafc45b6493276db85e4691c0fa57eb08722120ba080dc
val,trainval,Persian_15,24,1,8,4495b3072cf8914a95f1754e12c352266c580d43e26cb2eba94397fba3bc0b69
val,trainval,Persian_16,24,1,8,456911e9f2e9b9da070085f0497c6b972da89a66051fcf632857e8e52f85890a
val,trainval,Persian_195,24,1,8,4a929d1d5705417e47a6a7d55495689755ffba92d0db068715c3bdfaa30b334d
val,trainval,Persian_168,24,1,8,4d10c4c1a97a6df6298da863132bdb999fdc6c5590ff33124b835f4df48bc487
val,trainval,Persian_217,24,1,8,4ea6ff7a1a6409a632e0a3f5b51ac3e657d96aebdd296b93f3df96a4faee1827
val,trainval,Persian_138,24,1,8,504bfbd48acb917dd0edd997513c30ce47c2bb6692cef5394c3d892b468bf4d8
val,trainval,Persian_172,24,1,8,5223a4a64a4128963f12c7dd13e8505abc87968e1d9d9863d0d6b47318e1f667
val,trainval,Persian_179,24,1,8,536abed7c71006f7168c0fac352d5671b376568887c20e69b34f22c2cc36ec68
val,trainval,Persian_149,24,1,8,551375cbebea3c2d37919a460efac830fd1b171fd11ece1321874a5c572256e8
val,trainval,Persian_118,24,1,8,5d57ed08ebe31760c9d1a0dcadda538ce75143ccb31103c051b172a4e02736f7
val,trainval,Persian_188,24,1,8,5ee1f4615b05a3962d4785b92adf42aa186459f33759aae8f7a0acfd4278f787
val,trainval,Persian_123,24,1,8,6218486d09ceb3110c938babdcc8e0a1465b68518a565c5ffc5f4ee9d39d106f
val,trainval,Persian_108,24,1,8,623169ea3797eefe67c94bb66e85377eecc96aed1044df6bffa478edb99cbc65
val,trainval,Persian_164,24,1,8,64981eed875d437319a8458d05069e2bf34336519ad8d3fdef2a65367713271a
val,trainval,Persian_19,24,1,8,65c6eb7386b985a0d1f25ac679459dc15f36b37b4e18c9f0be30171c59e00f41
val,trainval,Persian_153,24,1,8,66928970bf9876d1de6f554faf1037ae629346c0f7f97a4c565a619ec3e8f047
val,trainval,Persian_145,24,1,8,67a962de1195398b0157f5258103903ea46a1a3c0be3ae4bf5ca2a57e0cc31e4
val,trainval,Persian_150,24,1,8,6880a9ff3d90fa678400ad82377421da88825f1d69f7232865da9daaf267bb32
val,trainval,Persian_202,24,1,8,68bd6a1e38f1e67f38b61e89cf9ccd4b7b652e062cc0a85ba74e0b95a0d3a991
val,trainval,Persian_190,24,1,8,6dcc9c18581f17575d3abdb5c6f5b7a4c89e79161bd39712d802972a25160c70
val,trainval,Persian_155,24,1,8,74211fd99b68691783e8cf7c8146d302ea4391e584e302a0ef464e0664a059d5
val,trainval,Persian_112,24,1,8,75d39acf071b7c251c3193c654780a09c85808739562ba7d3a8417f82d8dab67
val,trainval,Persian_194,24,1,8,77d2f8c5cf8e8c5328e8bd17998b7537920c31d1df4e9e83278bc3e6bc55a9e3
val,trainval,Persian_173,24,1,8,79b3fb8ebca33f439c6842b19742c7c7ec2d8bbfdbb8a587f45fb1a69cb86446
val,trainval,Persian_159,24,1,8,7b52a3b1ebd747d1ec605a9bca81b82c5e76c150eb8229efe27eb3b66b98d124
val,trainval,Persian_213,24,1,8,7ee5af21610fe982a702451d1a0e2c3bfcba4d3d3e834f30c2dbb35b3306b550
val,trainval,pomeranian_173,25,2,17,002d94d1bd6557fe3630915667d24e2128c1cc44ac5ff042781c16d70178669a
val,trainval,pomeranian_10,25,2,17,00bed526738fed2ddf2eab593b98caa8ba79cfe8b5bfd89d319a12eee8204576
val,trainval,pomeranian_132,25,2,17,01fb1acb1c1374998ec52c208dcf4302a8cac7fad55d0440fb86cf64648bd7d4
val,trainval,pomeranian_157,25,2,17,021f53daabbc1d985c340d3dab575cbe920dd2eb89a19807b5e1e88d42871f2d
val,trainval,pomeranian_161,25,2,17,040d9e381712aa19aef54957b7e7db0dc4f424325ba146fc320c56d985f88d6c
val,trainval,pomeranian_184,25,2,17,0516e771fd5af73e7f88812f49a095c8279e10ea6908a5d17657b9b4e9c65e70
val,trainval,pomeranian_159,25,2,17,05d80132795b734f25b0e5bfd26b1b4096b229cb7eaf58d4673d3141d9f75e3d
val,trainval,pomeranian_148,25,2,17,06e8e0646f5504422900da64c5ad98f7156008c35f44a0fa44b849e1e1a08931
val,trainval,pomeranian_177,25,2,17,09bb5b36938e75586cc58d887cfb2c3f830070240eb6a0a9cbba81de8a5469b7
val,trainval,pomeranian_168,25,2,17,10c7e661377ba4daa648994a8ec51570cdfb5b077e8545a3a8c3ee27517f7cc8
val,trainval,pomeranian_102,25,2,17,13b85838fd7201fd59154284ff4123104dc09b594a5160912f70667edf874f36
val,trainval,pomeranian_189,25,2,17,150e0e80e6f689a082e0bd3adf33a03c8ba06f77d1fb564b5d6fd3db1327da6e
val,trainval,pomeranian_150,25,2,17,1615b20c86a98f416ffa96b87bb396e14c83c380ccdb7742e9c517579a5c2a5f
val,trainval,pomeranian_128,25,2,17,18c8c1518673f7c83b683752ffac18f6b644f69bc51b3ab969fcfbce42380a3e
val,trainval,pomeranian_110,25,2,17,2121db7453185f91addacf15612906c913341ce67913563b670ce8a97133158f
val,trainval,pomeranian_104,25,2,17,2191bd70d8dd92bbaeabfd08167ecd1e1c5fcbbf7e57a2536ec15ad4349b1f61
val,trainval,pomeranian_146,25,2,17,225a6bd237e9bd06e569fafae622e544b940ea2db04addfd3d7525e77f28a998
val,trainval,pomeranian_140,25,2,17,2502034793f965af8d1707d323876fe35562c7458b49f1fa748888d58bda1ddc
val,trainval,pomeranian_162,25,2,17,26d65c286c8ec679e798a24be829c2c9463ecd20c01c723a0b59fdabda142f3f
val,trainval,pomeranian_167,25,2,17,296002de384f4562406a428bc7eff63fd5c367c1807601744d6adb3c71cf7078
val,trainval,pomeranian_135,25,2,17,2b0457619866b8bc433b917df44056b5657ced4850499069de80d56893bfd92a
val,trainval,pomeranian_103,25,2,17,2e27f8371c149d108b6d9c7f2651e9f993baae2d723bd484d0eb7a121a3df35c
val,trainval,pomeranian_117,25,2,17,35a6cd405b1f2949b9ef99499e2bd62a92d81a4c2392c3fbfbcb51bfe0799d83
val,trainval,pomeranian_190,25,2,17,385a95cb6dc8b4eeebbab76ee53c4800488dbc2fe9acae4a7f9e726203017d16
val,trainval,pomeranian_107,25,2,17,3a59843ba0fe20e66832dfa1417ffb2e4ae3d10993bb1d41229ac6c2bd8f0413
val,trainval,pomeranian_155,25,2,17,3d9c3363c950be04892a2e3e45d456b25bb2c98100f1b1f72034dd36d04034f9
val,trainval,pomeranian_164,25,2,17,3db65c6fd4998f643672cd076b9f408870b75de41468c002305f156e2b188c8e
val,trainval,pomeranian_136,25,2,17,42fcd877497b3b1433ce2a34e6dff9965282a0417f4c742acff73f47d65ca364
val,trainval,pomeranian_152,25,2,17,4608b47d71c22dd7e0e9c18ae62090d3faa55ca839194b0efce98fe539f6dc12
val,trainval,pomeranian_175,25,2,17,46df8c34d32c664c9a9563202bedd32502e88c5ae8dc9020b995c607cff31fe4
val,trainval,pomeranian_163,25,2,17,4bb07564f7773b9a95c15910cea060ec73fe5e02429461a89bd92a3b0cd0e823
val,trainval,pomeranian_116,25,2,17,4cf1b71172d876e3d625dd93f23bf1c6b130c0379db6b402436e081c5b87bdeb
val,trainval,pomeranian_100,25,2,17,4fec9b83bf71be83a1cd5db868f51c68ac588db05246718d5c90996df3f12094
val,trainval,pomeranian_111,25,2,17,5363677937f9e7e6c477c5a8a9d2716e3a1b05f3608b99d44cc273a307a403fe
val,trainval,pomeranian_129,25,2,17,54757bb0873e0a9b8ec1dca89f8be7f08c161162486661fac0862933f9dc8739
val,trainval,pomeranian_112,25,2,17,54bb2424d461ebfd1537586f0e9fd554220ed42f143080d6ebcd517e6d86c564
val,trainval,pomeranian_11,25,2,17,54ff2e8c230d74632e0c3c2bbe62175a33b74fd4a594c9dc4f0f9ae13d7a1b0f
val,trainval,pomeranian_169,25,2,17,557e0bf9c0ee6b719786c8857de934a51f08660c58d5e517491f7792c1c07b98
val,trainval,pomeranian_105,25,2,17,56b8a9c0b2586beb90d172113fd4ecfcbb5f466c0869633bf102c58385471250
val,trainval,pomeranian_131,25,2,17,5c802a26797d1d8983d72b7cfafc2ecfd484e7d55f3538091057fd5e3122d390
val,trainval,pomeranian_13,25,2,17,5cd95d4945709795b618ce0533025971174a64983f840c827f056036cc4b3d9b
val,trainval,pomeranian_153,25,2,17,5cf6f07c3b5a37b7b00e1d062dbcfcde80ef3a93959991332afa350da0f19ff6
val,trainval,pomeranian_113,25,2,17,63796fbd7e82bfece3880041ae949e35979e6ec32350dfb85e08f13c2e42de96
val,trainval,pomeranian_106,25,2,17,644576baf1e9893ae6ab3e8bbfc0cde4d1d12988cff9ad8f9de76b8bf7f97d6a
val,trainval,pomeranian_142,25,2,17,69f7b77508882a1d6e6bbb6557a840927b5df5a9789cd5bc40e43b73d4c770f6
val,trainval,pomeranian_156,25,2,17,6b7665dbfd67b56b91e33a704cf73e512326775547ce80b06779edd0fb9255ec
val,trainval,pomeranian_165,25,2,17,6da1606a8373df718736798a11cd0bf66bad7342656e0ebcd22499d4e307c162
val,trainval,pomeranian_121,25,2,17,6ec4bf8dee177a5cd386868c9d92b5b1779f22a0e58a308f33e3319dacec0456
val,trainval,pomeranian_14,25,2,17,72091b22e0440dbce73dcf132dd1af9222a5ca54db48050c131b0130d79356df
val,trainval,pomeranian_101,25,2,17,7321e7e8f8d6856ef30cb289074d76b3e5215c7101702a91f5cdc89aa836eee8
val,trainval,pug_162,26,2,18,0741ca6ec8d56996d17e10e32bc81a409caaa5eb3d4c193509c6b6e7a4db97a2
val,trainval,pug_123,26,2,18,0a5b50b9358f5bc12743d1eccdba24e080084bbf8abdbaf7b925d55c5c430ccc
val,trainval,pug_161,26,2,18,17403eb897eb14c32c74125e9b5b93a7995c3f90537f38fd72fc8f4913f9c8fa
val,trainval,pug_136,26,2,18,1884ef84295af6edcb543a80a8d2675123c3b741755c5c85bec4ec034b04d553
val,trainval,pug_171,26,2,18,1ebd1e1fffbdd861d384a8931b8d921f3ebecb2e8f8dfc27460d15f9c786b341
val,trainval,pug_141,26,2,18,1f1b01837ab6dcef16f9279ef9a77a28bb8b73246a3e2a23ff67cff379d4c8ec
val,trainval,pug_140,26,2,18,1f951102ee5d7075d0b1a215c59f606000bb1d41e980c273d9b52eaab1c859ba
val,trainval,pug_187,26,2,18,21323bad079a30658a76a015e794523dde40c42e109e1e9d3c730e64c743c085
val,trainval,pug_192,26,2,18,233fb141c634b99ee384fd959f1d1513728e273684ad4e796b088ac4c206fae3
val,trainval,pug_165,26,2,18,2377f1ac73ba77dee0bc7cff88a8b5929d8c100e65c2bbe41933e4d888c191ed
val,trainval,pug_153,26,2,18,239d40523e626c667bdf5d624a1cf2aa865608055903a6bbb4f721f116c0d829
val,trainval,pug_103,26,2,18,2668b9a6a9e7956cfaeac40a4bfcce14ea946168eb5c86cc53aad610ced889da
val,trainval,pug_144,26,2,18,281a813387e3b3150c934e15e3a03d377786e3ddba22709926d1cb23648ed8a6
val,trainval,pug_14,26,2,18,296cf56cde6f0e6cb5b0f06114b3acb4e49c86942d57f31bd7a87b344f8a96fa
val,trainval,pug_12,26,2,18,2e806a2e4b4656af081df9b44c576b1d86ef37dcc57bb856782490ea9acaa38d
val,trainval,pug_156,26,2,18,2f810777aac28626e461a8e7be57d8340289d74c146ef115609c09fdc11b05e2
val,trainval,pug_168,26,2,18,2fae56382ba032fb0899e8db1417a5a483cc6f6645bcc333ac84e557e89d656c
val,trainval,pug_110,26,2,18,32476e2180c10138ade8f6bcd55f40cb5c70c4081d8b50de990a6b35fb48a6f6
val,trainval,pug_184,26,2,18,327c8de8ae7e7ff902c55d0ae35b99063fbf300fc3bec46ee8951a39f810a5ea
val,trainval,pug_15,26,2,18,33289b1c95186df893ada30b9bc0f0fcce183f06366a40dc18f9c62ff02c8fc1
val,trainval,pug_174,26,2,18,342eeba9e9a631650acdbcccd608fdfb37ec7018813e1adf805beb2deade97b3
val,trainval,pug_10,26,2,18,3452978a70a8df63ac68315e09366731b42ca5f230194306389af39ef0f4c234
val,trainval,pug_131,26,2,18,36899057f4047c41f9a321b57e97abe24e6f186da72ae77faaad09c080b5b249
val,trainval,pug_182,26,2,18,3a249fc6392dda3dea9f9e20ffc9a8a6d3642515b47971ac9f6205a2862aee1b
val,trainval,pug_129,26,2,18,3ab0420e987ef0bf91f1511b705cb2b1618b4c0f4e2bf8688d9515e078a8b13f
val,trainval,pug_125,26,2,18,3ab331b0e26ae39d724a27f5309a272eb4f872f8f5f6f6c44c697c263508b0e5
val,trainval,pug_160,26,2,18,3b8d04d3ca655f9bd1f4b9f0ef4274b28ca60a815433f3d4877b94f8c2dc7328
val,trainval,pug_120,26,2,18,3db6ec95b2ae0df067793053bcbcb016332dc34784b07257d964ce2df63d4a84
val,trainval,pug_170,26,2,18,40bf2cfc20b5304c42c712593b451d7b7e4be0463cf6a17112f033851640623a
val,trainval,pug_167,26,2,18,41a269944fc7eacd1d00c0eabcaea02bb10511c401492bbbd9e46902ab667bab
val,trainval,pug_169,26,2,18,43317f348870d2676b9d14d5ed80a985a0e56fb42fc5b2aaba11a987c5d26a01
val,trainval,pug_130,26,2,18,485c4057bcda380146bf7fdc12fa3f7494b85e3439c48342548a9bec6aec6519
val,trainval,pug_135,26,2,18,500631124f5bedfe3679860f4578e4a0a4a28ffe974ffc9210ac7accce48b9d6
val,trainval,pug_172,26,2,18,5050dccda877b305b99caa96c03583f6a97a25d72a8faae6ad3471253d2ff2de
val,trainval,pug_134,26,2,18,59889bcf6584a067b295608572851c95fdce9cb438e79ade6049f1c9cc88e23b
val,trainval,pug_185,26,2,18,5df6dcc1a3072df150d6451f58a9bf6e640dd2d9a7efaa85e902a2b947e8c031
val,trainval,pug_175,26,2,18,5fa10bec8207b1ea36776240091896807b744e99f0cb6d93223d50b11f2fffc9
val,trainval,pug_101,26,2,18,604d9870557f86907e0295b78df3b7f2c4ba0fccb2c14b896bb0074ea69994ab
val,trainval,pug_163,26,2,18,63aca81f65c19b740aa66494b6b7558a83ef4c08709e694c6452b0ca55102b35
val,trainval,pug_104,26,2,18,67b809db6a49c130025e9b8d6fa6841358300857a5327aef77839ca2dfb8e29c
val,trainval,pug_178,26,2,18,67dcd5b128a0b4c2d62ac810b22827ba6d47e1875fa4c4fdc2a7d1616d180ff7
val,trainval,pug_106,26,2,18,67e0ff299d5d3a0a23fe84324dc94ceaaf0b9dd61116d80c456b87811682ba44
val,trainval,pug_138,26,2,18,683527c700b95c4eb8da7852249c99eb690e25ae224bf8f17f757ae734d1084e
val,trainval,pug_158,26,2,18,695ecc0e65dadd5507b2b552e29ce845b12c3a4f02ab889a87e91a9ce86d439f
val,trainval,pug_157,26,2,18,6c8dd51d0ddcf694bc89976834af71ef711ceb595235da29c138dcd8742bcd5e
val,trainval,pug_191,26,2,18,6eb43c2171fbedd4c29616f1f6ce4cd2c95536f66d109c431aff5f6ed7fa6b3e
val,trainval,pug_179,26,2,18,70abc584a3fb2f069f93106f7b3c3ae9009b7f7eeac3c56f91dc723e4d6c423c
val,trainval,pug_154,26,2,18,72afbbe6816ed4596f1ff6c556e5b3bbf8b1d08bff7a08f622e2889c8c42925f
val,trainval,pug_11,26,2,18,7429d8cb86736256dceb1712ed3dfdafc069416b845f6249feccd817ed6b0c16
val,trainval,pug_188,26,2,18,81ce9079be5dc72ec4843a596d6d02d71c9501734cc08d9871ea41d1ad376835
val,trainval,Ragdoll_1,27,1,9,00d1a8ec908711c07edf312e07be86d6ad8787cbeb2265dac1be8f22b38720cb
val,trainval,Ragdoll_128,27,1,9,02e56e683863697fc82a0e307310613b6b77c4c8256cf0d67b088edece7f047b
val,trainval,Ragdoll_151,27,1,9,0cfb5eab8bd54e9c6ee69c878e266c5aa47d4667d8e8a268621af888af0b1ae8
val,trainval,Ragdoll_103,27,1,9,0d1a98fd62baedd9dcc7eb6771ec1fd04dda2f1862a0b5e26dfb6a2bea7fa0b0
val,trainval,Ragdoll_173,27,1,9,0e7b290c616cc2054e637d2cb7a600810a594ac092b7d9ddffab764ca239347c
val,trainval,Ragdoll_12,27,1,9,106ad6de0e3006ea43dbd9bfddfa035c7e77a9fbe872919ce9cf5f8aac50e118
val,trainval,Ragdoll_195,27,1,9,182b6c7b4f2b67fe332f25812323308303d14f95e5eda80a67c4dc1b09df0a5d
val,trainval,Ragdoll_155,27,1,9,1a8683c8c40d58215d90a0e7338c01dfc6738a53eed569dc3369b3ef32ae1b72
val,trainval,Ragdoll_16,27,1,9,1da405272fc143db16fbb86c68fb2f466d5b6c88a552413ffe3b6a3c57b42ed9
val,trainval,Ragdoll_142,27,1,9,1e7ef3a3306564f8b110e7ee4e7d0235376e9fabdbbafec3e229f572cdcc9ad0
val,trainval,Ragdoll_147,27,1,9,229c9541e8e57d33a91ef78bcb11c17350a3c38f5de3f0e41b9a96da8a1354f1
val,trainval,Ragdoll_105,27,1,9,2673541489ecac2726ce505856ec2ca0b5d2250e9c439327a4e3bdf9b15beb52
val,trainval,Ragdoll_198,27,1,9,27ef56633c9fbe13800cf6fea75a2ed9081c2a2c7bbfd51cb95ecb9246fd6808
val,trainval,Ragdoll_101,27,1,9,2fdc0b7e395fa29a25777862752d6a98db098e0f4695a55c16e0ab3baa352cbc
val,trainval,Ragdoll_193,27,1,9,3306851e64012fdd180c6a58d6033a409c4a2dd7970bb2bc106aaa7f9ef32f95
val,trainval,Ragdoll_158,27,1,9,36a0f0bee9486ab9d0179967aeca2c564cb2d1c014b68d25f88d6f9ac48aea26
val,trainval,Ragdoll_110,27,1,9,390d5663b9ddaccd91899f60a4ae0bcec3c944f74fedc95176197fc3161e1b29
val,trainval,Ragdoll_194,27,1,9,39da159bf95a1a288ba7c53face7dbd23e6eb374fbeffe330d604b9c284dcac4
val,trainval,Ragdoll_170,27,1,9,440341179b2bf6b84d281e74ea2fb09e976702d9184af601143bc582740a7f25
val,trainval,Ragdoll_132,27,1,9,47c0023eef59abb212a1ebbfdb5a940e2d67a670b6fdd089dea53b79d995b8ea
val,trainval,Ragdoll_162,27,1,9,47efa56bff232b16ca7e3af09a8ad748b863b8bff13194b0295ed1034608c239
val,trainval,Ragdoll_177,27,1,9,4839796845b5be26363d4264f67516d64d09b938373e42d703507736bfcf8dbd
val,trainval,Ragdoll_184,27,1,9,4925acbfaa030ef496f47c41b40b11d7c953f028e8d05e9d46ac643d4ad8fe93
val,trainval,Ragdoll_10,27,1,9,522990573de86e4ecc839fbe202c8974af24cd7bad21d61acb4e2f30ee0825e2
val,trainval,Ragdoll_135,27,1,9,56f52c283ca6bdec1d7e8c18c2b783fdd236437ffd14f12f57010c23b51851c0
val,trainval,Ragdoll_18,27,1,9,576b8321df093c4731e5383a21cd0e6e0198936bef271533f5202fd6c5843d4e
val,trainval,Ragdoll_112,27,1,9,57896be3d129929c4ef5f0564346d65b81e41ca9dc958e77ec5d3863e83628e6
val,trainval,Ragdoll_149,27,1,9,5af8a32ab7e9e39fe47f698ec5570700c17b2c12a4ae3a60418b08423191a19e
val,trainval,Ragdoll_125,27,1,9,5cb5b90215d2f2f4a33b125b6696edc6c455c2026643438c826c3e37723d027f
val,trainval,Ragdoll_201,27,1,9,629bf7eb4a6bd69deac2460eb9a7bc2cbdbc9d08a939922ca99ee3a36046ac1a
val,trainval,Ragdoll_163,27,1,9,647595bd7f91705463a91fd6826acd10dc717fe3d42f66431bef39ffdf7ce43e
val,trainval,Ragdoll_148,27,1,9,6692230c7e8dd1e680910b2f058a5dccf2e0c87dd97bb4f89d23d6829e1baf83
val,trainval,Ragdoll_119,27,1,9,66997d9a52b54fc1fe80f368c0146c9470944bfe8b118ab9a3d9c009bf5b24b7
val,trainval,Ragdoll_113,27,1,9,66a5ebf5898662d991b8e8448698cdf94868fe0cf0b466a7f4922dba4d35d063
val,trainval,Ragdoll_164,27,1,9,675daee71106435ab479a353eda900f9a90f74cce50594239f499c13a0261574
val,trainval,Ragdoll_146,27,1,9,685e5d5330e378b9d671fb66240ac32cd28c8629c4e248cfc39a58f0c94f4ca5
val,trainval,Ragdoll_131,27,1,9,6e95249a96a6397e26a9e33ac8480c6ae8127bb03808a776720f20a1bebade71
val,trainval,Ragdoll_172,27,1,9,70240b8b2836b0297bb70db8e434340ce17202e86521cd2935ffeac9d0ddd50f
val,trainval,Ragdoll_117,27,1,9,753bfa0f249da9ab08d3417e5d3bb2afcf1881cc2a909c7b8d90e05cebf42d1b
val,trainval,Ragdoll_143,27,1,9,8a31c668f7319f813cbe112f9b5718841387bdedbc824470b893e504bf86ed3b
val,trainval,Ragdoll_191,27,1,9,8ad2466caa646e9eb27449ee030ca598f3dcb5b0ea836ba8e90f9d9cd6a3301c
val,trainval,Ragdoll_197,27,1,9,8f305bbd625f0be853aa14d40e10150139591e197bd94a4e57d6aff161c4f2ac
val,trainval,Ragdoll_115,27,1,9,8fbb1978a63c4054cb6be3e67ceaa2acf5b67e30106bafc7d77855424dc4e68c
val,trainval,Ragdoll_166,27,1,9,945a955b16b1eb37ddb3bcc22c9c88c91be2e285004a3208879fbdcec74272bc
val,trainval,Ragdoll_160,27,1,9,9590959f7c33fb1186bdc4e74b6692477b9bf61beb268a067022df649cce4f89
val,trainval,Ragdoll_169,27,1,9,9a840886aa06b76370f2bc631241d1982ed274d00642573769b525d2c02c2a2a
val,trainval,Ragdoll_134,27,1,9,9d42cd413b83c9aa365022af28eac40ef54f8e5bc7be21658b899928881cc508
val,trainval,Ragdoll_127,27,1,9,9d53e5361ca02c411dcc657b8cc9517f0a6f67fde90b47f99fe9d4d744d16e3d
val,trainval,Ragdoll_100,27,1,9,9d548063b15ee0cc6d10068d22c53645d5c610b371d65fb93f6c20c2f143f420
val,trainval,Ragdoll_180,27,1,9,9fd707a269eb5c4dfb36659496f806f7fd77ae5ee1b534dea096bb63b48cc3ca
val,trainval,Russian_Blue_147,28,1,10,01470f6301c7efeefce1f37a70d2a8bd0cba7a74e529ce3962a32aa23de4573d
val,trainval,Russian_Blue_122,28,1,10,16582fca6186342f51a7a9e8f9476c43d6815fe305635b19443bf0bd38e10a51
val,trainval,Russian_Blue_183,28,1,10,16813c7e7ac5efab6462d49593e99d167efd991d408e5491633c69d4920c83cd
val,trainval,Russian_Blue_175,28,1,10,1712f74468c7b66050903873dcc9c0883668fb80498599696a1e3342136a5e5c
val,trainval,Russian_Blue_12,28,1,10,1a026e0af2a6460487a590052101804082946e3ced4c157b9cfa02fc2e4e705e
val,trainval,Russian_Blue_119,28,1,10,1c7631f57fab1c2ba212afd42cddcbfa64753eeccb4bf61aa039c9892f6ab6df
val,trainval,Russian_Blue_172,28,1,10,1ce6594bdb6fc83b788f1093f45f782ec29a520bdb36f62e2fd88bc12be217ab
val,trainval,Russian_Blue_18,28,1,10,1e17e521a29ce325c738693903e0e3372acea4bfc3b40007e4b5467ecdb9d04e
val,trainval,Russian_Blue_157,28,1,10,2044970d71f151883de480f56d437b240603322ae93e9f232037bcdc8b9eb54c
val,trainval,Russian_Blue_111,28,1,10,2219ae3be560340ab9728f2327380a3dcf2b1a7785aff3978c5887da68fa57af
val,trainval,Russian_Blue_17,28,1,10,225c2c3dbcd6bb93b1a424d43ab80e5bbc9c26277b2e2333331b2ec216358d12
val,trainval,Russian_Blue_156,28,1,10,29088b29ab4536db37a1e5a1038c152734e7d9188449357bb336459e992f9473
val,trainval,Russian_Blue_184,28,1,10,2aae5f83976e74b883c08198ac04a66614bd442201061b0fb5d4e926540e963e
val,trainval,Russian_Blue_152,28,1,10,2c072375296b13344205cca6e723fa52fc0876e200a5d78bb9708a1d726262a9
val,trainval,Russian_Blue_13,28,1,10,2ec34aafa48c2a8be6c4f6b297df51f8a2edf91b531364bf2d33579a9dc5d75d
val,trainval,Russian_Blue_198,28,1,10,2fb882a9e220a98384662ace6b8a19cc5552bbc53e3e945854c1a302a61cd41a
val,trainval,Russian_Blue_168,28,1,10,33c2a0a3e2eb0d24a024fae7beae5306d177190284b0aed036e4997676dec942
val,trainval,Russian_Blue_194,28,1,10,33d9ef41a522cf95c6216ab7b8f19055a5db1d0372bfbf5f3b661b3f73859de7
val,trainval,Russian_Blue_200,28,1,10,3477e13fc16e2c02b7c86e5c4185c2fab93961587d3d4a5b6828609c3d336b07
val,trainval,Russian_Blue_181,28,1,10,37bb2b944b9c6a10b6a940e38b99fc6d3e78e14678be24a3c9e8ae2f849de909
val,trainval,Russian_Blue_130,28,1,10,39b713a7d2603b3959ce2e9aa21cb53e19e315c2982535ca96029af4826f40bc
val,trainval,Russian_Blue_144,28,1,10,3ae8eeb06a9bab2541e7d8e8b5f322f3d467aa393f7c5d9d67124be00e0f110e
val,trainval,Russian_Blue_14,28,1,10,3ba023b38b31d5a8dad665d0e2e11d464bcffb35893efc84932386b4bdba9f15
val,trainval,Russian_Blue_149,28,1,10,41a53c648f9e30f0853dd3c5f1708ea7a288b981771025f7ecaf41e86d17c5e5
val,trainval,Russian_Blue_108,28,1,10,4b425afa34154573863b655a5957a70078b6646cefac169255083989313d111e
val,trainval,Russian_Blue_159,28,1,10,4be94fdd42f411dbf2dfc6c24f494aa91066f5cb7cfc3ffa0c694cc2a834e305
val,trainval,Russian_Blue_135,28,1,10,4cd59dfcb3bd5c9dfa0b5186ad1eb25faa7b36337b5bd86c374430548aae69c7
val,trainval,Russian_Blue_140,28,1,10,4da04a2ddf51c470d5892a385b6474b17c9e1fe95d1bc4bb284ce75a7d7e2560
val,trainval,Russian_Blue_169,28,1,10,519a8c8ec9d5fa273c76be8c3373e0a2d185f74ab7ee2bd997769384e8b4c6bb
val,trainval,Russian_Blue_166,28,1,10,519f0a3d0e347327c14f91636624db419dd2573a6abe36236ac7c2dac09bb97e
val,trainval,Russian_Blue_186,28,1,10,52eabae3ab462bf3e0a503bc7a2679121a2d058f5d44ba0d70d098457a433de0
val,trainval,Russian_Blue_192,28,1,10,5805eaaafd49dea7f11169240c9c133e8478dc503db069cbab6c4d1d33fe2579
val,trainval,Russian_Blue_137,28,1,10,5a55f83037b8affeda6e4c07224ab2e948e9abb6dc951d414b17b970d8323650
val,trainval,Russian_Blue_10,28,1,10,5a72a83f2dde02576a72a456d6d6de48a1b28f46ac89be52d2774f689eb0dc3f
val,trainval,Russian_Blue_1,28,1,10,5f0f425e324055ab99222c3accc0402b4d792f9a56186546df530eecbc46ebc4
val,trainval,Russian_Blue_174,28,1,10,6027e6bfb1ae4d0c3913386fa00a34ec9ace3b643d3e16beb3c0ab088b86d11e
val,trainval,Russian_Blue_196,28,1,10,628c93e0eb736277185c2c563d97b3fb80f7f422c06d8c0bb5e7348597793b8b
val,trainval,Russian_Blue_195,28,1,10,67587e1a1abd65e4ea6227afdd132ebe7482b924cbf2fc5d9d1b265b8ff106fd
val,trainval,Russian_Blue_158,28,1,10,69f8a8527a0ccb3b37cfd8fd4fd697f94aa059a9a59c0bdf9db7f2b0d4be4e6a
val,trainval,Russian_Blue_155,28,1,10,6be170b89c9ab65a1e7031a50e152991921bf37288ec261e7a291284020d716f
val,trainval,Russian_Blue_123,28,1,10,6c384b143e7aa489359ede3b55bc7a33a887d2dc9be88a27d11aa076b3baa054
val,trainval,Russian_Blue_146,28,1,10,6eea35db46344fb3f80b469ed39ff8c734acb529ad3a566c50071c732a269a76
val,trainval,Russian_Blue_100,28,1,10,705331a8b58fcad371838a1350de03c8042b81f27087646c740b56d4e09df5b3
val,trainval,Russian_Blue_112,28,1,10,7b3cb5bc52caab661def40370adab8a8f2cef6e06b2f5fdae5af8c5746527d50
val,trainval,Russian_Blue_120,28,1,10,8079fef09c4344f4d25bd560995b67aaf9a6276df30b4d336cc43b3f90c50254
val,trainval,Russian_Blue_161,28,1,10,815f43d42d9fc19792a8b29348dd056cc4c1b3c17cae8deca5c91671cae91ff7
val,trainval,Russian_Blue_148,28,1,10,861c97d9a0a3e2a93c357fa9e6ed56af8c531e7377d35cc7da2eba444fc854f5
val,trainval,Russian_Blue_179,28,1,10,87162ecff32334923328298552f2b1cc83e8c9060e57f84abebc3a675074d160
val,trainval,Russian_Blue_16,28,1,10,8770e2258fb59b6a85e6d8945079669cb2ec15efd50d4f5a1b72a1a2d6e69ff3
val,trainval,Russian_Blue_133,28,1,10,87b347615a3724076e630d9df89dcf81a18bcc84e1617485e9326111046f939f
val,trainval,saint_bernard_107,29,2,19,009af91669dcdc33bcbda4397ec11719dcbc6127733d584b0284df991923e13b
val,trainval,saint_bernard_130,29,2,19,025e97c3977bf83a451fc21936869d29919b0c5733c4564c06ec7ad477e168c4
val,trainval,saint_bernard_104,29,2,19,0804c8a0f6f4fc62f51c2f65d590bce6dbb99b504e43a22607d0f0cc3e7816ca
val,trainval,saint_bernard_13,29,2,19,0c67acc8cd116f547d543855ece53283040ca66a59b260ca304cd0b3cecf2f07
val,trainval,saint_bernard_185,29,2,19,0d82e7d56177dea4ba258bed3fc01f8e04ae2c33c4288b6f58d7f2ca898c5aa1
val,trainval,saint_bernard_129,29,2,19,10a8cf6fe68bf717d41c61c390dd154c1fcc04438175cdded6e916081a8384c0
val,trainval,saint_bernard_169,29,2,19,11b5e430943733d4dc946ac6f09bde6195d5c3ce35f0cf1e1e776b3d545790f2
val,trainval,saint_bernard_182,29,2,19,13c6114b47319fcc1a0718c14cda19e4d06213b825405685dbcf9326503cf9ff
val,trainval,saint_bernard_162,29,2,19,15b4df3e8e4bba9ce5c6a462f88510b45d58014d7e5a7b465e684f281a9ce14f
val,trainval,saint_bernard_172,29,2,19,1671538133fc0312da9bcf5496e871fe4ba898157a78b7972dec8b3bb4cc2a4f
val,trainval,saint_bernard_149,29,2,19,18aae0c039c8f11e33d8454258b07f720eef656c729e536e4e8c7fc3483fe806
val,trainval,saint_bernard_128,29,2,19,22d3be580195c7bd30a11453ceef2ebc4823dfc18af76697ef483a0576b94f13
val,trainval,saint_bernard_18,29,2,19,25ada19779243537ca81216cf9478433a1e2611f3a91a99deba5c40a075ffaf8
val,trainval,saint_bernard_181,29,2,19,267613a9aeb945c8ae1ab62644ca39f8294ff173fe7215cb92e4159ae0c49f79
val,trainval,saint_bernard_10,29,2,19,287d2263ad43becdb19cf84ffa48208d65c6ab2726436ffe83cf23815efa606d
val,trainval,saint_bernard_103,29,2,19,2ac1c32249047a7a50fb2ab68b8eae4ff609d1a2ecdcd1e6b9720ff97a98d08b
val,trainval,saint_bernard_184,29,2,19,2b298b3a679ac8b740baef521203aaa92d5b67d67678fb431e2eca6ec33f244c
val,trainval,saint_bernard_152,29,2,19,2ed51e162566c3ba84db97dbcaa65f40c699399ff6b5848eadf0b3be7fccbb70
val,trainval,saint_bernard_144,29,2,19,3a746b23d1136395eea5dae84adb741994486ec781b9b74a8c23ca84b05431a5
val,trainval,saint_bernard_101,29,2,19,3cff3c51f13d4cd1590f00bb424e000ab56775f3adb648a9d119a44f9cfe549b
val,trainval,saint_bernard_16,29,2,19,451c21d74dab26af77198cd660f1cc5b593711d3b967ade1e1e9addbb5c5fa78
val,trainval,saint_bernard_114,29,2,19,456b4099dae8af3a164af424661e81223b0599ad1d87e03b96c7d48c54f461e5
val,trainval,saint_bernard_108,29,2,19,4e550108dc0751e10d5e083051901eb6857fec142d58e18db2525ffd0af35d45
val,trainval,saint_bernard_131,29,2,19,4e8696e58363f8f64055712d6e785a69df789cb1db45d16ba4859702123abead
val,trainval,saint_bernard_137,29,2,19,4fcb5c67590d01cda5ae2b55f6edadadab1a8f44e95955ffbf6ec4c98cbf1d4a
val,trainval,saint_bernard_14,29,2,19,4ff5d41f89746f09a63828b52d2bb05fa825b49d9bb22b1c90d74ab96f187b79
val,trainval,saint_bernard_110,29,2,19,5136a3a512faf1add994567e8bee74050e3e2a40256cce119c5ec8e3750f88b0
val,trainval,saint_bernard_17,29,2,19,5a80c8be3814fe3fbaf80f4f9867b5e8759806a97fb11b6f5c851202aefafb31
val,trainval,saint_bernard_12,29,2,19,5b625d59e72760fbe8c3b16918999a4ba2df5ac174bc31bb6d68ced0063e63ee
val,trainval,saint_bernard_159,29,2,19,5b71ee5d97ab66da13590476b62eb49ca03885897494ea2b611dbdef280947e1
val,trainval,saint_bernard_171,29,2,19,5ce7dc6e99b5fe36ae8d3775ca88a4ef348d82c24440c9f0bbf0230998627f16
val,trainval,saint_bernard_164,29,2,19,5d34cdff1fcf86220d9bfc6a5d5c48e100357b896a6b778113d0b14b22046d0b
val,trainval,saint_bernard_116,29,2,19,5d53f8c8e28cf27576ada3ece3157e1a8c1347532ccabba59b65462f469f22c1
val,trainval,saint_bernard_157,29,2,19,5d9669a345e3612c8216e84d9868e8bf6dd16027401f91bbebb6316df2c986cd
val,trainval,saint_bernard_145,29,2,19,65085e5a028af2c8b513b2b6f5f808776faf99b65e12786c265b6c69a936947d
val,trainval,saint_bernard_186,29,2,19,65e128f0115179d0edd9c064ba0ec8c5e1991086b142c9cf0149b79dbd9c0603
val,trainval,saint_bernard_190,29,2,19,666236982617a85ac866b24efa5375fdf2d5f32bfeadab4bdb29ddb1e417ba2f
val,trainval,saint_bernard_113,29,2,19,68c4b7a00a4fe072b6f56c36abd65ed1bad26cbb69d559bdcc44a77e841e005c
val,trainval,saint_bernard_123,29,2,19,6916e171fdb160e0107873a7493c828b126557cbf6dfe283bde59a68e1795800
val,trainval,saint_bernard_143,29,2,19,6a33fdce96664b57f3bc467a972a0fc291eb8fe53bea87c6c3dae6dfe64d30b2
val,trainval,saint_bernard_148,29,2,19,6c37e6339bfa4b3937043a9d75413d73c9c347db919d43b4b2940db0d6007941
val,trainval,saint_bernard_180,29,2,19,6e6a009e6c7f7b754c4c97ef01f09d22077c1fb5b51af4c639de036bcabcf5e3
val,trainval,saint_bernard_163,29,2,19,70d741331e908d687290e9ab20d704e6a392d59626deb84a8e3f7d64675d6123
val,trainval,saint_bernard_134,29,2,19,70f7b8eb498a68eec73a4f5f68e5f1a7b687931372d4e8164e7a8ea73becfa03
val,trainval,saint_bernard_177,29,2,19,738a6c1591e4868508eab22c574b87dc3df08e0c9ed1687bfe8c18d47e56c1bf
val,trainval,saint_bernard_11,29,2,19,75f42aac309e0fa871015adc36fd66199379d618fbcd5962b24b3cad23c77c00
val,trainval,saint_bernard_154,29,2,19,76c2cf3478bfee51cc16ada442549a1bfbb1f02fab00f520318a5845c8cdf131
val,trainval,saint_bernard_136,29,2,19,7a5b9471b8644f53c83c6e81d84ef24db25324dfc582b867511fc54502235db2
val,trainval,saint_bernard_138,29,2,19,7e8682ebab616939f6eb99f1edecdcd1ccfd4edff3eed7273b70aadd55f93812
val,trainval,saint_bernard_124,29,2,19,807d2408cb84e9e9e5a895fde2677d17e1f7b773cce249415ae62692d29a91c0
val,trainval,samoyed_137,30,2,20,024a808b1118565cf7b3c4d5d5a758b6c24a67adb493c37dcfc681dfca83631b
val,trainval,samoyed_165,30,2,20,0520836d11e7dc02a0ac516a78bce5e7287486a01c61e19eada956137cdbc3e9
val,trainval,samoyed_14,30,2,20,0a138dae3274a928d7ac03d6a5607b139850fbb098d5dc4b26e9680d70f0a042
val,trainval,samoyed_114,30,2,20,0d39ddf2337d9fd5b8946c9726d2ecc678181566f6a293436857e4b666163953
val,trainval,samoyed_150,30,2,20,0f089a0a98780d2c447357810660de5f7f07eed131b875633cffa94bdf18023e
val,trainval,samoyed_102,30,2,20,0fe1f514f1f8fe792b29036b76208ef4b1a712baaa65debfb66975df94f64f3a
val,trainval,samoyed_118,30,2,20,1326c28d9c9556f14277a1b4cb2883ac4cfba3039bbb26213708ece4d269f8c0
val,trainval,samoyed_142,30,2,20,14901962b2e063013843771262d64154dad95a8e6cce4f3bd671b074fa8194dd
val,trainval,samoyed_10,30,2,20,15234ebfce59af1e11196b67477bcdcc1453614074d1d0215483fc7b669ac165
val,trainval,samoyed_187,30,2,20,1ca9a9fb0d66085a77eba7732e310a01743e540818806e1b9f4468043d713b3e
val,trainval,samoyed_112,30,2,20,1f21b4f37057fa5758056331157703334372904fd1459871df83c68b80e61fed
val,trainval,samoyed_130,30,2,20,2261267a91c1e7ae98082931410fdced4aa85d077fac4f72a55055581ea5c8f3
val,trainval,samoyed_189,30,2,20,22be27651b0441823f491f9b05152009f42f1ddd2a65dd1792cb425777ac9b1f
val,trainval,samoyed_175,30,2,20,22d769994681b9b2204418165014236bdf3e7f673c79f8afc718c491aea12faf
val,trainval,samoyed_166,30,2,20,290c9fb68b6cf2ab7cf87138140582c40c99b3f2508164b40ddecb99031c3623
val,trainval,samoyed_121,30,2,20,2a689b80c17301f3d29bf018523ef10b32ae02baad50d94ca7f26f79cafe62e3
val,trainval,samoyed_176,30,2,20,333335075494d8b5dfac8c21901ba07824c95c0944a3c0b345bd8f0140b0121f
val,trainval,samoyed_128,30,2,20,34fa8caba32119c9e24433ebafd7f3f2529343cd20fa483bd1bb09c82b9fb7ad
val,trainval,samoyed_181,30,2,20,37388f55621e3294bd763ae84f1553e1a0e5db5065b513fdf893e6e7375fb7fe
val,trainval,samoyed_113,30,2,20,3d5169cf1470ef1f8bfbb9bdfc2cb7a37ebd19be1ee615f3ffbcb9cf2b5175f5
val,trainval,samoyed_136,30,2,20,3e63b29c2f936850c2dbd070146a17927a49a30a4f796d4ee370b4c63d32fca5
val,trainval,samoyed_105,30,2,20,40f636eaa90cbd86916030ec033a54bc131148ae7b3bff0a93143371fd202a25
val,trainval,samoyed_162,30,2,20,4124583ed994f290f7884819b393af0d69df9c071607860690c7ead797ef8bcd
val,trainval,samoyed_157,30,2,20,46c89aae3a3b2df254ef6ef5336b51cc1cb53047cf120b9dd086511793eea77c
val,trainval,samoyed_153,30,2,20,47c44b1e8c915154236fa788f3900dfe2076726c1ffb88be46c7aa6693c87731
val,trainval,samoyed_135,30,2,20,5077855be0b592e93e98cb6e6661b70add8070da215370061553929ed7f6a7e9
val,trainval,samoyed_148,30,2,20,537224989546feaec8fd982d8deec85101ffef3b7e1252f7502986ca1da71475
val,trainval,samoyed_184,30,2,20,566da54ddff98705b63bb6f118dbea13f56d7adc9400671935a138e45691e8b6
val,trainval,samoyed_111,30,2,20,5a0821a8156b433418923bd4413986146f9c4fafc2b54193f060cb2861e08f19
val,trainval,samoyed_179,30,2,20,5e4591a01e980cd4f6668401d132ffba1f6beaee53afdd3a84f5ac5c3135d33f
val,trainval,samoyed_151,30,2,20,5e58aabcf610c67c3d29d4db402adbbaa78b1fbbec333a68d28f06d1d12bdb3b
val,trainval,samoyed_103,30,2,20,62bef99519bbe2f68d462963f08c8763707a485b4220d956b29b21f3f4157819
val,trainval,samoyed_12,30,2,20,64b2f21048cc7903d3e0a799b366519a968d4d010853b3679b1491e31813c40a
val,trainval,samoyed_156,30,2,20,670ba5745a11e73e762d8d24b414e6c34b23d28fefb5549a7b4b129aae79f2a7
val,trainval,samoyed_169,30,2,20,68381250fb294048d4bce35397aa7ba3fecc5f65c4325acc39669f3f65e62143
val,trainval,samoyed_126,30,2,20,6918ffb96ec2881a6fc6c50eb95a90ed368cefb60efd3424c7f7b1aad1272fe6
val,trainval,samoyed_127,30,2,20,6ae51f064ac03a3b1bcd0948940c4750d2b9b4bf7ebd9f764bbc0d0dcac196f0
val,trainval,samoyed_117,30,2,20,6ebeb419ba31451fc223153c91db4db371db1bd66a0d61b045c4e30169d3a2f2
val,trainval,samoyed_13,30,2,20,75160b063fd8fd800b9b8c1fcb68fcc2ec84a63698ef4d6ab601b4ded8990499
val,trainval,samoyed_119,30,2,20,76c44ef7c200c2b0c58031ff71147c99947481a5f7a2586fad5c6b287e381972
val,trainval,samoyed_171,30,2,20,7d4ca8b5ff768671a6b578dbac3acc502e9665f1aaa6746c93465a38581b5cd4
val,trainval,samoyed_116,30,2,20,805738704307c8f38548321e07ca516276778a58e8eb808db8e42ebb49f8cba8
val,trainval,samoyed_146,30,2,20,8329954ee674d0a27dd9ca5b1dec4900464bebf1f05aa5c97182a7b541fad19f
val,trainval,samoyed_18,30,2,20,85f53026e813fdd31959a3d24d22a33826518310d1fa7cf8b15b313c9ac36309
val,trainval,samoyed_185,30,2,20,8b86272c279689f26946ddb08e7b073e3e6045b8bf00f60a8f9c3660053795c7
val,trainval,samoyed_145,30,2,20,8ea37095d7002b8c9f1997972a7b433322f57106396e5378798625ae43fb9111
val,trainval,samoyed_173,30,2,20,90b725dfb3e9f3afec2bb289d99be098ce2fae27fb7c76908b063490f042f8b0
val,trainval,samoyed_161,30,2,20,90c5d8425cf491a426173c784cad689c397e289c64a4eef7e11831e933c96525
val,trainval,samoyed_160,30,2,20,959437e11a699a8ce3c8801c8747095e77819f44a0adc825e93df932ba779f3d
val,trainval,samoyed_147,30,2,20,95a20080b240c7abf2a29d8bd03b9409b2dccf033e6f48641d33c7d2012f0c4f
val,trainval,scottish_terrier_149,31,2,21,011f2ca229109031c870fbbf02dc82699cc1d4867dbed40f868788cb3681ce74
val,trainval,scottish_terrier_147,31,2,21,041308ff8fa9e87816a89cfc2ec8e5514a69fd7a7b8e5f3515f2ae2fbf32cba1
val,trainval,scottish_terrier_13,31,2,21,044b2f0e80bc0c9646171a928771f780ed66e3f7a7779d15b284959036594f0e
val,trainval,scottish_terrier_151,31,2,21,072ce3b3d7f7151711293de30e8a5d32a84618428a54ce6e4fca331417d6f59a
val,trainval,scottish_terrier_124,31,2,21,08c66bb6ca948563ef04429b6f4c71add91aab03bb831ac864277ed84410d7a6
val,trainval,scottish_terrier_160,31,2,21,09dc773d03d89801639fe5a9fe724cc09d7570ef7354e02468b09a515c44b7d5
val,trainval,scottish_terrier_164,31,2,21,0a2dff6a7a3bb2ea29fb03ac516d02349d8ee8e2728d5348b1c454555ab20bc9
val,trainval,scottish_terrier_190,31,2,21,0ce921fb6d0dc22dc7e37c7540c6b1bfaba8935a60da30ffe758ab7dcbb886a9
val,trainval,scottish_terrier_168,31,2,21,0f89a21c7d6a1b4a363bbd0e08c762991f35cc264fe426e1b221839d8dffece5
val,trainval,scottish_terrier_139,31,2,21,106f9282aae0e3fc6ade03244707cd044fe47cfc61eb043c2385ed80aa95af50
val,trainval,scottish_terrier_156,31,2,21,11986b9a02beaf5a015ba325ea3dced7ce26f39763c8727d7bdae9e0e6c90819
val,trainval,scottish_terrier_100,31,2,21,1734e216a825b58358c8e19e0eca7003926ec7be40965f2c5de46463422de8c6
val,trainval,scottish_terrier_128,31,2,21,18bbb62c90abbfe0fdec3151b354e19158263241e64b485904552ddea64a44d6
val,trainval,scottish_terrier_181,31,2,21,1c2e734277ad5008a4625fa07cf5dec19c890b4dfbdb098b2b5b0f3f84e0fbb3
val,trainval,scottish_terrier_123,31,2,21,1e40bda4353069c51e02103d09454e66df805f45e153c8b7787b89895aaf76b0
val,trainval,scottish_terrier_111,31,2,21,1fe6656ea46e3570b005731243668c4513d69488636a81dceef3b085e40b9abc
val,trainval,scottish_terrier_118,31,2,21,21c8004e87fd368f211fd29c574a71fc1aa94485e7adb638b930f76cf6fc1ba8
val,trainval,scottish_terrier_146,31,2,21,226f89cdb292566569ba234b581ee675fcb71354c10a2e33da74789144fcf68e
val,trainval,scottish_terrier_186,31,2,21,2997f6126709e2c023b91d22369e29867b303fa3d87922895f79569d8aa7b664
val,trainval,scottish_terrier_161,31,2,21,2d0c4f0c4f2c96eb688337a9fd132dda676cdc8c4925a44600c9e74a84dd8c07
val,trainval,scottish_terrier_125,31,2,21,2de28e3b235ed37b75c579d2e89c1c8bda08ad4212dbc6882b1a9f7b94191acd
val,trainval,scottish_terrier_158,31,2,21,31b17b9cbc5f71d728834cd73457c1336ed3bcdf79326d14d15a6ccf95c1fa72
val,trainval,scottish_terrier_12,31,2,21,36bae9955b926e9318fc62c379b682281b4f4d0b5d4ba521a32621c48ec0d408
val,trainval,scottish_terrier_159,31,2,21,425a6a9a393a6a782b3717badf75c3b550000fdb540fa952b3a77e96c0335a08
val,trainval,scottish_terrier_103,31,2,21,4a23aa6a13a7d2ac2705d735e445834ec1c5b751f632e4b948e5a115da2574e4
val,trainval,scottish_terrier_150,31,2,21,4c437d6e9714641e9b95383cc6f5281e76e40119de59b9eff57f961c30cb20fb
val,trainval,scottish_terrier_169,31,2,21,4df0542171163787e2239c6c18f790f180af68a5f125bfef0673d990180d4ba4
val,trainval,scottish_terrier_134,31,2,21,4e5c057bd677104d7835af8218d7ffc74630cdcdc3b3fe7e238882726880fd60
val,trainval,scottish_terrier_180,31,2,21,53a15d906ef625d5cbbf56950d594992de5827815559c77165f9f8ae91fd9831
val,trainval,scottish_terrier_138,31,2,21,5f4ac63a4032442ffbc87720cb9d3c921d6b6e62962e78906086d115178e4fb1
val,trainval,scottish_terrier_17,31,2,21,6278f6d6ce6138188811400f17866c5b25e5ecc44b2c12f449c9a3d07798b91a
val,trainval,scottish_terrier_130,31,2,21,62db9f4261cd7213f05e0cea0161cffe52ff2dc62fc578db8266930f9d3c6dfb
val,trainval,scottish_terrier_184,31,2,21,64657cfce27b2e7128275ee05826c718a00394a72a5e3d33bbb7ddbe1b13d17b
val,trainval,scottish_terrier_110,31,2,21,6575bf8ea952f9fb9229352635d48c6693ec8d9f78160db44d0c4a388e24d3d7
val,trainval,scottish_terrier_157,31,2,21,675d71394105506064dba2dc9df43d5da7cb5c1c7904b693969a8b621c471d26
val,trainval,scottish_terrier_105,31,2,21,69e1063a6ed47248a461317c45428798473667cd49925e8cede4eaefb791f450
val,trainval,scottish_terrier_162,31,2,21,6ee351395110a4736414bc23b41d7d5d7d03a1b327618aa1a486262b6728f3cd
val,trainval,scottish_terrier_104,31,2,21,782523f82f67e6c2bdb4b1c71e0746011cd7e8a8816bc665d91b4f09f06adb36
val,trainval,scottish_terrier_119,31,2,21,7955cec6107c002264694b52e6e4da06e4fc3053913d731a56cdc424fe8421c3
val,trainval,scottish_terrier_175,31,2,21,7981fe2f2f794b21ff2ad9f71bc098c62902a4b57aad1c02ee8d70b913afc843
val,trainval,scottish_terrier_183,31,2,21,79e85042593ecf679eba9af52c4699ae62ccded3ad2a619b73792aa8d62adabd
val,trainval,scottish_terrier_152,31,2,21,7a14f8471b4bbf0dcc5a90fa1aebe7ad839027687fad6e71abcf60c3c15f6f97
val,trainval,scottish_terrier_171,31,2,21,8549ade7bd27db52113c26a8f8f6ec0569387d95e29ebf7189413b277bd10a84
val,trainval,scottish_terrier_145,31,2,21,86afc141234f686a253bfaff2fcf7ab573608d3e23b4d7f937a94e53f4512c94
val,trainval,scottish_terrier_174,31,2,21,8a21b5c73b9f6e50b6e4b5f1d685c27ac07e06a68813d0667825070cc607c009
val,trainval,scottish_terrier_117,31,2,21,8cb0674c595ecf51ccc7d6fa0b25a12ad98c55af5f5d6b0dac60c1734659fb7d
val,trainval,scottish_terrier_135,31,2,21,8dad317bcffc3a50a0d659d3d6b6c116e7d6fbdc027d763c485bff5a55aa1b46
val,trainval,scottish_terrier_121,31,2,21,8dd29768fda6dd83b9938b10fe3ee14edd6fb6d4b461ffd505e01b9d99415b1d
val,trainval,scottish_terrier_166,31,2,21,8f4877cd658f966289ce9840af521bf8756d0fce5afe9baa06073037689e396c
val,trainval,scottish_terrier_11,31,2,21,92619cf5c9775771d4125060d0669f9e4f39565252252fbc933c34f35edaabcd
val,trainval,shiba_inu_104,32,2,22,047cb9434a163d2255b709791d049d437c71908da45884cc321df81b3cd336be
val,trainval,shiba_inu_129,32,2,22,08a82e8b1b436436f0aa52c069dd222b0a0b42bf56ea0b7c2d98ab6f08e0fa65
val,trainval,shiba_inu_136,32,2,22,0c2f8e2205df08fe6e11c1a4913e60074d9baa4b3cfd8d7e70e9288985cb569a
val,trainval,shiba_inu_143,32,2,22,0c7304cc2b45022bd8c70269eea04a0624ea255bc5909975286094fa7a653fed
val,trainval,shiba_inu_185,32,2,22,10e55a7b1676e28e5f7d9c4b0a5441a8d4e5bdb780e54f02156b727aaa59bd1f
val,trainval,shiba_inu_127,32,2,22,1a81364f9139c4e3a5e64d4d959fa448734d62f2d2f4d6b89f26b9813403d9b3
val,trainval,shiba_inu_161,32,2,22,1b16418750aa0997030a4b3d1b01b358b8f78710f3b2292aa0d6fac02d343cce
val,trainval,shiba_inu_102,32,2,22,1c85cd032e08ca6fa56a64757dcea0d4cc9e903cba1220cf70fa0a27592e1705
val,trainval,shiba_inu_159,32,2,22,1f6acd5134f651cdccd5c4edfb805541845d325b18b447ffbf1e7890cac637a6
val,trainval,shiba_inu_124,32,2,22,21f1469d5546b8fce15589b6bdeba3e0237369cb08b7f71ee515cdad573077a1
val,trainval,shiba_inu_168,32,2,22,249a4276b918c8b6be23f84b3583516474f412dbf65d15637d9d8af5bf140abf
val,trainval,shiba_inu_179,32,2,22,2559cfec5726c8364976de0a00a4f069dfc4ec758b640d44dcc11995cead9f3b
val,trainval,shiba_inu_105,32,2,22,2598d38b10dd6323a75a8e120d32457156d3c9e96e1d34c84f2b0bff9acd3921
val,trainval,shiba_inu_156,32,2,22,2a5a9d4682537d65c0cb5f8513a16b22a6c5129d0d9c246483551889d3b8181b
val,trainval,shiba_inu_173,32,2,22,2b5a7d8c187e13612bb8ad30e7079d1b411f32d6bf85fcbf2e0b657aaa512c02
val,trainval,shiba_inu_192,32,2,22,2be86273d53576940656952a60cb3a31c6cbd6ef0d43193b6782b4f21d2fb233
val,trainval,shiba_inu_141,32,2,22,2d5b7267a74bc2b134e2b25f3d1e94d495d822af57b1d62a1b1cf2f924539e41
val,trainval,shiba_inu_164,32,2,22,32a57b367a9a844665275a279096d4818d960c75ab5fdc694e4285d7e66ce217
val,trainval,shiba_inu_132,32,2,22,331d276641aa056c66d4575b36b299c2ada40a7786830b5ce8bde62f0be61542
val,trainval,shiba_inu_193,32,2,22,393283ed9afc824a4fdc39ad9116cc770133b4c25c31e15f5bef4943923c3677
val,trainval,shiba_inu_191,32,2,22,3970d9720678cfebe9ac30387c0ce7ae747de73df25de55f72cce6cd2c8284bc
val,trainval,shiba_inu_119,32,2,22,39cdcf93ad20885fc2321333c58441320c1b64e84a4a28560b89bd00fc3aae2c
val,trainval,shiba_inu_128,32,2,22,3ef93510f4b00f39b552e90c5b568096ddbdd56bcae6558cdf3af92c3dafca30
val,trainval,shiba_inu_189,32,2,22,414fd1a97efa62a88938e42ecd454d2d212f1bf31082bbea4a66fefd3320bc5b
val,trainval,shiba_inu_195,32,2,22,41fd0ebf2f166902cd6f61b50c6c7d94086fabf78aa2271cf97632da2cdc9fd9
val,trainval,shiba_inu_170,32,2,22,4427c92a53a13f82f6766efc54f87fb42d95573eb78a9a3506bf7526ea8f6222
val,trainval,shiba_inu_190,32,2,22,48fd4a3dabff3248acc188e39507eb8ff246fc6b58973dc434abe569e927fcc2
val,trainval,shiba_inu_100,32,2,22,4a49756dcc5c1deff436bb685748aa20486ed7619faf3190ceb9f19975187aa3
val,trainval,shiba_inu_160,32,2,22,4d5222e19295ad2a172795bbb8a8dadad23e71ec6539c4fee3cd349359c76d1d
val,trainval,shiba_inu_121,32,2,22,5221e8b7bdac5a645d7cefe59afd4cebea021b4b8b3da18c746bcce2a44cacbf
val,trainval,shiba_inu_114,32,2,22,52548e034f93a5fbb90d5a571294b8fcbaf873fb4d50d70a6f738dec601f07ff
val,trainval,shiba_inu_130,32,2,22,53a494029c3648a22d2478ea0144e942e0a59eff0a9ad9ee091626ccd0fdfbdc
val,trainval,shiba_inu_144,32,2,22,54071c8fe0b3ed16b8113b4166fac7dd227e3406d64634e5024d6ac8ad62dffc
val,trainval,shiba_inu_166,32,2,22,542376ee0b5d97c30b28e1ff990f18e7210debe1c379ac60bf5fa0357952e775
val,trainval,shiba_inu_174,32,2,22,5906b8694d4674f0d13e3abc0d13e56e3b2e835382f6d8fb0e107040ca01639c
val,trainval,shiba_inu_111,32,2,22,5929631fcba3c3bf041083c5933de16097e0fdb84bccbe153603a78b3a385e48
val,trainval,shiba_inu_162,32,2,22,5a590323ed65b1b805d212c0df960659b559b9cc38bb12e986ce45b08cd43907
val,trainval,shiba_inu_123,32,2,22,5b8976833f138c5873e2a7069117acd34635c72477f8dd16b3fc2f4319906fc4
val,trainval,shiba_inu_137,32,2,22,5caf1edc96cbba1da7ca4ebad5d3fd28d0b41fbffd9779f460c18ce8308e52de
val,trainval,shiba_inu_186,32,2,22,5d181025bba323115b7d743fc2061d6984574280ab644721a1474c0297c46fe5
val,trainval,shiba_inu_116,32,2,22,600c50639eee5f3acf4bb3dd925181476541ee07f1ccf2bbf0fb6c5467f6cda2
val,trainval,shiba_inu_134,32,2,22,6370a1d6cd2270e57b8243ee1e16e0c0d0adc428911e52f63988c835041c5165
val,trainval,shiba_inu_113,32,2,22,67576af479ef2e1f06bfa12bf5ce83ccf14e34ceb5c4bd47a793bdfa169ed434
val,trainval,shiba_inu_175,32,2,22,69f7e7d1d02f610e8985e4d6dbbca47bf5abf85bb38b22825a5fc018cecf09e0
val,trainval,shiba_inu_158,32,2,22,7072c7d72c5a43f2755bc56570f71f5671f2c2a9e71f2e33ae00f23db39521a0
val,trainval,shiba_inu_171,32,2,22,7d2f6ca47e0e914b342c0564e7d202c2ede6a5debda9e664ed5574c8e213cf95
val,trainval,shiba_inu_157,32,2,22,80e8a622765bfb8410b26d5123a94bbefa4232b40b90e9af9f79da342527dd85
val,trainval,shiba_inu_106,32,2,22,81cad7dde3d129e7f7b03ee20944de384da3fe115749efe9895b727c37383847
val,trainval,shiba_inu_135,32,2,22,82a3ef8a1c4323f83b9ed4652a8e647a73626b2f12e90b7b85a2f9cfcae35b9e
val,trainval,shiba_inu_120,32,2,22,82db92a4dbe64ad5a5affad59b279f610d10a216ff2fbacbd7fff93860f5b242
val,trainval,Siamese_120,33,1,11,00ad95fdcc1971f8847e67c6add951769ec05eeaa03c18d9df79101691c8ffbe
val,trainval,Siamese_18,33,1,11,0181c73c53fe19162c0febd93dcdcb4de855a978e14cb6864a134014e2158705
val,trainval,Siamese_155,33,1,11,0665903191dccbb1dc083b47537c6e831df4abe9bfbf9d1b49a2b51df87d87cf
val,trainval,Siamese_115,33,1,11,0769af0a43d2bd45f474e998b4aca2624ef8427272b4bfe08ef62112b8ba1877
val,trainval,Siamese_191,33,1,11,08638f8bb5f33414155ca4e79156154b40fa8ece16bbe49f5ca508c74267e9f0
val,trainval,Siamese_145,33,1,11,095ce4bbc330e451a8d52bd25845072eb0bce9d0802c2df687f840863f33673d
val,trainval,Siamese_131,33,1,11,0a09ecf4a59f70e862e024d4531d47a2181875c20567e12c9b70391a75245559
val,trainval,Siamese_102,33,1,11,0deba3d9e483ab71eff560f0e88bf63a0ea363ce847ff5342fd94e687c585f16
val,trainval,Siamese_180,33,1,11,102b05a85a0d493276fe029a0d428c0973434b623bafff51e970da824541d8b4
val,trainval,Siamese_206,33,1,11,1134106cbfde4f8580ea9d807d2fb689b2e10d588f7b2cc712f96ec3857b07c9
val,trainval,Siamese_173,33,1,11,1424b19a846ff07b2eb054313bce0b3bc25462c8075da8f14f7c11f8159287ef
val,trainval,Siamese_195,33,1,11,156c55c8c612cb107dadc934fc2ffffb53386cbe44b5e897431d9c6ad39e2a03
val,trainval,Siamese_160,33,1,11,19164ee032b60dc1c579faf47cb079eb1ec5e2811a490b5038da05b0e206db49
val,trainval,Siamese_188,33,1,11,1cc7dac712f56ae8be6ca7ea874ae359b379725498a224b4920f4a72172ba5ff
val,trainval,Siamese_135,33,1,11,1f63de876e03bcb23e42ac0c2fb1edf5b40e9808bdfd5faeb72f21e92dc9e1ac
val,trainval,Siamese_204,33,1,11,1f79b524a616a9d383b9b4cca2e69abfb1d1b7be0a384d37e0873e969316d75f
val,trainval,Siamese_144,33,1,11,237054d9d5fd5e2e63838c0ad06a14c797338269e90b1c51b0d1cc1056e4242f
val,trainval,Siamese_182,33,1,11,250416bb06f7e63441786aa2312d694fbd793bed4e2358c3d05aa6873b559dd4
val,trainval,Siamese_199,33,1,11,31067545bbdfe9dca23126705437dadd4233352602d5b4b0df1dd15b9f5538f4
val,trainval,Siamese_106,33,1,11,31a7db7d423a9d5b30c86b49941b65029405d07724f0fc6081f2cfb8b8ac3af2
val,trainval,Siamese_179,33,1,11,321ad374eeeb293e2dbbda058ce69fc673f5946f23d920e591b80a414c66eb04
val,trainval,Siamese_147,33,1,11,36b053995f30aa03620e2afd7509b71176df4f549b496e51f88c7810efc099d7
val,trainval,Siamese_175,33,1,11,399de1b73205002fa7131ed3e881dff17df60f6f84a5ff2d40a3fa28837bd961
val,trainval,Siamese_149,33,1,11,3af722573bce16c58edb62cf1c2f1db0023cd14623bfc5ab55961e7157b387da
val,trainval,Siamese_187,33,1,11,3d24e24c4cc27700cf96ca5d1aebba01663285ef9fe21a19c423bac7e0723152
val,trainval,Siamese_150,33,1,11,3f892a64aaa2f6b9d3dfa726ddb27f65492efa6d146a0fd1a7be4514e0b8f9ac
val,trainval,Siamese_156,33,1,11,40fb9e2856f4fb4c9725f70adc831319e3d64b81ee17f787f7de8fde98db3741
val,trainval,Siamese_138,33,1,11,41f51690809ee473ec7a6bdbdd2bc23f2d83be130433190d89aa9f847123513b
val,trainval,Siamese_165,33,1,11,46a6b92ec7459cc2fd257cc811133e40b4498b41cded3d0e305c57b080dc13c4
val,trainval,Siamese_196,33,1,11,48f41375573a32afa2d3d2c63676c24cfc1b01f02d7ef06e02f44709f71ae32b
val,trainval,Siamese_186,33,1,11,4a2c050a75b357be713786ab6d76571c0a4e5bf8500c2847208cd7de7e014227
val,trainval,Siamese_100,33,1,11,504764accb7f87c877f1b66b753b293eede22b9a739a4b7d93f220aec5f5167c
val,trainval,Siamese_162,33,1,11,529a89097e2cb63a2b30dc011aa2728462666a28fee6c751d6435156adb008b9
val,trainval,Siamese_103,33,1,11,52cc190376fd34d0cff6dee0ce8cd019698c1b9e251e10185c1ee150527d9a72
val,trainval,Siamese_14,33,1,11,5ddc30ca777112baca82c05ac5579b23065b92c83450f4a070ac42cdb0fe76ea
val,trainval,Siamese_108,33,1,11,5debfb2fc728be87098ff523f50b3bfa88e2b6ea9c2358807ed8f3024c95c1bd
val,trainval,Siamese_184,33,1,11,5f6791ebd5e48e919f72826c6c11bb362be8ee8b5d52ee4ac217fe75fdc654ff
val,trainval,Siamese_168,33,1,11,60ec39809fdd06611e9718b45f78270c789b0f8f44a24873a3987425cbb356ad
val,trainval,Siamese_19,33,1,11,615a381d474bc40c5660e7b22017f059f9f56516eacaa6f8f3e7ae73b647c3df
val,trainval,Siamese_174,33,1,11,63a4b3d3353c3f2506276f0685fbfdc384094bb83f1580dcca0f5d2a209e9c9f
val,trainval,Siamese_164,33,1,11,68dd8937be808b882b0dc6a8bc377df8137df6ee7b1c111a6ea865b896ed1198
val,trainval,Siamese_170,33,1,11,69cecaa4ff9f594f86eda891c425e67365c1ae306a70a9e2c2ff290dfb68b1b6
val,trainval,Siamese_142,33,1,11,6b014177c463131c42fb1096b5196f79ebdea7213326056ea6881fe7be3e7a79
val,trainval,Siamese_133,33,1,11,6bca82358b5070b23ae1ec79c9b2f2421758a53d31ceb5dde61b098beb8791e5
val,trainval,Siamese_153,33,1,11,6d1d9bba537332f21cc90ec0b338fee19098960ae0a1c801fd0eaa45dc1561ff
val,trainval,Siamese_152,33,1,11,6d61af6c4df06c16a3e001245aecec531bd6efc294e82952761ddc4b6a9dee91
val,trainval,Siamese_207,33,1,11,711757f69e07d32a8dd2cdf4d8c4c5f4b21a299feb0bb7ac50e3b06e627fa709
val,trainval,Siamese_111,33,1,11,7429699c903b1159f30a447c529014581a63bbbdd0b4e13e4d39077d2dca4ad6
val,trainval,Siamese_114,33,1,11,74376a2e83f34eadbc111eb4e3cbd64256cf6301d78c3cb3682d66b87a902e09
val,trainval,Siamese_167,33,1,11,77dfc8977a2d3652ffd141266f1865def4753e815439133fa813c3ed3d9e2171
val,trainval,Sphynx_150,34,1,12,030347c6925eb2f292874082db7c7542b6818ac84a2b78e3cabf1183f1b9704f
val,trainval,Sphynx_138,34,1,12,044c79b879c61397c77f18b3e109f9a8225dbfcede9f455288f8e77f1b0589ba
val,trainval,Sphynx_169,34,1,12,07807c750d6ea38f8b90b3962bb38ad362a50df04c2f6793884414492fa25e5d
val,trainval,Sphynx_131,34,1,12,0d172f5adf63f523c5a3ede8efda5d7cd92e06033c22367a5b6aaed687bd4d61
val,trainval,Sphynx_121,34,1,12,1754ff925bba1e38be8612ddf3eb65d49023bde981aff993181090e56bb41808
val,trainval,Sphynx_202,34,1,12,19b196a3a3b83ae627077005f26b06eb8972b4471290b187e70086d159a1ea59
val,trainval,Sphynx_141,34,1,12,1b5e4d0fc7932e75390a748168d7eaad735649c379eea7b102927ca9c6c23dff
val,trainval,Sphynx_170,34,1,12,1dea719b03eb5d2d71b573e6ceddcdbbcb4d5d383bc73ca778c68cf56f20a0bd
val,trainval,Sphynx_182,34,1,12,1fbe62504e21f108a94535b05208f04d44064eba824e5f2f8ab79bf2f3610704
val,trainval,Sphynx_206,34,1,12,273d364a8df09ee196e6f5f6b803c174ef994bdb7f02b6b2b7550b0a36fa14c3
val,trainval,Sphynx_167,34,1,12,2dea621da74d4f3232aa9d0cf69e0282bb843e533866c7122008562770240498
val,trainval,Sphynx_175,34,1,12,3054e66ae9140c86bdd829c26055a27ed2b0ddbb84e9189b2fca7c1cc3278d76
val,trainval,Sphynx_105,34,1,12,30ec98ae3f2d9b25a2fa049bde8c222468831d3edd8e82a7871c3f1c73751406
val,trainval,Sphynx_107,34,1,12,316875e291ec804f90edd85e29f9985e3946da68267956a0228009e13f7b7877
val,trainval,Sphynx_187,34,1,12,3a7c0a358731236ea36507cc7e28f2d5422f8275ec078d363cf846d7b957fdd8
val,trainval,Sphynx_177,34,1,12,3abbe1df053c56cc221ad7606d1fae47b3d82eb5b98a922ff145b3eeff4d504b
val,trainval,Sphynx_130,34,1,12,3cf6493cc8a6fe223f74280bf3999a7e9471de42b164ed178b909c5458397943
val,trainval,Sphynx_184,34,1,12,3e810489112686e7613a004e6d3ba930c90f961e8efef99f4dd3bdf7128d7ea2
val,trainval,Sphynx_19,34,1,12,415e73f9bc7226e0a59a6879e3286359bc2f29583c92321df0ebe2707523e61a
val,trainval,Sphynx_194,34,1,12,438623abf504ef5a50f498afb4c017feda2bc90a0a75711f458c3bba1b0d354a
val,trainval,Sphynx_171,34,1,12,43e7e40a586e064e3e9f2552f18b2caa41a0e93570936c61cadcd64d6987e8c1
val,trainval,Sphynx_204,34,1,12,477ab56d122922410f229586504228c54cb72580a0803626625383b7c50cfbbc
val,trainval,Sphynx_155,34,1,12,480fd3d18f3cd791b0643714417472358a7dfc126640fd99b127a6fbbe85bc5a
val,trainval,Sphynx_199,34,1,12,4930d69f90fad1562c124351f14f43c776595f16423be190d63c6f6edd35fd29
val,trainval,Sphynx_110,34,1,12,4bfa3458d4f3ba131d684d33015d6158685f7f99b560d3be1abe0e3e51645c70
val,trainval,Sphynx_116,34,1,12,5e425275179c3ff3cb08f35cfae0a8894fdef863201b05349f433e66ebfa9402
val,trainval,Sphynx_180,34,1,12,60cf60beedf8510d9a158d07fe5a1d4ee232980fa4bff4e475b18917f76efe1c
val,trainval,Sphynx_190,34,1,12,6384fa341315f320b98ee4085d7fddfeb5c33ca2513a66e0c33b4ab56f92c79b
val,trainval,Sphynx_176,34,1,12,65cb99c7ed4e98f08282210bf1ae692bf3fe8d3c16ce2d4467da1502f2b61016
val,trainval,Sphynx_152,34,1,12,66cb8f011790832da8aba08cab49f102a71b40aa5b09e0466f7af2283a60ad0a
val,trainval,Sphynx_115,34,1,12,6a067e525801da1d7cd6eae059726adb7a726f709c64698e9929f9ac44e4815f
val,trainval,Sphynx_186,34,1,12,6a504b9e445c42e1cbb0003fd6cb5da04f1bf2c4b7dbcc14e732bedf6c059ce5
val,trainval,Sphynx_133,34,1,12,6a7f4218ee0ef93f0b46aac0fd9878d05de690611dba3d7faf88a4d037973516
val,trainval,Sphynx_128,34,1,12,6b6e9db2a6ab4970343c83b6b1ff34303e016b734de03ff6414f18d1196b4bbf
val,trainval,Sphynx_125,34,1,12,7182042bec3fb7710515dd6b4ca05998a3db131eb0822eb76f38d9b81fc07448
val,trainval,Sphynx_172,34,1,12,727c9b586104ae3f24bea258b5963a515a7f50848c851d284b0505ee471fd2ee
val,trainval,Sphynx_168,34,1,12,72cff133006a712a4d7ca93c2ce849f08ff08a0f18bd6cb5b26e4d1c8ca98faf
val,trainval,Sphynx_126,34,1,12,76187a580a49375a50e380f0fe98630230ad26a8a7aeb12cabaf78cb9d833996
val,trainval,Sphynx_201,34,1,12,78050cd99c58e6bf3a24e5846cff47bacc91acf5efac0d3fd44281357b9e6715
val,trainval,Sphynx_183,34,1,12,7bfcdcdf627c5876cea588dce736aebe26f2d440a953fca26295798fc0b0523b
val,trainval,Sphynx_162,34,1,12,7cef768bfe776f8889af4ce38b21cf909dbf18ef977f5b47731de83b653d07b8
val,trainval,Sphynx_148,34,1,12,7d26f22c84a62a82f1ce9293f775872ebb04694c1bb290d05680164851d8ae91
val,trainval,Sphynx_146,34,1,12,7f0c14a5a8d1fb7ab46f964b0802be60d357bd2534786ffcc99c91df94898aa3
val,trainval,Sphynx_165,34,1,12,7f436c361b8b2daa7c57758d2581dbe6edea19f7e8eb38657c2f24d9c9c0427f
val,trainval,Sphynx_103,34,1,12,855d09b34c2594fddbfff28f0f2945a966fe8886057a5041242985ea0db6bdde
val,trainval,Sphynx_188,34,1,12,89e6f47a5bea40e951510a3a819ec2ed99a17ebf015f23e451f6456ab5e51651
val,trainval,Sphynx_102,34,1,12,8ec85b43929d62778cb4e7b5e9810262227340943fa68682ab2ab2af1010f5b5
val,trainval,Sphynx_189,34,1,12,8f66b5c101715c8aadc761c2cb736d509b589cae44fc9ea80bddedb4de73607f
val,trainval,Sphynx_124,34,1,12,9357d2923b0c3eae865ea6ac7b0eb68e111add8bb83c92b14d1f8dddd49edb3d
val,trainval,Sphynx_117,34,1,12,93c1e2a94dc83e446688503f99ac5dbf836f31f05705737edb2b3485b77af625
val,trainval,staffordshire_bull_terrier_106,35,2,23,01cd3a2f2eb1538e1faa9756f07dac0efb279c51a75d5d4ff51bda7edc493c2d
val,trainval,staffordshire_bull_terrier_122,35,2,23,0301dbf3e0d10d4deaea9552ed8400bac67053e2fc4a3f69480b35bba82d637a
val,trainval,staffordshire_bull_terrier_199,35,2,23,04023d92720cf60391b98a2a52633db90136c2dcb264775f8f3a0f5b4198d624
val,trainval,staffordshire_bull_terrier_156,35,2,23,0606a58fb1d1e90eb31c4ec9e9400a422b4c5d06f7a13963637aa4cc6724da93
val,trainval,staffordshire_bull_terrier_158,35,2,23,07e572b08ae4e07f5ccf8e1ac093fe99b04800d537131645726a3631dfad4b36
val,trainval,staffordshire_bull_terrier_10,35,2,23,090bc064b5661d97bd47e4f79c7d8ee92a2915a892857718839ba5082c15a606
val,trainval,staffordshire_bull_terrier_149,35,2,23,0fd9de08e28b9340fcadfc91f3783e4dfe5a817e979aa99a5d721a4a46c1110c
val,trainval,staffordshire_bull_terrier_135,35,2,23,123b9bd9d4fdf970a60118efab663bcc75d8210ea23b3eb0f8808f233d72b8ac
val,trainval,staffordshire_bull_terrier_183,35,2,23,17230d9705ecdaf7f3087168467a0af1292ecbc0747b7c3566fd1f79e6b3d975
val,trainval,staffordshire_bull_terrier_179,35,2,23,18738859a82148cc0418bfbbf7c0e95ee663743c8814bfc5d497ffade8415c85
val,trainval,staffordshire_bull_terrier_186,35,2,23,18d6b9bf4d47e4153cd1b38c92bbdbd6d0db66c461f7291d9e498e59302d1bb6
val,trainval,staffordshire_bull_terrier_174,35,2,23,1c8f8f4d092b23b82158ffe6c66c065e4a17bb67fb3dfc314d69673e22c51c0a
val,trainval,staffordshire_bull_terrier_136,35,2,23,1eb6adb2cf77aed3213abaddac9c73ebf91b01ed50cec9f5f43c1c46e8b4c989
val,trainval,staffordshire_bull_terrier_134,35,2,23,247cdf7099ec2319d42fc9f9e15e27130e6dd034f26fda3b9ae8fb0f3734fa30
val,trainval,staffordshire_bull_terrier_189,35,2,23,2639ed5621b5f8489166efaef6e7f5d2e39e68264c840278286c4ea052b48735
val,trainval,staffordshire_bull_terrier_145,35,2,23,27c96231798b0f7d041c32dd788d9eccbdf4f37a4a0be9bf37d1faa225bb5dbd
val,trainval,staffordshire_bull_terrier_107,35,2,23,27f1353125ea76698338b6a9f872ccb1dfa8e146aa86f82e222603e02aca71c8
val,trainval,staffordshire_bull_terrier_111,35,2,23,2c51b0d7fdc8fcad095bcb782156856f8258a875e3d96190fc874c063b5b87a0
val,trainval,staffordshire_bull_terrier_115,35,2,23,2cdd825dec9bc10c8118484c27293e1d05563b5b97be2f2df4c3577f93e4ed70
val,trainval,staffordshire_bull_terrier_176,35,2,23,313f08aebb0244ab21cef44efb891aab129e8deb82b78d7a463b587a2d72e4a1
val,trainval,staffordshire_bull_terrier_124,35,2,23,38b8d3a427c9724b455bb625c46a1edb637071bb240ca751612e5a3e525c4dde
val,trainval,staffordshire_bull_terrier_127,35,2,23,410f6cfc305540a31f89641016464ab9154c4f01b2929c786097a132be77e268
val,trainval,staffordshire_bull_terrier_198,35,2,23,42a93ffdc112b4af7d4fae141d1c85b949f7e063d1598a71c131419a74bed5aa
val,trainval,staffordshire_bull_terrier_17,35,2,23,44c8f6954ce4e214c6ea88a5e0e36d2204ee15ac688a6cf5aa352014efc7e588
val,trainval,staffordshire_bull_terrier_184,35,2,23,489040e6cc0b12964c03a4599e2fc294f3cb643dc77b416aa4146cf5308eb482
val,trainval,staffordshire_bull_terrier_133,35,2,23,4a566fd62871ecbe58286450e772206ba3f933289a798a70eb87f3d475dd37bc
val,trainval,staffordshire_bull_terrier_139,35,2,23,4aba217f6faba69c50cdbc154efdae7765d349b43d077a92f8a68e3daf3ef01e
val,trainval,staffordshire_bull_terrier_18,35,2,23,4f051b8c54d0acb131d8f871b2614ceb6adef4252720be42d682151a7626ae41
val,trainval,staffordshire_bull_terrier_192,35,2,23,4f7024e1feb367401ad2dacfaa532e3ae6a63ff8396928e8f4b75c75f52dd70b
val,trainval,staffordshire_bull_terrier_147,35,2,23,50fde6983baed0c440341ae3a174c022a0fc29e4c7d1167b64a8dac7df3d7f8f
val,trainval,staffordshire_bull_terrier_163,35,2,23,52615395aa9a2b3bf22708a34e95f80c29224ea7b9335c2fa6404c61e8e39fec
val,trainval,staffordshire_bull_terrier_175,35,2,23,5357a558d83f4e7f37344cb508661dbeea18be041bfc6366f8aeee6faf6b7739
val,trainval,staffordshire_bull_terrier_103,35,2,23,5590c656279edb991dce53a151cf383c111cd14e1d3ac1d5523e20bfbb57c708
val,trainval,staffordshire_bull_terrier_104,35,2,23,579b27895ffb077b43a2f923996e93bd0d873fd21e33901cd13483d61f9d761f
val,trainval,staffordshire_bull_terrier_180,35,2,23,58ced581462fa6e651cce325468acbe815044b07c3b655a8cd731c481ba39eb3
val,trainval,staffordshire_bull_terrier_131,35,2,23,5b8cc6964705bbce429f8e0c739a2234ebb886f69b0cc0ca1f0011934d9d3841
val,trainval,staffordshire_bull_terrier_109,35,2,23,5dc3c123caf9d54ff682211e8a66e99940d789b8cdfbf19ff280e152c5321361
val,trainval,staffordshire_bull_terrier_196,35,2,23,6252fda026a3582ed776482fa260df8c60e970742c21920f3cfcbae9b756ed2e
val,trainval,staffordshire_bull_terrier_154,35,2,23,6338a9043be9a64f15e396f42f6362d2ab5b4a70faf66d2ae63fb125817006eb
val,trainval,staffordshire_bull_terrier_140,35,2,23,68577eb1acef2ff0630d71d3a99262552ee9935af44eb1617299617100e253c2
val,trainval,staffordshire_bull_terrier_19,35,2,23,6ff7cb84083ae9264b45fc65df0da2615b2f477f7ebfe6cde143b41b607381f3
val,trainval,staffordshire_bull_terrier_137,35,2,23,7188de6e4eacdc7c96109df9828786f056063b1e82051ce6e336593443382c46
val,trainval,staffordshire_bull_terrier_170,35,2,23,74df05f2565f054d685da93fa7f0d673f7c15a72fb5ed33402d6fb47c6017c68
val,trainval,staffordshire_bull_terrier_177,35,2,23,774cba9b1447190f4f49448c2525b71cee923af3120395215c66fc0e32697d2d
val,trainval,staffordshire_bull_terrier_11,35,2,23,78a5e0a6970361581a0aa72f49591454ff764b050ae8f627f5b1693a954cc4ae
val,trainval,staffordshire_bull_terrier_172,35,2,23,7952be5681d47c6ed609e3460b84b4541996687414c37be79f0e1b7eb87af566
val,trainval,staffordshire_bull_terrier_165,35,2,23,799b78a11847141394e43099dd40afbcfb01dad34c196204e95161e32d43e765
val,trainval,staffordshire_bull_terrier_144,35,2,23,7cc22001e5439b6b62a667f501eb9f5f1385a0dc4912e0d7caf72daefaff7eb3
val,trainval,staffordshire_bull_terrier_112,35,2,23,839ebe1fbd9983ec81d5a6bbab8fac1d0b243596f972e93d36154b3dc2587014
val,trainval,staffordshire_bull_terrier_191,35,2,23,83ada2da76f4ee6e199ab9cf4c905c085c062d51e12377977f5908c1d5579cc2
val,trainval,wheaten_terrier_188,36,2,24,036e07c6ee9c4b708a4e98dc7f0b160602a08e7f7d64148d7a53286b36cca3a7
val,trainval,wheaten_terrier_144,36,2,24,05d7ae12938353eeaa378283e8f16c5bf5078b5524ac2b4208f8c1b96bb2a07b
val,trainval,wheaten_terrier_176,36,2,24,08c4458d33a178b99bc90174ea6354f3e20740450c7e42e980e70c51c74d0785
val,trainval,wheaten_terrier_128,36,2,24,0df4c56161f07c381058014e62e5bb6525661368df8eb97b791709ba525136c3
val,trainval,wheaten_terrier_148,36,2,24,107da15b5d708b18bee665c2e7d21174090f45582ae6459a6c143453935ca222
val,trainval,wheaten_terrier_100,36,2,24,19cec791bd1fc0f7745368cf9fda5b94ddd44283e619d34bbf22e91b06e5528f
val,trainval,wheaten_terrier_164,36,2,24,23112b99be31d9475351d8d09c863122ccc0fc86586c92c8aa5e524ede979b34
val,trainval,wheaten_terrier_149,36,2,24,24a10e5866d6fe61ced34c7a3a2d3fb1dca40d6f457cf648a56e15a4359b6149
val,trainval,wheaten_terrier_138,36,2,24,260fd323f65ce4d338cd8faa02c1625ab36463165eb85a78bc073ae6c6fc88f0
val,trainval,wheaten_terrier_112,36,2,24,282d13fb2dfb1e630f793221bb4404afecaa55d67a7e0662c58d4565d75ba3db
val,trainval,wheaten_terrier_114,36,2,24,2af948ed228b303037016f4ac88b309d7aa84086c08fe0dc2fadb24f64e68050
val,trainval,wheaten_terrier_179,36,2,24,2e61f451c6a9c23b868b8816e81e998835ae4bb2f980d921f4679280951dfe17
val,trainval,wheaten_terrier_109,36,2,24,30cd90d00760b06fe8eed5a671b6e3c8ea73f444f01ffa250ae46ccfea638d85
val,trainval,wheaten_terrier_134,36,2,24,3260de4bba261f9354e0146bfdd47785564e7c1df0540e3e280b17965e4afcc2
val,trainval,wheaten_terrier_118,36,2,24,36eceb6aaeee774ae13b612ee2690b9388c19a3bddbaa497340ce77b2e47758c
val,trainval,wheaten_terrier_18,36,2,24,3bf624084350fae800746f8768c8482b833fdc2bab34d64691c2012124c712f0
val,trainval,wheaten_terrier_17,36,2,24,3fa88de3bdf4e185a4918df5471a76353c50e08153759fda4d6dd005be5871cc
val,trainval,wheaten_terrier_13,36,2,24,43779212332acfeae9880249015f28086d7827d8da488ce2fe17fb941c9a2675
val,trainval,wheaten_terrier_142,36,2,24,4714293692b0efcd8b92eb5a84099f02d1500fe7d27d007a0efaf6939d1a029c
val,trainval,wheaten_terrier_121,36,2,24,479d3fdf40b900869cd18b8ffaa84d37e0842d131754dbbd9c474e4e7733cf0e
val,trainval,wheaten_terrier_14,36,2,24,4aaf1ca3c099f38bcdb7c0760e8f691f3c1282ce96cb9517947c647046dc44a4
val,trainval,wheaten_terrier_169,36,2,24,4ad6503d34313343459139ca4746535d9ff07eafc725011339ed8f30b810cceb
val,trainval,wheaten_terrier_115,36,2,24,4d3ccf5ac08603a047669f0272c5be4da5f1452daca68d2dfeaa95300117106c
val,trainval,wheaten_terrier_129,36,2,24,4dcb1e44eb0efcf47a41c93ea002cc67c7fb9562f97d7ae4f3b1aee468d87916
val,trainval,wheaten_terrier_10,36,2,24,4e4044aa159ca4ce45a30fa943ab7ca8de06392a7a7ab3a5e07e38a1edc13227
val,trainval,wheaten_terrier_166,36,2,24,519a3c4c813eedb5027df20caf986c29603670a9ab32c6ad34d2bbca9a32d260
val,trainval,wheaten_terrier_183,36,2,24,51a4a96a3c4a0589d23c7b27210233cf41678cef27d526a492770582d56fbd6f
val,trainval,wheaten_terrier_170,36,2,24,557f29c01d39f239ff34ce9ec133261c822a3e56904948b71f7e44e018d666bb
val,trainval,wheaten_terrier_150,36,2,24,5ce13aa4711a2c30b6752a835089583f44ac58fcdee0d2b93c7c1baa56d9bb26
val,trainval,wheaten_terrier_123,36,2,24,5e0eb290fc9eb533d36b8beff91334f7086318902b837ab0d0ac5d135bf94ca6
val,trainval,wheaten_terrier_140,36,2,24,5ed9e9d3fd26a36128b2d51da0c359e1813b58c278416002bf16a9e77b6fa644
val,trainval,wheaten_terrier_177,36,2,24,60bb15ea1f2eaf2c1be28ea3c8b3d8980811c33857bad4ba29a164bf5f0a3b7c
val,trainval,wheaten_terrier_158,36,2,24,615f9307798e7ccecba88d9a9664faf07eb0e328d7a0c6a613250a2d4a8fa8ab
val,trainval,wheaten_terrier_146,36,2,24,62f858ced1b405a68b22db9832a0d906fb020252f8c74812d705b9aeb7847b77
val,trainval,wheaten_terrier_153,36,2,24,6377eb486e6ba61c848978798eed6f1260f45146d49001e98f1e82a04f923389
val,trainval,wheaten_terrier_186,36,2,24,663982491dcfd6813c23dcaa65d3197e83187ec48da0737b7b5619377d98880b
val,trainval,wheaten_terrier_127,36,2,24,67a1f7318c61e323a5f3d7f4f59af623ddf47867d28886206b075ca6741bf082
val,trainval,wheaten_terrier_171,36,2,24,6ad55e6de6599f85d2fa90a62ebc6d15f924e45f3b795cba6a64d2772069bc2e
val,trainval,wheaten_terrier_110,36,2,24,6b23fdb4c09197994081e7f9f0d038785bd8608568e9327ec1fa51dcf2f3897a
val,trainval,wheaten_terrier_116,36,2,24,6d31b4a817dd4dceb0524f81acd4b205f04a2f3904c40f6996a1521ea3ddf8ce
val,trainval,wheaten_terrier_107,36,2,24,6eb316e7eead43933767a78410d8bce8e1cd35673853b9ebf63b3cc0aa0e26c0
val,trainval,wheaten_terrier_155,36,2,24,7063b97def36c0c05a87e858954334a1c0cf7f5e070c2cad1a1a0d7928ae1e7a
val,trainval,wheaten_terrier_137,36,2,24,72ad32719a0f5a08998336319fe98a918594af04f418f565ddce60985ba2da82
val,trainval,wheaten_terrier_16,36,2,24,73b1602e57dcf5d823f4acd48dde33c54894b370a70c6f6607e7f7a76cddc335
val,trainval,wheaten_terrier_105,36,2,24,7b1e09cdc026676a58f34491d9feedcf1cf12cc5526027ca66b89fa37c4486e3
val,trainval,wheaten_terrier_15,36,2,24,7b8de8a310eb7eccc047343c5a502a2c348fc2b06fbaacd39d1bad6718d57a6e
val,trainval,wheaten_terrier_119,36,2,24,7f2d3f954ebd8cf37fb3488104a1c971ec90e07a970a6f5faa6b252c93aa30be
val,trainval,wheaten_terrier_101,36,2,24,807948424b5343f0464019e55fe34b8850d5c22f0b127bc11b2d48313d78413f
val,trainval,wheaten_terrier_104,36,2,24,810fcf5544b86120f1b4bbfdb69a4925ed63034db568a26176d3db2c93640c7f
val,trainval,wheaten_terrier_185,36,2,24,851ddfe8729b709d975f84a4b89f5528ba544aa23547bb2fb03804eacc883fd7
val,trainval,yorkshire_terrier_167,37,2,25,02484319fbdc75a9a9fc09c4dda3ea87e33321a615ddb60a80d3509ad02e5bff
val,trainval,yorkshire_terrier_157,37,2,25,029a0056a9bdd8e3d1bbed03b280a571f6e801144c1e24d680b447b231c82b7f
val,trainval,yorkshire_terrier_175,37,2,25,02a81b889e096c3bb4cf600b42de01148face67945af9faa963c40a27993c1eb
val,trainval,yorkshire_terrier_168,37,2,25,03f0c28ff6d4b1f0a851646387f177a418ff6defeb869589460b0dc57a753454
val,trainval,yorkshire_terrier_117,37,2,25,0baa6de11180bb9cf29764dad307808c46e87b4a88cb3bdc5f577d2402ff8fea
val,trainval,yorkshire_terrier_128,37,2,25,0cd8cdfa4da5771cfbf99d409086c3f7e7294118bba9d82a2c0716434c3a000b
val,trainval,yorkshire_terrier_153,37,2,25,0cdfb260cdcd6a97907ab78f77a294d36166ee81e0f3c99990db9f7afd0b7747
val,trainval,yorkshire_terrier_113,37,2,25,147e32ad5c6c970a1967d499a190adfeb740c744b5e0106959ecd5912ca1e587
val,trainval,yorkshire_terrier_140,37,2,25,14f8539a7ffc8e395791757469b9f4b0ea878d358842b17a9675a4e1bca34a0e
val,trainval,yorkshire_terrier_181,37,2,25,181062e79ae993863ba54f25be9857eacfdb5a5832d8bb0bf8ba9af6d75cf88b
val,trainval,yorkshire_terrier_16,37,2,25,195b4b635f8d03085434ba1f6d38b037b6178ace25fa3417f659c274de708b2f
val,trainval,yorkshire_terrier_139,37,2,25,1a94b1c9e37ed55edad4b614c05eddc767ce44528fe13c3b09420bc73100ff8c
val,trainval,yorkshire_terrier_119,37,2,25,1efa376b40b192704ea0052b719dd16e0e5610b60c3cce3b1f7da7b23dbf8dda
val,trainval,yorkshire_terrier_100,37,2,25,2d54d34463f79b953e9cb16a538edd8eeeb1025367db17f7f7ebb9693f3d8aeb
val,trainval,yorkshire_terrier_147,37,2,25,2e0617d6360d64efba6e77f44ce180e81ee1fc7478ecfd076826f4ba1ee77631
val,trainval,yorkshire_terrier_148,37,2,25,2ecaaf023da428953496e9e4ba04d07828b857dee4488181ba2fc61a09d0aaaa
val,trainval,yorkshire_terrier_111,37,2,25,2efc554b16f34748d940dcffd9035d444b9f81e9b1f17ff3fe3efdb6421990a7
val,trainval,yorkshire_terrier_154,37,2,25,2fa442e3aca17bc17b316923a02e0ed642ea3b7aa241aca28ceede14b000bd63
val,trainval,yorkshire_terrier_105,37,2,25,2ff55780f4986cea8d96c5a94350a2950128e043f86ae4d95e5531715fa68bb8
val,trainval,yorkshire_terrier_136,37,2,25,301206d7551fc4b5f055c1f3375c7ef83833f7af391328a7f853728014c364e5
val,trainval,yorkshire_terrier_130,37,2,25,31cb7279c490e055a449b2a0802003b8bfece062d1f33e66d7048dc078901bca
val,trainval,yorkshire_terrier_174,37,2,25,3215b6374ca2465cfbba9b9d79e4ea9630b0c0635edd22db035f969cb94716da
val,trainval,yorkshire_terrier_101,37,2,25,359d25437e0689f888d2449f14efa41028c103a63cc0366d1f78beaf800e7b20
val,trainval,yorkshire_terrier_138,37,2,25,36bf1f68ad3db0f55d43d32179f3702c762f6d96136f407193382abef789cd26
val,trainval,yorkshire_terrier_143,37,2,25,374837edba872683de5f9db6034a3b54c45ea6657cceb78ea6f3bb51b22d43dd
val,trainval,yorkshire_terrier_15,37,2,25,38072bdc0c1c66fa8b038d927005c8e6ad3ba43a0e6d67e887bb0504f96c9eed
val,trainval,yorkshire_terrier_106,37,2,25,397e464da9193f401a154fdc0778f5e4d718bf0977b4ca6719e4dfa0b1dd3522
val,trainval,yorkshire_terrier_160,37,2,25,39a9e47d2849c09101ca3975643e7b63ee4b1ea2fbc60e5fcdbe5bdce2677728
val,trainval,yorkshire_terrier_144,37,2,25,3a0fd17e2e504e708b1109e29bd4eb20ea7f4fd4837aa9db4781f79a3f948fe7
val,trainval,yorkshire_terrier_170,37,2,25,3b63f7ce0e2a0d9079664c7d51dff05fb3613cf002292dc13c151bd3f6926475
val,trainval,yorkshire_terrier_188,37,2,25,3e1512c92de197a7a3f03eb25c485baa2939324f35c220a696d98fec7d93d83e
val,trainval,yorkshire_terrier_104,37,2,25,3e37d96caf331e5197f3fc25e2c1d0d14665f0d5c67f95730d072aa78c36c11e
val,trainval,yorkshire_terrier_185,37,2,25,3fceffbbcd551d7ff6a08ad5769cb3f08c9c52b34bb0148f3bbcb505260955bb
val,trainval,yorkshire_terrier_107,37,2,25,3fed9366cc0d65fdacffb120f51efb8aa2e8e2fd55f70230f5146f29f338b6df
val,trainval,yorkshire_terrier_158,37,2,25,4065608c377f9e1489f76b7c431b2b60bd0457c8b70f8880b9ee7a92ed667c2a
val,trainval,yorkshire_terrier_126,37,2,25,408796dcaa9e29f005951c3deed2a5bd2731577c378666b967d584dc39fe7bb5
val,trainval,yorkshire_terrier_12,37,2,25,4381b8a24a8fe8bce88b86f05f19c45c66d9939607fc4511b26a4f04e91b93fe
val,trainval,yorkshire_terrier_127,37,2,25,4a47064f7fcbcec4cae492a4174435aaa6c815b408404bc60046a62b19eb7a46
val,trainval,yorkshire_terrier_142,37,2,25,4b343d30561409338f3b275c08cf97342efd7071fbad14c667af8dd33b1439b1
val,trainval,yorkshire_terrier_189,37,2,25,50710609dd8076b02d955fe71f850da802e6a9e8c3bff84d3d23af8d8dacb4e8
val,trainval,yorkshire_terrier_108,37,2,25,575c1fe7621b7f8f32ec2143846ffaa0682e502abeb5e6c0b61964c66b7448b6
val,trainval,yorkshire_terrier_177,37,2,25,5c40d674efaa44b2ac04a84a954c927c497ac27de80e57771fb5ee465b987669
val,trainval,yorkshire_terrier_165,37,2,25,5d9a3113337188129e3fe5bc8780e2a0c240a3f26508d8d3d7c88381940004fd
val,trainval,yorkshire_terrier_112,37,2,25,5f5540fc06ed5005a2084450006d7209449a484d4593701a3d85f80ba29e738c
val,trainval,yorkshire_terrier_134,37,2,25,5fd3ff9a715c56d91d64666210c21af3eebcb33064b43fd7eb694b9d2b21bd26
val,trainval,yorkshire_terrier_17,37,2,25,64a006c6d949f5aedd66bc88272628771cfd2c91ee67298d2f6787cab35fd43d
val,trainval,yorkshire_terrier_172,37,2,25,6798b8ce07c4109e0f981a827e3e8e9acf811c22d60dec99974b6b00e5e0fe94
val,trainval,yorkshire_terrier_137,37,2,25,67c964c276e28be9d48317c92a6637c7dc211400c2b95d05972ee2af59eae38a
val,trainval,yorkshire_terrier_176,37,2,25,6e81b35b7f08a9cf07a78e7db1f9cebd08c0dd90973445f9286f032bec8df924
val,trainval,yorkshire_terrier_102,37,2,25,708aa4cdde0e2351283274bb8228d5ece24956996f11953c95c406ea03511ae8
test,test,Abyssinian_63,1,1,1,0749052c25d50d6fbb3b22b54ce70aa3af10728078ce8b01fedb6bdaaf0a61d3
test,test,Abyssinian_67,1,1,1,08f3e3cbecbf8cd5fcb06f020e2d764c050e7427d61cca781ce431e7816ce11e
test,test,Abyssinian_226,1,1,1,117bcdf82f4ba99c371ed1ea318a7804c15325cba479301b49c4e0db4721222a
test,test,Abyssinian_232,1,1,1,16931379ee0628d5a713a1cc84e44e408b8042fb86c10ca77f20737bf1a4dda2
test,test,Abyssinian_30,1,1,1,176e8f3664cc7882216a4b2331b1421534b939f22d144e7b4998bd4bb2b1c8e5
test,test,Abyssinian_76,1,1,1,188442dc3a13680416541e3f07b895c54f6f180eaf97fe4139ec8f9ad2413fe4
test,test,Abyssinian_204,1,1,1,1c0cef6b9fdaef7ca37737488f1e3292766e1008fa9cc2df548ab6d419026e1a
test,test,Abyssinian_72,1,1,1,20b7aad1dae480d135757f2d7c33a1ee5083bc6256af91f7b1f11ccc90f5cdeb
test,test,Abyssinian_4,1,1,1,21c7c58f12f2179674715ada17d58e8e0cea80c76a03805089d164db5177408a
test,test,Abyssinian_95,1,1,1,21c86bd2bcde0b6435b956e7c2077daa012fcf3d81932362d2acae0b84ee08db
test,test,Abyssinian_58,1,1,1,26917b11e62f24810a06ea2dcbd883ec317fd0b146d9b04d15dca7a4631cbd38
test,test,Abyssinian_57,1,1,1,27993af551a3d621c8f98f02b465708c575e682fedc6a2620ab5f5f8cccb93b6
test,test,Abyssinian_2,1,1,1,2be925c96fb1e22e70071ed238c3a7addc861fa69aaa742647c1d6288872c91c
test,test,Abyssinian_202,1,1,1,2cea12b72bf6a703a8fbc8ccb9bf9f6446de7bd078993c2b650666dcb28712e4
test,test,Abyssinian_31,1,1,1,2e4f2b6b127adbb6b775bb56e387b889a1fb33c3e8b2ac96322d8b5d5fd8355d
test,test,Abyssinian_88,1,1,1,3326d8fcd8edceb24bc4f6170013bcb624937d134789879588b3daddc2da424d
test,test,Abyssinian_71,1,1,1,34353b4bcd3f5c58578f54a5ea507d1a863eaaaebc9f19e3e2752c9ba74a0fef
test,test,Abyssinian_80,1,1,1,34a83e7cbd417239c43edd57e68df4a62fc56ffd0b0a699f73167fd135b99cfc
test,test,Abyssinian_92,1,1,1,38a3e5eecf7d4065543f29c17a5935a8b7d406908c5cf7db19ebb6e8cc03a1cf
test,test,Abyssinian_36,1,1,1,395a98f9d1355c30df806437a297dafb643cf1dbe88bd95bb44fa0c85978efcd
test,test,Abyssinian_5,1,1,1,3c2fb7a7a7efe4322fbe7fb4fc1f64d2d66d3b151a33a846feee763a1d5b9b82
test,test,Abyssinian_60,1,1,1,41e206d3a6d8d262c3cd2f37e6df709845e5b4608bfaac97e24cdb33eafb5f74
test,test,Abyssinian_7,1,1,1,43f78bfce48dc0015a05514c17785eb18bccfa56509b168672f02b9c065c829f
test,test,Abyssinian_83,1,1,1,4583220d3807b88755fbba4da7b7abd06e98d480454ae73afafd448cdf784f4c
test,test,Abyssinian_81,1,1,1,4eeaf6593dcf42967347d4e9bc146f0e1c785a6f7f8061889f8deff798baf317
test,test,Abyssinian_212,1,1,1,4f3a9dc55b5e8b1f6e56e4ec3cf0bccc6e5ca1494dde4b98de4d22fb2ccd6235
test,test,Abyssinian_206,1,1,1,52b9101f2683177f1f5c7ffe322232b022cbe233691f086d5f2aed3b65f9cf3f
test,test,Abyssinian_94,1,1,1,53fe491a64ebdaca4d4009f4ec72d21f3988335897a0487fcc279203543b2083
test,test,Abyssinian_225,1,1,1,55939562e4f0a58d212efaba8a447e2abeaa342a169253596e30a3459e81392b
test,test,Abyssinian_68,1,1,1,5acad5ac04b9f673b2b768071a5e18a7d472a300761fceb0f6d853ed6f005fc8
test,test,Abyssinian_29,1,1,1,5ce6948ad1ae598624fd9628e3afae34c8fd390a2766249309866ee4ceda4e5d
test,test,Abyssinian_6,1,1,1,5f7c809fc02cefedf0f7ee45b91aa1738fc2ae5ff07c7f32f51d6b5a5877f6bb
test,test,Abyssinian_56,1,1,1,619ab6c77e623dfa332d41d6f77727e39e2807607226cda0a238d7cf2aa4a693
test,test,Abyssinian_32,1,1,1,6446a78278fbf03ad15183d5641e9d5be22977bb8827bd9bed13af15c1a6bbb5
test,test,Abyssinian_84,1,1,1,64dd27d665b4476495293e3a8497387f0eded4e8f3f8368d0d355c4927d4bf3d
test,test,Abyssinian_21,1,1,1,6519d21d703401b4f6906718a5c7ae5cb0b31fec0422ddfd2fafcf1a8fc31ceb
test,test,Abyssinian_55,1,1,1,678d9c3eb02d86e6c084e303e2b7d575cc2308d5356057f79058cc4f475daf44
test,test,Abyssinian_37,1,1,1,68e16c2294d49be2a76b96844a14e95609fa5002b7bb198b7fcb622175cdc00c
test,test,Abyssinian_20,1,1,1,68e2ad9e30256fd9207f367449c31e5e6151b78f110a99b1d49f7a7655e8fb96
test,test,Abyssinian_224,1,1,1,695e21e3a9b4dcaa4bbc3d93b4300dff62374288c7a285c043bb5ff6e7381502
test,test,Abyssinian_98,1,1,1,6b1f049de938b1a0ecfa6a8de16badc7ceec82f86046779c30ce0c2e857d40ac
test,test,Abyssinian_48,1,1,1,6d20081d6c261428c12d0512a216d9e2efa2216ca929e2d97cb8604076b8f6a2
test,test,Abyssinian_43,1,1,1,6e870a4d5d5b67a3280c107b8bc56f0d9cbeb30d8112915f972a9807656e5eed
test,test,Abyssinian_221,1,1,1,6e92b6151d65b4a64fbae6be6fabb1424fae96d80d43b21c81ef584b7115b5cc
test,test,Abyssinian_217,1,1,1,6faf26c2002c2ee706a18efa6acc383a8beb6f658055f2b62946539d8b1ef521
test,test,Abyssinian_96,1,1,1,73a6af5e0b6c40ce65b952107c2851dacee8ca5f37584aab97ba17bbde337643
test,test,Abyssinian_8,1,1,1,7652354dbbaf1c3bb934e1d7c074a43a5a78f6b3bbcfc779c0571ee7cc28ca74
test,test,Abyssinian_70,1,1,1,76a4b86847fa7282ef3200d5c9c16a04d366bff0015e02e18f49fb17e75a8071
test,test,Abyssinian_228,1,1,1,78ce6588fa0a0c97aec2a32e1b76d12100cb180211e2072192be1db5ddd8c330
test,test,Abyssinian_51,1,1,1,79e3092b2fb4d30bf036307fc6e455177850351328a66a95c617a6d0ea4064d8
test,test,Abyssinian_54,1,1,1,7af9c752f9e78bb091a134c73b0064a9c03907e093d1116d82192d35f9dadc40
test,test,Abyssinian_33,1,1,1,7b3116e23d4d44d29b24b4254315b13cea48bcacb51ed05ffc480d3b757b90f9
test,test,Abyssinian_220,1,1,1,800184f893c765f793a09d18ad2bf470b45cbec87b0c93d6b4fef91fcffd3c0b
test,test,Abyssinian_61,1,1,1,82fd76af4a2177afdd67d7725fe5cd55099116eacf5a7d728ae780e7f6844ee6
test,test,Abyssinian_49,1,1,1,843915a642cea94e1092ff4963a02df68be68a2346d875d507142a764c0bcd7f
test,test,Abyssinian_74,1,1,1,85ca07083741dd98b1dc09527168fe76ee6283ba6a925d47e36bfe938a2c97f8
test,test,Abyssinian_89,1,1,1,86e659ad4b14a20b6b60f3b4fa0f34ce8d9f41f815322c756f655921513aaebf
test,test,Abyssinian_205,1,1,1,873f76af2e603aacd10c41b860da80d9e225b8c6a0cd52cec45a56882ad78a5a
test,test,Abyssinian_46,1,1,1,8a001b8bb4cf9fa3b9cdb1837a82a995f0b05aa60b667dfb7d345f50a60c38b0
test,test,Abyssinian_77,1,1,1,8ebb8cbc518ac1064aa438e7ad6eef657de6e262c30ba5179ba63aef2cc9e8d1
test,test,Abyssinian_27,1,1,1,9213dfff3e25c57c90bd1e87b2366c649d341ae343e47dfc1bcfddc7b349c5c7
test,test,Abyssinian_91,1,1,1,9cb48b3a60266ebd7a5585c8a688023e59d04e3eefd607c353534c58a9ee81f6
test,test,Abyssinian_44,1,1,1,9d288fe2a15f940292d23b86232836176677cb47e09005642b60d20a3ae9a52c
test,test,Abyssinian_24,1,1,1,9d5b7bbcb345395c9b198029df39d1892499e4b3f20e29803d829b3160a89bbb
test,test,Abyssinian_52,1,1,1,9d95bd9d3145aa2b97ea92afda61b5b3d92cf04d498c70569dde8fe4f097ce1f
test,test,Abyssinian_85,1,1,1,a338f6c8ad800afa3ea257a0677ebc458861803340284027b7098bcf80301765
test,test,Abyssinian_25,1,1,1,a7c523e6818b474e6e455b59c50ff99b0bc06b9c27fefa4c9edcaf22213c5319
test,test,Abyssinian_230,1,1,1,ab2262b391035ac8f39388b1b198fa7249f10c39fe7bd5d353084d0bd925be04
test,test,Abyssinian_97,1,1,1,ae68ea8b9c9b615b8439b60b83f2eacdec8f3ed39f7518fe70e4f12d05a5f914
test,test,Abyssinian_69,1,1,1,aeb842cff21706e812a879153bb21fe7245f641437b01896dd342c600870e9a5
test,test,Abyssinian_93,1,1,1,b1520fb1d8f84ed64b98b77a155a423d99f4521ea0430f7f6b525191ab78534b
test,test,Abyssinian_219,1,1,1,b25def26f8cdffd7b6a9b8280d882971a570639da88f7b45457a0d9253fb0860
test,test,Abyssinian_207,1,1,1,b712886f673f57b206804414c1d9968d2e3ae0afc7aef46bfc3d5d7919898939
test,test,Abyssinian_90,1,1,1,baed96b122be883c566550a37d664ab0accb48bcbf037c94e2361c8295708576
test,test,Abyssinian_50,1,1,1,bb07a74a3932924ec2c170e47f6b565b8552930c478f1a48755c250fed69a9d3
test,test,Abyssinian_213,1,1,1,c0e65509cd09f5565a0b814dbaf5c9581cde8ba9840d0dfa4602521e3dcd1e08
test,test,Abyssinian_3,1,1,1,c5d33b29c4882514002c9a0ecbd64f51eca71e59f72a6adacaba9671161f49be
test,test,Abyssinian_45,1,1,1,caa85f1a173da7d0c0292f8f2b75485d0db3fd9c349dfb2121961c3f25aabc13
test,test,Abyssinian_9,1,1,1,cd5b1789404c5a8a7307b08809699d975956f367c4b709b91c515e9c3e8df6d0
test,test,Abyssinian_40,1,1,1,cef27513ca9bd68aa587ad0f7870ce405629b8a8c181b623d5bf80ebf905a8df
test,test,Abyssinian_87,1,1,1,d10c698e9fc0a9b0b95090fad8ddf2fb5267597ce145730efffe5f5b90eded72
test,test,Abyssinian_210,1,1,1,d8c532c6f33e66796bede3de9a7e4f0b2eaa9a6bb265ec2c378681e94fabdb4a
test,test,Abyssinian_79,1,1,1,dc4234f31b97467c9a78f96dc0c906093e2f030a06d89a49fc6879563bfbbbc3
test,test,Abyssinian_201,1,1,1,dc962b6a7fbe146c5e92ed50144c3aa65f7995cd0caa0d15a0e1a0556a652094
test,test,Abyssinian_26,1,1,1,dcb7e136771a9d81cefb95e6742ab996474f7a767e2fd1155c109d598e6d8f33
test,test,Abyssinian_47,1,1,1,e00742929e0cfa0d2d615dce18f7b837903f0d06bbd34120fc85b5d3b4f0c08e
test,test,Abyssinian_223,1,1,1,e067a4eec811b8763b61e45d5766ae422ec4439ef3f61f290ee10a498c32b3cd
test,test,Abyssinian_86,1,1,1,e0a90b47c5d52f0733fdfc51f4d817cd82c0434aa8091c6cf38a6a5c6b27f212
test,test,Abyssinian_216,1,1,1,e170c72ae054b768cb556ea98af939c7f9658724aa125d5a3e99c87bb745e353
test,test,Abyssinian_99,1,1,1,e703332f8cad2e91d281263c3baf3f2ef669acd542b052a7aef53ec29089dc5c
test,test,Abyssinian_75,1,1,1,e93c4f2dd9d3d037695b42ebf5ffa1070ee05050dc697e70b59ddcb7eb37aea7
test,test,Abyssinian_62,1,1,1,ea6870bfdbf6266300ace21d94099eb218b958014cd1608c9511e8f31fde8472
test,test,Abyssinian_22,1,1,1,eeb729852acffbccff394fc65b57bc0f9fe3ed2cec97ab1c201205461e541322
test,test,Abyssinian_215,1,1,1,f002773c1e81b8c8ce57e34657e8ecf2edf73c833a13317d74b7d063f8f13db6
test,test,Abyssinian_73,1,1,1,f18c69739c127fef6dc8d1776d948893be383d9de622b2b8206a0924b9bf7867
test,test,Abyssinian_66,1,1,1,f415c986960a898d0d142d63a1d4e0ac982be58c92cb8a606d72135acfd4fcdc
test,test,Abyssinian_65,1,1,1,f677bd72c7ddebd32b2e5c75c48a68bc767a3ed4a224d3bf895cef936ae8cad3
test,test,Abyssinian_78,1,1,1,ff856c279488757874c3099a6c1ba4ed1fa96a0c0fdb6409a1990a2dd3854d97
test,test,american_bulldog_89,2,2,1,04290fa7cfa401dfc37b9af03816d2b6941205e0d49c8b29ef4cc8d37cafddb4
test,test,american_bulldog_6,2,2,1,0dc8af4ce865022534c28e0c40e91b28133916c8dfbc30fa628163e1aa3c5b97
test,test,american_bulldog_2,2,2,1,0e090eabc931df22d70e2c82df1dfe53eaaef65f17ccebcd52a4b61f3c2040ad
test,test,american_bulldog_214,2,2,1,118e52700e2c5de3fb9076a7072b10bf7740e425b2fce956c6842331fe733955
test,test,american_bulldog_60,2,2,1,137865f9f509bebecb7d049482cc6b4488a5eeca4ea4b220c3db4914563c2455
test,test,american_bulldog_73,2,2,1,162ffa01e977e07be033e77cb3620443129053d32bb67a9396bbadf7bb3c00cd
test,test,american_bulldog_46,2,2,1,1701994adccf8c3e95fbf1ffd343a578b0370d831695c113e49e9ca5979e3b28
test,test,american_bulldog_79,2,2,1,18b952a4371bc4625116ca3de291c6c21680baec5377c3ad2a7a7f1e2c189b2e
test,test,american_bulldog_218,2,2,1,23d444eca1e2ff5d8e91d136af56a4453be3ac3c7721fb53a0888507cc818f63
test,test,american_bulldog_56,2,2,1,25403a5ae1f9fff3ec82dfc38735bcfec2c44f87b2ce06e8b989568453b2bcee
test,test,american_bulldog_39,2,2,1,26b08923ebe189984faf5e50347ba143e631efaf2d94f12c32432812e69da34b
test,test,american_bulldog_47,2,2,1,2870f880f6e26812d77a8130f0ade78945ef936d432f8168a700577d966df65e
test,test,american_bulldog_74,2,2,1,287b94eee3f1fe382ed21674d965a15a31997aa895fd8f57a1d09043bc9d19a3
test,test,american_bulldog_32,2,2,1,2d2c2b7472ff107f81f4858e5ef91b72c7ba774dbc3dd211118a93a0f62e7185
test,test,american_bulldog_81,2,2,1,2d3884a227ce0153305f4cc3f918e029bd9c16725bdef906d851278d73f94616
test,test,american_bulldog_24,2,2,1,2fda28b16b0a3852fded23562dd7fa29376d36c8731475f1c82a64668bf79007
test,test,american_bulldog_209,2,2,1,3040fc300a104ec19094eebb0bbec9befb6377217c1300d8b9b8ff0a826ec6ad
test,test,american_bulldog_28,2,2,1,3177ddf1d5b897e963376c20201598f50ed73a209fc46467d56efd32fafbac07
test,test,american_bulldog_207,2,2,1,3773cefb5219fc5d22312ec40323d757a025d501247613331014054a4bf362e1
test,test,american_bulldog_57,2,2,1,3ab1d15444b3ba6ae605b35a11ed5f51f08b3bde1ec3c8a8322ee1b8ebf19837
test,test,american_bulldog_36,2,2,1,3b6a245e64725bddc672410ee161f1ae128bdf77d0bce33b7e885f73a4a0d46f
test,test,american_bulldog_87,2,2,1,3df6231b144a2fc1a97af0c4638015ac10b40faa34c9b45efcdbb7974618cf56
test,test,american_bulldog_203,2,2,1,3ef76618e32675e8cc17e78e3ab20a5fa009940233071499acfaeddeeae45a0e
test,test,american_bulldog_27,2,2,1,430a5f477feb245e6149b51bd6cdf8911281aa61b73b731ed4595f32bbbdbeab
test,test,american_bulldog_50,2,2,1,43d21f539c29c6dd63d43258e323ed7d201d12f980695fa4b9756a8c50d3cfc4
test,test,american_bulldog_25,2,2,1,47cf038578d1354156848939ced1fa19bfdde6b1475682657a7159702f1480a4
test,test,american_bulldog_76,2,2,1,4c3609dd99da1311e0c790b307c2563b9c2bca611494352eab38ecf8cf26e9e8
test,test,american_bulldog_37,2,2,1,4da9c47b930483bb8f53b5b029bd2f9d760478256501dcc5626bdf7a937ea1b0
test,test,american_bulldog_26,2,2,1,50138454eec525e98fe4f90f0c2a707c7fcfc219f2658ebed88fa8a98f8544d6
test,test,american_bulldog_40,2,2,1,50f087e362f0c9e04cc0f96bdaa86492a2f0f257fb11cc1957d5ba0ebf50f941
test,test,american_bulldog_77,2,2,1,516e652cb1e22f328eda4413613e2f4221846bcf700255e32ede4a5e8d762f1c
test,test,american_bulldog_22,2,2,1,57cc47b7cefe5d3b298bfe632dc96e608d551b221e19ae1e316bbff14d284678
test,test,american_bulldog_3,2,2,1,58479f8626d609eb6882426b602c55cd163fc21d2d0ed840518639b57553332e
test,test,american_bulldog_35,2,2,1,5b7fa32344063d60a809e2b6877e982089ae290c1f393f78c660e01bcba6521a
test,test,american_bulldog_67,2,2,1,5d80765d93f35bcc6c9e5b2f145c2e42d759ae2d0953a9e848d1a95f8f0493dc
test,test,american_bulldog_70,2,2,1,61fc6f493f00e07366c1a14146f98d38d2f2027525b2f0bbd01dcdcbb9a3c416
test,test,american_bulldog_29,2,2,1,62647bc7fa1372a21e681417f9cc640da867175bfd1fb042bf6fabee72573005
test,test,american_bulldog_45,2,2,1,63fa5478e621b09bf98826cf9270e3cdb876596aeeb80d52a9865847af57f196
test,test,american_bulldog_65,2,2,1,64da5cc0909c6b750c2d24836bc04659ea794dd31b1adf77b0d0b268ece1d307
test,test,american_bulldog_86,2,2,1,65001ff3685dc5a63c1402b30261a4cffbde78422e1e7ecff721d159e00b1c98
test,test,american_bulldog_33,2,2,1,65df3a0c44c26a36ef6592532f3ff3bae7a07f5b24dbef6289f910c6ffcca821
test,test,american_bulldog_205,2,2,1,6637e85d72a22d9bc6a92769ae02e9b14d382553c85fb8c429d9b18b506e27f0
test,test,american_bulldog_224,2,2,1,693d52e271d30fba0d6238f02ad0a4c476ef49d5897c59711d6ecccb3c7b24b3
test,test,american_bulldog_84,2,2,1,715f6ccf86b8ef6283459bf09ab71b26b9ace232f7be440706f6dffd7477a8ef
test,test,american_bulldog_211,2,2,1,76f4f6391a8eabd24d8907228a53435c1fdb4ae23951a7c7613a4f2fce10abaf
test,test,american_bulldog_64,2,2,1,79c36b6fa4a2d5332ff36e4e2d3b7ccd854594585c05738042dae20225a9d825
test,test,american_bulldog_93,2,2,1,7e08d80c1e824453cbd5063b27fe597651157c9b1d46695ccf67d31072280bcf
test,test,american_bulldog_221,2,2,1,80603b59d2f708c702a62823b451c917b8968183542d94b7a8e5d85827330b6a
test,test,american_bulldog_41,2,2,1,81a7709f7709b25523990270eaeb85c4db23467ec5eb19c1ef063111a1a34eca
test,test,american_bulldog_68,2,2,1,8215bc246fe697f83fb7f9175156d999ac2cd6e2fecd2bb063f402a30a7b5c6c
test,test,american_bulldog_61,2,2,1,82c37f2423f46ec70127be0bb49cf3bbd6090e23df97cc6b862b5528e6b25bd3
test,test,american_bulldog_52,2,2,1,85793ec4c1339f9d8d6de6fe4107e00e58b14560021ee4ff47366f7c5e79cf22
test,test,american_bulldog_98,2,2,1,8620a017c63fd73a51e4fa9c4a1a7160ada1a39d8fa4dbac6c8ecacde5e508ab
test,test,american_bulldog_38,2,2,1,865b5cd6ef792b02efdf3d4150e83a9b5e597d24b46f9daf29e0a579f0d0bfd1
test,test,american_bulldog_54,2,2,1,86cf064fc7fa2a36c7c15d90d452b4f833c94e750c86809df7bc25d5a33647da
test,test,american_bulldog_96,2,2,1,8e35c541fa501d87fdcc536d409c5565aa58a027420521d70dd3e5537a11ba6f
test,test,american_bulldog_21,2,2,1,8ec41e8f34f9ad1c3057ea6e51580954b82fab85e540e8a0a407aecb1981a200
test,test,american_bulldog_66,2,2,1,904948e8c7864a2293838db066f1f7f3cb8b5e33d42c7d627f7a4fb47c06a9f9
test,test,american_bulldog_44,2,2,1,922e6b715a0335460de74abebb216df3fb3bb19601d28467227ca0dbd7686f07
test,test,american_bulldog_9,2,2,1,93deb5c37d2f7d0d55559fd109cd4a74a758bc06f67e862617e559c7d6b72138
test,test,american_bulldog_83,2,2,1,944af1f91bc513985447f13a261ba18c0467efc44fe8693e56e568946ca0043c
test,test,american_bulldog_43,2,2,1,9480bec11cfc78ae3d9b94dc86f409fbcd57c0c22f05605e6c9bd3886e9acda0
test,test,american_bulldog_23,2,2,1,94a117b38980f36e2c5384da252a0026930fb98eeb284299db36d5e6528eb074
test,test,american_bulldog_8,2,2,1,95d734d90d56bf354226755cb97ced85f29a2dea1e2869b0e9cb91c3bd6a04cb
test,test,american_bulldog_80,2,2,1,975fe667c490fe74491f9b9d5393cc1d2c63133bede26792b77b1892d033fed6
test,test,american_bulldog_55,2,2,1,997a697aa096fec77e5e97a4cf58232a6c7629e210af1123649c9e745e17ad0a
test,test,american_bulldog_49,2,2,1,9c15a4c95957340795b7918ea501e7fcc32bb22e18f8deeefe49d1119df6ce23
test,test,american_bulldog_59,2,2,1,9f12657ad0378a94a18ff9ab7e7cd03af5373f3d38d4723a6710b6bc19bee3ef
test,test,american_bulldog_99,2,2,1,a59b83c980b69280038f4e6f1814a8ebe7e8a2a0e201fa81ebaff215241e11fd
test,test,american_bulldog_30,2,2,1,a7dea07d042273f635d4fe4027e190470630c43ce913e67aff2f30b5b2766042
test,test,american_bulldog_63,2,2,1,a9dc17d6af08d175facdfecf2967445e2dc45f48e45559faa6e1d07a7d77b731
test,test,american_bulldog_94,2,2,1,aa912b629370026159a342e6b9e95d2dbdc5295eb908045d6fe28801a6276298
test,test,american_bulldog_208,2,2,1,ad9d98171a7069cfc3da7f26971d65b5cb5087bdac473cf9883a3c8986376f3e
test,test,american_bulldog_90,2,2,1,af8ba283ef2ef5856759f47fc09da8957140c320e2aad64fadc0e78e3c219c09
test,test,american_bulldog_69,2,2,1,bc4e759ce1379a3c760a5233d2f5a2edf6c566b8cd8f34083748bf182fa7b2bb
test,test,american_bulldog_72,2,2,1,c3e5645dd4e02576598e1f6aebed57591d5bc8a0dc71b44692b632f515b86d17
test,test,american_bulldog_58,2,2,1,c79d71b15eda70da9b61e9dee6790c88ce9fef1c2fed8ad1d6abde9d8d742335
test,test,american_bulldog_71,2,2,1,ca2abee819e9a402d9491bbabba87afc2bc7f2a05606ed21ff2b48812a501c24
test,test,american_bulldog_51,2,2,1,caf243416d2302c51b07374751206ad37a60dcba9b3bff083e74cdd992d3449d
test,test,american_bulldog_5,2,2,1,cb54d1fd10c086565ce9e79ba3762b3696dcdbb299ff1b6e67398b6f8076508d
test,test,american_bulldog_31,2,2,1,cd937af2ba2123d542d68235d478f173b85e7fd2f8a5dd4506fb8fee680d17ee
test,test,american_bulldog_216,2,2,1,d48b7b142cca07bf50ef5c67974aeb3f6e436c7a9814350b9ecbeabe7e1d3a13
test,test,american_bulldog_48,2,2,1,da4d752ba81a5b8c44679d5340722ccd5a133fc915f66298faaa4b4dc6bcaddd
test,test,american_bulldog_42,2,2,1,daacabf2ad1cd9479e9833d9158692f092c843e56bfed2a37d00e953ba5bf2ac
test,test,american_bulldog_53,2,2,1,dc5c8bc825ed49adf09dccfe96be78debc689d220548e115e9a09cd50f05216e
test,test,american_bulldog_91,2,2,1,df80ce96c7fdaab3fb59d7633a9eb361c00eeb93b961a644a26ce2e69abe32b4
test,test,american_bulldog_75,2,2,1,e2868063c22e8992c7b0e1f8145c5f0bc4d8975766c8bc9a8f614a325e56885b
test,test,american_bulldog_97,2,2,1,e44c0a10174127832d72ad242a5d1d733df3fff1de450847266c438d778763c2
test,test,american_bulldog_78,2,2,1,e554d98d517ffb456ff35a35d67db4af1e8e93a0e6d9cf1388d4c82e81075fe5
test,test,american_bulldog_92,2,2,1,e6b765f700ba928429e2f24baabb6417d6dd2393e97cf547964580a396e4b133
test,test,american_bulldog_62,2,2,1,e6e4d6e0352b17356c377adb7b785d378c167b32f3a9b0cdb3a58be297a2d04b
test,test,american_bulldog_217,2,2,1,e83320c7f4975709f121d2a761a16dd8dd472c222c0cc00916134a3053780f97
test,test,american_bulldog_34,2,2,1,e877163c27282cabc0dcb873fddcc5ddcaf0f23c6ef45af8249fd4eb0d223fb9
test,test,american_bulldog_7,2,2,1,f05174ea22bf8d84321c5e72139fa37f91fb6faa27bbd164621828b9f48272a7
test,test,american_bulldog_220,2,2,1,f596230ff1bf34f1d2625b15812b2030ef8c3de4d954886f1a6f4d056511d08d
test,test,american_bulldog_85,2,2,1,f71334ad7eab9b9667ab8a14b772f66959ba546ba0f9ba04362310d39ef532d8
test,test,american_bulldog_20,2,2,1,fa4149edad3169ebfee69a988e95082257e702353b658dbb070fbf033d450c53
test,test,american_bulldog_212,2,2,1,faf18fb20fb71060cdafe4b7483a70941b7f911513c111351f2bf0378ebd2d65
test,test,american_bulldog_95,2,2,1,fba6aaf14e4b5e763786b013bd504c3d38ee31483ddb3a092cf2fb8242ec889e
test,test,american_bulldog_82,2,2,1,fd13d5155314590109be6dfbebb4ac4b4bd851ae140bf109703c435e1478ebc4
test,test,american_pit_bull_terrier_64,3,2,2,0201aa991d44fe271a66a18de94d7d8f410de9a6e6ef734d5333fc131e337431
test,test,american_pit_bull_terrier_77,3,2,2,05ba705ec1892ddb54d6fb266370744c0154f36b286665d2284ac0e805caa382
test,test,american_pit_bull_terrier_45,3,2,2,080f1d35f106fccac5747a7c5d7bdcb4f645e054de57079a253f306ea5c90954
test,test,american_pit_bull_terrier_67,3,2,2,0908506448aebcfc44543ce13df96487af7f7b26f97c6e6ef0e55c505608a4e8
test,test,american_pit_bull_terrier_7,3,2,2,098ed2e16a765f7d95f50823bf2c57376b5bf905f797ab3292a8ccb025d6a448
test,test,american_pit_bull_terrier_47,3,2,2,09f4d929495a6b262a5d25c0ec80af9b6498c6b23ac5f0e699b99fa1b3420aac
test,test,american_pit_bull_terrier_98,3,2,2,0a144544082e97d20e157dbba96618f21728d6b0ed6e1c5bdaa4b759d80216be
test,test,american_pit_bull_terrier_84,3,2,2,0a464bd35f2f2a4db1813f445ef6e4c340360fe9267c224ea9d3d0ef2f52c17c
test,test,american_pit_bull_terrier_58,3,2,2,0aa2957e3233cc75fca48807e945fb4c8fd4b1eaebf190b36016ba90e83dfde9
test,test,american_pit_bull_terrier_95,3,2,2,0b737e8e92c8689875f1b4f83ca94c2e3d42d6a3c6c45f1ebfccd8b3bf13847b
test,test,american_pit_bull_terrier_197,3,2,2,0b7eab76a0a90d8d4e44fec7d1f7b4b9cde459cb0338cdc74fb245cbd25c0a4c
test,test,american_pit_bull_terrier_75,3,2,2,0ddd1f848f66824dddbc2f546d60af9603209822b1af5b1539efc1233864cb28
test,test,american_pit_bull_terrier_1,3,2,2,0f89ccf7f72f73f01f5c0ad1d3e4fadd04e718365f374e3420bdbc67740d0fe2
test,test,american_pit_bull_terrier_202,3,2,2,14a4c1969e73a52a6002935cf73cb796a8db1e232788e6c9c91d177f9eb98edc
test,test,american_pit_bull_terrier_86,3,2,2,14c76ca2606f4627e3597b661f4f5881614f1aef46e7bad20e24e3fcab6c9d78
test,test,american_pit_bull_terrier_56,3,2,2,1525b33ac3d805b3822c4c0412f161933001ecedeeb6046356aff51243f73509
test,test,american_pit_bull_terrier_23,3,2,2,166ccf28d2832a59f9c434be462abaf092c24ef5896d06ced047f0e71cd2aa74
test,test,american_pit_bull_terrier_54,3,2,2,1b8b7652fd2a18de028333be222e9c54312828f8d7ffa7ab47ac61f34c76b5ce
test,test,american_pit_bull_terrier_66,3,2,2,1bcab2bc1e923fde2b30831d1f08196ec0dfece95e2f486d4deadb06ddfbfe04
test,test,american_pit_bull_terrier_42,3,2,2,1cda02513df633171fd7ce2278765b8cffcb94701d9736186c2889d74316b850
test,test,american_pit_bull_terrier_200,3,2,2,1d1fd33f6ef9c84a0f3a4e83af818600b48fedc61997f853c1aa1abd66fc8cca
test,test,american_pit_bull_terrier_70,3,2,2,1d5d69b151ad66bea5e36868c821dca5684cbecd368f160be33e1e90e98d8e3f
test,test,american_pit_bull_terrier_5,3,2,2,1f3c18a9a9666177863a51df3155affb477d0254d442a60ab93f1d468d8800c2
test,test,american_pit_bull_terrier_36,3,2,2,21c1c067c5619b0b0bcc6da6292fb18889cab20f57c180e3f38d74276d4db329
test,test,american_pit_bull_terrier_35,3,2,2,24aac94187abbeeb7b8591bb1058e9edd1594fba7fa12852d9143b69d38c0a3a
test,test,american_pit_bull_terrier_191,3,2,2,27fff0d9443d72083f99b0660081185c8362ef1e83cabc52aa0e736b6b34450d
test,test,american_pit_bull_terrier_41,3,2,2,296bdca81d732ff0a8403b667d503cd0be178a2674329d9db2c3727f065a33bc
test,test,american_pit_bull_terrier_201,3,2,2,2d506695d4f8d0485210f9ab33449bf8504fe672264c1c40f0676bb8b4d00384
test,test,american_pit_bull_terrier_204,3,2,2,2e12641b26531a25e93792ebb19e04399239f81dc7e73bb9e9e2efc3639f9184
test,test,american_pit_bull_terrier_44,3,2,2,2ed5232da07eda3a738c9ebf14681a25cfcc7a5f46880efe84af64df1a12b251
test,test,american_pit_bull_terrier_55,3,2,2,2ede9b8c7e7f106638cedcda92925559c9de59a6dd164f17f52988e331ab8f1c
test,test,american_pit_bull_terrier_9,3,2,2,2f0059e75ac7041551aaaefe0cde687222bc4b16b073d5b6b8a70375e3785096
test,test,american_pit_bull_terrier_69,3,2,2,307e3b0b1206744b224e1e4e040403f5ece88420451bbd9fe9a52469691059a8
test,test,american_pit_bull_terrier_71,3,2,2,33a16d3320f69fb180f02cb03cd8493aaea7d70e017158178b31e0f292064202
test,test,american_pit_bull_terrier_79,3,2,2,37a0a4cca0a3bdcfa39a1e423592d6dde58a10b8963e8e4c2ed396a4cae06771
test,test,american_pit_bull_terrier_40,3,2,2,3b90179a8c07fb899519428e567f131d79196d304fb088c83118834892d120ce
test,test,american_pit_bull_terrier_6,3,2,2,3c734593933ce89c78ee59de365f84b6336af176ac1f6ec80bc956d0b0a2be5b
test,test,american_pit_bull_terrier_198,3,2,2,44ffc8c0118f9dc6c2ace93e1c5fab49bc9adb000b88de0dc0be1e157ccad39b
test,test,american_pit_bull_terrier_68,3,2,2,49e0b5c1e84590bbf6c9fee92fc04d5d32bd694efc4743d580a97cb1225b649e
test,test,american_pit_bull_terrier_49,3,2,2,4c04e009c54cb608b4587a24261238408f39f2266b08e1d6ff916a9bf4c43bb8
test,test,american_pit_bull_terrier_93,3,2,2,51e91ae4c0d78cc883798b6f7967239844ed48baae882cf1fcf845b531baab18
test,test,american_pit_bull_terrier_32,3,2,2,54c20a98a1d6e2ef540b5c0a48a436a84b8de74906261d97255c037fc62cdbce
test,test,american_pit_bull_terrier_203,3,2,2,56cd61040e93d5857f2a8b2e30337b6d6b24074d124a1d1cbd3f3486966afa55
test,test,american_pit_bull_terrier_82,3,2,2,59bfaaa71f6f10496b65ad0916b796f430d5a9d442a5cd4e3732c3e72eedb44f
test,test,american_pit_bull_terrier_195,3,2,2,614c0b2ef8bd07fe01ea5332c5a6b1a2f31b91490d1e19df054649fe1dda6293
test,test,american_pit_bull_terrier_73,3,2,2,6811bf1de7acd9912f044cff5db05e9cd818b034dfabd58ab16640557240c95a
test,test,american_pit_bull_terrier_4,3,2,2,6dafe1d3e8bbe7fb566199147f9a6e5aa6ffc57b7e5b811c5f36a5e57ea09b4a
test,test,american_pit_bull_terrier_196,3,2,2,7041cb6fdf3ef5d46f825c72e10e88470d0379f2b53527d0a4e2301da9f8d355
test,test,american_pit_bull_terrier_72,3,2,2,73d9906235e4895b03eab4cb09ee9476329ceab5acc564602c46e979c940c7f7
test,test,american_pit_bull_terrier_192,3,2,2,784d3e41ff81591b166857dcc67f36db05023ac1ecc2c00babe7cc14ac81e643
test,test,american_pit_bull_terrier_74,3,2,2,7fa8f788beeaa0456555dbac80b01aec4e8a29c510dda216aa1fa2b609501acc
test,test,american_pit_bull_terrier_81,3,2,2,83e5fcff361b19c920db423c159f5f6e14c6ccad0c68ac4b0d12a147b3d3ea01
test,test,american_pit_bull_terrier_8,3,2,2,8a010c7a1f172112c676918ea66e95a18190486f173f3cc415afd6729065be10
test,test,american_pit_bull_terrier_53,3,2,2,8cecaded88e089ba2a5c5a0db737f3993e034d101609e264e8eb9ffb72d250ae
test,test,american_pit_bull_terrier_78,3,2,2,903a07482e5e71490b7f07990102878b642e26c8e89475adaf1c4a841fa62df0
test,test,american_pit_bull_terrier_28,3,2,2,9206a827d45f7155d25eb108e90fedd706b0026afa805f3cd77e412575f40e1a
test,test,american_pit_bull_terrier_46,3,2,2,9723833efa42715b60366ca14f2e15deb1e57edea119b6b72942e7c0b61dd1ab
test,test,american_pit_bull_terrier_60,3,2,2,9ad1861d0bbccbdabc2f1ecc0dc5f53c1e1a3784a39b49141112b8373f5e9259
test,test,american_pit_bull_terrier_30,3,2,2,9bffbf16a1add77e75babc8e9eadfa9598360b8144c75a6f9857167a3373d067
test,test,american_pit_bull_terrier_19,3,2,2,a0fbb7505875ba222ae3cb913c774bc95a445fac5061c997e69c66cfa4ace615
test,test,american_pit_bull_terrier_59,3,2,2,a116f10241e048a386853c40d7081c08b299f1bc06985a1466c301769bbf68d4
test,test,american_pit_bull_terrier_89,3,2,2,a12be9f59e9bf468fc373cb2d0aee9468c61a6e55839e31e7d6caa6a8c6edb37
test,test,american_pit_bull_terrier_87,3,2,2,a415fca8ccd0bdbcd997d7b96063ce437ef27b1403bfa7c9ac11fced4b10193a
test,test,american_pit_bull_terrier_27,3,2,2,a4db6bcf31ba49e1b4f50ccb75782c116d536692623b3d067655151b80dc6cd9
test,test,american_pit_bull_terrier_91,3,2,2,a85098d43d442afeae495850422a6d43ad18ab30b0da75fb42257fdc32737fba
test,test,american_pit_bull_terrier_194,3,2,2,a9df4c7bc9fcf37633bc90c4a0ef51094a6ba9d4d5b9059d23606fe2eb97f060
test,test,american_pit_bull_terrier_99,3,2,2,aa1906eeac4aaee4a6cd900560c2930d04ce65ac6b23b3d6d66104abeb973a9a
test,test,american_pit_bull_terrier_199,3,2,2,aa89b406ab2ad10881d65648dee24412adb0fc2e6ca5449f5a8c716f90e15e10
test,test,american_pit_bull_terrier_24,3,2,2,ab706d078f07fcc1e7b8a58a3fe6c43de10ba5949a0567ab82f9fa9c3513a12b
test,test,american_pit_bull_terrier_26,3,2,2,af7214ebfcccac9fb01cab7f812e534d53a7d42bec891e7daf5c8e5998d7f921
test,test,american_pit_bull_terrier_80,3,2,2,b1839904c89575f4e0c70bdb35b0d7e022d0653f5fc61107236d0d745eede98a
test,test,american_pit_bull_terrier_193,3,2,2,b2047fa215a2ce4e8f33027c112f69e886344c86366d42df6609d395be8eb8bb
test,test,american_pit_bull_terrier_25,3,2,2,b37c78d8861d39d3d274202bfbc8cb3625394315a12d9758fde00ef1cc555d31
test,test,american_pit_bull_terrier_37,3,2,2,b6e2254a02463ef74c150f150290cfbdc2e3b855dd1969d63b3fcc2e462f94e2
test,test,american_pit_bull_terrier_22,3,2,2,b7cfbeea04022ae51a3a6c179415d28f27246e89c6db6307bcb6954dffd95741
test,test,american_pit_bull_terrier_96,3,2,2,b80347a2f32f8415794f1f9023f8ac1a99feadf6a99980d8c49ccf5811a98413
test,test,american_pit_bull_terrier_29,3,2,2,b8d580c2a705be386f200cde8fbbbe837589b9fdb716116f99a3421b43e3350b
test,test,american_pit_bull_terrier_52,3,2,2,bc800c78257112d2b8b88219b47248eafc5b49a661aebeede71928dcf0fba4d4
test,test,american_pit_bull_terrier_50,3,2,2,bccf9f30f38ccde2b33134bd0d0a41c1e77a12675f5574a1d75cd8c30a9edcb3
test,test,american_pit_bull_terrier_43,3,2,2,bd4d17fba033b54c17a2d913562ad49d1fd0daf27a5afaf1779e610f762e94a5
test,test,american_pit_bull_terrier_92,3,2,2,c5194ba6cd7b1e4a0ef842193db70daa34f0c40f3e16eeed7935219d0383a902
test,test,american_pit_bull_terrier_65,3,2,2,c5e42d89b5371fb3894aeab68e66b2e594fac6fcf499be8576b35c6ebf64f191
test,test,american_pit_bull_terrier_63,3,2,2,c8e6fd3437f73a69e8bf6c5ff6a90dea032b3597f6443739974195846830259b
test,test,american_pit_bull_terrier_21,3,2,2,c9249ba0a84d4ab6d5c19bb992af77b3ca06d8d0037aa2ea1a121cc0279b4386
test,test,american_pit_bull_terrier_61,3,2,2,cd885b79fdae9db8f9dda846898727ed25131bab796959255408957b37c21bd4
test,test,american_pit_bull_terrier_94,3,2,2,ceefaed8a356d09e6b756653963230e211b51052d3fb88f91628d79183ff5982
test,test,american_pit_bull_terrier_51,3,2,2,cf1dda3daff8703a48c24a9358c95914caeb445e21cc13f5deb38e08263a06b2
test,test,american_pit_bull_terrier_88,3,2,2,d97498278f3a4bc692a76604b2e568a6a953ac7bf92d0305ec0d3793bfdfdf49
test,test,american_pit_bull_terrier_57,3,2,2,d9d716e8d59e2306db675596ad672ff0a3319d70fe025590dd60ddb68703856a
test,test,american_pit_bull_terrier_2,3,2,2,da81a016819d4e7bbbc4fd1edcd113dfe68ef748d07dc79e0a56b2a95bbd63cd
test,test,american_pit_bull_terrier_90,3,2,2,e114e0383f1664336a552533a325184f89706955d5d8ffa9bb50f8dbceeb2f3e
test,test,american_pit_bull_terrier_62,3,2,2,e39bfc2eda51478a8a647b00534990f0e0c9070f2cd3911b6a8a8f6b00b5b132
test,test,american_pit_bull_terrier_48,3,2,2,e3e71c05c499eae9d63c36b5115d5712006d173a21c1c4b00f0dfd7ff1eb537d
test,test,american_pit_bull_terrier_38,3,2,2,e6b353473ffd86565ed9a6c7ad0d91ea984387472a41c5031ad7fef033fb396e
test,test,american_pit_bull_terrier_76,3,2,2,f3675539f6f2c7f7a37b65a138cb17cdc1cd2f3cf23d4db4fbe088900f3ed7ff
test,test,american_pit_bull_terrier_33,3,2,2,f46a351f3bd2d1b2a156985696fb077b1092f966ad0c675b8623fbba13829a75
test,test,american_pit_bull_terrier_31,3,2,2,f4934ebd02458f814ea842cd325fa99818d1400bc2b64d708ba4cfa690dc6f0e
test,test,american_pit_bull_terrier_39,3,2,2,fa69d51095517f8909e6c09d01960618b7787fc2e92db97d9c181610ed51fcde
test,test,american_pit_bull_terrier_20,3,2,2,fcacb1a40b6219c96c2b1ad68d4442266f361127349031ff94f7149b9863397b
test,test,american_pit_bull_terrier_97,3,2,2,fd96310b488afe9bf50e31315ff6d04ae4feb09122e49bd1e66a5e78f7c446fc
test,test,basset_hound_43,4,2,3,01b41dfa13543f58cad6c0252d2c7d5cc24c573a30599dd63e7be6ef03fbdb93
test,test,basset_hound_35,4,2,3,029e32f27b105e67513e5b7d10036fcfdad1bf160584c04ba625ed0ac8bfabe9
test,test,basset_hound_69,4,2,3,0771a2433686d1995133f4d6a820e7fdd5d655e25376eaf65b54ebe173971c22
test,test,basset_hound_19,4,2,3,0823741d8db3f888de74b9f693b9a476ac5d73ca982e996f7b163c9f6f66fb00
test,test,basset_hound_61,4,2,3,08ca8c19bbbd0d14a5b08240f5f9a43d4ba8c83834e70d299f2e62d4fe98e0d5
test,test,basset_hound_44,4,2,3,094af5d180c8d58b1c1aa53cbbf817f6048603b7f09821a155208267daa17fa0
test,test,basset_hound_21,4,2,3,0aed34d719c6ed898566f96f9fbd9fc2547f8ccce5993d689f7d3dac20bfe61b
test,test,basset_hound_30,4,2,3,0c2c124de90d6b10b976f20f3c8f06085068c5ed53850aa10cc2b9091d751e8a
test,test,basset_hound_71,4,2,3,12e466c84948b45c2e3839c190bf22ca423093cf2cf2c0416ef51fefda746efa
test,test,basset_hound_76,4,2,3,1374fdf7f7b2b6292f105760fefda6414b44272dc8e4e6f419b3600949b11b5a
test,test,basset_hound_194,4,2,3,139a1aede4389b9f324768085c84843109c7934117a27119390d56c8f0cc8f3a
test,test,basset_hound_95,4,2,3,1938910010e939e08ea477bc05effa582356f51604e265a372a797c7d64e1ab5
test,test,basset_hound_80,4,2,3,1b982961bacbc56b2c1424932bb556ea21a5b0dfe0ee874b8ed4834ea06b607e
test,test,basset_hound_199,4,2,3,1d72a3a04e973b084c624d74fed026ad74ebc629cf49f708dd9e86c7de35dbdd
test,test,basset_hound_25,4,2,3,2339ba7576dd61ce99addab559ae4620125ec268c817ae2fff20ff8464d302ec
test,test,basset_hound_83,4,2,3,25b2bad4ed899420c82f34dc3f0a4c736ad220dab950d0fdf2954e7dc1d438d7
test,test,basset_hound_38,4,2,3,28ea9b633c4237ef20871dd3ec86ed2bc03ddf7e7a0c6863524b9fe5f91d7830
test,test,basset_hound_93,4,2,3,2b736c350c661edf056f6672c99b7c7fdd5c0b4c8ff63c489969f947479282d9
test,test,basset_hound_66,4,2,3,30c9696f5f5635fd50cb4b91346146b648def9f1068c4bd80069c6374e125a2d
test,test,basset_hound_8,4,2,3,3298ff224fbf38d488385ecb6a518700feecf3c4fb4aa86834276ca84de4fe67
test,test,basset_hound_81,4,2,3,32c2717da04a1cf2dd57ebdcdae4510ed52c865e53a07d1b2debb70c62479370
test,test,basset_hound_28,4,2,3,32da41b0822e40ef90d0a5572014515180a8b9a5195e87fba58c6451f7e5259e
test,test,basset_hound_51,4,2,3,3395d3ac3d524d11b7ece157db48d87edd9e65a89f69c14bbd445915e5e033d2
test,test,basset_hound_92,4,2,3,343128b773f2421553a5cbeaad7e8b89fcca172ab4ce88aafdc1d8b0094d749f
test,test,basset_hound_27,4,2,3,3bc169c36aedf6b09480bbca15e83fb3e51f3cd14c730d39a431743dd35347ff
test,test,basset_hound_192,4,2,3,3d16e1779c46da501d73997db89e1d7ce597c84fd1e0fcdd84f5f1e64be09858
test,test,basset_hound_65,4,2,3,3e0d2f71049ae19d20691e948cc3ca9a0025d6860beafc0e27e0f388e93bf687
test,test,basset_hound_26,4,2,3,419f1d0d45cbae0948a7e744e20323064382eb50964ea0ea733342590e761366
test,test,basset_hound_198,4,2,3,4467d4f9994925008c03ce6efcb5da909a4ff76f35e3feee329cfeeb36be87e7
test,test,basset_hound_31,4,2,3,450c76cee57ed43e8473a813c5baa47ea0e7044dc43b0ba0cd5db5b451be18ff
test,test,basset_hound_45,4,2,3,460ed1e36588118f4095853d2fd532a0708d10b40ddc0a24572d432da7d47117
test,test,basset_hound_42,4,2,3,4879057b6c4e2b66175e3ef198038962bcb1dbd7d1e64666fe6c13fbb1344fc9
test,test,basset_hound_54,4,2,3,49db81dd0bc9fa6487a7ae425407fb53bbacb6cc3cf66cc1b328a288909009a4
test,test,basset_hound_1,4,2,3,4ae82cc5a0d9e1f8f3b546cb851eb62dab67619c50969fadb074748dd9c40278
test,test,basset_hound_58,4,2,3,4e4d19a159a76fd41164f12d96ee9cd9fa0f1745224e11d8f4866d028cfa9947
test,test,basset_hound_32,4,2,3,511d726ea7c2344c153b1370a5444caa7b2d980552f17ff5c1b48304c0305fea
test,test,basset_hound_41,4,2,3,52fff47fbdf8cf472a713627b0b2d364adfad90196dcb0bf0d4518d843d35007
test,test,basset_hound_97,4,2,3,548f40853f3b6229de94856fe5ce648caac038d0b0397c3a05719291fc5dd1b5
test,test,basset_hound_23,4,2,3,5542111d54e339141e01ac8d72c5d7631c99536ca19e8a376321a01c966be780
test,test,basset_hound_62,4,2,3,56ec7bb074742074a65e46d99c4cb002506f0d8c770e2001719b7970e0ff4996
test,test,basset_hound_5,4,2,3,572a4a981e5ad1d1bb4fe748ae9b659435b6ab807f82453f8a3ca13fc40ad8e1
test,test,basset_hound_59,4,2,3,574401ced9d13df6a8bbd34455846ceedc457b2a7c0673f3af36e8eedf7a10ae
test,test,basset_hound_9,4,2,3,574699151c8e8fd74b662b6f7a683d70b12de9e3991c2462ffa0f5d4d57273af
test,test,basset_hound_34,4,2,3,579e8401f6cd15628c9447c62547330869c1776f1254e6e0d7da7c2d73a1f131
test,test,basset_hound_191,4,2,3,59930573124265459940e3c17e6c5cfd1ab39118f219e86e3536924c2c0ce291
test,test,basset_hound_29,4,2,3,6241b2d6b7bbc8197c0da10694e44b9266e50f07ee17675ee8af7447ed935112
test,test,basset_hound_39,4,2,3,68548b58aec989aec8ab21feccb97f264368521f0358f31acf628ef0fcd0c70e
test,test,basset_hound_70,4,2,3,6917132ad35bbd2af898c83e1e4652ff1f78bf82749b9dedd6a5bea129bc79ba
test,test,basset_hound_55,4,2,3,6ccf55bba15eee37c65e20387531a42ad8b5046cfa2fab5a7e014301ecad6bd0
test,test,basset_hound_40,4,2,3,6e4a89604278b35397a1ab2ce4d2918a94768cb715db2d4b20a9756e35ff394a
test,test,basset_hound_94,4,2,3,6e6035ee0afd8e700488ddb8b5e737c2d99e44ade28f0ff8e4f6d8ae553162c0
test,test,basset_hound_86,4,2,3,6f2aa7e87d9370618442a57e23856e035174d84a3f1d1d8dda8d3644007cbca4
test,test,basset_hound_99,4,2,3,72e8ce09714b07e7145299bac6b08ee6a4816b2f72d358e7d078bfb386336817
test,test,basset_hound_72,4,2,3,75ae27cb2e7d243b4c575294a2048a8ee729ce349a728fd6fa558cc15723aad0
test,test,basset_hound_196,4,2,3,769c9a31a51b67baf5abeeb122345d478d5046d697e538bdb3af5e25f9e534fd
test,test,basset_hound_24,4,2,3,7899f572d4cf75c640e26955aa8176120fe85fb66b83dc8258d918c6560ac2cd
test,test,basset_hound_75,4,2,3,790d59848d93929d362b871ee78368f36acf02892694b57725c1a8c78fb11e35
test,test,basset_hound_53,4,2,3,7a3dc7373423e9f058a340654506bdd74b7f7ec052b2d203bb0f3ec933eb96f1
test,test,basset_hound_85,4,2,3,7a7cfd866cb2798421796bd2b5c484033be477957c5d1293998c2c5cda239766
test,test,basset_hound_90,4,2,3,8c3b325e3a184cb24b7e25451123614b9eb8f26960f182daca12eef652c0601b
test,test,basset_hound_4,4,2,3,8d0eddb79454a151f590df434964f0d81894e17123600c3350dbd73e5ab9fc7f
test,test,basset_hound_98,4,2,3,8e3fa1b9e2e92acdbbd986946284dcbafc7a826a2e1070843049ee51bd2f1e93
test,test,basset_hound_2,4,2,3,99b2d5047890d6338c3fd2f6e98dfe60be1941a6965e104f6ffebc16db815056
test,test,basset_hound_96,4,2,3,9b9035df8824ed1ff084c79829f0a8eeaf5b9fb525a9af07a632a7922a48fed8
test,test,basset_hound_64,4,2,3,9c046a62e0ef4912c6e3c8ad8bd356de3a039699b7d6823f529cde8d3e9b4ffb
test,test,basset_hound_89,4,2,3,9c2d893fcf906b8a9c513a81349aed0abe587a179051869c0940353f632071cb
test,test,basset_hound_73,4,2,3,9ee1434f2e16a293f7b3bd685392c308121eafae66fbddb78bfcbdbc99160c9f
test,test,basset_hound_79,4,2,3,a080fe89d8b8a935b2fa7d4fadeeee6a171b7866da91484eb173d1c7f91ce6d5
test,test,basset_hound_195,4,2,3,b04c9ea7d2109bc1444ededab536465c12c2cb59dc922b1b07455a7532539afb
test,test,basset_hound_87,4,2,3,b51556980b3d3c59016d0fbe713bca7f476f008b3ea7c1082b958974e969c625
test,test,basset_hound_57,4,2,3,b6c04b4fbc25a5454ffeccf0f8353394fa873ed3832d8bf124c162e53427dd7f
test,test,basset_hound_60,4,2,3,bb250741b75849456e31beb611b1044b09cddc51f9d49033535fcdd8bb052cb3
test,test,basset_hound_37,4,2,3,bb44ebe187609dafd397f7d4efa6da6226f75f005491c7668534ae9129716e0f
test,test,basset_hound_52,4,2,3,bbdb508c1368f94a7a6daa1caeebea94dedf478eaa6d72c4c670655d47ccddeb
test,test,basset_hound_78,4,2,3,bc3e8461b16f4bacfd7fa94bf69a5c4a0005741e0948acf18811a0d65dd6d0e7
test,test,basset_hound_36,4,2,3,bfaf890991a1f8977d3c489e601c8f01da3069f3426740a81afdfc700cd3f8b6
test,test,basset_hound_74,4,2,3,c2bd55beb1f03f89530abee3a5781ea0b4de66080c69626656a2323b7ef655b5
test,test,basset_hound_46,4,2,3,c57302c746d71b1592a6d8a90eae3da969a9f29a551c4e7843059fc02d41c957
test,test,basset_hound_193,4,2,3,ca0e929943d70189549040679ebb8442a0258a99b2fc6b2411777d8f4bda67d9
test,test,basset_hound_91,4,2,3,cb6d35881091793eda3610485d751055640067b17ac956d53db9cd14ca198206
test,test,basset_hound_49,4,2,3,cc53fe62cc474edbbbb1731c83009e82ce6401d83cd489d25c7f8020340f7cc0
test,test,basset_hound_20,4,2,3,cf5f1a8eda40b14ea3dd6bec9f726959193ad3c0b75b05ec3f91e2fdad350305
test,test,basset_hound_50,4,2,3,d3a0d8bfdf8a831adecdbb98f21f60d87e6c3bf64f03bbfe18820f30afafe196
test,test,basset_hound_47,4,2,3,d6f407e66f8e493610549465e9571f70367c5d78732e9e1b3841ed2d3ad18e07
test,test,basset_hound_88,4,2,3,d809b255051193c62238b5761d06a878bb87e780ff8b1046b32408a2adb9e52a
test,test,basset_hound_3,4,2,3,ddc1eb566d03af5256130ca6ed05655e6ba0fe4fa5b883be4ccaf9af3f1cf2f8
test,test,basset_hound_33,4,2,3,e11a4f0b89ca9ad21924ab6ab4ad3f2e4bab793353d2939af68abb3bf3c37443
test,test,basset_hound_56,4,2,3,e11ee09c6cf9dd82fabac0aed53ae7a33efbbfda5063b83300df6f0f7fe2dffa
test,test,basset_hound_6,4,2,3,e7fa8cbb936b747327ac612e154b4521474ed9ba2f2c53751afdb3a9ee09b187
test,test,basset_hound_84,4,2,3,e9704785dfc6dab43c20f6983c138e61d9f24746c6736bedb6b90775f3977aeb
test,test,basset_hound_200,4,2,3,ea69b0614c6ec258ce7d3be5db1eab4d04dd73d9b4231bc303eac9fe6460dc0c
test,test,basset_hound_68,4,2,3,ecfba9e2e469533fd5603f034367a4827929b138fd122cdff14300262b002956
test,test,basset_hound_7,4,2,3,efc40deaff2e9a57500a39a12f1d5fe3c9f35ebc3dc2801cfd3763e442066ddb
test,test,basset_hound_77,4,2,3,f23aebb8bbe9b07146738f1e22c392bc5fa16263e40c51cfdec6b688be640e20
test,test,basset_hound_48,4,2,3,f81d0a276652541896ffcd4c871fafcfa414c4462d7ca4ef28cbf9f041fa6eca
test,test,basset_hound_63,4,2,3,fbaf296fdefb817a66aeab767e8f91c3b95b803d6acf1fadf272036ff333cc72
test,test,basset_hound_197,4,2,3,fc92a420a652e8d5c3728c0600f481da5ddf85457863da3fbf3f22d01f091f85
test,test,basset_hound_82,4,2,3,fe36dfbe7e62e79cf00c0366b849fbad240d97e5a14437327a5c77f7ebb71d9a
test,test,basset_hound_67,4,2,3,fe8f0d7a68cfe0230d18420ba2ff764ae4d07f938d0fa3d54c9a3d7648cf8873
test,test,basset_hound_22,4,2,3,ffc28697618c32cb138a0a4d04805b12fd4c419f57527f67206080c3b0a73ff9
test,test,beagle_42,5,2,4,020ed211798cac7310f46d7dc4b15ba9855e969af10b12b79eebe1ed3efd5824
test,test,beagle_78,5,2,4,041e5036ecdd2fa220d037512f28f77728939425d547998bb2d7e0a20096cda3
test,test,beagle_86,5,2,4,04704e5e14754369f10b0b64746a7f81044fc58120cdaa45daf88d04c4ced70a
test,test,beagle_60,5,2,4,050b7eb4ffb2542bc187425c6535dcdad88c5d1452968c1f28b880abcb041eda
test,test,beagle_43,5,2,4,06b6671570fe3cdde1d9efa3832a4b81b311a7339a0ba985dd41c2de808329fa
test,test,beagle_24,5,2,4,08c1b34c3458221134ec42d0de71d77e9953793e02c1a31aca9d95459021231e
test,test,beagle_53,5,2,4,0947470fdfe936774145a797f8545634711caf009a342583e3d702f49bf9769d
test,test,beagle_76,5,2,4,0de069bd7c305466a40e83823bd05ada346a280945484d1dccc798f0c82320bf
test,test,beagle_33,5,2,4,0df5d51325c6c23b5ec91be5b99679e35c715475b776f836cb7784757351f25e
test,test,beagle_9,5,2,4,0e362896584fa06cd18b3dece1e98479d0e9a6b82520b47dd55a7e8d38a4aa94
test,test,beagle_89,5,2,4,10d3aa044f0353baeefe8dbfd19fbf52dce2206eebf1c24207a680e3cf40f649
test,test,beagle_73,5,2,4,1242071e1ad38ee679a3bebfc4ed8e26d74a38e3499cf9614a59101ee87c0cfe
test,test,beagle_8,5,2,4,14541966fef88da9db15fae5c642ff79f816799a0667349f3c289bd9b40a3001
test,test,beagle_71,5,2,4,1637d71c75f69a6320c55f30390f884f12251f0310485fa4e16247dd476b35e5
test,test,beagle_64,5,2,4,1d6f4f3219a8b780fff224e3431182bab2c073417570c85786f47d44d1f66a7d
test,test,beagle_198,5,2,4,26aa81d4094ca79d29349a113631a408fdf069bcd6869509604bfe112a1be3bd
test,test,beagle_25,5,2,4,287b802b466c9950c4914915e4d6ce0b3121e20b7e79917afcc79becd87f961c
test,test,beagle_200,5,2,4,2c52e6cdf8df75fb38f38334ab780c48d176807a75772800d3437c4b8c15acfc
test,test,beagle_2,5,2,4,2f6ca4cff09bc8acb5f20a0b7106b8ddd656ca489a142c0bff35e0dbc0105838
test,test,beagle_69,5,2,4,30d7f1b256a42d4a767d8ef1b73f63c3d71a8b54a0ee510ea688ce50f132a1fc
test,test,beagle_44,5,2,4,33b25634b19c17746b99ca18b98ab7c8c30faa153d3b7f6e01c18896c2a5b2dc
test,test,beagle_50,5,2,4,340adc7e4a02599c2bb9b72586278438737651d7579cc2b85912a24560dbea14
test,test,beagle_37,5,2,4,39db5d2b07ecfdb2ea0e5788d96144b7863d2eafb2bfd57b98246cddd7943b2f
test,test,beagle_197,5,2,4,3a5e34525253da5b782cfebba648b012ad5c878d64a725e58cdbd109b3d9961f
test,test,beagle_67,5,2,4,3af77ec73bca67eece9ce51ba4f995e9fd465b3f1563e420aeccb0be992805e8
test,test,beagle_32,5,2,4,3cba92840e8c003f59eb18d5fbcd7211c93752d48b33644d924da4f629e716cb
test,test,beagle_5,5,2,4,3e3d6a00415bc5a0124cbd23681681f0c379a2b438f3f1771d282f34847d5ec4
test,test,beagle_35,5,2,4,3f480dcb8e3c7f83b464645705087a3b765a91670a99d4869a2b76ee924729aa
test,test,beagle_1,5,2,4,3ffe7724ec2543ac8b90a8deb24c40096248221edab2bbe435e844be96a733ab
test,test,beagle_94,5,2,4,41c3a77a852b50cd415726aa30b91447a5e071fccfa5b3517c4bf541debf678d
test,test,beagle_97,5,2,4,488fa929519ff7a8c414dd7faffe70969bdb0348ed805fc3321ce57242594d90
test,test,beagle_75,5,2,4,49b00a6ce7cd0276bb77d3a16d6960d7897168c9df54b3e11a8df13d554b8867
test,test,beagle_4,5,2,4,4d4e77b1f7afd0b0e829e4fe581dfdd87cc1b88ee9c7e64900c748214ce54ba5
test,test,beagle_26,5,2,4,4e6d55f3ae8c13a33e2ab9dedf2a00da167beaa533753a098e6505684b585983
test,test,beagle_46,5,2,4,4efc4a3eef49822e09030d682f65961dd7b18f214fda69f10e28cee1f3da7980
test,test,beagle_29,5,2,4,4f274fd99285cb5965ffd4c5e8615d0456abb4d25d6438acaa6aac0a1ee0b9b6
test,test,beagle_40,5,2,4,53722588e2e7c32021aa859776bc20a656cab8141927b533218846b7b837e945
test,test,beagle_77,5,2,4,5a4157ec33599d5b371178fde1c1599507932b36e7a374dacd3a94aa1a4f5889
test,test,beagle_204,5,2,4,5afc6a41ed78e422947bb4efa6dc25ea809c32c8e62b773dc30b17d12c5c2e27
test,test,beagle_38,5,2,4,5b4466fd0f6922cf313c77adc147017e7d8f60df491db97fc74ff3367b9b44da
test,test,beagle_61,5,2,4,5c0c9b16bdd5a41cb83305ffb20e3374cde0750b4baed6a75778807741eed61c
test,test,beagle_3,5,2,4,5d4051a59e316cf111596d0ee4990933662401c4eba9cd31bb9b9bd78e9ee2c0
test,test,beagle_79,5,2,4,5e413d385acacf7b3b8522b715694a80a430c73be0eb835e0dbb4f2d6ed06626
test,test,beagle_27,5,2,4,63a20675411a61b3e653f286757fc4bc8f851b3abf948d2e33d8a292502b7a1d
test,test,beagle_47,5,2,4,658fdb16a8c7563d4a5ae9ab0cdba59e128fa38fbc453b4978e57e80a74a7ca5
test,test,beagle_22,5,2,4,6acd8e6d0c4df3b277ebb2e92bf2222c4e5d7d68f6f7337a68ba76c4c74f28a4
test,test,beagle_201,5,2,4,6c80492cb02d9abb8f3303ac75427920d7afaf8d4e18219d7c7c3625e28cae7f
test,test,beagle_7,5,2,4,6ed32093ce4be0b48576407850e372e8a75d772c606a7ba7c60d76b5dd63833d
test,test,beagle_58,5,2,4,751e37bc82048956306b363bb1da6b6c47d974c70ddacd470ba7238ab13dd34c
test,test,beagle_92,5,2,4,76c601df791235c9510d45ad588730d05a5ce273df2574a8aaabf1d7e9c47258
test,test,beagle_65,5,2,4,787f8d5c8a06cfb7ead31459e7abd4769a902ae8c0e476a6205ff93776d19cbb
test,test,beagle_203,5,2,4,790cd403734ed3f7021e96e807650ff7e27dec18a5febcb29b211b8b9d1d30b1
test,test,beagle_196,5,2,4,7ae0139a335473a1ff977f876bb44e6d74f30e975f2a98381adc3008d5b5f76c
test,test,beagle_62,5,2,4,7c0c992f5da635ed51bab5c17b3aa0f5c55352a6d81177e690855f0ceece6147
test,test,beagle_202,5,2,4,7fa8536046a6eb8b88feb908d4e2c85a79bed9dbe90bf811550917a5dbbd60ed
test,test,beagle_49,5,2,4,84580ee4114e5a3215abc361786a90f8ee54d8fca4d03e77cc711bf883108f6c
test,test,beagle_30,5,2,4,86db5fcb84c20e05a28f9c8a8260405d6b842eceeea178d9cbc69b24ba111e32
test,test,beagle_55,5,2,4,8a1e537e8db1f3939619d49198e310c41e043638696429c5a96a27647adef34d
test,test,beagle_63,5,2,4,8b956a43ccabc96ba51e391eb3001565398871d4b5ffae04ed860d722486e818
test,test,beagle_74,5,2,4,8e8ca0c795c34cb143487e1ce02309c359fe6eb543854780f58e064fee32c940
test,test,beagle_95,5,2,4,900bdd0e36ebe3c0cd97628815b55ed305733fd0957310cf54e13ead24be68a4
test,test,beagle_54,5,2,4,93f54acf156b93030ff305677e7bfb3f8266b9f3e765556915f6ef652e0514d9
test,test,beagle_20,5,2,4,94013fceb93a4df94edaf13c169bb694f2db417e148f16a6ce51d6f69491303e
test,test,beagle_81,5,2,4,9845bda73941745df0468a9a02715297db1b7e7a3ca03789790746d9f32ad59e
test,test,beagle_82,5,2,4,9ae03e2590a9252053b035bd8433fc4125cc38dd2f3b66b9a8d59f3c1c17938c
test,test,beagle_59,5,2,4,a0c9b2ff2ba464fece724df21e20249833d4dcbea8185b4cacde125c994a4e46
test,test,beagle_41,5,2,4,a2188e141a08c75002c56efb92cadef646ac6e8292c205992377b45c531df74a
test,test,beagle_31,5,2,4,a9a3c3021f585401db5b23c5d2d4ad3ba8b7d9202bea70ce5ba73a44e379e57d
test,test,beagle_70,5,2,4,ae4f06e08779772e2c8617a0948dc2dff6f3c4ca8cf6504d573b80c468999c3a
test,test,beagle_72,5,2,4,ae70138c6f1c4c93ca2c2525ffb5fcfe0824b6abe2aa639f0f48a8b072bddda8
test,test,beagle_90,5,2,4,b4fee17a5fd4334324ebf5cef7a12e535f4d7903bde789a9d81322b4ebfbc9c6
test,test,beagle_91,5,2,4,b5cb5686ffd06e69cebdc4638d578f0f6af6dae828fe0dae24c9dddea9de4e9f
test,test,beagle_88,5,2,4,b9f558cd7aff8c24e0df63de488ec04855a3ff5a712bc523bb20b63515d92cb7
test,test,beagle_45,5,2,4,bdda5b618c5892d937e2285991fba3380439d6c3bbc73aeb00f890d3ed86bad7
test,test,beagle_57,5,2,4,c153bbd5ef60b90ad8d9ce5e3712b7addda2d9fb2cd1c701929b4b8f3ce200c8
test,test,beagle_23,5,2,4,c1b95f9cf9a4495a23bf6cc1aa8791642ec4ce8a9fb70841cdd2308736f3565b
test,test,beagle_48,5,2,4,c2532254137cb5c47172bef062c832acba8620b223b3dbce556dd93c5e4c32d7
test,test,beagle_21,5,2,4,ca45b6dc8fc49bce1f2d8b8cf62356486cd9724fd75e9a480a0e8b978b295909
test,test,beagle_85,5,2,4,cb2219c732998a27ec288426383715ba2c8af75ccfd225f4c547d82024d89630
test,test,beagle_87,5,2,4,cc371f1a92492e315ed4d6320a38f698f3a046f2b47a83f5561b3b843378d004
test,test,beagle_39,5,2,4,d0238ff5d5cd05778915ed68f04b99bd603ccb0efcf9763afe20c1fc09df7f50
test,test,beagle_195,5,2,4,d2aaef9f50c6eba700f4f95f5dc74c597ff8246142451863947516eacdd2e375
test,test,beagle_199,5,2,4,d2d688c0e3024c760326fa19272d792ab8bd9197dc8244608d016bc3b735c1c8
test,test,beagle_19,5,2,4,d37b3ea55443c53f89b3f9fdfb51b168c8a52bf856a29b694e00e2518ea8b1df
test,test,beagle_36,5,2,4,d69f2b7a3fab85cf3f843bed36a93a3cc2f5e30c8c7ab26b480f2960c955c952
test,test,beagle_83,5,2,4,d8b2ae592be2ea2f12ae877a6fa4dd02d195962230b2a3e546863609fb6ab118
test,test,beagle_84,5,2,4,d8b759b583b281db6bca2533e98060ad5c365d46349ca25e0068c9e3a9ae4bad
test,test,beagle_93,5,2,4,dabaf75b6f2dab951f73e4f2b3cef7d373121e58fbc9bc89893869f3766f3b96
test,test,beagle_96,5,2,4,e51813fc9c07eb6872b21857cc94ee4ebbc57a07f39940c4500fb7b8b18f2cd8
test,test,beagle_98,5,2,4,e5300d41676844f76fb43833ed86cbc94f71a22539676f84b0f6972ba4fe2a0d
test,test,beagle_28,5,2,4,e5d428ab2aa8e5d1190c84b1b57ac9961fdf15ccff1d1ff93dba73e5df425689
test,test,beagle_56,5,2,4,e87ad2d8b90de6a8f4dbd9e600fb1376e8284df73df2b8d59bcfff28cb878e11
test,test,beagle_34,5,2,4,eb1bd92e042040c6d1291ea71fd96a35d34ba8cbdc98fa7974ebbb84496aa01d
test,test,beagle_80,5,2,4,ee52caeb29e045477742e902fc35db35620699f8c49c52fda718dce989689c20
test,test,beagle_99,5,2,4,f348498f271c609ae1f250d69afd7a35b11d472ca0ad0bf5da39821f0d482831
test,test,beagle_52,5,2,4,f680dc85259a6070d2ca4e2986863e20351df816f3b18db30c08290614ebc963
test,test,beagle_66,5,2,4,f697c5db0fc41422c2a2ea4f2b14273626bfa03d172b47eb83ac07d224061f07
test,test,beagle_6,5,2,4,f728ba8274d46460295a77edd62d23de7ee9d42fa7d43ae559d67fa738d30d01
test,test,beagle_68,5,2,4,fdeced2c17fece9ad35e2631592b64626a3795bd69b0dab68af21ab9bbb51f53
test,test,beagle_51,5,2,4,fee185a70920f97e9ebb17231e2ba6f0a4d7c26eabcd4930aef1bf9ed06b9746
test,test,Bengal_97,6,1,2,01a9e16ed4d4426b633294779b6251f6f0b915db56d0010ff8e7b7ad28896aee
test,test,Bengal_33,6,1,2,03e6a6a35c143b87941e3d83b3f9032739e4339df8eafbd272cdb6e4c13ed730
test,test,Bengal_71,6,1,2,07b1feadfb28e559f5636f9c6d6e7bd986c7230ae03e10730313aaf24679d611
test,test,Bengal_192,6,1,2,0c03649a4bd9993dbaf105f5770aee90da9fd781ac2d4ecd01bd7b43c5b6574b
test,test,Bengal_39,6,1,2,0ccb0f08ecb180dd635ae4e63b43fb90acba68704caf8548c149df39dd582391
test,test,Bengal_73,6,1,2,111aebb55ffae35d757b99f842cb35c2c221fe1314cf2ac5094b94da6309fa3f
test,test,Bengal_193,6,1,2,112fc9916324790ae0de16ac7f7bffea784ba2ac544bc7fc2db6e1592e13ee54
test,test,Bengal_26,6,1,2,1133563b27e210f84b2a63d65f50990753abd532648e473434618e19012f228c
test,test,Bengal_58,6,1,2,1232d97b383787a89b3c31814d59e8a2aba15db690264bd0dbb4d789ec81abcc
test,test,Bengal_6,6,1,2,1ca4dbbf0455f23cea110cfa056818c59656a56d88318ff0966190858e31518c
test,test,Bengal_95,6,1,2,20b9d04c1d35df15f646f181bb9e16aa410f1e2a6b32ac955d442a64215520e7
test,test,Bengal_41,6,1,2,236a5d5417d3e56a1a80ac19876634bb1b3872fd6c501c2d47de2d777c480c9a
test,test,Bengal_90,6,1,2,25e038aca0543eada5bf80d843310ce7be29121ef495c09ee2f6acbbd2edbeb9
test,test,Bengal_62,6,1,2,2676e570d04ca7f4335d159ff6a590d3abc98861d5e9bed6467cbf4ade249f47
test,test,Bengal_45,6,1,2,26fbcf2c1873edfd4ae7dc1b62736cd953b7c8fc0b2cf01d63cca9b3e6485203
test,test,Bengal_87,6,1,2,275461fd84e052db3b5b04c3e90dcc994bcf2828f5d9349edb93d42cb4e80fc6
test,test,Bengal_55,6,1,2,2a6e1fb0364f34c679f8f1950b439c7f0d11023970c377d85cb21893aa8d7eab
test,test,Bengal_61,6,1,2,2bd7efcee5b577b0e730ee031ffe087127440173d8dac97894b321e758fea467
test,test,Bengal_27,6,1,2,2e2c0d362cf19ecc1f3ebba411722bdff561c0c673e7fd4733f459807524f7c5
test,test,Bengal_8,6,1,2,2e66b0a72414592777a7fefb5d8bbc5b062dae1c7a4ecb2896559a3c7f2be50a
test,test,Bengal_31,6,1,2,30df6cce967eed649cc460c4c7df4e75031546644a110ea58e829d096c5dfb47
test,test,Bengal_32,6,1,2,3395e061d49aee8c6149f3cae3b3015f7b595e42ea1da328ffcfe7ec78a4c66d
test,test,Bengal_67,6,1,2,347f2a44c207eaeb0401aa550b977f2146aed2063b22e26dca89b2050bb91d3f
test,test,Bengal_3,6,1,2,34adbce2028a71b0de9f7868f377e7afe7409c559931619e17fda58cd1367dab
test,test,Bengal_92,6,1,2,353a1cfac156e0b2396e299a811624978b0f17545e1087c59281aac40b9cdf49
test,test,Bengal_81,6,1,2,3aba97963d3a9546362fa7fcc2cfd3b751c77359e4914e1e46063aad38dcb58d
test,test,Bengal_50,6,1,2,4021e5453bbb2ef6d1ab9788a6812ffdbd8c1c8f19aee3e7f8c0ef9339c9666b
test,test,Bengal_199,6,1,2,40e475b60868613db39465223261943ebcec8278e9fbbb6b0e2dd7e581245999
test,test,Bengal_93,6,1,2,41a0909ed04a0f19002e0380e47a7bcdae7b6f4adbbd2b18884b8dc9f1c2829e
test,test,Bengal_56,6,1,2,42cb52f163d4211354e4afa6ed85adbbb4424367922d77ca728398a2a9282c0f
test,test,Bengal_25,6,1,2,45f84bb2fbc5e8ce5c5227bc6ec690d482c479bebd713a15832d4a9c19f45288
test,test,Bengal_196,6,1,2,46ff79415535eee69829b06aff3d78671aedd9cbc1fca47df2243759cba013c8
test,test,Bengal_34,6,1,2,4824d3940fdee9c9f5e1931ecb6342b3a710fb7ea8f769e808128927457fdcda
test,test,Bengal_65,6,1,2,48dcb9041b7f7b98fdcdf9dd8a48d04c44e8a2cf7b5ed029729c7d4ed0a9f5d5
test,test,Bengal_20,6,1,2,4c0921c5168823a704a668388c3562a88150e97b1a01a3ba1b9f08bdedb9fe81
test,test,Bengal_94,6,1,2,524998dd6cc0b25f6d2141709ca282afc9f6774e44dd84385c86d4339bcdebf4
test,test,Bengal_75,6,1,2,55668887bc042ac9cae8924842d60e82bbec09992eca7a0305aa8fa3ab7fd650
test,test,Bengal_22,6,1,2,59664a6628ec8ddb3cefcb514f6ca47ae10d1fac2b6951de7a439f1172fbdc2b
test,test,Bengal_85,6,1,2,5fbe5acf0d1d33d38c4a8e5b7ac110ea66ea3d5055f5b82e286d9b865a575428
test,test,Bengal_82,6,1,2,62a93d8c0de9a28a2bca0ec8ed7452a63608658cc9b50d4780054b50097a824b
test,test,Bengal_49,6,1,2,65f0e3f91bd928d77090b656ca2d531207068c7da1eb9db1540d0f85c5457cc3
test,test,Bengal_2,6,1,2,662b419b74e27fae713be8135ce535108d70b22e6dd4935386fe2ce5ec906bbb
test,test,Bengal_86,6,1,2,6822fbb122044b44876b833f8bb55e44ed45a3032a0bbb8d5b02562c751f8dc2
test,test,Bengal_46,6,1,2,68a84ca029e062718edbaa9d20b75c7aa8320111847fbb7b46ddf009d97101bc
test,test,Bengal_30,6,1,2,6fbba2d235df84ed636ad2bfdbac05c18a4786036aa251f0739dae6bcbb8333a
test,test,Bengal_4,6,1,2,701f5671267899692307405ca6d84931deb511860ef60ead7b41207992e464e7
test,test,Bengal_43,6,1,2,716f58875f990b2d53e956ef1eded7f9bb677c140aa4d0eae119994955ced828
test,test,Bengal_89,6,1,2,722b66279979fb1025af9f424c8b7b2d0e81a35c8c95cd11040eb5ae0aaf3d93
test,test,Bengal_28,6,1,2,77dfa5c148e0564dabb417daeb1eaa4252cb15be2f4cf0e8e51efdf59346efe0
test,test,Bengal_59,6,1,2,7afe6c61522053818e1c2071b473004895524899ea012bc9a577956bc4782a8e
test,test,Bengal_51,6,1,2,7ca8422c183ab169f676254561bb7b7c27f5d4cee8fe801b2707a58b24a182a2
test,test,Bengal_194,6,1,2,7cd26dbe453fe09a5137f9932f3dc3a8f4b4c5a697c339e7461323289642b8f1
test,test,Bengal_5,6,1,2,7e27ce8c2535304fed5a98891ca44fc96252cd1199530e4222e51c11e8793485
test,test,Bengal_201,6,1,2,8123389e6a8d4fe6a0f820c41447704d2788b605a2261c67e951ee000b4f6a0c
test,test,Bengal_79,6,1,2,86a31249adc256da9a7e96d14c6a1720e5cf907ab8f292d1a362629b68f0b187
test,test,Bengal_21,6,1,2,87dc45f69bcb1c6be0290e74ef58861950ad99123969ccc997166c21f085c094
test,test,Bengal_23,6,1,2,89f593fa9365c9cdd732cc67362ba0002aa88c07494675fa72c8923c0234cf7e
test,test,Bengal_80,6,1,2,8d40ac28937f7bbc7f8e327e36eec6cab05843ea0dba7882844021104a42f336
test,test,Bengal_88,6,1,2,8dd9efc0b9b1855c1e1e86254e067e86d9a389095c4ccf0dc513619517198701
test,test,Bengal_69,6,1,2,8f3184ac3d89e60d75ff653e4d8dbe786419467699fd02bdfa633e34163e3f11
test,test,Bengal_35,6,1,2,90002413032bf0774c52b6ce3a807e8e9c84312064ab5364c2d025032fae85c3
test,test,Bengal_70,6,1,2,98232962c1ceabd639db252e2157ca3a16712a3518b84201dd7fec46462e25a7
test,test,Bengal_24,6,1,2,983f934a6b02ae64c89cacd3e81de5f4d26aa8f26408b633fb43e7123e7cef96
test,test,Bengal_64,6,1,2,9b7f27dc501c0a56d66588e1b60c697b0800e1f00258564d6ce9d70261596968
test,test,Bengal_42,6,1,2,a3cb1905b26fdfeab28780955b1c43a855ec0726c35857df665f1ad363902080
test,test,Bengal_29,6,1,2,a6c431c30ae80099679d1712535155bc83ba8f5e5d86ebe67a7122fb0fd9bd39
test,test,Bengal_72,6,1,2,ad5627048d94c74358fbf2ca20b55ee7091888e6854ce3863602534d7d1de16f
test,test,Bengal_83,6,1,2,addd6a615c1fb4f4383040407186ecfe5c29db2172d0c777a681b77c49d98579
test,test,Bengal_96,6,1,2,aeadb311bda9f0b6ca7662c2d67385832e5f7b3626fd50a1ec686e7d759d046f
test,test,Bengal_195,6,1,2,af236321ff2f362a5878762107b4616b28ed0a628a6e90dbf89e5322f7d0e828
test,test,Bengal_63,6,1,2,b29c698b6430773c56947231eb85701a95099f92c130941a8c29a47ca4094ce3
test,test,Bengal_78,6,1,2,b4a69ace43b4ad67f74891fc53303aeefad72cc0a1445a846a8c2b26b83b866d
test,test,Bengal_99,6,1,2,b6ea7fdf576cc962079806931e3a5068a7b8c4c5a1f1efe4ab7ce703fe8a7ac7
test,test,Bengal_1,6,1,2,b7334b033b471125c6d4eb8afc828ba7f1a4af9c06b32215ad7bb5f4258400e1
test,test,Bengal_200,6,1,2,b887cbcb2e5ba84937a472d99f787bc36a7f2057ecba7c9b83d7b393a9ba417f
test,test,Bengal_52,6,1,2,b8dc9ba38a8de0b1ecaf1f45c59bf29d17e7e387a4e6dc740dcbbdab96c530a0
test,test,Bengal_7,6,1,2,b911ef5ac91a9ce1bafcbb28d8cb62d963d124fe93dd65f5392d90fe0d9d5dde
test,test,Bengal_91,6,1,2,b99fd4fa2a1365ceb5c86e2948d161350f71376bee90a64611b7d9a8d3936e1f
test,test,Bengal_40,6,1,2,bcfcb00fccd0de81cb84fbd50305b84b8e9727e68555926c91e6a37d543b3cf1
test,test,Bengal_66,6,1,2,c12a1cb9e7d96252bc045e5155af5b4143e7f0b2788360b38af1d8417a3326d6
test,test,Bengal_68,6,1,2,c4faa182d26336870df2877df780542908cd9be42b9aa72d3652dee0c9ca23af
test,test,Bengal_197,6,1,2,c62ddfd7b58de3e29ca1b2a1d84e7a5d239079384411de113b019cf0554beee6
test,test,Bengal_198,6,1,2,c903abf99f31fb9d4a9fd8e5bb51bd24b50aac36ddab9f31e6ea548bda52e8d2
test,test,Bengal_36,6,1,2,cb7f63eb2ed1b59d3e87278e79a891899526578f9c8b39ace2784a379f475ab3
test,test,Bengal_77,6,1,2,cc8e1a0064461257e8c66e53bddcd03e017bc9e02286524051f216dc2efd840e
test,test,Bengal_19,6,1,2,cdfe96afaf3574838e04c88a505b6630ef78771e9cbd160db4e730566a41cf00
test,test,Bengal_60,6,1,2,d123822e7ce03236c0aa7468ac033cc70b924249837ef0293dc2d925e4f27651
test,test,Bengal_54,6,1,2,d4523c45ebfcc73f7b08e7abff4d6d81692b33decef484c5fdba8f9a7ef46a30
test,test,Bengal_76,6,1,2,d47ed8f2bff1ac60aefbe0b2b78a039078673c69ed3cea2169d3edfe3f9babb9
test,test,Bengal_47,6,1,2,da87f7f89e4dbafb1fa96be2dfe9c4f153f9a872672f386fbd3a28b61b29e257
test,test,Bengal_57,6,1,2,e005d491fc47f8af0ad8cd2e9b78386733f4f5483405a5653f94c9538d13cd20
test,test,Bengal_37,6,1,2,e074e30c85d904fbdccc8810bd59590e94bd73641315c88999801b8de8ccc5d1
test,test,Bengal_9,6,1,2,e09dfff4fa4e446fee8cffc5ef61070608915d423d929dfa36ba5dba522208d2
test,test,Bengal_44,6,1,2,e475e60d0f80ca5269eaa94af602ef8ef25b072288d3f48cfbf1b5ff66d58bc4
test,test,Bengal_98,6,1,2,ed7e9ea888216b87cd2ad063ca61d05d5d6cbec8d27504d082285a8fae02da22
test,test,Bengal_48,6,1,2,ef243cb34a0de741dd28a0d4cc49122fc19dd5ebb1d26fa5bba1888c60518c22
test,test,Bengal_74,6,1,2,f061533dd9e9a2f22315eec1e72958dcbf02b0f1ee3aae7ff036ba294ba87130
test,test,Bengal_38,6,1,2,f6b91be3767fd83db561bc31dbcd664f8851e3d23e99b281f61ad521e15e8bf8
test,test,Bengal_84,6,1,2,f70467d4981ad5d35e3b62c73861ba70e5f928c861415c19db31ab2778cc2111
test,test,Bengal_53,6,1,2,f900b18abea999de6eebb380056ff7ce465ec55a43d4bf6c90e50928b2694576
test,test,Birman_57,7,1,3,02b71cb6a0f30d42412ead722e1198894aebd67382fd3a3760232210c8459284
test,test,Birman_71,7,1,3,0bbb35da5fcf47b06d5a5222747e6bdd6b42467731499ff324296990e0c2a500
test,test,Birman_3,7,1,3,0d97ddbf9ed49b18715e0fd14d76db189d7ea3c0ecf378a920e543b67fa99928
test,test,Birman_39,7,1,3,12347a871dd0de9233678991e865a92c763baee382fbef07c05272c0dbf03545
test,test,Birman_61,7,1,3,1327e9f49651fef7aba095bb23536d1f0c67bcd1849c7a8302029ed4e38c546f
test,test,Birman_52,7,1,3,13577cc961300857f77beb9f4f8745cda4b6c23c43965a5f74133d30917b85cf
test,test,Birman_35,7,1,3,15e0617bbf0a33ead5ce626e9f886cf456ec3b25db8885bba7064ad6378aeb99
test,test,Birman_6,7,1,3,184f138426eedb24fdeef6f80378ad8b28228adce739ce661e4c6d0c95fc814a
test,test,Birman_33,7,1,3,1a1aa9494669aa59fafcea415a36347f680a4896bbd710249c773dd20db807f5
test,test,Birman_28,7,1,3,1bc1cc81f9bac376220cf7fce3e643b8c5f61e84f905af02231349d052014056
test,test,Birman_73,7,1,3,1c3d515c94f83419d141c93295e70bc16e9895a593cf1f72f83456d4d3b903a5
test,test,Birman_27,7,1,3,1d708ee98ff8de15dba3e6a3005bb45f09f85d9cf22110ad1682fe86c7722791
test,test,Birman_38,7,1,3,22f5bbdc8fab70ce2fb7974e051e3ec7f502ec9b36e9d35442ef181a0b1d4c7a
test,test,Birman_45,7,1,3,25a70b7e53f6a0547540fc5495a10073b65631b53783cf5af8bd0eeaa27d0c79
test,test,Birman_86,7,1,3,25deeb58c4f6fbd40e1c751b6ee3d174055a63139cf7b7a53c400b7b59819666
test,test,Birman_49,7,1,3,26e3ca2f0103cf8ff42f19fd6f667a6a66876a0d0adccfdac0e5ee0bcb2195d8
test,test,Birman_4,7,1,3,2c7aed29ad2333a84b9bd35ae421afdd8eb5183ebd858e27c0c6ef290d021947
test,test,Birman_192,7,1,3,2e6749b515ad22a3bda7a390ba8426041f5e23a66c0db961e7c1ff56c8f3b704
test,test,Birman_96,7,1,3,2fbf71579f0b267460f0d158ddc26bed8c6625688af9ddf4949e1d19428d8c15
test,test,Birman_36,7,1,3,325b825a3154ce34922314f7dfddc6ef1d8ccc4b05d0a6b8f4c4ad6f3ab66106
test,test,Birman_19,7,1,3,327cdf1aeded80c99e3a99474087856c52c8fd17ddfbda9ed7025025b6c1dc11
test,test,Birman_196,7,1,3,329f0d853580ee675a8467bac87edd181485f9afa6d125c9ab8b4a353b5652e7
test,test,Birman_48,7,1,3,3346e8a9f28c04f02de37ef22b129df0659797d5b8d1236f1491e4e2bb7e0ad7
test,test,Birman_88,7,1,3,3606bfee3fe51405c035002af0fe1a5e704455571b5b198134dac3a481948924
test,test,Birman_193,7,1,3,37b083ca4b914c96902ad8826d498fc000f4e4864bed427e41e26fb8a17a1206
test,test,Birman_25,7,1,3,387c307590aa8cae3b675fdef9a0fa0bd0e5bfceab0f82b4550f0d7760ef3d45
test,test,Birman_55,7,1,3,38e38953e103c9289134f844cbfc68106ae0d450470d66e4a472e7a2069df32f
test,test,Birman_80,7,1,3,3d5faa4ec73751557090c9c9fdceebcfa7b37f92c18eafd217b37b44fc7fd8a0
test,test,Birman_63,7,1,3,3f0a7beb5ce322d3eed1b9adfb353d45910cd7eb3f082cb06c117ac557b3c24a
test,test,Birman_201,7,1,3,426967c77983fd75454bdf6bc43656aa1ee6794c80f2f73630d43609335b0d84
test,test,Birman_97,7,1,3,45b9ae5e06af12f5d6f2767767244ed2101d95eee62d055cd88bd67bbcfd51e4
test,test,Birman_198,7,1,3,46d739a0abd907552190cdfdee0fbe728957b9dca5ff395ee51c7c2d466a7a0a
test,test,Birman_20,7,1,3,4ab8e97546a301a4066dc16529fc2894526003dbc82394422ba0b24a46a1f3f0
test,test,Birman_81,7,1,3,5015e3de51a8e8ed29bf164ca878344c2f815b918c7f3dcbc7d996f120a68fa0
test,test,Birman_23,7,1,3,52a1326b75e503554d447ea4dfc05729a42110a7541dd9ca37ee1e73c91c2c95
test,test,Birman_65,7,1,3,5798b02b20fb319c74918c8af2a0a1405b62ff8e98ea8a371c3f2208b0d61d87
test,test,Birman_94,7,1,3,581ef186c7678d57559f07b421bd4a056cf859b4228b33130368c0a162b50870
test,test,Birman_1,7,1,3,5a041e4bd096d426c6e2d64ac8ec1c73e738817dfd4841df8f61ecdd3cb18a7c
test,test,Birman_7,7,1,3,5a4af984029e6e1a3e5295d4c4a81b395fca31fe5323258fa7453883ec9c132d
test,test,Birman_42,7,1,3,5bdf118bf54b1951c143640411fc7e06f4220c8080139d874eaf42b27c029cb0
test,test,Birman_40,7,1,3,5f50c09066546f0b6b10e17ddaab01033bdeeb7326dcf325fbb2e79bb45c611a
test,test,Birman_9,7,1,3,60e8e03b5ed94b273e3481d70ac13eae1c914bd6bf741dd90670bb5b8f9e95cc
test,test,Birman_82,7,1,3,620c4aed6d8a285fced4aae30040b8906be3dc155226d9515bb6f9dd0076a575
test,test,Birman_47,7,1,3,64e5170630ad4eef023bd54f239ba84fd76cdc825e9ea9792789992cfcb6b8a9
test,test,Birman_200,7,1,3,65bcae8e35b7af9eea1eeed384aafb2237ddac0f951a977f3a6242195adbfb86
test,test,Birman_32,7,1,3,6666f33e3ec72873e290ee78f18094e2b0e1bb333ceb8f41b9639aee1a8cc0bf
test,test,Birman_194,7,1,3,676b416018aedd8722e430a0e28a848a6aa5aac8aaa99f40b169dda362b5c6cf
test,test,Birman_92,7,1,3,68cf66bf86a69199227c34b04e47fb517e6eb633ae855c2acaa2338ae8c00c29
test,test,Birman_90,7,1,3,6e1e280757181cd7241d0975e742f77ca2bbeb2d5a5a36c8828f5014871f0e6b
test,test,Birman_78,7,1,3,6e2c656cba33f3b0d47455164f1b75a3b26e962cf3491156315526ff5f924db3
test,test,Birman_21,7,1,3,6fd3e4a57e99a30ce8f336387759f7e403e6e4663156a065e6da587e23dd89b2
test,test,Birman_29,7,1,3,741e6df3652765990247de02b1f3e03eceadcbee298665c26808cd5b76d249c5
test,test,Birman_41,7,1,3,74a476b2b5cc6ef3bfc34a642a12c61220dcfb349723c8360b9debb49913a651
test,test,Birman_91,7,1,3,757fe335ea147813973ff8b1fc4f8f5a0d46825cfe61af488fd35f89ecb108c1
test,test,Birman_8,7,1,3,75ff2c5c12467169dbc1b7f77bbd9b4e74c2fa868d4b13b57860d6eb8130550b
test,test,Birman_84,7,1,3,7686d6b055d45192c8e16d56a99134ba558ada469c215a164053bbfc9b3e9fef
test,test,Birman_79,7,1,3,7768f73bd0cf39b31269c28957021cd947b2a3a654fe6c436ab59e5cb6e29503
test,test,Birman_22,7,1,3,77e5321ae2e7d25e4b6eb9e0501096d7f0ea6655cc78c9962d138c58d1a435cc
test,test,Birman_95,7,1,3,79e77450f9748e1196fd5567171f0d3cfcc0929a00349f7cffed0fe9d5d0199d
test,test,Birman_51,7,1,3,7a3f309f03cd5f5e8269b126d348fa345d45d741708a26bfc21ca47186ac2258
test,test,Birman_99,7,1,3,7e1933d54b2f95604b126b65e5c45ef3b1ec5ba06d0d496a9885f93c55099188
test,test,Birman_31,7,1,3,7e3699f8468808165c6f310cd61847b296dfa49a608cc9bc40cb2329cc0b5c10
test,test,Birman_83,7,1,3,806216f37fd0b8f74e47884fab3392a11d18dbd19769b831fa227094b52a1e06
test,test,Birman_69,7,1,3,8e9f1b581ee9f8f3842fc3e1071489942ca5b558ee3236c09652ff902d31dff0
test,test,Birman_77,7,1,3,94e76bd47e2a645d0b570e593217bf595b7257648dbd8f01f2a8ffc4265d2d95
test,test,Birman_5,7,1,3,97404b29b63560828ba6a31509a5a4a72b4bfbeabbddd6a977e7958684bdab2c
test,test,Birman_59,7,1,3,9d6c71612dcb0a334fc62d93821d81d1bc6212bbb9b6990e107d1603914c6fee
test,test,Birman_74,7,1,3,9ec2c55d4b9a7fcc3b3bbd696b19963b2700a519acee8e666623a94f866a90b2
test,test,Birman_199,7,1,3,a1977e3429bfbb4ad6150501b2876aa3faf14bc635c9862a4fded56ab31958e5
test,test,Birman_26,7,1,3,a745bef02d610d1e14a95cdc3ea65331349e38bb712aed507ae34fe5a8b3d67e
test,test,Birman_85,7,1,3,a74994eea094a7e70642290f9b076385925b9081d2025e05405321ba8d88eb65
test,test,Birman_46,7,1,3,a76afd9d26791c92660aeb6a3e4ffeccc830542fb6dab951375f69b2fee21e39
test,test,Birman_34,7,1,3,aa8a9f684d5df5d86e873607491a2b371426becb5cb8927dee7f935c1311f870
test,test,Birman_53,7,1,3,ab6ccd578f4d032a305dc54c95ce6c39ba83ac0ce606e890badfcede042db40a
test,test,Birman_93,7,1,3,ab84696584015e4d69b4de020436e86284d48bc906d02c7c533f34faa7ef2435
test,test,Birman_60,7,1,3,b4aa1cfa665a23cc6aedb0a9c67635c47f4accc8fae2807b2d42fbf5d9e3385d
test,test,Birman_98,7,1,3,b606e72e2a2eb3e76479e378a85d168f31c7f765278b3c4c0b7bc17fd95fbd73
test,test,Birman_56,7,1,3,b79d794f70314197e8bafcc08c7a0bc9f49b6352ada3e7aac597c5919d02edca
test,test,Birman_37,7,1,3,b7b36daffeddfedd9178028f1e732c3d676e2d9e63732eead57af2f791d0fb12
test,test,Birman_2,7,1,3,c35f1039dc92b0f142c7492fcfa4946a2957eee376799624c364ef7cb02c25c9
test,test,Birman_68,7,1,3,c3dbe1f7b386dfc84017416781214b4729118454e28c3d05e3ed9de0a0dac63a
test,test,Birman_44,7,1,3,c793b23f26437eab673a60377c9d57dc1c68b36dd1e9880ea3c45417e74b3d4a
test,test,Birman_24,7,1,3,cf8497dd50de71ebc3bdd2f30c10b0ca01dee5217e1e6231eaa93f70894c2e53
test,test,Birman_43,7,1,3,d6687e79c268d8a6f21f7015cdeda02da1e51c31762073aa4616ec7ea366e01e
test,test,Birman_58,7,1,3,d6e66ff3ecb44a9ed99006a5a679fb7c5b0f3880404e571cfdae65d699ecb7a1
test,test,Birman_64,7,1,3,d7fe12dccc63847ba11bf244aca961fce3b47692b2bb103aa8ecad348a7dab96
test,test,Birman_54,7,1,3,d8fbdb30cda44c04f26eb693247793683d59473765bce9fcfe851b8add3fcad5
test,test,Birman_50,7,1,3,d937e12ee7084def8148e759a0d42586d1ac5d6a45a86d730c21dc724cf6fa3a
test,test,Birman_76,7,1,3,db91e3eba5a81a60662a466f6e41498c5c4e59c3842868fc3d70d9b4a66ae0a0
test,test,Birman_197,7,1,3,dbc22a5701a4147d55b136f79de66febf715d1898468ed95f1216563922b81cc
test,test,Birman_72,7,1,3,e4d24df1228d8f00fd677b046058db4412b7ae59df5e5966391232420c02f561
test,test,Birman_30,7,1,3,e71e6b27125345a079218638b69fa6b193493a110932796b23bfefd14e5bbc27
test,test,Birman_67,7,1,3,e726a5255971e7c1f026e510fd458e4c50d752a4b1caa8c61cece3ea4deec1fc
test,test,Birman_70,7,1,3,ea70874e8d97d3d49cb5c1f8cf3c82664d13e773d9837deda4c2428fe93cc62b
test,test,Birman_75,7,1,3,eba7996aa32735e18c10716cacd26954bb7773daba624e5da6524be242dc2b2e
test,test,Birman_62,7,1,3,ecf615e75291c3088d6344615510f161c3063f32fc2f608a4dceff92f24876cb
test,test,Birman_89,7,1,3,eeea3e955eabcfb0289b4e18de23913aa0dbb9c427e3931cb151437aaf0c5451
test,test,Birman_191,7,1,3,f3e6d0902c28f95ef9c5f89b5383dc822564fd278645e738ed9fec33bfb0d70c
test,test,Birman_66,7,1,3,f3ea89ec9f382b17a571e8c2f1e0e2a8ce0594e9ac18994e9e91c30341ccb1c4
test,test,Birman_87,7,1,3,fdf42fc1ccc9dbca3121d27c355fcf47a7e1662ab5a337be7c8d8fca6dcf8249
test,test,Bombay_27,8,1,4,02c2594e1d53f5ce6455318e93273738996355521c6094b467009e6043aa45e7
test,test,Bombay_89,8,1,4,031a0c4d9dbcb6a7e92ecdb685eabe14de210978b6fc7d75bf6858464dfba371
test,test,Bombay_96,8,1,4,0b6b70540fa28cb33f54a950ade6d70e129c924668015a7d6efbb8a18c006b0a
test,test,Bombay_30,8,1,4,10f9ac5f568c0d89fd166abd4ccaf6a332641680a86a8786ad86e0c801abb28e
test,test,Bombay_97,8,1,4,11b4642eef14937d6804ae0666beb51874a62e301d1bea44290fe47ac56ea1bc
test,test,Bombay_36,8,1,4,1222443dd621979c8ae87180839971a5c01cb1524c9f26609bfa2b9f891e041e
test,test,Bombay_41,8,1,4,127c7bf935676fb42354ae007c184d6be3c036c21a44e406accfae2681a77d9e
test,test,Bombay_42,8,1,4,12c57407d0b56e72ea88f5dff2717cabbe6278c7add9ce720e77b700ecfe0183
test,test,Bombay_31,8,1,4,1665f040c28231175fd191098525e257bd3ae7e88f2a23b550ed25f1e9785edf
test,test,Bombay_29,8,1,4,1c73e25cdc0b4b3d4af4afbf9fa6d2b0a788ad423ad09e751162dfba87a15fff
test,test,Bombay_86,8,1,4,1fac36a436432383749153d9c4448d0f4e37039655765d44a653af016459a6e5
test,test,Bombay_53,8,1,4,23ab50e4eedf42063267b08376ba75e801d6464728529dd2282a1982f4a6a444
test,test,Bombay_55,8,1,4,24fcf776e7611d6838ee02ea2baacce2f8d69a01db7dd29803464d65da9f0511
test,test,Bombay_65,8,1,4,28a575a4d7e54fb1aaced4c90d830d8cb543825d81d62fe26e48cc220398fa84
test,test,Bombay_20,8,1,4,319b1744c44c2fa39d7e339dff0060a0c1e9b06b7e05e65faf0f2c2324f9c84d
test,test,Bombay_94,8,1,4,32fa29537f1f8697e638747acfe5eca8749201bf859e1c20b7fa5a3b03715b36
test,test,Bombay_43,8,1,4,3709331ccd92a5fd5f36f5eebeccb396581e395f5e56f4743bff2cec96734248
test,test,Bombay_74,8,1,4,37d6fd8665bf4dc9fd6f8000500bde905a356ecea787e7406f5f6c32039f15c7
test,test,Bombay_81,8,1,4,380555a6b44ce5b231ffe934b4097bf49d234381555dd458ba51dfee45c1c1ba
test,test,Bombay_204,8,1,4,380c9adb0863b0babd27313a70ddc32aef32f561a3321ad8305ac1339c0ca55d
test,test,Bombay_39,8,1,4,3d42e2d825c5907df91be4dbb09b52ce8cbe5d66d774783d7a37cce42cafb69d
test,test,Bombay_214,8,1,4,4226cc518df5be3c6f7a2d1165e35122e536c204f4b345035f87142f8d451a99
test,test,Bombay_37,8,1,4,487c045923d42037d2b182e10806a0c10b2ff5c1b64d9a6ec550743560bfbc80
test,test,Bombay_45,8,1,4,48c21f5a6f69620d520f60fc8f9d0848e2f245e58499597c78a9573eab688b03
test,test,Bombay_5,8,1,4,493610dd3623843fb8a598dd8bbc510357aa500374973a40333b780a299eeb83
test,test,Bombay_82,8,1,4,51dce6920971e1bc4f4c1734a69fe7acf3c3e5d92b159411d905ef8267bb76c1
test,test,Bombay_213,8,1,4,5650b4ed93149dfc4687691067307e5782c574f6afa80139974351c85f79479a
test,test,Bombay_38,8,1,4,63ec293058e74a51f7b54362905711b3ec49a9672c669a373ad6b6c4446b2501
test,test,Bombay_7,8,1,4,667a32de8448d251c581482f8fb9380879df1c87b4bd3d00afde653418222e7e
test,test,Bombay_64,8,1,4,75a2e23ff1e4646245d67496b7b5ff73ea6fee919efc960789c48a91fe986672
test,test,Bombay_202,8,1,4,77918760fc1e35d8487f1dd729065c247c8361f779ab2e6ddc9f9ce5b7b6fca5
test,test,Bombay_205,8,1,4,7b369ad0b04f7fee7b41f2562a18a946af8da4c74101e2e5287aa1cb0875d03c
test,test,Bombay_54,8,1,4,7eb451117e700a6c7c172f4f45c420f2c95c2f32287f44ffc0181d69f5fb3965
test,test,Bombay_23,8,1,4,86f5a7b6fa655ef4d8c0c7002671d8403e68922b03a62c1fa4a5bb53f71d0b1c
test,test,Bombay_83,8,1,4,8b227386b00d920da376a009f45b5a829ba891e99a93f53803c571eedb29f8d2
test,test,Bombay_201,8,1,4,8ccc833a949657b60e036a3e9b7b8b5542b4630d8d737e4e55c95c1f15698b75
test,test,Bombay_40,8,1,4,8dfdba5e3bbdbf296b6f8034893817bb49a723f5953f734655b8e98bde1c0841
test,test,Bombay_59,8,1,4,93432b592f04167fabfe0956169931966719556ab1d069c05c15c392f8e7c7e7
test,test,Bombay_26,8,1,4,955f3fdfb9e8c13d114c07124df4ed6955db1a0fea0ebc9b318a6cb25310628a
test,test,Bombay_56,8,1,4,99dfa08cd2e309770678468ad5e02ba43f928ee5d062ecdc86202dc4c90d4784
test,test,Bombay_2,8,1,4,9b5d7d1a011bd32fd45a2b8278d2cef8c63014e754187670de0ff39b49cb259b
test,test,Bombay_47,8,1,4,9b9145e1f0cb25334ab635894149fe25e13cc4e4522cf4960b82816bcc0748e0
test,test,Bombay_8,8,1,4,9d47f2731dcdd564d34495d7d7afe71034c135ee5f0642ba3041cbfeab69aec6
test,test,Bombay_93,8,1,4,9d57e77c738455324ad16c78853f8db7caf26262f4ad50583756c2d195f747d8
test,test,Bombay_3,8,1,4,a1b3e999eec492bfcd77c49de8752dd95ae49c7eb75d1e24cd8adc8e45f323c7
test,test,Bombay_46,8,1,4,a74ba427e3afd12ef84976b52b232b840f37a8884537c825125960a146ddff2e
test,test,Bombay_62,8,1,4,a8b6bb0d3dbf05bcb37a16d0b016e3d37137754da5a8f4e66112472f493224c6
test,test,Bombay_33,8,1,4,a937b24950e008cbcbe28d20ab4eca56ae427444ed60e96f29bd85738ebb190f
test,test,Bombay_68,8,1,4,a9be979745d0d89a847096dd86e942a74e278caa0254ae6ffb65d5f0e1cf6339
test,test,Bombay_25,8,1,4,abcd9402ca765541e3fcfc91d1598f73edeedd21515d3485adfa34d1cdf926c9
test,test,Bombay_60,8,1,4,adb2e8731b8a3f3d802e766a26d75da1b02cc836a33efaab902d8a15e3a86305
test,test,Bombay_75,8,1,4,af20f5b9d23bd1e55f822dddd91e4db798fcb2a86ab3f32d32bb12cd3baf6bf9
test,test,Bombay_91,8,1,4,b190364db97050cf1251f84cdd69039769f6dad3cc010489e66d28dae5216652
test,test,Bombay_221,8,1,4,b298006b8207a9eb4d3ea0339196024569e2e733d85d8ee6fa5d2a0c19307f5e
test,test,Bombay_87,8,1,4,b3866bdd1552e31c143d9902fc90914563741a063014dfebfe26a42fba0ca072
test,test,Bombay_71,8,1,4,b40c15fc2a4b51b797eaf31be3d526df1f01261b35abd7bed6c0f39da29207b3
test,test,Bombay_76,8,1,4,b68183da02a2f423cbdd77036913c8c5e97d4a37ad5d24cc2c9ac3f47c5b7316
test,test,Bombay_4,8,1,4,bb55b80fd237535fd079c74b0cff2a8937133a7dfb90d1b1e4ab91ec4a90b2fc
test,test,Bombay_98,8,1,4,bfdb5106056f25616f2cc3e26b5d68d61b782b2ae3dc598878409e82c01e18ae
test,test,Bombay_90,8,1,4,c01499b224feb39ee177eab29e61e7daf9fa9915ac124067ec3779ba1a78d474
test,test,Bombay_200,8,1,4,c60b0b102dfaa3978b28a32c364d62da56fa8a346aad1a88e15e11feda54920d
test,test,Bombay_21,8,1,4,c85408bcf183a2b74ceed754a39387c69329a9d3a7ead5bdc6888a871b428a77
test,test,Bombay_48,8,1,4,ca292bb746c7b8d9a87d0871bee472a00df32b6fcabf6b4830e95386ecc98544
test,test,Bombay_72,8,1,4,cca8e30526be0e41c134b3fde885a64c1e85d5131f58872f81ea205da186f7ab
test,test,Bombay_9,8,1,4,cd8ade7bd05d7951233fc2007cf863c676cdf2a3be697583506e86e9bb79f07e
test,test,Bombay_215,8,1,4,ce58b54150e0c339f10b8adea3bfea82f8336eb7a4fc9f153f2aa2ed0cfe19cd
test,test,Bombay_77,8,1,4,cef2af6ce18164a65ce0a5194df227ebcefb5d8156bc7fa8ae4df202c3ece71a
test,test,Bombay_66,8,1,4,d322790b71f71720825a6f71f3d11a03f929f51f5f4293d3e976d0b279b0c47b
test,test,Bombay_24,8,1,4,d5217dd0d108369a7ad5c556a300e1ad36ec9a4db3020cbba02d58c7fa208a28
test,test,Bombay_58,8,1,4,d7920d91a657cfbc237c97adb0d2fa1dd07be299c5c81ee0980012f460511d17
test,test,Bombay_95,8,1,4,d8919f1997c6c3c24dbcda07f8dfbe2fea699d438d25a799f76a3c45463ad2d5
test,test,Bombay_50,8,1,4,db43ebc2fd9011ffea55f15bb5f864d1ce35c9119570ba5865ead4fb298d367c
test,test,Bombay_63,8,1,4,dc5d133d528b59494cf4dfbf1f1541d9b46ce6ee8822f102f912903a14626db3
test,test,Bombay_80,8,1,4,e1475708b0408c84c1ebcc135f08f0b29edcd7fdbd96bdc724d213ef088c354f
test,test,Bombay_67,8,1,4,e2f8e2b607a02bf82254428a60ce3f1cb5996d6d0dd989e1fdd12cde8cf45d27
test,test,Bombay_49,8,1,4,e4fbf6730110ba62d8792e0a31a6e7d32c4bc3ddd4f612550e7b44dc0bda2568
test,test,Bombay_70,8,1,4,e5776ee2ab6321b154e0756f15a6bad0129f01de2b9cdbb73167fe88f3703548
test,test,Bombay_79,8,1,4,e677d77c6262a9875e91cdf4309e9e9fa2fa8dd8e9d290e586b471fd27260b61
test,test,Bombay_6,8,1,4,e89d73e2d354af2a7840563caa5ece71fd51aeac97c9f84a92527b9604a84da6
test,test,Bombay_88,8,1,4,edcf05b316b2a8c1587e9948f8a7d6d2d2827a08a19af576297c232ca40931d3
test,test,Bombay_57,8,1,4,eed51292173acc39fcccf6c6f7862b877fb1a8843d10fe772eb6d64195ca1b79
test,test,Bombay_61,8,1,4,f0f4519adb987d35da259e965a43ee44042f826416b1261713ae2b05704a5861
test,test,Bombay_34,8,1,4,f2e858f59603308ee409458b4616464b175b6f668b206af341602e838b88ac7e
test,test,Bombay_208,8,1,4,f51105eba90f163b6e8dc7aa0f09951ae4c7497d5768cb6d72e6104af68cc7ef
test,test,Bombay_84,8,1,4,f52e1b15ee1f2b2cdefc56efd8fc8706c16b18149b203999ca9a7d88ae3db1ae
test,test,Bombay_78,8,1,4,fa3084745a7798f0deb8cc83bbaef72144ab4dc967a94dfc19f25f79c29621cc
test,test,Bombay_52,8,1,4,fb83006c42b5d2c96f703c537483278700537583797aa5fc34a29cde11074491
test,test,Bombay_73,8,1,4,fe0e2ddbe4ba3eeac24579ac456f045fd67cad6b7409b834633d5e486dc20fd6
test,test,boxer_59,9,2,5,004ffc1873c1f4d4ec6a1e2faecccdb59ad025c28be2a9b0b49291752d3d06dc
test,test,boxer_35,9,2,5,02bb17b9607a0bc2256efb756cd5393a49eeec67ce2655ba9ecc9b223981aa47
test,test,boxer_40,9,2,5,06024f9f3c1b325d090c56065ddefc1f519403b80a4b95a51c57cf59318f1b94
test,test,boxer_60,9,2,5,073abe8eee2ff62aa2eff98814b007fcc75e4e5640850014eb3604b390f3de7d
test,test,boxer_196,9,2,5,09cde409dba6f6c1dd51c1ca51eb1ae0e1792a846bfc438c762fa084fd4dd5f3
test,test,boxer_89,9,2,5,0ab9ccabbceae4b4c4f80cd94d27107c81295e191be7762b4ad5be58228ceeda
test,test,boxer_37,9,2,5,0dbcdabc67e773a2e4a41c75f09a8fbd18c27917e3d54964edf9c9f697bc4041
test,test,boxer_84,9,2,5,0f162c965f4ecc1d8977b227776e0fc8737b9346f42c80d78918a845d11b4e2d
test,test,boxer_5,9,2,5,0f576f5b440f84f327054e8e1d1bfc324346ba012df8181f94331d2fff6a9214
test,test,boxer_19,9,2,5,153ce013e4a00f0c94861f147be74586d30e20f4229844a0580190354396b4d6
test,test,boxer_49,9,2,5,18900d94bb416ae40c8b1960aa38b491b3a02d802c70d91a721d43b0b1e2ed88
test,test,boxer_85,9,2,5,1c10cd3a1f2d422e82d6d370cb40ff6b5772cfc2bbcb3046aaa212e97b0a0302
test,test,boxer_73,9,2,5,1cce9cbbf09366a9aa218a9364c5789147b75c9ae43076a5af2af8e4b94bd0ce
test,test,boxer_26,9,2,5,1d40b5a979b15b84df1b268a3e5769aaa05e2674304c9fcd0f60646bc6b1bbdd
test,test,boxer_75,9,2,5,1eb69c9c5b1e8bbfbe2d8e0dfc01379edc5cb81f1fc095d1ad0dc0b5cadbc91a
test,test,boxer_90,9,2,5,1f8066b2aa93b8aa64a9c75e4d6dae86ab948ec1b007141697d402e3f80a2b56
test,test,boxer_87,9,2,5,210bc6ccfe7e893d924ff51c43e4ba9d22d439e3cf5a740cca83dd2472c1c4aa
test,test,boxer_27,9,2,5,22c7caec8cc1616110b1048f3813cc3ea8b6075b2dd855566df2782b2a5f6f9c
test,test,boxer_81,9,2,5,2534c85e3c8cfd5ecc8d6de0cacaf7ff9384632734e15cebb3f4ce982de6fdeb
test,test,boxer_62,9,2,5,25c2dac2bbb157804547ee7f5b3d9f6a94b3eb3d5755c7408776bd3b34fe8a7f
test,test,boxer_72,9,2,5,2746dc4897ec0adf32620d2b070dc917767523fe183f05c15618cc50e9b22d85
test,test,boxer_28,9,2,5,2c0d363f6f58a3a5bd010736ff856ca0a8d9a220e8e8f660004920f29585a421
test,test,boxer_25,9,2,5,2cfc70d81ac6b481d301ebee4a60aa5c537e1660414c33d9c8bdcfb491035b95
test,test,boxer_39,9,2,5,3024e8091ad70e4f8da39f54ce1ea1449f62677d699ea2832c0fa3d599e0683c
test,test,boxer_77,9,2,5,3154df5046b820824e22678462986d2d9a645207297a1aac9bd0dc533665f6eb
test,test,boxer_2,9,2,5,32921b72f5163e370de78a53fb1bb49cb64a1c0ac9e7a829d2c5bc5e4040de9d
test,test,boxer_197,9,2,5,32b17313f7bd78794a7931c19ab40646c5629a3b258d1138fc0dd6dff8ceb5a2
test,test,boxer_3,9,2,5,339ccb01a5882b8d9780ea31e930de73e3947c68a59721e771c80876c1fb4e6b
test,test,boxer_61,9,2,5,359535e3de4502995106b29914dec9f426fd0c965c99a0cbe357b418c752284b
test,test,boxer_88,9,2,5,3fa93ce760d98b22978d6d14a33c9b6f5f778d2ce441d18efd815d9f38728057
test,test,boxer_54,9,2,5,3fbe6a8ce16fbd63f1a85f3737ce09b7718249b8b1244bba32e634a1bbfd9f70
test,test,boxer_74,9,2,5,40de51f2cd577f332560c57f846e47d3977e9592c679446d32897738e752f26f
test,test,boxer_99,9,2,5,44d48a0ba9c7d8936ad3e20fae57124263423d2ed040e1a252d40b81f9195dad
test,test,boxer_22,9,2,5,456b55aecbd41d6817f93b7ff9f343dfae96d298c06500ffdae2a1562cbff971
test,test,boxer_98,9,2,5,45b832281a10ce517c24e53856ad1e1b1ece868761c0031d152d9c4f141564aa
test,test,boxer_71,9,2,5,4713a12047b370fc727ab3caca8ac5a14cac985f05e6df4486e80591625f59d2
test,test,boxer_44,9,2,5,485af6432699abff217b682509dd94705061b67011380761ccadb27457ef0a4e
test,test,boxer_20,9,2,5,49abd24992167c69067d139d68a17b8176f238b491f4bf116f297b4abecb5c5c
test,test,boxer_47,9,2,5,4aba5746b70e9220faf8502d5cbecc768d4ae5d341d5d7fc37382d73ca6f7a87
test,test,boxer_4,9,2,5,4ae0bcaeb089b21ef6a806415cd2e7e67e239894af1ef8c3c1040067863904f9
test,test,boxer_193,9,2,5,4e78c36c36171a27add4b82418db5b92e2fd239dc83e9cc3b57e9c2e133fbc0e
test,test,boxer_195,9,2,5,52abd8c630437755615d0828ceb3a54d1fde874b4fa6c9b7ae3ec8125a1ecb88
test,test,boxer_58,9,2,5,53f1ba0f979bc427874e968b530973659460c6b28aad66623026d5be56620cd8
test,test,boxer_41,9,2,5,54f3ae1f2e25cf4bd46824db75a81725d53684e3cb07dd5cdc970223971e9821
test,test,boxer_93,9,2,5,578e4a1318154c16434a14b0c3f04b9f32f8ffb2bbff0cdcd18706e541db28f9
test,test,boxer_42,9,2,5,5a1822fa35fa6ade2427e6a399f9208a05822b46adfb71753a34298ccc6e35e2
test,test,boxer_83,9,2,5,617d005220ce94d4d4fe5fe270700534a90d4174a014ef03228e566479a88e79
test,test,boxer_76,9,2,5,680e37e6c85553de915751d2f2709ec080b2d9af083dacd8b5f6cdae6fd84cdf
test,test,boxer_50,9,2,5,69281020a3ec394e671583c92fab080888003808a02d8b3d6b3084d92f6c99ff
test,test,boxer_23,9,2,5,6b5454353a20dc6e5477d9d4ccb2308be625ea81e17797e9df900914de6f6354
test,test,boxer_46,9,2,5,6eb9c82ebaca7bd5a4b1c2f91a4f0167af7f3686b62a256b2b7bb3d5f95fbab3
test,test,boxer_97,9,2,5,76e19d4b510155b2cf4a8746732304fae45a5c291588530afc8bde95c658a452
test,test,boxer_70,9,2,5,789198f0a85a1222b278cd0faa7b6ef5fb1c834de0d71f82c771e8f1ac5ce22f
test,test,boxer_7,9,2,5,7aa3a2b3367233095c48a1b3037664c6b52d3895f496eb308f71f3a789b9e6e7
test,test,boxer_36,9,2,5,7f3919cfbb3d8f51a5d056724aef4574cf62dd5c124b51ef3317951e6de127e7
test,test,boxer_65,9,2,5,821ee858635c136dd07eabd5261e77c0bc307ff67e1b8f1e05247dd1b63c14b1
test,test,boxer_191,9,2,5,82a95712b56be54d40c6b2fc9f96d8251d78c3be407ba71170fb12f93fe2f356
test,test,boxer_200,9,2,5,8570da5f9a4adcfc90a7e4deb0e69f110d16c728381975f65fa27e3617b0a4dc
test,test,boxer_69,9,2,5,8630ed2dbd8184d2e76ef67aebaba99c803755c9f3c7c9f69e4bc1593779fd0b
test,test,boxer_67,9,2,5,86a58c4a071d762397308a40f173112abc2bfd60216633e03fb338891899a592
test,test,boxer_38,9,2,5,8a690e6f2674e0e26a0b0a124f768b337613ebb2022acc86a5c698bc029022cc
test,test,boxer_24,9,2,5,8ab835418e8a122ffc9b8fb4813dcccafc4251807d71b2a2d525629b44c8f5d5
test,test,boxer_95,9,2,5,8e9f2bce211ff05ca57ada8c702ba32c4e5f87ac51108365349ad58db8f47688
test,test,boxer_91,9,2,5,91fc1f100910c48be9ac3c290ad93cabc84fadc8b551219e1749f4ab768b5a1b
test,test,boxer_198,9,2,5,976c8d6e3201fdaf45ff6b0ef76a2606385b97f2d1c655cdf2e5994854e012b5
test,test,boxer_6,9,2,5,995f1ee8ee68214588aaa1e763c354c2cba6decefb37f95b827aa314bfecc061
test,test,boxer_51,9,2,5,9d9056c8538391337a3f30c031008ce88c8c8ee58508246f0cb885f2d039275f
test,test,boxer_55,9,2,5,a1b5c091dfd7dc66bba2b5b6b6ba84db3794fda3e1694c20ea870ffbd23e7e87
test,test,boxer_96,9,2,5,a78f41f463fbdbd0079659fefb664646cc10da54bff50774b5432df5fc8787c0
test,test,boxer_78,9,2,5,aa1757c064a0f03b9c2fa10b61b04662817f5cd8f8ff59da86d72fc52af6c040
test,test,boxer_194,9,2,5,aa2f5095199ad5acd7b8ef06ff1fa3783def3309a6de09d744c3f2db0d5ff4da
test,test,boxer_53,9,2,5,ada238dfb8c368e8129ff8969f8e6c69ae2eecdc72d40ae07d0c33f598e0dd8c
test,test,boxer_45,9,2,5,b03390e9045bd04de3750f4edadccafcd46a8894b7c648762b7caad7a7659ac4
test,test,boxer_199,9,2,5,b074de73d1705aef260546086901f26cb2d97bfbf4453ac83fe32e7cfa84dc15
test,test,boxer_66,9,2,5,b2272f067cd8f00f2c24e5163a97ce694e2a7e592299ffcf80f8ec279af3e42f
test,test,boxer_43,9,2,5,b3acfedd2635c3b98820233d487139dca714205da5aa271a406a8ce1854a54e6
test,test,boxer_32,9,2,5,b7f856b22d00d7187b4bac4c5cf7e275326df03b94e191438d0731d618145bf1
test,test,boxer_52,9,2,5,c6883d67c0aac6b0abd01debf101b153d80bca383ccace62c68cf49738c98eb4
test,test,boxer_79,9,2,5,c7bf26b4469fe89ff446650e2b33662c28b3e59312bea26c22f32e6661bdbc00
test,test,boxer_21,9,2,5,caff5b13f3c88481fffa55176071134ac9d2c7e428d52622a4027a044b02231a
test,test,boxer_8,9,2,5,ce77e20b1166a75030aef28fa66663b52561b8c602a5d82aa72adebb356c493a
test,test,boxer_34,9,2,5,d21bc11e37c3a61ce40515fef1df67f8c5891a34d34f42d80dc5326af9aa6181
test,test,boxer_31,9,2,5,d79a4fa5bb4251d1e62f698e95982c027ae8a1fa08be29bf4d12e99c4decc855
test,test,boxer_33,9,2,5,d9b73aa2944eb9370d0a831305a95888f2a29447f3e70ea79a3977ae04279abc
test,test,boxer_64,9,2,5,daa873f681cb77475c61412dd629adfc6f4fc9b1e8619894852f684d61d9fa5c
test,test,boxer_30,9,2,5,deb18a96082ff9e49518fe5566d5379a779da2fa7853301390d6a01a4f9404c7
test,test,boxer_68,9,2,5,dee46cc40b5c3d7556d87688377ee8bd66c871cb7e287fa776009a2fce1ff75f
test,test,boxer_9,9,2,5,dfa6af728108b2e023e7b92c26c5a04217ba7f48fad5a6682b49531c639c8376
test,test,boxer_57,9,2,5,e56b7fe3b7e3c065cbaf1971c60f288b5eb0e951a509320c1576b2f5caddabb6
test,test,boxer_192,9,2,5,e6e3abe035b4fed1770b9b8ab9f2b0af728b6ea19dc622022fa4c7281f089a19
test,test,boxer_56,9,2,5,e7670cd0773e043d4b96715665353959e5a3f4d33c2a181e20c80ff3b149db74
test,test,boxer_94,9,2,5,ece2afbda9bc4cf7e33eabe79a0703fc690116bf069359ca1e56c6c441a47d75
test,test,boxer_29,9,2,5,ed73099564fe2f638ce42c1bb6d22a1c076d58b8ab99cee3aeaa99e635646ffe
test,test,boxer_80,9,2,5,ee69eb016cf48baf2b4bbb3dcfa3ff2c5237e553a318c7bce11c5c1b8369b4e7
test,test,boxer_63,9,2,5,f5f1957aecdeab099dd4c86af4835e3dc9b603f3571d66329b035654f33c226a
test,test,boxer_48,9,2,5,f922c263b2997a516a956aa793980be33d84621615e5a9561f28a7395179b3e0
test,test,boxer_1,9,2,5,fa587d664709e93dd2d942a6b4f91484b233eff92c2a60cbf06ee0a3a5a9adb2
test,test,boxer_86,9,2,5,fb84e464717b84858df637244f22cf47d49e8b0cac4d1d05cb4e604966468496
test,test,boxer_92,9,2,5,fcd541b125dc6d11352122221e6b6052839b56dfa65d5e62d844b30bc5834fe8
test,test,British_Shorthair_230,10,1,5,0089e60ec42c9e1a0081dd19b9fa40437a0ce01b0ee497c13f61ad7dac9fe7ab
test,test,British_Shorthair_270,10,1,5,039250b93a67425a08fac161fd9944c97a14dd3f1abef50b48b41af424fb0c04
test,test,British_Shorthair_43,10,1,5,03d94c85b600d5368967edbf689e933ca2fac9d1dd0595ab44133cff77a7abd5
test,test,British_Shorthair_89,10,1,5,05cfa3a5db3830abd30710d2a3cfe8b6e66541efcff5794fd3df18271656d2b6
test,test,British_Shorthair_42,10,1,5,05d0441a3738e3d258e969dd32d123f335081cb8c83f4962c7d4fb11e54fa945
test,test,British_Shorthair_52,10,1,5,0673eca4eeb2489165dddfdb476f96fb9c34fea7a2e742aa4f9a110b8d7c5114
test,test,British_Shorthair_70,10,1,5,06b68abf578168fdbc136f3259d237f50989b89a092d6f2bfebd088be08e9ef4
test,test,British_Shorthair_88,10,1,5,06c49f9903c133069cc240f5f4a0f0ccbce58bd5602c00be21d1b9b7ca397d04
test,test,British_Shorthair_47,10,1,5,06c99604a3d57fdf898ce3e8b789faea041820c0ab9f16fcbcd88c4d4634fa45
test,test,British_Shorthair_29,10,1,5,0d5a3b947956ee1256a2ecf8ccf8531e8691d5a7b46daee4340fbe3a11fdeb52
test,test,British_Shorthair_26,10,1,5,0e5dc32c30e64effd7c282236da59ab9b1f74d2aefe4390d655fc97626a555d6
test,test,British_Shorthair_38,10,1,5,154bb7bfecb929ed66ac2e4aa726c021e9fc4b13d1c99483b0fb6b10555fe222
test,test,British_Shorthair_74,10,1,5,15e22174e5ce7a3a66d50284e76a7865a9d083c19d28b0f73c540f270412b3d9
test,test,British_Shorthair_58,10,1,5,168ca86671aecaedc6be76fa47c5de8ed3c320eb6f95a4bceb10301bdd9f1a3b
test,test,British_Shorthair_271,10,1,5,183502e431bb8a764a0e82317913836286d7cd1e3a3c9755b91f4c791f970a56
test,test,British_Shorthair_51,10,1,5,18b49cf12115cd27ad6a577cb31ce9f33895aa8f2e5e0384221f922cc35d0977
test,test,British_Shorthair_50,10,1,5,1cc38828331033c2b0a2cdc02e57d3283432ea3e1d829ec0b52c625577ab7647
test,test,British_Shorthair_25,10,1,5,1dd6877b8a638b0f50ffeb3dfdc63438fb3bf72d8c9eccb712b484b898206b18
test,test,British_Shorthair_84,10,1,5,25bb696941e3360bf3e577388df109fadca572a856fbe8e14433f30a8f6469c1
test,test,British_Shorthair_85,10,1,5,28bafd3b41de3d7b714397b4fb6041aac70855969f3503accd5a93b917b4621b
test,test,British_Shorthair_273,10,1,5,291fc39a230d66ef3b1215eff24cedf2162e60f1a094528044c241fe9d9a47ea
test,test,British_Shorthair_265,10,1,5,2f203a16868fcdfad55d4aaa7e8aa1dfd74c18d31d63e1f67b3aeb62a09a4d9e
test,test,British_Shorthair_53,10,1,5,2f7c7fdcbfe32ac911d781f60fcb29874c5fdb5e035e34ee238c9a830dfe7def
test,test,British_Shorthair_3,10,1,5,315528366d729048b1f15a29e65f5cd5e54eae02b50d40e63e1860982fbbcd2d
test,test,British_Shorthair_91,10,1,5,3340a4c9307c8e83d76fd72c349de631859da9403b5a8cefae8de020e4c1c030
test,test,British_Shorthair_45,10,1,5,35f3125f01e833fd235ca57cd17097ec01f5ec6edafc1a3e8b6a6d6c29ff8a54
test,test,British_Shorthair_60,10,1,5,39964022b3e84a54ace3548d0e25225a0a3202ae61c3e673fd798b42515bc7bb
test,test,British_Shorthair_66,10,1,5,3addde04b2ec838e9f13f4ddb71d8fda1a24a1f145134564f173eb565bd42b4e
test,test,British_Shorthair_82,10,1,5,3c6f24fdc12c42a0a39d692978e2c538b42f5a1fb64bfd4ae26e79c346ab176e
test,test,British_Shorthair_267,10,1,5,3cb02212227623a2dbce4fe618f98f88f6582229425c39bf5697b3bd028c3dd5
test,test,British_Shorthair_92,10,1,5,3e48b25470d702e3b658c9f92204b62ffaf79ddd1f534bf5b356b4b7d934db19
test,test,British_Shorthair_34,10,1,5,40388e70bab0361ba395c0290aba288d101e83ad9cd1daba00abd916ff38db88
test,test,British_Shorthair_62,10,1,5,41211600b3e27126d5052a548fb4e26b45d90cecfd88dde2b44fd50660a10da9
test,test,British_Shorthair_67,10,1,5,4405d13a76db93379ea73e90331376500ec35d1d3c21e07b0895c240408f59e2
test,test,British_Shorthair_272,10,1,5,4430141cfde7162af242f1e062f1ee57006a2330fd4c5453302383e32343cc66
test,test,British_Shorthair_274,10,1,5,49df1654ce358241bf6335fbfd4620f491a315db743d85736bbd118a17874cb0
test,test,British_Shorthair_87,10,1,5,4b7fcf6f5676589efac2cd59c1db29cd8b1a6e10ce6c9d0d6c02f743dfd085a7
test,test,British_Shorthair_276,10,1,5,4c0f37f92ad51e715d9265e21ab1aace2bf46c88221d41418f656831571c4b07
test,test,British_Shorthair_213,10,1,5,4d088ccbd3b83060dea861f62bf44a5f92b8b3c030b9c63f9659f43ffca9dfa7
test,test,British_Shorthair_28,10,1,5,4d49faed49fb43fc616f17efb74cb7c5a5864c58ee16de614c34dcd93c4874ca
test,test,British_Shorthair_63,10,1,5,52abbcaa1e6e6a3d2ba150d5265d628b83a640c6c2cd44d89b9c16c153e03149
test,test,British_Shorthair_41,10,1,5,533605536090731c55da56e5c08f5231ba67e98f81612862c276bd73f71660c1
test,test,British_Shorthair_56,10,1,5,551e32fb294d61a801ee17bfec128a7dc5cf6fcdfffb7e70036a93510c8a5dc8
test,test,British_Shorthair_31,10,1,5,5c14aa943add76d27543025e857bb4deee2007f27399f9001cd668c2b1b89c93
test,test,British_Shorthair_239,10,1,5,5e7d9f326f739f720d856d115bef7415a2fae94db065b7fa0f62d8d0ba6e2509
test,test,British_Shorthair_59,10,1,5,5ea7152eb7e773ddf6a1818fa5d8410fafee2a939e4cd46a97a0cfaf6761e698
test,test,British_Shorthair_269,10,1,5,62c1bd1d2eadc1b87ad9d82bc4bbb7b28ecbdadbe596baae3ef2ad81bb754e4b
test,test,British_Shorthair_223,10,1,5,66302dd1057585c471fb5bfe25daad256df556edb82c376f245aac0d5e6e7f3c
test,test,British_Shorthair_57,10,1,5,6e3f3f5f7660ecc8e04246640d5e9953fc904c01719b1072b6b737aa3a10fa1d
test,test,British_Shorthair_61,10,1,5,7266e42ff374e31c50c19f6b4d3e6ea135ad17befa1599178e7070b1579cfb3f
test,test,British_Shorthair_75,10,1,5,729c013f57ab9f17bf0ded1d2a0682ca6d9baad3705c229965a22fa6159dbd9d
test,test,British_Shorthair_55,10,1,5,73c6d68e913b2a98eca0c7e8aaf851aa542564a191091d11f9a2e3d45b591300
test,test,British_Shorthair_212,10,1,5,7827de76ba440af6f77ce35703e174e1424561abff4fa6933f00be6b0871f025
test,test,British_Shorthair_268,10,1,5,7d7a0c448f3016dfd22965b1321b798484d296e59ec51a8dd96ec0d85f98ee4d
test,test,British_Shorthair_258,10,1,5,8134ba03964f8689069e60c061ed9e177a6b8c37f341263c880db4891e7a5590
test,test,British_Shorthair_9,10,1,5,822606dd724485800a0891343e3b16e3f66957b3f9d8946528ee2f955a74b0e1
test,test,British_Shorthair_77,10,1,5,840f97a18d18b480a021b8946731f220890dffe43f11a0a6bcf42d275e26362c
test,test,British_Shorthair_248,10,1,5,917fa9376fe263f371009ef7125b9215530342629d919529d56e1b636a6aea47
test,test,British_Shorthair_218,10,1,5,938d4f6c197afca7b25f008aee0c75c169cbd2025ae78d41edf79a2073ec4507
test,test,British_Shorthair_98,10,1,5,95577d62765397cfca9aea76acbe096df65c04a7e4942a0cf25debc41af11e8d
test,test,British_Shorthair_39,10,1,5,9572a7fab8e00f63df4671ccc97fe1654f06b0f2f35b93c19a045b887da1da43
test,test,British_Shorthair_37,10,1,5,9aadf8710b9c3dd7f546582b9cc61be4566ffe87afb8ece31c21ecff5208ff79
test,test,British_Shorthair_99,10,1,5,9be8bcdaf0cc8e22ee07e2060a0b0c8978d1d515a2c72911e7f6daf8453bcf60
test,test,British_Shorthair_90,10,1,5,a5b8c34c1a110af15e86866fa390cec47c9f8ff54fb2a5f71afacc18a26f8b55
test,test,British_Shorthair_6,10,1,5,a907a08a9ac638cc1360530897270a7abc192cb37b4643d3313b066030a12f12
test,test,British_Shorthair_8,10,1,5,a936eea3aefce45051cfd28ba4097ca65e272bf440ed30c64155f3087460853d
test,test,British_Shorthair_95,10,1,5,a940ed2fe0f583376e6c06f79c1b2e71333f927b962cda9852ecb6218d060526
test,test,British_Shorthair_278,10,1,5,af1db84641c80f311b92604d3ccd637b3cbbc33eda99c7cced11277f3d1b067e
test,test,British_Shorthair_266,10,1,5,b150fba08ae63aecdc2511c599da1423eb0c46d95f8bd5b6696f481b84e36520
test,test,British_Shorthair_277,10,1,5,b9a118da7580f9bfbc37101fab6f39e648d0e90ad4ab246a97df00379e9e63a6
test,test,British_Shorthair_46,10,1,5,bd55502d2d1299fc0179d7ca89795050a0d2ffb45d680ba69ad602a6c2bf2fcb
test,test,British_Shorthair_263,10,1,5,be80731f545a024ffa88ba729c512d825e01817220207481c644909a30c983ad
test,test,British_Shorthair_94,10,1,5,be9f82e409ce81206cc59e3d4fb61af4842ec4430dffda8d409a2a51364b4d16
test,test,British_Shorthair_33,10,1,5,c09fd0abbdad3e70db443839a4a8a88ab3d0ee4e9c16bed13a64174cb7592b82
test,test,British_Shorthair_86,10,1,5,c217abd3ed00fc1c7017a5ba1eae9be96ac09f73f2533021ce783600f17dda12
test,test,British_Shorthair_44,10,1,5,c4c0b84b81f6229fa40b9b93f7fdc0c5006b92528f6d60f8386f8162c20e5d57
test,test,British_Shorthair_97,10,1,5,c5fb7126c95edfa540f942a9cd2741fc55dca1621858bb329f4e7cac0a8f013f
test,test,British_Shorthair_241,10,1,5,c9989565def8c4f382034a7c4bbf1625285fb8d90ce77bf5bb263276cb0c0d66
test,test,British_Shorthair_93,10,1,5,cfed16b7b8328384a21191d04f9790fea53663afe60468e134ff9973bfdb113a
test,test,British_Shorthair_21,10,1,5,d0384ca9b9dec584332719c659560671b166d3508d59541125b678851592409f
test,test,British_Shorthair_68,10,1,5,d22ca7e9c55c779c32f487c86cc48db38593023b4a401517f7a657240e28a2ac
test,test,British_Shorthair_49,10,1,5,d312c0bf01f4c158861b8289859dc96b3ef1841be96b906dd49e2c6037807cb4
test,test,British_Shorthair_22,10,1,5,d3b24e2757cb294055c3079d3eae7dda510345c5be71c6008b6eba0b1dc2f938
test,test,British_Shorthair_48,10,1,5,d53fff07eef998a41e663272c71c115c4d61db3a5293e64269958cb1e76b7e29
test,test,British_Shorthair_30,10,1,5,d69064b2d79cc8e87a60161445a9568182f4e0ac61c732ae671d2ce2d1ed66be
test,test,British_Shorthair_275,10,1,5,d85269631ac01d281306002770b71a159351769788ccbd34998b30e5f6103211
test,test,British_Shorthair_78,10,1,5,d8966f7361f5aa5cd1a825259bef0be2c72270942022037fcfc1f83fd1ed0473
test,test,British_Shorthair_32,10,1,5,dc497e9b0c2822a2ece11810c4a151855129a113310f0faca8a4d331863c9a58
test,test,British_Shorthair_54,10,1,5,dc5d44730d46675d23b490b3508c671f2ab9f160bf6157fa459eec61eb4fa8dd
test,test,British_Shorthair_2,10,1,5,de88f4b5ed4fc99414b352bc0c267e56301bd40f068905848c39a9890536e2c4
test,test,British_Shorthair_72,10,1,5,e1822cfc0f5ca9f42dbe7724e5d17f08c94536894db64de787cc48d265236827
test,test,British_Shorthair_65,10,1,5,e26ae840c74f193e3bff8f514757be59bb80fe268acd7dd0e9896e05cb1f9b9b
test,test,British_Shorthair_96,10,1,5,e2954d9f3e76fda0af4dd5f6674f8c31ee18d006d01ec0bc5b210f92d731223e
test,test,British_Shorthair_36,10,1,5,e5985bbbf9887e5bd609b65c4ab078bf0a8e98ab1ab8324fecbc7f490ef3d26c
test,test,British_Shorthair_79,10,1,5,e5b3f99c3e7d5ef3e7ec0bb7f10b6472e9b4a668f819128943e9b2e9e7063b1f
test,test,British_Shorthair_83,10,1,5,e89e5980e6bc84acec7d3fd9adf550004350e58bf6eccb5ad215a555d69bc45a
test,test,British_Shorthair_40,10,1,5,ed958626d051e072ca8c97130b13d38e029dce87fb77106480e579d661a56793
test,test,British_Shorthair_27,10,1,5,eefedfa44e8c6acebb72f544bfd646d2e916f7016d7575bb0865c92537f79d25
test,test,British_Shorthair_71,10,1,5,f2abc9126f77e62f261dfc9d87adc7b3a459ff4b57c1a88c1a014d09571c3acf
test,test,British_Shorthair_64,10,1,5,f5ec37ee33f7933a58ad87f7e036afbfddc4a347effc9024ce7172dfcdfb6d55
test,test,chihuahua_50,11,2,6,000944a2fe18e7e0a142d4c6516dd89cd86dddd14cff8178f76455e8b1de6792
test,test,chihuahua_34,11,2,6,0122cd02d85431382adb10e3c92d12b71e0561a5e401480880dcf82fb6c00b00
test,test,chihuahua_20,11,2,6,03372502d14192d07e59f653729e838d6d32e781ed5430734b7a28335a378d9a
test,test,chihuahua_7,11,2,6,0376e9376d45fecb61ca7fcd8767777db109a98406fc82e9f274e6fcfe71c859
test,test,chihuahua_75,11,2,6,045d4efd516fa1795af43dc978046453cd53045edfd41ddfda0c0ec860f82cf0
test,test,chihuahua_22,11,2,6,07ad07f6d892c30785de373d640131ef89a2d62ad183c7e494e147f6d09197b7
test,test,chihuahua_78,11,2,6,08ca89aea89e957b6456bad8092de3222eb605757d8407b299bda12e8c422110
test,test,chihuahua_57,11,2,6,0b72fc0ea5ed87d17dc1ba3f51e521c5c75a4268930f831f25b5337b61dafd1d
test,test,chihuahua_51,11,2,6,0ff85782bb3fd1872f3886f03fa7648c3678178f60e61511357cb81f63ba77c2
test,test,chihuahua_99,11,2,6,14a12b2d076ac97010ee104ff2c003f05e29d8e8e1bbbaf7d01ebdad9277f902
test,test,chihuahua_48,11,2,6,14c467e5afada204190707fbf522796f8b5bbfe21555ddca46ec9acfcd4b03dc
test,test,chihuahua_85,11,2,6,1a522ad7da10812f041f78ea8c096e03a2cb8135c2ae957485d56d95f0eca848
test,test,chihuahua_27,11,2,6,1c75f81358329a5b8e0bc69dc980cc3831f0dd466d0e2caf811bb2aac8848f44
test,test,chihuahua_43,11,2,6,1d6156b502078dda257e7d2fb99c9a40ead62f9693ae4fb50392c9c93eb2ee70
test,test,chihuahua_197,11,2,6,1dd0772cd49f2001c89d2ed63b734190bbcc1b5790655521241fd89e0592f680
test,test,chihuahua_49,11,2,6,21404dfda7b7e93219a62d9fb9951f242052d73c7f826d8e94fdcfd2dbeba802
test,test,chihuahua_89,11,2,6,26b8ebf574f0d2a44810e35c33a563f5f256644a9abbb5c91e0123c93c23f61b
test,test,chihuahua_68,11,2,6,28dd1f56062cf45ad4bef2880513e96f9d2561d9c5255ad8ad2a10b214a3ed80
test,test,chihuahua_80,11,2,6,2c107b6288294e804301fe5202003281a904c43f63678c99ce4c98e454e98681
test,test,chihuahua_81,11,2,6,2d1e2144debc17f9c3d93927d4195e7525d48c895716b23ed37f2c5df01c9db9
test,test,chihuahua_94,11,2,6,2f9c20f2962d0e4c2e35a40c5fde9981ae7748f860c9a2f372a1182852268f3c
test,test,chihuahua_63,11,2,6,31b01d2a8a0ffa3c52027cc16a7a5e8d6039c99a8be1efa7d74fd4f116e45951
test,test,chihuahua_59,11,2,6,369edb7674cfb13d2c419bff4d927bab68012859bd311129c1db805350f24c7b
test,test,chihuahua_31,11,2,6,3a452103880281e3f3f547a2df11692676c36f6e0fc84d7e3a471db1f2c53b1b
test,test,chihuahua_65,11,2,6,3c051ac66966ae3cec062899634a2ff8bf5ae286d756e7d8064f3ae4b2a29976
test,test,chihuahua_3,11,2,6,3d46a782bc4d606a59df3296edca3971e17295650637bb4a2df227dd1cd6f01a
test,test,chihuahua_60,11,2,6,3e437a7c381537f2285d08705948cba0d2ae7b6c2dfff3102a49ed9d12dc7c58
test,test,chihuahua_79,11,2,6,3e71752b97be029d7e5c2c33a7d65c142786e08bc62369f31bb96163f15a284e
test,test,chihuahua_194,11,2,6,45652884a4f65e1991b51b8174f7ad45b6484a8a1fb9e0efcd482523d5de60ca
test,test,chihuahua_70,11,2,6,469692900a6fc97c72ed46d8667ba1ffbeea7da601363eb02e1401523db0d7b7
test,test,chihuahua_96,11,2,6,47ac34ecf00b7cfd0b5ed75f9b4c2bd792fbab04636122140deb0158a3836be8
test,test,chihuahua_192,11,2,6,50928fd3f097753eed59d7e4ebd998710168b4d677a83a13f6bcbc7fd9a70874
test,test,chihuahua_46,11,2,6,51a75a9ca6d23058776dfc8e0f4c9b49f216f742a32fc4d45b3369902d3a94c4
test,test,chihuahua_5,11,2,6,5513d952cdc31402ef4335c2eee94eaf5893f78492e67857c98138932444416b
test,test,chihuahua_76,11,2,6,558e26b10af65f2247a75cd7ae79f051c3c726d64eb8d64f73d56b007bf6b409
test,test,chihuahua_36,11,2,6,56e05f700891c5271b4b20bfae98d4dcae8145b3fd7c3f52e6d619801c8dc957
test,test,chihuahua_44,11,2,6,58184d637241124b66830acbaf8c8f8d647b9e429d9d8565ce4aea9c5f48159a
test,test,chihuahua_23,11,2,6,582924bb9675b261466d4da06722a494b7623c6cb96ffa2d9639ebddba183f6a
test,test,chihuahua_86,11,2,6,58f71a23f6b25fc221ba31d3fb280c87b4f203c809bbabffef0289072bd9fb23
test,test,chihuahua_24,11,2,6,5c20699fc81a92399920352ae26e922c0ab7a216840634beab36748ca5436ee7
test,test,chihuahua_64,11,2,6,5eedaa5f467be5142ab766935dd798af1b4a86b036be741ac81430ed668adf4f
test,test,chihuahua_47,11,2,6,5f4a08617f2a6ee1a274af7331a2b02828e9418a98c613aa7ca997b57f78ffa9
test,test,chihuahua_200,11,2,6,61a076211c77995537f40294cc5a3fb135cc33f3e60252429e1139aeab8aa937
test,test,chihuahua_8,11,2,6,61dcf1ca94ec59139f3285b38b7acfed537954d976a01f05320d442a9f5a6d58
test,test,chihuahua_39,11,2,6,62a3176be8d1f63b4616d2b42e0ded1bdc3d8f169cd2527a336635f8209acf1c
test,test,chihuahua_54,11,2,6,6568cf353d492aff42b3c87223b3ee192e4d9b8d8aa2eea164d44b76154cdc85
test,test,chihuahua_95,11,2,6,65810283225f8120cd8ed84511d64d1707214639f984e02b2d4df8463bb8cd13
test,test,chihuahua_41,11,2,6,693c3138d3581262813bee9be91c85b53bb4d309d54ee613b948b9cad541b2cc
test,test,chihuahua_30,11,2,6,6f1f08082cf12809b6a4484d398f0333185ad2f02314df5b5d7592139cb891bd
test,test,chihuahua_26,11,2,6,6fed45c056be273656ded99e722cccaa2680166e474871df92afdab07ef02069
test,test,chihuahua_199,11,2,6,711bdef9d8d7a0354b2e92d1cb168c6c6dcd648efeb33cb3d3bb5384d581f419
test,test,chihuahua_67,11,2,6,71acc5a92a9b5b90ede8324d811b1efd8e16ca823a08756ee7b26552daca3205
test,test,chihuahua_93,11,2,6,7268ac396757ab170fd0caec39645564694b02b8a3b0cd1cdd82ea6a2db7af66
test,test,chihuahua_33,11,2,6,75aae09168dccabedee98590599c1e60d6650db29accccd053b44f5e28e30287
test,test,chihuahua_195,11,2,6,75b4000159b68f9c857c40c1418996e926bcc4e4dc9741e31ce1f8d01e83c0ac
test,test,chihuahua_45,11,2,6,76014f335721c9018166277f630b076b03342bb6d7a281bd7ef21e7deb7de0a0
test,test,chihuahua_4,11,2,6,771b15b15a21e829f968740e8ed293b939976f2e395d052b6549c9ca3ce44323
test,test,chihuahua_25,11,2,6,7a570fc9106c61dbd418f4f5c49a04cee3d9dc7c4a9f37ef0768a1b45f77bc23
test,test,chihuahua_1,11,2,6,7ba81959ca333d267e4f5c48c5f4d87f7435449c39a379edc9178fe2031cd8f9
test,test,chihuahua_73,11,2,6,7e5a1b978314a30b08727d167262eb1a4fb1350fdfb32998605629c991baeb89
test,test,chihuahua_74,11,2,6,823f0e8ae21a03ed8a7c2a3637d218001937b8e43a9dab5c87ba30164c6e1d37
test,test,chihuahua_92,11,2,6,824dad234a9878ac65276db514ad4a7725182eee846ecc28c3220984ee4e504f
test,test,chihuahua_38,11,2,6,8cc174e294aaaa74528960a2bc7cdee55379cc6978c72b9a16b4f585bb8bdb94
test,test,chihuahua_28,11,2,6,8de77e6bfd780990fc05400a9643dbc2177f19e1b2fa5d814eab5c43cc07f92c
test,test,chihuahua_91,11,2,6,8eafb3eae9ab49f6e8c6dfd66276e2ffa74248acaf7e09db16849ae4b85ed083
test,test,chihuahua_82,11,2,6,91ed4f323f562e6d23658af3e2ff24ac0217e6dd9019bad8d35f8eb2d84d95b1
test,test,chihuahua_62,11,2,6,921bb8b7887315772aa4dee8d0f87216243cabfa8f1900753b6fa84ad4518811
test,test,chihuahua_198,11,2,6,92c018eafcec51ba099098fd97336f51d6d284b1c2146ed6526e989f8da104f7
test,test,chihuahua_52,11,2,6,946b6063c7cb6bc83daf0129d40645a9323b1b7e34b89e903b2dc9a6934064f6
test,test,chihuahua_6,11,2,6,9c06e5ff4014c829a50be3b4269d43920214d634caee91191bd5508fd75cc589
test,test,chihuahua_193,11,2,6,9e3e0bd64f5b175397644e78dbd4edddaa97b8498468efc6cb3e751006710a89
test,test,chihuahua_21,11,2,6,a4d253fd8c76a6118b6732725bffa8cf9c780f3ec5ac518176b5924579000a70
test,test,chihuahua_97,11,2,6,a6b28cd020abb075144762414f0325af5ae1f1fb75fc82826beb89540718fcd9
test,test,chihuahua_191,11,2,6,a996bb959b7b86fb3a37cf7bc07e5640d4312f72b94bb5524c79eb89fed964a1
test,test,chihuahua_55,11,2,6,aa655b1cad0d0cffbc3eb277e50e8d6ee82bc406d0f6ae886b44e9ab9e362b73
test,test,chihuahua_56,11,2,6,aabc26915ec6afdf8fc8eaa27d7891b202e706073bb7b516f2c0ca886799a800
test,test,chihuahua_37,11,2,6,af4c98bdb2a130b266f2460268d2e3040b1bb34adfb5d01568073a31df787c42
test,test,chihuahua_69,11,2,6,b11822a9af0664f96d6fdb738048148baa6d5b00da5960f4355fa182fc4f41ff
test,test,chihuahua_29,11,2,6,b2d8c9a99919fd4f1de37ae4ded723b4751c640c4d4005c4a0fb075004a3c517
test,test,chihuahua_71,11,2,6,b389646f69f900aec4a77563f66186f0c1f97d2481ed28d130cc0e3bb177624e
test,test,chihuahua_42,11,2,6,b6c8c4878920a7948a312d172499232e1be77a9153fafcce1b6e29994c6c3594
test,test,chihuahua_2,11,2,6,b724b1601ae6f19959f51fbc373623fc30dc30fe66b1a71932719611ecfdbe4f
test,test,chihuahua_32,11,2,6,b9eab1a951de8b5484302989092be5d2fa9521a8dbd61d345bedeb2c01c1fd5e
test,test,chihuahua_98,11,2,6,c45d1216740063c9bb13057ddcc4b39620b3b6fd393527c9481c3ccaa175d14f
test,test,chihuahua_35,11,2,6,c82aee54ae86dc3941ffe8186b71e1d8f22f58e9551aff5899803e79e669cd1c
test,test,chihuahua_9,11,2,6,c97a6b4692d054881ec91c9cede504d7f9b4f50db06a200320be8a2bd857406c
test,test,chihuahua_83,11,2,6,cb134cf7b2d7b0e695781e570d078d066b1d0e097c7bddad72a7435e3a84efdb
test,test,chihuahua_77,11,2,6,ce8c483ba1414bf415c4fe8ce31a12d70d3cc9321750735947738588f4a40ed7
test,test,chihuahua_88,11,2,6,d235e657c34d5847da27282aa505ab352449091401df607e70411b3b29229575
test,test,chihuahua_53,11,2,6,d2520fcc3cac2f5f6b9737bb444b6d69e0b15fb4a494f760c56b2b055ad2fc72
test,test,chihuahua_90,11,2,6,d29e4f8ae4481ac10cfa99156305052b2a15c26d3d237486d0c75f7d6121a324
test,test,chihuahua_61,11,2,6,d7dd02406091332572c2ec58c7cafad4dfbab5c29f3a1cd792323278c497e42a
test,test,chihuahua_72,11,2,6,dedbcdd6699ad79e2018dc1c1b63273496d3f86c647e662a66ad78affe3fe065
test,test,chihuahua_40,11,2,6,e1304ef34109e33076b1cb9a34374a2ff256c33367ff8123465803d795eee92c
test,test,chihuahua_66,11,2,6,e7943b68bbb94d78dcb9362efb013fcc413c4bc37cfc39233cbc31c6d5f91406
test,test,chihuahua_196,11,2,6,ea883986ed3190c33905e1e1d29b5489d2d18f824a689ae7e4908f94a2024ab2
test,test,chihuahua_58,11,2,6,ec98c8348f8e3e4df193a6252f6e64cf81441d6a06fcb73d0fd38e2bcc9c9041
test,test,chihuahua_84,11,2,6,efa0de1b1116186f7367527a81c1a0ecee10887281497f651ab968979e18ccf0
test,test,chihuahua_87,11,2,6,f42891c1127a57b2fb003a089930339ffcbe47ee2ecb4c5bd7dc31126b0a4c3e
test,test,chihuahua_19,11,2,6,f92b147993bdd512f2bd7d84693577cc3bcc3dbd256f8d0ffde1e70d5711b425
test,test,Egyptian_Mau_210,12,1,6,016a7708b8a4be25789e49685a1399b56502037857a776b7405923248aa39cd3
test,test,Egyptian_Mau_84,12,1,6,023dfbcf2e5588d959c3c988726d35aaaa9cd59972abdc7fb208fd4101d8e594
test,test,Egyptian_Mau_75,12,1,6,04d363a61a18431f0a2ee525a2a635e1a19ec139f9bb10fcb69711e09ccd22e4
test,test,Egyptian_Mau_59,12,1,6,0777c7afc149696fa34457a6c9baa590acb09d2256939bea3c039d776f116c0a
test,test,Egyptian_Mau_46,12,1,6,09574f6a0a42956058705ea889888df9b8afd1072eb0262b499e8589f0839f26
test,test,Egyptian_Mau_85,12,1,6,0ae76a3959db7071d8494b5a804f624c6b7d3e53b0a9577e0fc6c3d80600872c
test,test,Egyptian_Mau_48,12,1,6,117a258960c4887822b583967e7b84d15c974df437a9cd982df2a708ee436937
test,test,Egyptian_Mau_198,12,1,6,14c729f16e4c4e567f6cd22ed91707bd8828bdeca6ea9fab9267130da2417c76
test,test,Egyptian_Mau_36,12,1,6,15d4186dadd58a7dfb8a5500c86ebafc6ea936ff85451203bff6c31419d2d36c
test,test,Egyptian_Mau_89,12,1,6,180574309964116e5fed828fcf840e9ffff5ad5646ccdc333a1ea49bfbbea4de
test,test,Egyptian_Mau_1,12,1,6,18bb56c126c28e63805a0556fb7bf73ceb63b441dcf7ad6cae8a3aeb753e8384
test,test,Egyptian_Mau_69,12,1,6,1a38e28d2139396a126a27428fa3f45901bc242805901d9c810487c4f2d2e537
test,test,Egyptian_Mau_52,12,1,6,1d88a38ef5073faf3e8107ebff7990b4a3923514f40f8816dd32ddf707a9a18a
test,test,Egyptian_Mau_56,12,1,6,20c5954fe754329d36ea45232c8b8173eb4ee9a369dced178dd42729384649fc
test,test,Egyptian_Mau_91,12,1,6,26522325e0f634c2d207eba0b0a4f9b82fa00653235315830ffd0e2061728bfd
test,test,Egyptian_Mau_87,12,1,6,29a7412ca8bff012e5ec11b4510ec6b72ee7d9713aef4fb16eb0e2ec6f56d215
test,test,Egyptian_Mau_67,12,1,6,2b075e9412390c94cf59374d9240536a58b8e99fd681e9e3ab5b0272d85154fb
test,test,Egyptian_Mau_19,12,1,6,2b3a1760893fb5bcaae44d7bf645ebc839bbbe898d104ef080513e75e8325835
test,test,Egyptian_Mau_22,12,1,6,2b49f794d6c21017ec358e77ed75a3e1a101a505dddada92d2ee0511d180c757
test,test,Egyptian_Mau_70,12,1,6,34b0b2b03e422258ea491c680fa3e32a0f91fb40e6b1a452818e4920d42a2e0c
test,test,Egyptian_Mau_57,12,1,6,35122d43aa5063c9c1ac24b22adfe7c8c558b319ae8f518d5c8e4f11f5281b10
test,test,Egyptian_Mau_94,12,1,6,3c8210bcdc7ad3a3fa130c9b43bd0db0dc863e606b6336b824033276fa668423
test,test,Egyptian_Mau_20,12,1,6,3f4b116acded287757c769c1a4b5f4edb5c6af64c8bfa4ba1cb07213ce86326f
test,test,Egyptian_Mau_219,12,1,6,422240c49a78f4f02322f28b1d60bd18325c092ecf17043d0fb2eae6de65250b
test,test,Egyptian_Mau_29,12,1,6,436919ad37a656074cb25e43ee0b72604e924a7b19b121773add23fb2462ac80
test,test,Egyptian_Mau_44,12,1,6,4372d9d2f70851cd944e5a0c81fbcb84f0182845c3b15eae95604f2e4bc35f2b
test,test,Egyptian_Mau_62,12,1,6,4f0632fad7ed43d4655d3f519c64d5d279d4894f23695f5e2f3baec4fe9994b6
test,test,Egyptian_Mau_223,12,1,6,4f6cfc34796f27d7ca1505b6b31cd3407266917220c1c2e0e3d035067d980620
test,test,Egyptian_Mau_43,12,1,6,4fe9cfea9ea879ff48a44abbc350c1837ea8ff126d6d1be6291f53d68ad232d9
test,test,Egyptian_Mau_77,12,1,6,51a49b224533547985dcdbd731932b70387e8d019cde9c4ec0dbf8bc7745ebb8
test,test,Egyptian_Mau_74,12,1,6,524264e24a8d9f06c0c666f234ec2ca0963980a4486424974410205997f9af7a
test,test,Egyptian_Mau_92,12,1,6,55b544bdef50300220763e2ba385242122b4093fd430188d7b6cec107f84fc41
test,test,Egyptian_Mau_35,12,1,6,55fbd40eb9d755c779eb155269da4de05180a44177afcd5a57dee9da4d10f944
test,test,Egyptian_Mau_63,12,1,6,564164bbebbdf088f1d86f763d406e145f83de7341d9b7e77a4f9da16394741d
test,test,Egyptian_Mau_88,12,1,6,5afa0e016fa523075f43c41bd34c5aa0d1a8820c5f5144b5cee6b5d38f5bb85d
test,test,Egyptian_Mau_9,12,1,6,5ca7d66a3ff91179adc20a9e2c9fc6ea166932e07c8df36dc8faad9264c22f91
test,test,Egyptian_Mau_95,12,1,6,6028272773558120c61fd57c1e3ba09c9b74b20c8e69faf5fecd7739cc81fefd
test,test,Egyptian_Mau_28,12,1,6,69f2c40967f969c88e7b3592700adf7241db8a1a95fd719e38f17c6dc0e1a84d
test,test,Egyptian_Mau_5,12,1,6,6ba47029fce9829667e4f33ca8a8f89ebaf60a3dbd21f3f4d46d11fbe1061d59
test,test,Egyptian_Mau_80,12,1,6,6cce7ffa605269e354d1ff1b77af1fd540aea4d2f64aefaab81455d82fce7746
test,test,Egyptian_Mau_31,12,1,6,71781fdaf2623a004f7c8c6b631823c79adcb2f746995992c289059114a23022
test,test,Egyptian_Mau_47,12,1,6,793ff2260a107fc0ec20f2127dd214aa9bae79ab20471a7f93fcc0c99d74fb47
test,test,Egyptian_Mau_60,12,1,6,7a05892224c8cdb0f6f03f16e9a85c1e6159c12196998831451d1aa1852e6924
test,test,Egyptian_Mau_212,12,1,6,7d217d64e9008bf30a9331c06983c3e9acee76281742755b60887e8295c69be2
test,test,Egyptian_Mau_81,12,1,6,818cb562590dd7df22431339e4d91bf041766afd3488b5687d651d542a556594
test,test,Egyptian_Mau_76,12,1,6,81c86e2a176696e593f18d73e5af0ed56d59cc6172aebec77b2c72d878bb3546
test,test,Egyptian_Mau_86,12,1,6,82a4a5ee8d70f9d8a6e85f839c31c91c5523838e8a0f807ca53a68281f7e5ff9
test,test,Egyptian_Mau_4,12,1,6,83c54100067df00418ec0f20383a8634216c1dd4cacfea1cf1d5654f1a7e8c41
test,test,Egyptian_Mau_54,12,1,6,88d0acd2938bb22e34679cb14ff4ed17bf6397ca8f44f409efca2ee642bd5b5b
test,test,Egyptian_Mau_78,12,1,6,90b6fae2f94f84edca70d2bded8148a189a0d99af7b4b10c7aef3367e66624d1
test,test,Egyptian_Mau_26,12,1,6,97298ddf76176a18a653e0ed5e3e657ead0eef108989e75ac75733620a4c99ba
test,test,Egyptian_Mau_90,12,1,6,9d62ddfab5be2eb0df48daf01afdf10914807bf02be2c4f191d713d8b56b4d0a
test,test,Egyptian_Mau_215,12,1,6,a01861ea517bbd09367461d14dbf21d7f370d86f6dc60c0177dc782e093fbf4c
test,test,Egyptian_Mau_83,12,1,6,a275603613cc2b8fe811a4dd73cb5810f41eed07f25b27965ce89c53c569b38b
test,test,Egyptian_Mau_82,12,1,6,a2b2a25aa49fd92f05c1ceaf578aae9e650a2f8661419d7e114c0cab7019cbf5
test,test,Egyptian_Mau_25,12,1,6,a39c326926a9c94b05a74020d5bbf0960594a6edf6bc6ce9b5636fbc88ddf3a8
test,test,Egyptian_Mau_199,12,1,6,aa2adece9886d5c81241bb72aee21edee04d1a4976cfde410e19cca5c2ba4ffd
test,test,Egyptian_Mau_7,12,1,6,aa46807bd9d65fd5ff24b63e962da426ca7b201c436c56328ba03c73710faba8
test,test,Egyptian_Mau_21,12,1,6,af259d093e93ffebe583c0acce281d5c5f8ce5c3701f54976c5e671bc37c4c68
test,test,Egyptian_Mau_27,12,1,6,b0262247546cfcdc68e6c84b1b5ca7b3e11bd5609c57dc5db83d9fb3fd944a6a
test,test,Egyptian_Mau_220,12,1,6,b13538f87c4f0726b04cdc02611932f8038437ae03a95a11e68548ffd94906f5
test,test,Egyptian_Mau_224,12,1,6,b152fdc8947d82f162efb7343d3d5fac66a9680a055d7c4cda3b77c3361494c4
test,test,Egyptian_Mau_53,12,1,6,b1de74a1838df1789b7bc99e82d3987f7dabdc8bfc36a4f3e231e378c81c9350
test,test,Egyptian_Mau_98,12,1,6,b210ebba0d1628df41f677fabd3f6cfe6b44cf9de13cadb75442048978e408d9
test,test,Egyptian_Mau_68,12,1,6,ba79377310a9f09724c90f2013df10bbc5a2219dd9954e7a863d34a519062c7b
test,test,Egyptian_Mau_2,12,1,6,bd1d59d8b0ad4b7071b40a8e30e37d30b4f9e3172a3b4034462c857b0e52ba66
test,test,Egyptian_Mau_42,12,1,6,befaa3e998ca9ff380e6d6833e9b906e46cb22461c1d2be9fcb3da8353bae9fb
test,test,Egyptian_Mau_97,12,1,6,bf125746c778a424dcb61003e7207c2d73eb6a0b499f808013453813661a2608
test,test,Egyptian_Mau_209,12,1,6,c2796c777ad53a77423e84bbfef38f5a31b0c459e76c68d3b82cd62a1b38c715
test,test,Egyptian_Mau_61,12,1,6,c3756a354370e7f5ce5840f4b5c08741eef56bb5652822019b0a1811b25aea94
test,test,Egyptian_Mau_222,12,1,6,c7491c56054a55c4ab672a51a602b3add90f353b8d3450303a197a6ac30294f3
test,test,Egyptian_Mau_96,12,1,6,cc988be4bfcff11c47e24215050dd93b0d933fb2abf4a2bf0edf6b0e99cb997b
test,test,Egyptian_Mau_40,12,1,6,cd0307c3532a66ea5b46f279b2bed5b950b4bac281385d6f851a44ccecba62ef
test,test,Egyptian_Mau_33,12,1,6,ce826da09de92e9251d943c9688f9ba4c814dbc385c79c0756a00c23baa90914
test,test,Egyptian_Mau_50,12,1,6,ceb2b8094d507c0f103dd4e87218e5e91c3212f33b8ddd6a4a7423423bedbb72
test,test,Egyptian_Mau_207,12,1,6,cf2f2baefaeb909b963b34e3412906d40f805014262d01d8fc18909f87540b39
test,test,Egyptian_Mau_49,12,1,6,d05b6db2efa106e0cd9e16dc0bfaf856617f9fa9e0af6da9878ab0bc3a521173
test,test,Egyptian_Mau_45,12,1,6,d075e1153362581c511ed4eb449025698399a72c9e194fca8ced57907545e821
test,test,Egyptian_Mau_6,12,1,6,d08d7078e1323c058441539851a21a2614188f2d7db70f92b337b32844b8cecc
test,test,Egyptian_Mau_8,12,1,6,e06ee171606de873c3d5aae6aa74eb04808d2a40263ea966a0559fbddd61bbcf
test,test,Egyptian_Mau_214,12,1,6,e1118992fb14c066e5b4174c537add3b2c065d72472e35ad8de6cb6e3ac6ef44
test,test,Egyptian_Mau_99,12,1,6,e1ae21e10819656c9331b87ef57114ef1a58ce5c1f4bf13034a38dc035f75084
test,test,Egyptian_Mau_34,12,1,6,e487f5cdfac83ad0043a3dc13cff256d0c18c8a4d8b1b21a59d00e392b782ce6
test,test,Egyptian_Mau_79,12,1,6,e4d2b361b1cf27b4c20674d299b87ca794d0d7c5d75d031bbc524d6eb96eac51
test,test,Egyptian_Mau_58,12,1,6,e527d9f29ce2cc8129fcbc09485c9a4864516268d1f4fae375e7d42d855aea14
test,test,Egyptian_Mau_23,12,1,6,e72af1462baeecc300cf71f39af553a4b18d60a0c101ef7664e501515b7a7102
test,test,Egyptian_Mau_213,12,1,6,e7f09f78ac59743a02901ea25cfeb18fbd7389ee58f0b77eb1f4929afefdff6c
test,test,Egyptian_Mau_201,12,1,6,ec12cf0b1b8d26cd3d919ffa4188c285f74ef32e28301b847d504d83a67a2676
test,test,Egyptian_Mau_204,12,1,6,f098e37af4f9d01e8e2b6e736e4a89702b19b5a66b06bca9471c0b42f6a28fb6
test,test,Egyptian_Mau_30,12,1,6,f0a6760dd2e4017dc164d9eeb2727b540602755c3ec81258dc714dbc32aa9231
test,test,Egyptian_Mau_51,12,1,6,f1ea81239f1603521575b1722af744bf0e7ba751b2541128625a6a16504385b8
test,test,Egyptian_Mau_39,12,1,6,f31f138503cb8b17ec418194f982a2619ec8fc66ec25064b85dff7989d9c9276
test,test,Egyptian_Mau_218,12,1,6,f63841b48187100a253fa0e865733653437959d5115842b880bd802c8170e111
test,test,Egyptian_Mau_93,12,1,6,f6e76faf39342d60013dfd356ad81a2e9969ea9647bdc8d47794552d0f3880a4
test,test,Egyptian_Mau_221,12,1,6,f7ae907cd140bdb6d4df46e7b744c84bdad66e82ac24bb09bafe689e0c459eec
test,test,Egyptian_Mau_73,12,1,6,f912eab15bb5c9b6a71fb90869c05c42e84b7d398011c26042e49f3bafe466fe
test,test,Egyptian_Mau_3,12,1,6,ff8cc5a4710ee1e0483fbcddebfc4d8f273c296494b1276cc4cd7c8300fd5718
test,test,english_cocker_spaniel_91,13,2,7,05ea785d80a4205e9f758a782fa45226973fe2718fa259cc12a909e95639bd94
test,test,english_cocker_spaniel_86,13,2,7,0667d4947df6365d6e26acc1bb0bec73897b24c5a4e3566ca5e64340bb0cfc4b
test,test,english_cocker_spaniel_61,13,2,7,07069cc2f7ce01c3c3cadfe0d27f8929b9ebc2a9858d74846667b7b9fc3f01b3
test,test,english_cocker_spaniel_81,13,2,7,095acc63083132f5766c8c045bb6edb1d7c2fc8fa8fe6a267db37aa388c62f95
test,test,english_cocker_spaniel_30,13,2,7,0afa843593a013e8723fb2bd132744065d272d14e545c6f153cff3aae3b17ace
test,test,english_cocker_spaniel_50,13,2,7,0e0fcab773e8ee27224ee3fd8b65292cbd8b86b19383f22d626cb6ac2b6f4d92
test,test,english_cocker_spaniel_58,13,2,7,135930f7d72562a7b94dc5f8de58c8f73184d33d0ff62424d109af42bba4c8ef
test,test,english_cocker_spaniel_47,13,2,7,161f7ab6f8ca197c82acdb0f1feb2f820d76d27e408161fff7f00182ae8f9077
test,test,english_cocker_spaniel_57,13,2,7,162064169f9e4ec2793111efa038eb13ee15c0f105079077ec302e029f320cef
test,test,english_cocker_spaniel_92,13,2,7,1660fc6d3a687dd3934c6e647e971a457e4ed12b10d988ab8ab63add962b4c59
test,test,english_cocker_spaniel_59,13,2,7,18f09ce18f054eb608384d999fba338f47b14f1bcbcaf900a0eb45273f5576c1
test,test,english_cocker_spaniel_29,13,2,7,1f5918aa4e0d02582afa5cd663f3b716544000f922a73fb20d6a6f7ed36b7477
test,test,english_cocker_spaniel_51,13,2,7,21b2d88838a3bac7360b507e238502f9130f44199e82fa285cd59375c89b1bb3
test,test,english_cocker_spaniel_85,13,2,7,22832c61a38213ae2a523c03e8aa84cff93eb7bf036e65d3ee9638a6fd16d6d0
test,test,english_cocker_spaniel_37,13,2,7,26ed1525a3ef028db3be8fd52961e4a3214bbd11fd3a237111729dbb6330134d
test,test,english_cocker_spaniel_40,13,2,7,2960e23c1c78e697ab2c3e8ad31bc8f896714742083f0a9c4a9f6a8582c9fe71
test,test,english_cocker_spaniel_62,13,2,7,2aa57c2a1dfd88e34c00a6b6346d6e129a47e3fada9ebb83b0bab05b9105efd3
test,test,english_cocker_spaniel_3,13,2,7,2bf453e828a4cc75e59446c3a803437bff3ecbc16837afbdc12606704c631f40
test,test,english_cocker_spaniel_191,13,2,7,2d46a25b0cfa963752b82476927ad4c5a956d3c25922cf7eb713393983c294c4
test,test,english_cocker_spaniel_95,13,2,7,2ef37e9b974ea54fb29f2fb5b97675574c233a727ae4c1830d2219cc0d6cbf55
test,test,english_cocker_spaniel_20,13,2,7,2f1781137c10b8860fcae71bbb588400514994349dc9314c956e5e9533367605
test,test,english_cocker_spaniel_74,13,2,7,303e5ca26764b4ef0feeab19f6317206d8ed754d4d306d5847e89b60cd63fb0f
test,test,english_cocker_spaniel_31,13,2,7,322eb73d0b41c6e564cedf7576e74e1b65946450edd04f210c3d13d0eb1cc9f0
test,test,english_cocker_spaniel_83,13,2,7,3348621291827f713f8911251015dfcbf85d4b9df0fd355f7bf0f144448e75ce
test,test,english_cocker_spaniel_4,13,2,7,4053d1dc7e0bfb675473255c992dda7f173a5aa0c080186f305b15c887c859f5
test,test,english_cocker_spaniel_75,13,2,7,4153b8471ebddb3f7656dc9780921a2274ca0840c02999f56a7d0d3e7164a67a
test,test,english_cocker_spaniel_78,13,2,7,42374217592435f533a3a086b75a417ef1663de375a448b6de0f7824c64cd062
test,test,english_cocker_spaniel_196,13,2,7,4375a760ae694ef969fa656e04188c281f3dd470ea58e987ed10ff941f20f3f5
test,test,english_cocker_spaniel_5,13,2,7,447dedb27e59718130afca8dbcea6463110c0f793802dc8a8d1138ad42c8f8c3
test,test,english_cocker_spaniel_195,13,2,7,4829ae036b2b29dd58c32090742d53c907d654740b104cfb8383b5205c8878da
test,test,english_cocker_spaniel_35,13,2,7,4ba3d441ed07a3da89960cae1c09bff8b0c865477d8cb7cfe40ba7ae76acdb4e
test,test,english_cocker_spaniel_46,13,2,7,4c449f4623b6394da7d1a832a6723dff59a78de24327a9087f491fd0635d8a2d
test,test,english_cocker_spaniel_76,13,2,7,4d85d3370b85223b10364921bf424cd5e2e875ece31e8cdf96c72edfbe8ee611
test,test,english_cocker_spaniel_87,13,2,7,4db938bd30482d1b2318eafd958a97229cf306d570c65022ba4a8e74c3911665
test,test,english_cocker_spaniel_34,13,2,7,5029b32e4f5ed90803738455af0d08d35e99f8210cbffff6294f95656be101f1
test,test,english_cocker_spaniel_80,13,2,7,51a34cded7ea95b501379d57c2177362975703c8b992010ac28f124b83ed93ca
test,test,english_cocker_spaniel_44,13,2,7,57eefe5bf6f1c185b410684d8dec4d20dc2679fe15f2df46e744cc1d467b3980
test,test,english_cocker_spaniel_200,13,2,7,5b2807d611e7ebb1a555b12ca1b95c85695e144057e758719f33ae681d51e61e
test,test,english_cocker_spaniel_193,13,2,7,5d69cc9156dd3f9aaa5b660adfc46c67698fb99241c2e528ca3431172aa0c7b8
test,test,english_cocker_spaniel_82,13,2,7,6041a1ded8ebc2ec3b0a1bf6447cb16a91912bc00965a30e53903f752f895862
test,test,english_cocker_spaniel_90,13,2,7,60ad08cfd05a837c2c6779685dd0e48b0ed05d0a73fe688d6faa2e587c3580e9
test,test,english_cocker_spaniel_97,13,2,7,6c4edf2de68a7f945b59b1a1fcb7ce5b383c8df1e25f82666338bd229e589500
test,test,english_cocker_spaniel_88,13,2,7,7084162dc0321fe2a6c46e9b6fc3ed74e491f2b175e363e9fa99c5dfec9d99ff
test,test,english_cocker_spaniel_79,13,2,7,72e83914159371dd9770c5f7e8dc23038fba4b5b33e20c7393b50084de3bc58d
test,test,english_cocker_spaniel_56,13,2,7,73b280c25ef49ed43796d58bf336a8923d163b599c1dd741946be833e295b6b5
test,test,english_cocker_spaniel_7,13,2,7,74d929ca0c27945e4c088a126f5e2a72f3ce25c50e7cf8c68a2fba962856ac9c
test,test,english_cocker_spaniel_96,13,2,7,76f41eb159846143406189cdad42462726e1679ec4a5fcf94fc06cfbb101b42f
test,test,english_cocker_spaniel_69,13,2,7,7c1ca6c32ac4a5cdf35ebf526c3f24df39b59b5ab8ac524f286fc5afc1ab0293
test,test,english_cocker_spaniel_45,13,2,7,8028a25039ee5ead196317cce19c44a9027d1d359cc2ecae9d64272576b953a7
test,test,english_cocker_spaniel_60,13,2,7,8239c62e5bb001ad5e026c9ed2bd53c39287c876a3a4cf85eb88bbd1dfc19e5e
test,test,english_cocker_spaniel_68,13,2,7,83e8a2b7f721ac81159d0d4fa978c33670c410b493763cdf92c9b5e82cfa220b
test,test,english_cocker_spaniel_63,13,2,7,860169be145a5f7342c3ec8e5ed6ceb6f2fb12ad1765978503adf6a1d3a1d663
test,test,english_cocker_spaniel_23,13,2,7,8a830ccdf0da02d591fee10811c27ac94d887c4b9289f93c75188d62c885bfbe
test,test,english_cocker_spaniel_36,13,2,7,8b23bbdddde6eef2f73b9eb60351b7ba70819a9af1444ad749922385d17684e5
test,test,english_cocker_spaniel_43,13,2,7,8f39aa81d44a062d70255b7dffbcf475d7c481edaf5ed9b4fd7abc047b9b07b7
test,test,english_cocker_spaniel_28,13,2,7,91affdb40bf7fdc372320141c6df9e33da8a2c9d22889882d871953bd1c4e8aa
test,test,english_cocker_spaniel_2,13,2,7,91e248798ee86da346823dc8595ea8109083e9237f39f1de706b63b650d1c641
test,test,english_cocker_spaniel_197,13,2,7,9268c7622b920726144a5d9435b3c80ef95ec1e636eb38db84a61c4a1bfc6917
test,test,english_cocker_spaniel_49,13,2,7,93c6eb780c1ad97ba5e63121b48f461af8c9e3584d0353787e6f2e70020eb45e
test,test,english_cocker_spaniel_55,13,2,7,96327fb11086f0759b933688587755b3f94617117f976f06c08d9741283ee87b
test,test,english_cocker_spaniel_54,13,2,7,974228452e6fe6a980bdd9efa5fbe1a2aaa939fd993ffb8e5bff9fd05d43f503
test,test,english_cocker_spaniel_26,13,2,7,988fc42ca791258df13f74afa25045409e0f5ca736eac2560cd148d1679aff2b
test,test,english_cocker_spaniel_52,13,2,7,98c0c931b100998d1c16ceb4ac5100de9e149022b65db63bd0a0081913b84f47
test,test,english_cocker_spaniel_93,13,2,7,a0d268c9cc98e9d3eeb4d615e8383901278de0a366c394e27e0db661ecf5eaa0
test,test,english_cocker_spaniel_1,13,2,7,a4954ad4d305a772000990d162131afa5aee75e0b8379ec2e3b32d3e4c7697d0
test,test,english_cocker_spaniel_194,13,2,7,ad51057d0d39ffd0c8d8076a6db33970829262c50c131de9dfaf76b21dc489fd
test,test,english_cocker_spaniel_24,13,2,7,ad74c488eb14d6e82cdcccbaa638652557e796077f7d37233abd0ac36f594d35
test,test,english_cocker_spaniel_71,13,2,7,ae5b401c72ed2cf735c96aca24df11ec6fa69bbacc5604439a20664b909fcd08
test,test,english_cocker_spaniel_6,13,2,7,b03ed55b262a72341667ba5c4082dc78add0e7e79d5994f397dec59a464b4e37
test,test,english_cocker_spaniel_199,13,2,7,b157b85593069a6409920abc77a188f7bb1d55268619f6964bb07058a2cfcd6e
test,test,english_cocker_spaniel_48,13,2,7,b2487d4deb498f43bb006db5c8323ebba28f89f265b441d5789c873c6ed32a9b
test,test,english_cocker_spaniel_73,13,2,7,b4412f96db2190f18b3a3faf33b8b799cd0d763c062575c00814db9d8d7b4527
test,test,english_cocker_spaniel_42,13,2,7,b5f67087d36288764da614a4f259aa4bddf08c9742c4201531341bb6b223fff3
test,test,english_cocker_spaniel_9,13,2,7,c1d6cb007b546c4a8366296362d0a0eb9dabfb0e1234a781c4adab954c4e0e97
test,test,english_cocker_spaniel_84,13,2,7,c3f14979a98f4646a827d999685f3540f6aaa96056c39588f99c7b7d9dfe5bfc
test,test,english_cocker_spaniel_98,13,2,7,c400e93417b7024b6ec04d1dec8c22afb7d3722c18e089f9e29ce5787bc5c8ef
test,test,english_cocker_spaniel_32,13,2,7,c542825d8d63e8ae9457a2ec6518d9519c79eef741ae1e40559bcb1d4822699d
test,test,english_cocker_spaniel_94,13,2,7,c58341a49663e8d22f9f0c80d8d0a6d6cfd44d89db01c02c20729a2756f8f55b
test,test,english_cocker_spaniel_33,13,2,7,c59189359c35b44b9526fc042e163dbf4228e0bb7922b043c952400b6e9d011d
test,test,english_cocker_spaniel_21,13,2,7,c95434ef516b591c1046b3049ce578ed8d81b87d4c950fc030006ecbae351891
test,test,english_cocker_spaniel_39,13,2,7,cc4659d400d378c684f443d3d17f098c5a5abdf4168c9df20cc16e509ddb858c
test,test,english_cocker_spaniel_66,13,2,7,d5477a549d0f8703a8643ff03cc3a89040ba73b64729fd8c22434d989e501eb4
test,test,english_cocker_spaniel_99,13,2,7,d64721c474b0c321fe5ea7a023adc6298a6d98062afd527f6254d98d859d6194
test,test,english_cocker_spaniel_41,13,2,7,db6eb9aa397a065c66a2721d2558d021fb11522add529231cf95555d2164a48a
test,test,english_cocker_spaniel_38,13,2,7,de24ce1e9ea718867c0b09ba1304f34644734bbc72c61aa533182f5de09e131d
test,test,english_cocker_spaniel_53,13,2,7,e14ab809e3ebc17be6dd73af47cc31c0af699e555f77ef859e9ab3d71796b496
test,test,english_cocker_spaniel_22,13,2,7,e1df69da2716381daf454578fb062f0e1ed3786aaa0d191e36d03a8c6a6b7d56
test,test,english_cocker_spaniel_65,13,2,7,e4fab3d1f0b46c4558fdb365512ca1f8748eb14a4294932be56952306e0d45b3
test,test,english_cocker_spaniel_77,13,2,7,e73c6e516ad6e58f67302a7b09373a393c2444f5396521a0367dd85cc8c6f22c
test,test,english_cocker_spaniel_64,13,2,7,e7b9c08605992f95d598519a2e6c70cb7c0821e18bf23297dc93a3b2a51b0d33
test,test,english_cocker_spaniel_70,13,2,7,e7e1663235c21d0255a8cc10c4a41fbe97a6d59e53c8261eb85410abddc2c7e8
test,test,english_cocker_spaniel_25,13,2,7,e92e8d22f17ed26718fd4bdc4f5879c90de641050241c895797cd527d52b942a
test,test,english_cocker_spaniel_89,13,2,7,e97b51a1521f29c2974564fa3ec2b4e69fc336ffeba2a7f7d4198403bd10812e
test,test,english_cocker_spaniel_72,13,2,7,ecea7d5c911092d4cfbec79bafc22ea48e3e71be9f1b6be90700c01429554e97
test,test,english_cocker_spaniel_67,13,2,7,ef0fc5407b48cc81b69ffcf4a0f239c839b9f6921bf28196a0cf6a1d0e6673c9
test,test,english_cocker_spaniel_19,13,2,7,f37b59b19c2b77e7308aef307aca1f6e9a4e8310713cbe0e6eea5d59eecc2ee8
test,test,english_cocker_spaniel_192,13,2,7,f399075b932aa0d294688f99a8063fb842aeb1861b4a44d1892aab56d972de4d
test,test,english_cocker_spaniel_27,13,2,7,f3cef90a933761a5fea4e42ce0523a976f9e23379134eccb690477b48f0d26a6
test,test,english_cocker_spaniel_198,13,2,7,f9dd9eac528dfddf9d69dc02a1af5943037ea9d4de78e60b3aed1091095870d0
test,test,english_cocker_spaniel_8,13,2,7,fee5214451e2ad6a785b2fb08c0f9c607d2409bac7ef713080475bdb7ae55e81
test,test,english_setter_29,14,2,8,01941d204e508723173c481e4d163c5290a20068ccd41955831f5b50d600edea
test,test,english_setter_21,14,2,8,02ec93e34e731aa75188bd7d7d366c46aaf7e08184db1f5db632d93a4501192a
test,test,english_setter_98,14,2,8,05e30428759e006190c019296b76dd72d23d4abe67672b6ac159c3c6172a318e
test,test,english_setter_43,14,2,8,0b5e0588eefcf76bdb2100261a445246a01bf1309a395af456e2f3a11bb9fa28
test,test,english_setter_84,14,2,8,0c73d567d06a6a19b1fb47e78fbf9381274bd22a6ed4ef167e2b54c8ca9475da
test,test,english_setter_45,14,2,8,0d4966ff21a6fc6b303425518568e406e5efef9776a692c348f32b904c1a35e8
test,test,english_setter_41,14,2,8,0e8be202a4ad8e1769bca4a88a2fde1ab3865433362cf12aa2768b636cf7fccb
test,test,english_setter_44,14,2,8,0fbcbe7acf78485207dbc2cf5a81960fd1cb400dcc8c6bcb94724fe4dbefb1fc
test,test,english_setter_71,14,2,8,124c6d562f1fd461945ed275ff060d95f9f8989354ed063df9e79cd4b3311223
test,test,english_setter_57,14,2,8,13925f46efb9ff6243ba17c78cf7e463f7005a6d7658c9cdee85a1060154b723
test,test,english_setter_94,14,2,8,1633e4a4509f147825c283c560848fa757df4823756bb9ce8b228f9bd391c735
test,test,english_setter_37,14,2,8,186dc191a1edfcf0cfa1d391091b407bdda5cb5fcf7ca49ecea0718cbf70cf9f
test,test,english_setter_38,14,2,8,1a2d78170e798987a4e28541d9c9538bd371823864f9af5525e2ceb37b219246
test,test,english_setter_61,14,2,8,1c1f47d5022a60f630756641e5afcc735a9f5c6bb5d32ee548ca19087f3ea790
test,test,english_setter_20,14,2,8,1dc6cdf58ecab822ef7d4a2b5d3d9639a53e8e9ec1d7c9990b7e52a20e70afad
test,test,english_setter_62,14,2,8,1dd7deb51493089c8124938ce68b05b9724a3449903d6119a7fa329e6660a378
test,test,english_setter_67,14,2,8,1f96879f33b0699b1d8e409a0ef83fd57d8bdf03c5e847e768790c8d4c1df119
test,test,english_setter_54,14,2,8,20666a2570a913c2b61c3a039a1f75053ec779747f6b2b8b2c7b35e729a3cb8f
test,test,english_setter_82,14,2,8,2309456542fdb2e2c0de75a6a9a30b00235ab0302ba60744a1c6226a6f7a674f
test,test,english_setter_23,14,2,8,2363a225d7222ff6dfd86602ba8d2bf0ef95a1e4c3ec714af83d6137595766b6
test,test,english_setter_40,14,2,8,254b82e97464f21f92b5891ea3a83b40589a4796ae5f232c49db73a4941acb0c
test,test,english_setter_192,14,2,8,27c8e2f70bf327ef05c0f1942fb005539e8e5d3f9f57ee9ecc20e76294a62008
test,test,english_setter_7,14,2,8,295bf4678ff543d316acc495b5a6be02eae6a69625ae057a716f218b6abde80e
test,test,english_setter_39,14,2,8,29c5ded291c2813759d77c962f5023bba0b9185b7522d506c91f7d3fa86d5145
test,test,english_setter_25,14,2,8,2d3a3cbf7956e7c6c65570fd9c66114f280338484c8588c5ee0fef89f3d0a87e
test,test,english_setter_85,14,2,8,2e4f5658ee2c0ac4c7fdf1426f8edee1690fb7c7d08536c0b4b7626dd7833b1d
test,test,english_setter_52,14,2,8,3969b08282baa645706c1aa4a3280d1fc632e04f29cb22db79c7ce03400e9ccd
test,test,english_setter_83,14,2,8,3a0379318539ed93a3cf57e6fae61004cd47623ceec0a70872f98656b12736c4
test,test,english_setter_22,14,2,8,3e7881b0c1a5aa0536547992582a9f081e8764a423d7bb2e1bc926c40f488a3a
test,test,english_setter_88,14,2,8,43d329e80b8eebfdaf5b08cc4ac8b81a24777ac00fe7c7c32697c458db495dad
test,test,english_setter_27,14,2,8,4423a237a0eb9928ead267c07644ecb28b15819b575ed1f3a3eb7be4e7224f20
test,test,english_setter_3,14,2,8,44711638d03c82cdfa4bb2be9f5f5698094110c35278ed50be333c16f3a95946
test,test,english_setter_89,14,2,8,4c2cafb68e9e411f87f1cd74d0ba535fbc643c5fae19d2da47a04088ca29903e
test,test,english_setter_191,14,2,8,51505e772f65a1ee9b51dc0823056ac21b3fc22df2dc30ce22e2c1245ce6443a
test,test,english_setter_4,14,2,8,51cb0adcd84d1a05d10c46ed6442b62cfcf9be55605574ecae981ecbdfe27117
test,test,english_setter_42,14,2,8,52aeec01ad4a94fd588e73bb78e916d6fea27117410026c7bacac5ad33c8a51d
test,test,english_setter_80,14,2,8,542d398daa9bdc36224fd6a812ea60a584276a0862202e0857506bc56e67d0e9
test,test,english_setter_198,14,2,8,549b7f8fdad0858b45fd65ec887dcfdf276f42ed95f92955b26b2a10c06cd647
test,test,english_setter_78,14,2,8,6392d94aa750d110ea6699998b7f0593cdaf20215dce62eb918e3fe4abb1e79c
test,test,english_setter_197,14,2,8,66b7b803cc322e234b9fbb3da9d2d7b2b8da66f486ccd6986fb373f9e37c6990
test,test,english_setter_5,14,2,8,698a349eb8ffbab344ce21568f730456f6bbceb2cc21ecb1b764ee597f9f72dd
test,test,english_setter_1,14,2,8,6a66d0f49243a7e46d4f3fbcbc507896613d313cc972ebbf9dda3d616adad15e
test,test,english_setter_66,14,2,8,703b80dfd6f9cff90f06e5bad59d4970b445b656a4e639d02777dd028154c201
test,test,english_setter_58,14,2,8,7370e4ebe456771f59e34b4c0eabac0b083255de19dc45f9a9d102b263dfdde6
test,test,english_setter_19,14,2,8,7399e157a31eaa394e443442a7e33a225a9db74a46c37dfe9e67918934a25f3f
test,test,english_setter_59,14,2,8,7400fcbbb08336e99142dc71a3419dd8dd5c1eead26a7a14c58613a8777262cf
test,test,english_setter_47,14,2,8,743fff22e288b6cd05ee79d016ec5e91e1be5cd24ff122559f5e0afb47752ad1
test,test,english_setter_36,14,2,8,758c9dfcc6981fc0748cc3cf7a4d0c1541678a7785e97058d10b17a447aad814
test,test,english_setter_75,14,2,8,771f740afb83c483214ee00bd691b8b5a6b6ab8ab6d3c08b455e719aa2c0327a
test,test,english_setter_70,14,2,8,77aa213f0c9c8326aad3ff4a9b19af4ec41aef8baff37d7b3149d814c340110a
test,test,english_setter_199,14,2,8,7852fa2027cb7b13948b2060b308d73ed4c6391d26e124115a5decb5cbb293b2
test,test,english_setter_28,14,2,8,7914594c87d2842fc702ae2c6ba3937ac67ef3fbda4bbce2f64f533d414060ec
test,test,english_setter_194,14,2,8,7b986ff2a82dcb78ba9cb4317404be09c66eb7bd1b2e0efdb64507f36eca62f3
test,test,english_setter_35,14,2,8,7c0fc3317785ee2bd1f9994ad92e814a6fef096113959d67f765f77cb98c7f47
test,test,english_setter_49,14,2,8,7f279c87e12920a32df13be7da6fdc1cbd8d37eddc91a9d11a9f05eee824301c
test,test,english_setter_60,14,2,8,808e5f748d0848c79a4d3a551ed0a1a065ab1a1b7fc9a223454c33529ad15bc3
test,test,english_setter_46,14,2,8,86799d9fa9b0930bf3057d613607e009ec4edfb50028ed234708d7049344ae9e
test,test,english_setter_79,14,2,8,8cc57db2fc9f6cb12f63c165c29940af97ca865bfa5cfa52b470c9281e0ea5bf
test,test,english_setter_53,14,2,8,8cc9ad93171a29440b7e7339b0f1518801fc8135cf0db7af508b3106f4224b70
test,test,english_setter_51,14,2,8,8e5ec8a49f490cf0961f99460757690561b2a20e4b4d62ece955751580c2b674
test,test,english_setter_91,14,2,8,8ef44a4ead2a65705ab9f092b10ce67a7ccce8dceb6505c162cc343ec2ee0076
test,test,english_setter_86,14,2,8,916e09e227af1b64322282f614a8069ecf0b88f570972a26f14746ac1daf1b70
test,test,english_setter_50,14,2,8,92bed06312ccac73b67a58ad3ee13acde2166a58efdd5db83cdbb8c2cd196601
test,test,english_setter_74,14,2,8,935b655e33eedae024ca20c623cf477952d6011dceb0e1f2e17493d6fe335851
test,test,english_setter_200,14,2,8,96e6e7f8d6f448569744f537cb1f8ca15a5981e579fd147dcdd2096cf605a758
test,test,english_setter_195,14,2,8,98e55e3783ed1c6c4a5c31c066078fa5ac3399b45f9a8b2e6b86bf0675bc75d8
test,test,english_setter_33,14,2,8,9974768a7da426c6c9ff41a448bd6996385c660cb03f4463f86cf6f104294788
test,test,english_setter_72,14,2,8,9b2877348752cee0682b322286e115251ce0aae46418a8c08a586a2315210d2f
test,test,english_setter_95,14,2,8,9cd173cc97f797e4a870d28de5adf54e20ec1b085f98dbdbac43b5b6f229e41c
test,test,english_setter_6,14,2,8,a2aa1123fbc468bb2df238a566f03f78391dbd103cc216b523187dc9e41f8e5e
test,test,english_setter_55,14,2,8,a400917386a6cb1675cd4e93f7c52cdbf24db6053270b6ed132e12d66c9240cd
test,test,english_setter_73,14,2,8,a837d98f5a8a57589ade644016c19937b28faaae98b4b8b691721229777a58f7
test,test,english_setter_63,14,2,8,ace22fb8c83b14cadeded379221f05d11bde014bd47a5a00714ade126fd77a5b
test,test,english_setter_69,14,2,8,add706e1af4e93b4405d7a3b5fdc2ce1bbad3ab4b810be91faf244f5c7acfd48
test,test,english_setter_56,14,2,8,b1839ec6b44f0840f97f37f69c37d0fd5088b56932b32930311a3a817f88b725
test,test,english_setter_8,14,2,8,b3a46a0291d38495a1c37d6c267dd4995274932c3d32c519055c0e197d8d96bc
test,test,english_setter_76,14,2,8,b3df7168cad5484d17dbb24d6925ce5cb7d589fd0c19a774af1c04c9b31d3c30
test,test,english_setter_90,14,2,8,b40e7316153396f1583f12c9e7ba6b9d674f9f029bd5c9d031e8293505e85c49
test,test,english_setter_193,14,2,8,b837b908e188d053ff5f72d26a07fbccba56f9f6bdc60e1e6d78e9cfc1401b19
test,test,english_setter_48,14,2,8,b9928699388838649300e9000d65868871a1eea31fc6b0b0292678b0631e60dc
test,test,english_setter_26,14,2,8,ba83a470144deec6ae89f67b0c57d916a7eac82a896b8b2f2124690e7fac146a
test,test,english_setter_64,14,2,8,ba8dbe52ccfb66ceae96876b0e3a589676b8b596b9489d82c6b86636a2d60b5a
test,test,english_setter_68,14,2,8,bafb11fc0f4e7342a91a364e5a9dd79251d945fa19dd3fd5a33d9a846f966c5f
test,test,english_setter_87,14,2,8,bb7d5fe6118da1f664d1f7cc10ca719df244f3635a1368b5f7da834ff0649a0d
test,test,english_setter_81,14,2,8,bddf5644d41f4d1ed7218ea326499b8c6c56f87061727360dcfc4e41cd1dd0a4
test,test,english_setter_77,14,2,8,c48fddb4aef96dcae63984ad882caf1eb10a2a8839406179e5d3fe1e46c51687
test,test,english_setter_30,14,2,8,ce1cd6d1713c564ae9f28f620c56ad849c539d0515000ba57e9a2305948d361c
test,test,english_setter_93,14,2,8,cfa7aa01282f1105a533414addd75da33fd47f4cbf0518f6c871974d634c933a
test,test,english_setter_196,14,2,8,d07c97bde6d3ce4a3b832e657060c88e851255b6641672e677bafa1bf59a28ed
test,test,english_setter_9,14,2,8,d24743cb76825033725039d76c08e845adfe5a80c41cce407bed4eae8035a1c1
test,test,english_setter_99,14,2,8,d544cbe3bd3279009f1b93bf1946207cb35d5f1f4857042ab6fccefef133afd4
test,test,english_setter_2,14,2,8,dede489b0fa70cecec87191878b3bf5ebfc1cd72ebf166306a182df421fac47d
test,test,english_setter_24,14,2,8,df0e04fcd0232df7a8de2192650d873afb5fbbac755481b39e5c405f680a7fd4
test,test,english_setter_97,14,2,8,e0be6d2b4d1a04a2303da72202e42d71eca6a3189e5dee2e599f53fb40e9105d
test,test,english_setter_96,14,2,8,e3201af7e5a693a4ffe45586ed9fd66781d465e89926cb76f3da92322c0984c6
test,test,english_setter_65,14,2,8,ea8e003be5322cb8790904d441caf77957545d997eae63169c1313bc2f2ff8a2
test,test,english_setter_92,14,2,8,f006922054f6170b01801e0ff74b40c8957a8661c4ffa8e98dba342499682768
test,test,english_setter_34,14,2,8,fb7a4a8782303112fa8ae4836815c073c63a90947727eff83892f1d4049a47f8
test,test,english_setter_31,14,2,8,febc11974bd27bd6e82f1092df7cd67c7e3ab986a4750e938d0696bbd61de116
test,test,english_setter_32,14,2,8,ffc37fa8874b6f95f698b24e6a300b88914d2218f9014d8dece75d89e24a505f
test,test,german_shorthaired_193,15,2,9,05d492a619739716c88eca1057bb800ba5e3b7bb6f6cdc399226035482a859b8
test,test,german_shorthaired_64,15,2,9,08ff978b571ff2772eb211ca0aacd56e6d08614f123a54556ded3a40091b863a
test,test,german_shorthaired_57,15,2,9,098b736b471ce2921bd0831a5adba89a254c6b5daddae3d34b7270f99a7f44c0
test,test,german_shorthaired_67,15,2,9,0cbcefd4888125abcb7e15c0c8169fc7e1c81be9f7e163b578bdb211ced6a270
test,test,german_shorthaired_91,15,2,9,12859005c0469c5ae14e31665ff735d3cc53c011c725b52b911cb5f794f9d0ab
test,test,german_shorthaired_56,15,2,9,18b8d7dbfa52b738ee2a5bc3260d0d7f2693ce807191b754f43b8768fc57ef29
test,test,german_shorthaired_89,15,2,9,1ba4b8f7f6bba574fb28915ca1272a7db1a82a83aa3abf17aef4143ab3532d0e
test,test,german_shorthaired_30,15,2,9,1e766ab4917fa48396617487848da76b60c6d03e1484192c93ff6c64c1ff6f60
test,test,german_shorthaired_85,15,2,9,1f044a97d8abfafa5593962c71adbfb3912a7c245e705594caf7ee7237b5ef8d
test,test,german_shorthaired_37,15,2,9,22c66e966d9946e434c4f90700769db58447599deaf7eb158d1b6bb15707139f
test,test,german_shorthaired_6,15,2,9,232640b283b4da03781dc7cbff4604563efab7dfe12b05fb95973e44008452f0
test,test,german_shorthaired_197,15,2,9,236b0210086173a4b74e14bbcb556463e142d5900b70edbf8eae8f0bcd6fb720
test,test,german_shorthaired_62,15,2,9,25bd0d99ddbbce83d2475303e93f81472cfbdc133a0fde30a84014c84e6491fc
test,test,german_shorthaired_51,15,2,9,26693315051dfeb0da37b9469a07f87ae28b79879de50e7a8191f5770dcf7848
test,test,german_shorthaired_59,15,2,9,314e6feedcd84ffd0c4dc65d46e04cdb743c8010778761d82debd743b9cceec9
test,test,german_shorthaired_81,15,2,9,3af34e5305d31a226371fb30e759cd4dce73d9ef69d451a89ed3f11274d019ff
test,test,german_shorthaired_34,15,2,9,3bd8cf7d72758856f05bf11799105fea15d2c800be9cddf3f1eb6ea5f544701b
test,test,german_shorthaired_36,15,2,9,3c43232382bc436126545aad542d9ac8ae5a63e3b8c3237d0ad03f3a2d926ed2
test,test,german_shorthaired_63,15,2,9,3cf7e6188bcdcb2fb098c9515ad21c0074c16bda0118005814b59f79f50749ac
test,test,german_shorthaired_65,15,2,9,400fe7f9562d21ca7b41fc934ded2ac23c3c227e2ccae715299e37f0a51699f7
test,test,german_shorthaired_93,15,2,9,43805aae661e063c780071077720d95e35f3c3c324f7bdf20cc345f0b1b318e7
test,test,german_shorthaired_19,15,2,9,46e39b4cc90f16af495afe4ac4aa4a56512a04572a82ee6e7960ce096fab20e3
test,test,german_shorthaired_43,15,2,9,48d8931af937753153750781c41e7d5fc468603ea799c1d0b4402c280f3d13b0
test,test,german_shorthaired_46,15,2,9,4918e1ebef966ebaebd7817a289d57768a30ec27df21e81c39977dba47cbb8bd
test,test,german_shorthaired_195,15,2,9,493935646569af2375cd5d21ed42ae7589edf25aec3ef18f1c24cf05ab5c0852
test,test,german_shorthaired_191,15,2,9,4a2413fc7dbbb0dc34db685751df6a3754cb911ce50e3e94b36b41309893f882
test,test,german_shorthaired_5,15,2,9,4c85865cb4fd387d7eaf80fa36f0d10187faab4ce6d23f802e6c3de605a13597
test,test,german_shorthaired_27,15,2,9,4e0aae1723869ef5c14e855cd74df53bb89dffe6a6796fa8eb638aeb5203150b
test,test,german_shorthaired_97,15,2,9,4f2f136cd2b35cdfadd76f271dda9f6943123134ec9bab36ab7aaf8b38dfca2c
test,test,german_shorthaired_3,15,2,9,4f46141366bb18787cb0f1a0dbb77e6d5247df5ee940e965f5c5ee8919e570ae
test,test,german_shorthaired_83,15,2,9,4ff4ce41fa12a03d4f7593b7328f77bf81344de440983c5853f0b11d4e74dd4e
test,test,german_shorthaired_92,15,2,9,51d910e83d25d7587c7746db8e432c218d6fe2c448a166094266b165437c3e5d
test,test,german_shorthaired_41,15,2,9,5422d3ffbbaff1e428a3238fded0ba400b3e8cea4eae464a1409d74331f51949
test,test,german_shorthaired_72,15,2,9,57ee98cd2bdac92e9817469ad1a934b37b44dc8cf15e8472c3245d8e4a632904
test,test,german_shorthaired_45,15,2,9,5814bb51fbb4efb32ef51ebb495bf393912451ce24acb81a9c575997aa2d9f46
test,test,german_shorthaired_78,15,2,9,5a117189ff506fcdc401b346de5234a6647333b796717472d7ef13e4ed2cd672
test,test,german_shorthaired_21,15,2,9,5b45299ebff35616b737d7012e0141db52e23a5bb4b2eaa76600ce95a08f19cc
test,test,german_shorthaired_25,15,2,9,5cfd737f3c0f4bcbe4a44ebfa4a97cc676adb156935cf5babee9e9b309f06a10
test,test,german_shorthaired_49,15,2,9,5f14b3ad9184d69ff16856637fb972374454c0f00f3ef7a90babcd423989a900
test,test,german_shorthaired_74,15,2,9,600e33217d347ea665cda9de911661b9b0a716206c6fb1adf51e3e10b75ac313
test,test,german_shorthaired_79,15,2,9,6187a0090a24ba2a45ac4e5a487e5b8e19c38b4b8ac8fec1bc123a6f7883b237
test,test,german_shorthaired_200,15,2,9,622f89726037618cd0bb6af2fbfefa2c2031b3cd01342133c7c180d1359f31a2
test,test,german_shorthaired_94,15,2,9,627eacfe50e9f087ec95dac75171705199181f2499b0917869372bd5f66fb21e
test,test,german_shorthaired_84,15,2,9,666102defa0a9c875bd8a0f3656081387d214e40d9450f9adbaa7da7accd6d67
test,test,german_shorthaired_61,15,2,9,6676a4f6e56ebf4e53091d29ad1a6d5c601872d7a6377ac2c1a4cca0393fa52d
test,test,german_shorthaired_71,15,2,9,6807c095a5368af1d15dd64d09d649d9cb10b4904236e726bd5a7cf29d903e59
test,test,german_shorthaired_196,15,2,9,6a992a39ae92901fb6df7242a0c5adf3edb72f2ce26452184dc9dc117b5462e9
test,test,german_shorthaired_32,15,2,9,6de486a56b2ec9b1b9ae78df2298564c1b41b89fac976eb41950ba77293255d9
test,test,german_shorthaired_60,15,2,9,722aae2b1b382c523ac7d59d7d6a464db01b996f845c283af042e896d74bc98a
test,test,german_shorthaired_53,15,2,9,73876207fb1bfbc9a97569305b08b89eea3cc235ae4fd1f95de83464fe9f80a5
test,test,german_shorthaired_68,15,2,9,79035341477badf4f0dae021ebd8b16b6fd246bfe6fdde2b52e3d4510b9cbc5e
test,test,german_shorthaired_1,15,2,9,796fe4a1d051c639ee8b60e24fe13f5f4fdd3dc26fdaca633edea72b05f16715
test,test,german_shorthaired_80,15,2,9,7a53c9d3f9eb94e911c55d697e9193b7d68e3506bcfafdd377e8a56445a5b1a4
test,test,german_shorthaired_192,15,2,9,7caa779819e21badc44cdc135124b876c9bafaf24a7bee3b9e2d52b8176c285d
test,test,german_shorthaired_199,15,2,9,81de3475cf08ce0490ba5ab0a25d1cd42bf0b2c043b313a9ca2a535d3964f00d
test,test,german_shorthaired_42,15,2,9,8271343aa57a0fdd27d5f21000ad736f696386f385891cdb658c49bf752b0e9f
test,test,german_shorthaired_75,15,2,9,8459ad24a25e7f8bfbd1c561cfd48b631350c9c667a2a2236086d94b94523978
test,test,german_shorthaired_28,15,2,9,86662603c6429be2de2fa66e04089ca9235b1aa4585309841fbb5ae8fee42b4a
test,test,german_shorthaired_99,15,2,9,86c197200fa6980724d4030da6185ce5a90379ecdf4991fc77bc8aea43a1a0e6
test,test,german_shorthaired_194,15,2,9,89a2f5d87165ac5d54651a70ca2828916a883ca8eaeee23652eb6288ce3b7beb
test,test,german_shorthaired_54,15,2,9,8ae4b2d798ab9fe7724959b48a3fc74d324bde9b8b2e234432edc94deda9f453
test,test,german_shorthaired_88,15,2,9,8b1886cd4aeb4d590458d8d0c9a9d8789d66ad5b7ba684b37cf96a25c55b2f3c
test,test,german_shorthaired_33,15,2,9,8d263360a2c76fe983d682ff98e7c173bc2a070d64d4efcd815fb917f1395eda
test,test,german_shorthaired_70,15,2,9,8f49ec786af1a7ac003b8a7aeb7b5a4c15564abcd79142694999a08ef59ccc7a
test,test,german_shorthaired_20,15,2,9,9012079b0ddddea5b4cea0c4b4f55636c0605efb0f97b181aacf3ba9af8c1314
test,test,german_shorthaired_87,15,2,9,91321370e76c1346b1548c785aacb0733dfcea5d2cfa11733691d5deede855bd
test,test,german_shorthaired_66,15,2,9,91ac20823c336d67e158f5e55c073003ec10c9b4db5f0b68b2b4a7ab19b26334
test,test,german_shorthaired_47,15,2,9,93a5367b925f2c55b60f11b55c82b65443e75788409b28a7f088ac5c673a7327
test,test,german_shorthaired_86,15,2,9,94eeb779d09707bd3e009a3b7fd2cfd37c8d8c9c12749812dc4a869b8b822e4f
test,test,german_shorthaired_98,15,2,9,96d2bff4419d3690cddbf527f05cbc88b695e922739ba14972367166f00b3520
test,test,german_shorthaired_29,15,2,9,970bd12a1825fb26bcf1c3df9533314c26597055b371132b5b2fb3f660522aeb
test,test,german_shorthaired_31,15,2,9,99348180cbbfab8af9967dc246213aee64a39d7ab960b811a3f3bb22281d8a86
test,test,german_shorthaired_76,15,2,9,99d6e1b32cb89f81b26f4b787dbc2c0b4aa2b3fded09fa4933c2ded7b7200cd3
test,test,german_shorthaired_9,15,2,9,9cf36ac2c21a4c3875834084361a7d33bdce6f93b9f37017259a3063e10da423
test,test,german_shorthaired_95,15,2,9,9f346499702fed461ea15a1a59bda4eb55e07913a168fac4e2f82c6607dc82cf
test,test,german_shorthaired_2,15,2,9,a0fb4f60db6bac79c7456be3ead9b835853c17a73f8f38a9aaa59cd5ea8fa242
test,test,german_shorthaired_50,15,2,9,a6ab1d21c79ca07bab62721aec525f8d0fb48b3af0d66b3c8179388392fd1003
test,test,german_shorthaired_39,15,2,9,ad5162764064861c29d19b5a3daad43c3546451a32fad20e2f956989a9424252
test,test,german_shorthaired_7,15,2,9,ae78c0867509fe43eee7a70603ef60bb27d68d0c215b8c7c643bfed16395fbd5
test,test,german_shorthaired_52,15,2,9,afbf3bc169d475e46e4b6b5a451a4ee77c82e6b639d57816f799d318302e2d9c
test,test,german_shorthaired_48,15,2,9,b384dc4d19afd97e07661671d6133666c5ccdb2923c4b324f49d1136ca7005ee
test,test,german_shorthaired_8,15,2,9,b53955bc2f85add9b26e3ead6666f2474cb681c660493a6051a3920215465ec3
test,test,german_shorthaired_69,15,2,9,b8338aa049a4af4f3372f208315fb9e7c470774ffde84666359339e8abf2bc39
test,test,german_shorthaired_23,15,2,9,c3116d36a53768f947fcb67309755dbcd758bc6a9ef4bb59de2731f72812d86b
test,test,german_shorthaired_198,15,2,9,d64dcc3e796c1b24194763d761381c3176f25b687419d4d3d271bfd0fe974e34
test,test,german_shorthaired_38,15,2,9,d6bf5a0634885026423ace615feae8b566943daff0f7cf6ae4e039695e782eca
test,test,german_shorthaired_4,15,2,9,d6d4822ab345d68d252ae16ea177b285caf6c95a69dc15c1a00f51a9c044b23f
test,test,german_shorthaired_77,15,2,9,d83be263047e4c486499c3df2730b8f29b0634d28ede58ea43f0e077c08c39b5
test,test,german_shorthaired_44,15,2,9,e1e6e578e483626944d06b5820b9185ebd1f9f5f830d722c95a19222bb6291ff
test,test,german_shorthaired_40,15,2,9,e30f12d45423a945596acc97dec2df2b4932f3bdceda8442eee67585accf5dcf
test,test,german_shorthaired_24,15,2,9,e711bc5f24c8fb2ebae328ef2baff41b8add017943c5d835cddc806c6150aa74
test,test,german_shorthaired_26,15,2,9,e9c70be720bf00b73cef507178d58bad5502136b7efa808fed745691c108e96b
test,test,german_shorthaired_90,15,2,9,ea911b4f1defa9b1078b96dc4783a71dc7bf01eefa8c7d7040af615952fc3333
test,test,german_shorthaired_55,15,2,9,f3356cf8c66284f31f3a88e6e2aeff88957cc5562135ca98d2fe4c7e42390e03
test,test,german_shorthaired_58,15,2,9,f4c85c7f6dd9e3e1b03051344be87f43d4c3be3a3d64869732671774b5fc685e
test,test,german_shorthaired_82,15,2,9,f5e839f7e7ede086194ea6c59dfa72636453db8767e2930e46ef8db1218d1875
test,test,german_shorthaired_96,15,2,9,f619cd758879936bca3defe5110605506803acaeb22c2f17b506981c8078bdab
test,test,german_shorthaired_35,15,2,9,f879aa046d6414bae9a9f20786036b4cc365b22cc1fd0ed081f80255e451382b
test,test,german_shorthaired_73,15,2,9,fb6e495d69f9eefa2fbc5bf1d4e337819a3caa812883ee1f3fa3272a253067b9
test,test,german_shorthaired_22,15,2,9,fea19044d8a2efd83dd822c941de80579b5868e3641666070189fc23989e899c
test,test,great_pyrenees_59,16,2,10,0cce9fd522b741c30f50e6b7d7770093777069414ffbfe266d4cbbd548aa08b6
test,test,great_pyrenees_81,16,2,10,0e3f1d0b4b224f5594109937b750b4c93dc90d34f8981d7f780a04790ad30a1b
test,test,great_pyrenees_63,16,2,10,0ed732f501af79601d56aeef72fc026c2055e76805e6d1cbe689790625a9730a
test,test,great_pyrenees_194,16,2,10,0fb062b4b93a1af2e57a3299488751f35f5738de2e226664c15e256435f743b9
test,test,great_pyrenees_53,16,2,10,10633076267fae40e72609c2e8bbada03384fc25645b1ec0853e7e44efefd1dd
test,test,great_pyrenees_57,16,2,10,1394c0ac46f32fa41e2adedb7f19da83fcf9c1f37c82f4a858804be587fd613b
test,test,great_pyrenees_58,16,2,10,16f89188aca5c9b329c46919a5ca8352f64682d83bb2662d86efbc8697dc00d6
test,test,great_pyrenees_87,16,2,10,18394ac8df3941738e1c5ac9675cb60dcb53ec226e5464f69517a6c60fc5da17
test,test,great_pyrenees_32,16,2,10,1c0be45f9783bd0a91839003882c3355c0e5cdcb6497ca23334cccdd26df0ad0
test,test,great_pyrenees_41,16,2,10,1f4c5a92cf5dd1b078844051ea334f7551807e36175afe6ce10b5ca061a2780f
test,test,great_pyrenees_42,16,2,10,236bf29ef1907bc7bfaf4700da611a04283691d59c67522adbe4077c5498aa2a
test,test,great_pyrenees_98,16,2,10,24660a04ffb0c314a1c50841c2828c0b155ad443d102eed1c657e7078b295733
test,test,great_pyrenees_91,16,2,10,258768b5917d5872bee40042e5e2d5a05a0d2d9c15a134fa2eee22087aeca9b4
test,test,great_pyrenees_66,16,2,10,2594f718892f6ce9d1a714b2a831c2655db38ea03916b36d117e41e16a231393
test,test,great_pyrenees_2,16,2,10,33d53e31a5d32dae140fdbdf28c6f2fd9c2b301ad3683d1bedda54af5bd4ccfc
test,test,great_pyrenees_78,16,2,10,3990d996c0010ceab5bd57064b4e386b608f77833142532afd65ec7e6b56706b
test,test,great_pyrenees_97,16,2,10,3b277c185535f44eb50b8f429859c52219bed51ab84de824661fe5cb91ef8997
test,test,great_pyrenees_19,16,2,10,3c1e85968534443676be200704a16332b69c421c864cf0bf62cb459c07d8cb75
test,test,great_pyrenees_46,16,2,10,3ecfa2eefd8ba70c36229df73bdd8a56986f44e986fe6ff64eba8c30c9e81a14
test,test,great_pyrenees_3,16,2,10,3f9af8620c88c0ede890c408616a952c64a995d6476de59524395f0ff9d1f31d
test,test,great_pyrenees_76,16,2,10,41b7d3050e581291898dc932ca39678f564996dd5ec9df1f2d9c2b471dd61da2
test,test,great_pyrenees_83,16,2,10,4399fcbaa55baf96924e904ebb9c428b9749933aaae0103e157e7b7ea98a4046
test,test,great_pyrenees_54,16,2,10,45b48c3c94b10634928b6c9eadb289b6528651870e4e159b897bb643f85f6108
test,test,great_pyrenees_36,16,2,10,4775fc02fd0c3ee1e95eedb0879c484006fc9505ba84f8bd9c243f97967ff5cd
test,test,great_pyrenees_99,16,2,10,47e42c449e44f654f7aedcbc923948d5cf65097b8e5f239c7a74f3e4b5f4073c
test,test,great_pyrenees_89,16,2,10,482fc4c10714498f5e4a6d602919e61cca48a0a5a01d9dae07d5bbb889116b35
test,test,great_pyrenees_77,16,2,10,49fe5bb61220ef2493db66de2e0d747d91d69a776008720868411b5a80750942
test,test,great_pyrenees_193,16,2,10,4c85c0a3192ca6acca1038f8fdcb3002f07d872ebeee4e7fff6b906d399080a8
test,test,great_pyrenees_45,16,2,10,51dd25170ec6000f5e990314fd4478ce92bfd98e6d6245bda481b9034d175337
test,test,great_pyrenees_67,16,2,10,5246804922b5b9907f72ce8415ee1a394a39c26a969b4ce44be86ce2f59857cf
test,test,great_pyrenees_48,16,2,10,53e4c32b5a4a232e8781da53e179958b2be7b5852f0c238e2f5b06c28d4bc42d
test,test,great_pyrenees_38,16,2,10,55a05db39158bd44c3d115886fafc3b6bf5bca4c0e3154377b81aa4d4ca40191
test,test,great_pyrenees_22,16,2,10,55fa873c589c076dddc6ffda0e3a108eaff0c6c3769d61408a2bcf4d58447393
test,test,great_pyrenees_94,16,2,10,581dbe38cab973f7e34f33a2a3dd2679f5d0ef9b3e430ddcea4f2d28eccbd222
test,test,great_pyrenees_8,16,2,10,59d0634ae07ee49184482ba38f967cd2cddf2a1529af2858718f4dbc774c2011
test,test,great_pyrenees_64,16,2,10,5a5f2c8546423fbede42dd6512e28c967b0e1ac48868095220cbb93f94db9c21
test,test,great_pyrenees_75,16,2,10,5a809edf06ad7ac83fe9b91b92d8bcf5123409f455ac5ac8724429a1c4511f89
test,test,great_pyrenees_195,16,2,10,60f74638f989994a93049c125ffe4dd3868d739c92413a2fabab3e82a32a1474
test,test,great_pyrenees_26,16,2,10,616994d89fc992d37a8134634e4d1a48028a9b666e2aeb1e44278daad46a200e
test,test,great_pyrenees_52,16,2,10,61a2132d05bca4af6a84455a32a5616371324d98789db4908aa0616135866ee2
test,test,great_pyrenees_79,16,2,10,645c415aa847c9a5e255f13284658342f9a83bf9ddbf78263b2b03a1d6fe0d98
test,test,great_pyrenees_9,16,2,10,6b15b7e7b4219f8f8e174614e4ba45fb55a79b4e44c9afef7eff2cad7a3f411d
test,test,great_pyrenees_86,16,2,10,6de2b1fa054d1b27afdf4ead8019014f924863cf1ee179fda7af0a1d88b1d240
test,test,great_pyrenees_96,16,2,10,778ed4d6cb7da22affe3bf0cf52176a99f28622268c5467606564d78c1e71b75
test,test,great_pyrenees_70,16,2,10,7a33b681613df5ab93fc6e59b916b13e4123dd7e44b202343ba35909b86d38cc
test,test,great_pyrenees_82,16,2,10,814f801b96718b7af83341669221216ea09ac9f98cfcdfcee25d22640bf32606
test,test,great_pyrenees_25,16,2,10,83b3368132ee4544e1167c7bdd7bd81f1a411176d9bce97da2766ab8aa8265ee
test,test,great_pyrenees_90,16,2,10,8486aeab968a76f7a074a4da4a5f6c85f56e1dc8b3df4f4857f17d8f12aa65c2
test,test,great_pyrenees_31,16,2,10,84d670b0bb02ae6decd0948f317f1723a9929f414739128a6d6d192936bf255f
test,test,great_pyrenees_21,16,2,10,879b570f73250d4f4e3a239ab5156e9eb6fbf1585f552a09efd74e7f08d3461c
test,test,great_pyrenees_28,16,2,10,87f03d82a61bee9bf7aa71a78bb98cc865b19803efe56c696b462dad414a3c5b
test,test,great_pyrenees_35,16,2,10,9054ce24337335939042badc3e2cb23c7cc44b7fa32966b7dece5a0cdd7617bf
test,test,great_pyrenees_191,16,2,10,90901c3a7678cbccd050906dbecf2bdc082cafd936aafee45a7806b1c232ab19
test,test,great_pyrenees_84,16,2,10,92c8983be4267ef4288a9379198cf5bddaeb06054564003d59a884460e1a20c3
test,test,great_pyrenees_80,16,2,10,932d64c539f917956735993366c97b696ae096bafd63f26a9cd3dd62da9f4508
test,test,great_pyrenees_7,16,2,10,95880abc33514fff3bc52594cb447ec6c66da1d7b06408bf418c1e94d4fa8cfa
test,test,great_pyrenees_29,16,2,10,97425c17e556abd4730a7529c0f3918231a0106b4905e3e0b5c391ee7f713a95
test,test,great_pyrenees_200,16,2,10,98b422f7a8f0548b41a556371e221c37ea32a59fd7505b9ce1cc39d41f0991f4
test,test,great_pyrenees_68,16,2,10,9b2467989f215ce0515f97398303475451c8d92d820b8537938996962c498dbd
test,test,great_pyrenees_34,16,2,10,9e0877b05d084611078da702a3ddaeb9c54a60314a59e1b0e945decc689d9af8
test,test,great_pyrenees_27,16,2,10,9ea653c7ed4067f5c5d2d504601045156d78131defa2d429f01d647dcba17f7c
test,test,great_pyrenees_71,16,2,10,a095dc7ada9b903c3776694256ab6017d1ca97991ef5d95bc228a1a02f4f6fd5
test,test,great_pyrenees_69,16,2,10,a211d1c17fbf6091706362b184ce294052037e1e5b307768620a8ac78581774a
test,test,great_pyrenees_49,16,2,10,aba29841c04ce10a3a7c77aeaa71239be8e11cd6671f08c81e1ad1495f048b9d
test,test,great_pyrenees_40,16,2,10,ac39b42bb1399f2ed2bf03804f008b20bdd4c60d2ef94e20542e409a22c76107
test,test,great_pyrenees_88,16,2,10,ac96662a2810d409894aae094c13987b6bfaec08f4616f835fdcbcd8fcc89512
test,test,great_pyrenees_1,16,2,10,accf9e1cd7d3cccb84c091a0008d331e6e68f42944c45105385db42bee341bf0
test,test,great_pyrenees_72,16,2,10,b6fab148c26c0b3463021348279cde72adc59776fb7415e2458fccfafcf55d66
test,test,great_pyrenees_23,16,2,10,ba69ed7a53f0ea8ed8faa883125e575226e08748c01e88b364740aeb1225727a
test,test,great_pyrenees_199,16,2,10,bfe39c07dd39330492b784efdebe98b0ecdfecc92d9e6dd3d913d414168d5859
test,test,great_pyrenees_50,16,2,10,c308ff98823d1f6767c43fe792cf558e5321427496a671b1958e5953575c202c
test,test,great_pyrenees_33,16,2,10,c3b34f44bc04975b73de320b4246c65b55d540cde0a9d844cb5a85d0d526f799
test,test,great_pyrenees_43,16,2,10,c6547be1cbf2f203848a0c8de073964b1bb072ea7c57ea8a00ff1bf6297db672
test,test,great_pyrenees_37,16,2,10,c65a261d24c4a53a365b3f8f7daf40285336f6124c7cd0f378e0d7c2b3b867f4
test,test,great_pyrenees_4,16,2,10,c6724b14537fbbd0ef4f9a8f273b68c0e46068d1cec0787b5775caeea41283dd
test,test,great_pyrenees_73,16,2,10,c709637ee4f7e3a7b5b8c0786753a5aa757f0402779fb979ca747b3771200fde
test,test,great_pyrenees_62,16,2,10,c78899571b2466da35af7e7b043d21129de3d2cc831484bef9fab2b823fee9c9
test,test,great_pyrenees_6,16,2,10,ce3ec79d2841fa8e55a0619a0eeac25c02dbfc6dbfeac728a5c9bac5097ca1e3
test,test,great_pyrenees_85,16,2,10,cf8970fe6138d39e83cf2ae59370a646dc20519019984d8fe7e122de6d54be62
test,test,great_pyrenees_44,16,2,10,d16b04ffebafecf15322268293168d3c183d50b33ab7e2b476665cd4cd034abb
test,test,great_pyrenees_196,16,2,10,d5efb3fe01453568dab87644d0b675ed3acf93435955478cd6e7e6a1fae7c310
test,test,great_pyrenees_20,16,2,10,d6672296cf2acc4992cc17c07ddd83aa266f86313c9caf33da37cb5f96c6f011
test,test,great_pyrenees_51,16,2,10,d9c2ff67c8ca279f44494440e535ca83202747b29f89a03a6e7a8a353005715d
test,test,great_pyrenees_65,16,2,10,db14aad20b5fea656cb592c691489c9ce4fdd409b5c596df13c53a6c6e62db45
test,test,great_pyrenees_74,16,2,10,dd86ff5dbd8d924392015a33ffb592e1f998a82c8acf691872a85b380aba3f29
test,test,great_pyrenees_39,16,2,10,dd9129ce63ab653d462e4efa32f71a9deba113f7d3622922f0416e607ceb69e8
test,test,great_pyrenees_24,16,2,10,e38f6a6b9b8704902d1ca1f3710f7ed07a655558f707cd686fec3d704fc3b2b9
test,test,great_pyrenees_5,16,2,10,e5e7c251bb3e883c9b3eb545f201169b4fa0fe138bd0051cfeb1cefcfba59358
test,test,great_pyrenees_30,16,2,10,e8471e61a6d63c3b3b017242c10e0e9ab6d4fba7cf80284e429ab2c6bd64a1af
test,test,great_pyrenees_47,16,2,10,e852638b25cf20d58c0cab0aafe3d96bf6ea482feab17e35bf63a25c1ed5b4d9
test,test,great_pyrenees_61,16,2,10,e99513fd4952db12a7a174882b63ca30aa48bdda034a3b27ea638c15e22792ca
test,test,great_pyrenees_197,16,2,10,ec9b2e6829577403ef6e22aa81c2930ee6454dec6bae36da40fb2e5176983e8c
test,test,great_pyrenees_95,16,2,10,ed078f7a6f0fe10e4d886903e70108ca7c3354eff8fd7ce3e8234ff8079cbcb5
test,test,great_pyrenees_93,16,2,10,ed46baca09c46f0fefd5981d43079aa69c07e5c7c64d1c5339baead269097aea
test,test,great_pyrenees_55,16,2,10,ee6cb2bdeddfa83561d8010394c4d357a14a7c980fe9bcdb19c211d01ea8123b
test,test,great_pyrenees_92,16,2,10,f1173ec4b4b0cedf72a015e7d33e4f97747dd5720ed56d0037d1a635b560cc30
test,test,great_pyrenees_60,16,2,10,f4030a44fee108b9a2399bdd17d6421d731102cc2fbb6ca38e20e96a7ee91ad9
test,test,great_pyrenees_56,16,2,10,f421c5800aeca66810269e86aeab7839813c4d4c13b8aa6a3738e801ea453080
test,test,great_pyrenees_192,16,2,10,f59c31c817ea9f58a2599d0370de8e18234cc939c8f02152cce38c0ba624133c
test,test,great_pyrenees_198,16,2,10,fda407f2cc2fcf94c0040c966ee5c478429a45f2fc73acc5aa7e2303157bc272
test,test,havanese_23,17,2,11,016b87735e1a9926c7e68d0a25b6faa3e056c4f54c18568b95d9de861f8cf26a
test,test,havanese_37,17,2,11,02af494c13718ccc1b3d860e78d10dd564a70a5be509c78b79a9a63a89ab0df6
test,test,havanese_70,17,2,11,03c0a1f3f6c3799e5107950e0f5bbc9a588ed0d49ade90c45e3df17f3e545af6
test,test,havanese_21,17,2,11,065a4164278ffe5f6665ce0f3cb53816f204f9195c171e3758ccaff412aabd4e
test,test,havanese_32,17,2,11,0b20274a6dbb8e2da250533bc8f3deeae5df19c921fa5132fd7b1ff6e1e72021
test,test,havanese_82,17,2,11,0dfa2a181737b3df618cb07d70293d8197d402527d06108ae11569d692deddd3
test,test,havanese_40,17,2,11,0e8f3c789dc472b35ecea22d364abad0fc25256153aa37c52900f542b0bfc3c9
test,test,havanese_83,17,2,11,0fdbc210b66944adb1af964060bb3f251afc6011594749163d6bfa87f3078c9e
test,test,havanese_9,17,2,11,11f5a68da15af8ee0f2b9f673925614b1c3d3fd29cda89bf0b6355d97a5dcd22
test,test,havanese_88,17,2,11,1463b67654737bdd1824932b2bdc018234dac8952b9894bb3a00a055800b3f00
test,test,havanese_90,17,2,11,154200051e98e7d9b31312c49240d77cf8f6da0826a57c38eea00a5423f869a5
test,test,havanese_79,17,2,11,1803e6b45eda00dead8d5b9b96ad16e2b8abe46c9ce7851b2e5f3fe86f2edc90
test,test,havanese_97,17,2,11,193da3cdb2846a1a0e6d7a7a383841069ecabf5135a1728da8b131ca9d366cc0
test,test,havanese_24,17,2,11,1bdc4be7f4ddc1cb3cf8cac22a49f4a7b0793d8c0d1fcdd59fff8e386f426a3b
test,test,havanese_95,17,2,11,1c2a20abdb3c6e6b24acd69c415c0c918538d65d5cc52e2bb3e3386e0c0be600
test,test,havanese_36,17,2,11,1cee85d88cd03d6f85209a21152336dd50d4a698a48eb7465b9a6b13c0595664
test,test,havanese_196,17,2,11,2050172a1db53c2654097fd9a0fe0f5cfeab1fcdcf9b837f42a819f16e307d21
test,test,havanese_67,17,2,11,215297ade351e4026f7aa48184eb2972e32cc666105f6d252b29755a14406dfc
test,test,havanese_94,17,2,11,303ca4aa2704eb19fe02ab2df81882ff74b058bbec4f7af11296ea12b1d896e3
test,test,havanese_71,17,2,11,31e93ac3b0f1bdc5111d5a663effaafe03d5f181f6fe02b68b14c48491441e7c
test,test,havanese_191,17,2,11,329b080571b4c8e49aecd4c03515ce0e431424152b74fc9b5b6bdc71e14a569d
test,test,havanese_56,17,2,11,382334f945f43a8867bef298de160e096608168236c85f83e87e74c5ef4dacc6
test,test,havanese_35,17,2,11,3e82dc936ac5e3f4a7d27f0e00d852fc0e69226feff081510b3c89a64e6778c8
test,test,havanese_80,17,2,11,3e8c7bc31feecc0a4357a223f6957e6d8479b937a70e347081c461eb88b61dc5
test,test,havanese_4,17,2,11,3f6d95dad0748f84d1c0495e6ddd2c1967956efd3309d17d331bdbf948290d2f
test,test,havanese_72,17,2,11,4281ec87007b0f65b6799372119a960731000381bde365790516ac90cfe1d225
test,test,havanese_5,17,2,11,439e45d3e405a9f7e3f1d5bcf3ae40742c9459d2ca9ac2c927ebb43787172060
test,test,havanese_85,17,2,11,442d8fd3d1f87f63c3ddbe44e86884199cae860359be3c2403d77cddb2bd65c2
test,test,havanese_48,17,2,11,44477c6022ce26961742435d4eaf1acd09b070c0c0c286fb34cd9475c4683e77
test,test,havanese_34,17,2,11,4b3055fd85f0f8d335346552946a13de35564fcfe44f71b2e36a63a328e19208
test,test,havanese_50,17,2,11,4b367e91f224787b42bc4cb111c1e6965f02e5844666385dd70ca4e64aa0a609
test,test,havanese_78,17,2,11,4c96a82c7feb9dca2691b40604571a24e8f5fe5ff96ec6d4b61545f53bfa1efe
test,test,havanese_194,17,2,11,4dd34d63ddc69331040e9084c7cca0b5df9befec46ef85c9c7418430571789eb
test,test,havanese_3,17,2,11,50d246a39623a6276c2fb9a34351953e9716dd37c8bf1a5e61f0f6606213d291
test,test,havanese_27,17,2,11,50e3e89a43f579dbb34146e7928eb8ebeb18b4a3e55fd1285ac98a416e410c8f
test,test,havanese_199,17,2,11,52aa1d5b29f74888aa6314271c73394ac0e750d79dbb051023cb36b671a731f4
test,test,havanese_77,17,2,11,55d40c04839bcd503d024d75f53921996d10dbd3826b9b9f9261f725b22c1979
test,test,havanese_33,17,2,11,57c1aa7dd902b7d866937925a7dbebdb2cd2281ee1e1592e2e2a693b1454f6b3
test,test,havanese_74,17,2,11,58223d575ad1299c8b506f28db30c8479ca2e1976534d439ed2c2690df4c6fcd
test,test,havanese_192,17,2,11,58995c820cb573e272e23bcb51e69751dcaec189a49758526bb293f0db639f56
test,test,havanese_63,17,2,11,594871bb528d509ce10faafcd8c16a608fc60058350107383504f64f30dbaaa2
test,test,havanese_65,17,2,11,5c759930a5539d45613764768abd0c2442fcb97d5ab8d3444cffcb78657c9098
test,test,havanese_47,17,2,11,5ead9be6bbaea3730669f593c85edad40ed50f91225342cbfc38009db9a774ea
test,test,havanese_75,17,2,11,5ef0c843d091a951999ca2c340c192ac2ddc350b0663cf9a9359260f0815f406
test,test,havanese_91,17,2,11,5f4412bb806be6f5dcaf72347f0612ec0c7beac2ca36160e373582d47ad542d0
test,test,havanese_86,17,2,11,620e986e9f5ba2cbb96d331dfa6aa4456bf47b66dc1632d0330b5540dd0cef45
test,test,havanese_25,17,2,11,628a0c776c5715b02c76a8647ec9766d30fbf34fee0e2fab815971718e7e1b1e
test,test,havanese_19,17,2,11,64077e536b00e93ff0bf9fc1987f8c2215d2ca3dada2c449d8f4bd81f45c7c34
test,test,havanese_87,17,2,11,6553a46886aead9b24741346cda5b44aec4e0af2e0ee64f2a4a697e650c9f849
test,test,havanese_89,17,2,11,69483e3bba18f6223c771624a5ce184ed6709a7f7340876c20bf14db3aecf2a2
test,test,havanese_53,17,2,11,6bb71df0b34c90c9a605ab3f226073e81b5f40ca14f553a86d00c1f57d7b69a3
test,test,havanese_52,17,2,11,70a597c42da73fe0225a285a06ec7a850c40ce4f4d1423b5e70281f202047e96
test,test,havanese_99,17,2,11,7a2ef28fa8ce9d817ae44434c7335b6b69bd4f359fbcf0bcae087c417545d38c
test,test,havanese_44,17,2,11,7a47ef6c5bb0be31670d595d53bf1e5e1c00c96d503b7e6caa64900fbaca33f8
test,test,havanese_2,17,2,11,7b834d2db8dd0ff61d2764a6d8a5d466d67c550d6da7083c26064372152f3d5a
test,test,havanese_193,17,2,11,7d5eca2027cdf9ada2a813b1c0dd43b9bf11cc666002f76f7db6547502cb3f68
test,test,havanese_41,17,2,11,7dfd27b5e3052a03bef7e2ddd9bcb6c57cbd6b9e9659c7fa3dcfe63c8b5ed79b
test,test,havanese_81,17,2,11,83c407e17421c6f12f15a9c02bd400bf18f6ef296b37b9ff398948aa78fd127c
test,test,havanese_195,17,2,11,891bd6fc95c709d7c4913913e9f3ee98a7fcc8a79b7c0a4627e746e5aaecb71f
test,test,havanese_43,17,2,11,8d746c86a82375106972182d94d35e357ed2f14b80b05c734e6e1395897654bb
test,test,havanese_84,17,2,11,928a2b5894022a15024d78e02b2c02595775d10390cc5f746dcbb53ffec31a13
test,test,havanese_197,17,2,11,95ba260ee2663eaf65682308632e7c68e1fb7cf2aaf64afb2438260a00cb01e8
test,test,havanese_38,17,2,11,96b883562518febfb3ae193048c921b83759e981171cabcacf51409fab6cf8d6
test,test,havanese_69,17,2,11,97929eb207ba9a0901d92c6eb5a9b91a93ba6e4c71a1be2dc9351acbd988a64f
test,test,havanese_62,17,2,11,9dab24b1d1dba26b9cec1711d1309561cc20e664880190a0106ab4fe4ccf88ec
test,test,havanese_20,17,2,11,aaf51d9577830c43a35e998b277223f351481ec51f0b97f8272bb1e9f3dc6bef
test,test,havanese_42,17,2,11,ac8712354569606fc9c453a95c7f805ae9f8fa7d24c0c25076ad136794c74e38
test,test,havanese_64,17,2,11,ae12218c9b2c25ba18e5d871b358f0900a19b28b620c3f3dfcb619474ee76ae0
test,test,havanese_93,17,2,11,b2acc7a598c5b97d0f571f604bfa00985e6b40863df327c4421fd525cc3a2d28
test,test,havanese_28,17,2,11,b6a07e0c5bb788f2ed21aaf08a6b31a7232ced9875062406f0eefdfa3d952258
test,test,havanese_31,17,2,11,b6cf14f7814adcf87e654de26ae34ea3381c2efcb3371519ea072a96cf09dfbd
test,test,havanese_49,17,2,11,bb1aec2091861c8714580b40db11b170d0c2017934ee0a7c84ae4f48c47e2d97
test,test,havanese_6,17,2,11,bb765a665f0b43fef669d9d8748a06effb5471a260ea5e11ad722a30cbf153de
test,test,havanese_92,17,2,11,c255527bf6b9fe38a96e24348a3a409e865c5592c9fde95e71017f58e29231c7
test,test,havanese_59,17,2,11,c2c8d5d0b86f04acdcfda197820516be2ccd790d9e3ceedfc9b4518c1e64f0e9
test,test,havanese_76,17,2,11,c355510f0849252658ff3cdfd8d540022c6f4041eb449cdfd06cd7db2d223308
test,test,havanese_73,17,2,11,c6fb31a653a60e96d699ad336b17fcfaaaa8b7e744a4ac9a3876662f1d02c1dd
test,test,havanese_60,17,2,11,c74df66ce4fae65a4fbb3dee2ba1cf528589f9c524eb7440ceea35cdcd330661
test,test,havanese_55,17,2,11,cb84050bfc32fdbe803948bcf9682e5fb3a6dfa0c3d14fe5f464336e5207203d
test,test,havanese_7,17,2,11,cea0fc5d881f26ad51d2ed9b24475620a04426a7005b53edc7b3d918683fbee4
test,test,havanese_8,17,2,11,cf72ebedf13d10492ed3859f06762c9deda06b6061779644c75bf50afe49fbaa
test,test,havanese_98,17,2,11,cf838d0d80a82cfe13389f2e6b6bcac4edf79bc965fac2099b9bba8a0511b327
test,test,havanese_57,17,2,11,cfa538e0dbded3d1f22590b84d680e01bade5a17b975a465ff48e301fb3c7c72
test,test,havanese_46,17,2,11,d2f780339a96adc41ddf294bc82a453589da600867301302488f5b93093b04c5
test,test,havanese_1,17,2,11,d48292cf6af640ccf6e10d523b79d0a7c71c9e7e82aa3571392cef89fef102d3
test,test,havanese_61,17,2,11,d4f7af350871bec1637cee4d9f9f32d09030ce643142cfa51f2fc4fff9605a4b
test,test,havanese_26,17,2,11,def2b0df3cbc32a61a68e6a28ae55b8b4f7d6409511366a4dde81ac4c00579d4
test,test,havanese_29,17,2,11,e0345e9aacd84d76cd69e39c236de6d80e74cd04d03f237825564f595c794c13
test,test,havanese_39,17,2,11,e2c8ca8f96a10793664e1509597582c5fd73f22f617ef87940b1b11e6b206456
test,test,havanese_96,17,2,11,e42e43f3fc87b44da4b7fe28a0abd3e0dc099b7eef957bfe07e78f15d4e927d3
test,test,havanese_30,17,2,11,e87bdc618781af277b0697f43fea8e44eec377a7fec3f2b81033513dae38ac55
test,test,havanese_66,17,2,11,ec256de7bb2464e5cd081ee902266b355ef311ac15fe3174e889dfd0a96113d5
test,test,havanese_58,17,2,11,ecd923485ea71b39f652282e99a1eca41f0c5fd3f33eb28a04a6d3065859526c
test,test,havanese_68,17,2,11,ed4f14700b1613e8bf995c617a70c2eaed18ddd0f356643608172b96fb9baec0
test,test,havanese_198,17,2,11,f1110f285638a6a0fbc3e6b54cae40c3d59abaf79099f2a7fba85d75b115f3b7
test,test,havanese_54,17,2,11,f15c82a8519315084e999fa002d9d02481fc93156e575d790fdcdbf814ac92a9
test,test,havanese_22,17,2,11,f30910ae668bc5fb52c968814a177c0e2b1bfb2104ccc3baaa748693e676dd59
test,test,havanese_200,17,2,11,f36dd4e7935d2b7a3dff9fa7d99a290e76305594cbc9b61e572ee04ed6b912f2
test,test,havanese_45,17,2,11,f5ec28706dee18e306a7dcc20817ddba41e2072c7e8750a1ec9cf1a214def89e
test,test,havanese_51,17,2,11,fb7772faa1290d6f18543932b8113440fcff339663f2bc4585778543638c6d4d
test,test,japanese_chin_94,18,2,12,00a8e8a2eebef388bc3a9e0c28cfa0c593a28a346a59b501dcbd1a2e823bf3c2
test,test,japanese_chin_1,18,2,12,02fc40cdec6b79da6398cdcdc614493f8322dea41dd8818eac71f705c51b8b5b
test,test,japanese_chin_45,18,2,12,03cfcc8ea0bbab07dd8279cb512b7460c50086d715370760463d7192451d34be
test,test,japanese_chin_57,18,2,12,05eb41779eee7a3a295ae363fc5d0827e3db993cfe3a7cdde9f11762ef186aee
test,test,japanese_chin_194,18,2,12,0675022d96f92af2f238a184565ef674f43dcdbd23a37ce43610e800de1d1a79
test,test,japanese_chin_51,18,2,12,07f1fad576d06be49b51e945e0d02ed6211dcf827a61e7f908d3c56b66b7bd25
test,test,japanese_chin_192,18,2,12,091ddf990bf6e38c1f4946079be153789dca0b6d6f3cdc31577ca6934dbb4274
test,test,japanese_chin_98,18,2,12,0d308cca9a3507b800b1b589c158c2fd22dbcdc588ac016773fb3d79f88f757a
test,test,japanese_chin_5,18,2,12,108cee71d3e4b86be650b77f4ce40dbe5112b0b24311a281f1c81a5211d467c9
test,test,japanese_chin_20,18,2,12,110611978c466bd4f84ccdb91ba70c551666db7a7b4e4e543eb7b814e41cdbf8
test,test,japanese_chin_196,18,2,12,175b14e8111253309d0d59cbd63d52bfa2cd5f2673e688bcdd0ac7db92833634
test,test,japanese_chin_67,18,2,12,18967eb77d062c2d27c70c4ed1e5979b235739617ab8b729c7290faf6203fe32
test,test,japanese_chin_85,18,2,12,1b843478c83324d090b8b6b0630516e86953d9dda1cce37f2e686835078f9811
test,test,japanese_chin_25,18,2,12,20528aede1c85788b25681d3ecc545207d806f46162f510b7c0c104f3ee16f76
test,test,japanese_chin_80,18,2,12,20c982f7297fc84b22d7fff1bb1f5a4b5f1c35869ec4a39007344f5a315619dc
test,test,japanese_chin_77,18,2,12,22ea55175a609b86a08598eaf4eec36c41aa6124d04a53296bae613efd4817e0
test,test,japanese_chin_26,18,2,12,2550fe996e24bf9a760333ef1ba6c511edc18c1f489f8d45852f7e039b620d15
test,test,japanese_chin_63,18,2,12,263b662aad8c02718fc55ad2dccb4f06282f22103dcf3b0e9ea72a1a47984c7a
test,test,japanese_chin_54,18,2,12,2bab025ed4126eb9fea18e6020a88ca7546da54639e24484f693e2b471fe669b
test,test,japanese_chin_42,18,2,12,2c10340611cce6d950514327f90a9ee7b3882b6bf3834365af964c7cbe6141df
test,test,japanese_chin_43,18,2,12,2e7a4d74051ce74f376d3ee3e7081b37cfd86bf3a654b1e9b8fae9ceaf3f7d31
test,test,japanese_chin_64,18,2,12,31b67d15dbf6aba603476255886a7f1abaa16e29f348b66c23d1bd7632beb183
test,test,japanese_chin_58,18,2,12,3471f280db2adfcd4b482c9f4ce6bbe0cc3cddab1c07af8304fef54ca7017306
test,test,japanese_chin_8,18,2,12,3572529f4c08df1f30f3d464047d32207b20d636037e78d715097623db3fc911
test,test,japanese_chin_19,18,2,12,3767319b09e271f852b07920da366a559cf87a19742c4d1b4717b5a061914791
test,test,japanese_chin_27,18,2,12,38d566b835f76fb5efb4a4dc4a2825d2084da9b31b4c44df8dce8c3815280d44
test,test,japanese_chin_61,18,2,12,3eb0eea9c5705f6f6c9c43e101d36e5365470047bf5abf0153e2716245d24d6f
test,test,japanese_chin_83,18,2,12,3f54d6c5201fb151608f8dcac503e549b9bf2785e56ec2ca5fc0d25d40cefbd8
test,test,japanese_chin_195,18,2,12,40484fc0ef55161a6e6265bde3bb366e86f1b05e0177d1cecafecd8e73c5b995
test,test,japanese_chin_22,18,2,12,413e7607c83c98181fda119b8a4efb73a4cdbec69ef926424c8b5e35965f4975
test,test,japanese_chin_30,18,2,12,41c742a09f322cd479101f6dbcb42f5491cccf584f3cc383bcf1a69f761f6b44
test,test,japanese_chin_55,18,2,12,46a0d3d21e29d9cef038150c92296e0badf098fd8e9fa7cd69cf55180a6d4b41
test,test,japanese_chin_86,18,2,12,472f58b5cedc57fd34919db996959fe27d706be5b67adeaa1e4f96623b8c4da4
test,test,japanese_chin_33,18,2,12,47caf4dcea78dcac257761a810c540348421d29e1888123954e82ee7d8edde0c
test,test,japanese_chin_89,18,2,12,4c3cb1879939d80cef684af0b7e7c4a20196af783eef77acaa9535cf81d2be62
test,test,japanese_chin_44,18,2,12,4d33baa66a36e277210147e7b18df006f8a8010b17228429d549992efc3fc0cb
test,test,japanese_chin_93,18,2,12,4d7fe0eac93a29b43bfa5d3b3a2bab9da956c6252c59f9bbcd670f6fa5f0c41d
test,test,japanese_chin_96,18,2,12,5119dadef4f50b0974974bddead19babc1e44705beacf34c2335dfe699c61395
test,test,japanese_chin_52,18,2,12,54341724d8606cba07aeedaf34290eaeb2209ba9415f208632a682bd5dfb447f
test,test,japanese_chin_49,18,2,12,57845490a58c7822d9314c61c36088a8951cb921f50ace2c625bc2323ce4dd2e
test,test,japanese_chin_37,18,2,12,6011c34df46708e628a1bb1eeea088f6cbc6e78e2e61ae9a707ea057c1bc0741
test,test,japanese_chin_66,18,2,12,64d821def089e58632e83e3aba97ad0257b933af9936d59f69e34d89d164b176
test,test,japanese_chin_88,18,2,12,65613d989ee2d9c7b4b09c37960425ed6179eb69b98d886f2adca8d8dd59bfc5
test,test,japanese_chin_197,18,2,12,67bc95f305f5e9bd4243d8a7e9df81807837c032ca9c3b5519024202c356c073
test,test,japanese_chin_76,18,2,12,67d3b699b099b6e6b3f971634b264ef1e38d6cc12bd5723d9d9af0f501e5e155
test,test,japanese_chin_90,18,2,12,6a32fbf6c617eeeb1477e94f25aba4d94f61fba1f6127bfcabbfb109b3bb0b90
test,test,japanese_chin_29,18,2,12,6bf0c4a9c18a756f99f78197c0799ae1ae67c64c02e90f7b8aa1f677de2d46fc
test,test,japanese_chin_4,18,2,12,6cad1a3176d59501cfc800656fa869af864697964710cd898f9357dd24d8c044
test,test,japanese_chin_47,18,2,12,712d3331665e88af4caa3d022fed4d565fb8f7507dadaece182a46a26d7cbee1
test,test,japanese_chin_2,18,2,12,73fa3c25b3d22124937e060fbc8653e89eb4b8c5c0e6ce60d636e3630e855c48
test,test,japanese_chin_70,18,2,12,7847bd6d3d7a12322ae35584d42397c43f588be5ec6e8019892b723ef48de6c1
test,test,japanese_chin_74,18,2,12,7b463f58af8fe334c8fc71f2295829bf3927d21b7e992951cd4858f77bcda2e3
test,test,japanese_chin_48,18,2,12,7bd79c8dff57c99662a934a15fe79ebbbadbd1d155b864466070761e665d9781
test,test,japanese_chin_38,18,2,12,7d408bd933414d5f6788f55d8e8ff49540255e66d743690fb40e04ec27cbede9
test,test,japanese_chin_6,18,2,12,804438bcf0a83f03f4f5ad754d60cebc70176d8867286391b0ffe79b905c43f1
test,test,japanese_chin_84,18,2,12,81060bf60cb34d37732c4677aaa9835f1bcd3e395b4aa54f73fddceb45c725f4
test,test,japanese_chin_24,18,2,12,82ee8840023d99987dddfb8fb1603596668d5b8feced36d8ecf2b8a9b03b1d9d
test,test,japanese_chin_95,18,2,12,85b869258f902f5a6959ab31664eb91dc360afc9a6429d2dcc526ee4435e0d1d
test,test,japanese_chin_56,18,2,12,8b2cd9ce4a7fb2017ee8c714fe88a37073f7ea181537f7f0d0b1db7b3a0c132b
test,test,japanese_chin_198,18,2,12,8c59f3315ac469d0f48050f839fdc8812fc57d45bc3894c885ae1487b5b059f9
test,test,japanese_chin_65,18,2,12,8d1ec6f625a0672ef08559db7ad332024fb9e289f978c78593cc88fb7e2a2162
test,test,japanese_chin_60,18,2,12,8fde9c6ec7c35bb8e4ffbabed06cb67258207aa9bbb59d0eda64c1cf2600188a
test,test,japanese_chin_28,18,2,12,95e7c7006f96c9abe34c19d8414c015ecc3dee0574ac94aee9350bd9258faca0
test,test,japanese_chin_191,18,2,12,a1c5fd9bf3e223728464d84c37b4ea0f2d3e00293b8ca945b864622fe441419d
test,test,japanese_chin_46,18,2,12,a398d5a4f84feed03b52aec1938992b7022beb696005d14fdd5df3aa4784a840
test,test,japanese_chin_53,18,2,12,a794cdd0838ce5219e4c4866a11e74632abfaa9d2170be36331829965515ed5c
test,test,japanese_chin_68,18,2,12,a7a0121c13470032b6af685415494758764c418c8a413964c60ed4093e0a5914
test,test,japanese_chin_200,18,2,12,aa6fd15fe05e4a516102110aa0a2a48dcc12de00404f99f673776414a0b87fcc
test,test,japanese_chin_39,18,2,12,aa8a26db61da17a5b425fc7887c3fe93e3c1df743ee55aedf31cd59655f66571
test,test,japanese_chin_81,18,2,12,aecfc934d5543dc87a30516da9cfdd205ff74832c94d0fe7ae16223fd38dbf62
test,test,japanese_chin_3,18,2,12,b164025344a9cf71d752e70fb5b6ccd06c4b507e861f68a64d0f4d27ff2a73ab
test,test,japanese_chin_62,18,2,12,b1ad3c7cccc5e936c715fc7b4329653ab70210439560ea082cc961d92d2ee015
test,test,japanese_chin_82,18,2,12,b5392a8c675eaeb358cb276d90921d276b15ce8bae51bae1028591a3f278dee2
test,test,japanese_chin_99,18,2,12,bc7c7a883405f9547a1b85f85ff76e967b28a3093a0a97eb894b9b64908173a3
test,test,japanese_chin_21,18,2,12,bf552b4eb587a3265b1c7e28602348a81dcfc785a8a8bc985709834de78e24b8
test,test,japanese_chin_75,18,2,12,c5446573028bfe912fcdc4688b37464844e5867ac8fdd1a5612634c5032180d8
test,test,japanese_chin_34,18,2,12,c5d9b02640262204a4c54d23a94a45c77e2eb361ecbc43d832370ccea06c053d
test,test,japanese_chin_32,18,2,12,c6f0119cfa97a6372f7d4b161a85dc5cb38a5fbeaaf38c479c2adbdb1ac0acfb
test,test,japanese_chin_9,18,2,12,c7c672567a9db501e82303b22cf18ae81f1a7bd46f3010ddfa10adfd900901c1
test,test,japanese_chin_35,18,2,12,cb9af4d87d97490cdc583663f5dc6d0d0b47394eb893f97e48327317cc9d7869
test,test,japanese_chin_71,18,2,12,ccb73d4a504fd3c364fbc14709f79c96ae854ca556ef80cfacb0e41f3ce4f121
test,test,japanese_chin_97,18,2,12,cd7750dc3979bdd9554078fa6df7da8bf322f0f6046613824d2374144e12f572
test,test,japanese_chin_193,18,2,12,ceb7087a6b9c9f9d5cc147f7b2638be5a4a034d30f6e955fd49d3b72c4df910e
test,test,japanese_chin_92,18,2,12,d1f15c743ba23e751142913a777a26892e6ea1faaa6d59474665fb6b6a3ef2b5
test,test,japanese_chin_50,18,2,12,d5735561cd89f35d617a25b28cd2f78befd10850055c80bcc2bbffe416077892
test,test,japanese_chin_40,18,2,12,d9cd222b0463070e34838dc0a5e409c479f2342dc54b860c61a695b8404734a1
test,test,japanese_chin_72,18,2,12,dd55c7d443ba7eb8eadb4bf8e1747cf3d5afdcf292daee9a4334a20fd39e9351
test,test,japanese_chin_73,18,2,12,dde47379fc05179f1343d3cbb8652880fd91cf1a041c3fc6917de59c2337f375
test,test,japanese_chin_79,18,2,12,e0346678cea6466271ad8f347761f10cc5f722424d2ec7e5403d2b6141c2d070
test,test,japanese_chin_59,18,2,12,e223c51f3e066f7dfa9b68376b8375a278ffe6245d58595e186fb1a5cd566e33
test,test,japanese_chin_199,18,2,12,e5a306730ba21aac931a11fff3756baf65b6d01bd7cca4b0f7974cfffbd83778
test,test,japanese_chin_87,18,2,12,edc61a492a4e571556ab59d3fb36cc1cbb275929f082d3b92b73892a354c35d6
test,test,japanese_chin_7,18,2,12,f09c84767735dada07fe222f84bd678b89df126d0a0f2a9cc7e40642ec056d9e
test,test,japanese_chin_31,18,2,12,f0f56da6a1b84d0bc3c52e9ff01f95097b3f1e0c5967046f112698aac458e947
test,test,japanese_chin_69,18,2,12,f2b829ba5412e82cc36568e25cf60fb8b2e21067041447349e94a0f1877e8064
test,test,japanese_chin_78,18,2,12,f981e8a1318de1ac82c1d744b57df5773bc90e88f18267917a51bf375c65c140
test,test,japanese_chin_36,18,2,12,fcfb63bc88b3ad6961459a7b48d3d4b4a37b11f5a4225ff36f6b164df17f36c4
test,test,japanese_chin_91,18,2,12,fd060dae812c1305f5f1e0dc7177d703f61747cfc2aa3c84a0409aa593fea278
test,test,japanese_chin_23,18,2,12,feea966b680740c4c4b363abcf4fce6658a4f68728670131e511ffa16f904725
test,test,japanese_chin_41,18,2,12,ff36f4969a5b427fbbee631bb99038ff1d07931adc5abd54aaf4ba81311a69e5
test,test,keeshond_37,19,2,13,025d7a3bcca7c2b032e740bf6ed57baea2baad8e315873a831072a4de66576e3
test,test,keeshond_191,19,2,13,0a351e8a15279227e5ce3d15df81a09fc2907a6df3b99b39683255d8e6d2ad06
test,test,keeshond_56,19,2,13,0cfcac4932733f0c6b1291bad9ed4fa6da357692bd0626c7a8c05f7fbeebd46d
test,test,keeshond_98,19,2,13,0d000d5543b453a3c13cc6fb069707385a59349fde6cc350ae863bdf2d2495a2
test,test,keeshond_7,19,2,13,0d9472cbdd13da78aed48838b0d21253a278166418cd794c0027cf5fc77e80eb
test,test,keeshond_58,19,2,13,1138e9cdbd63281e33d6d04c0f8eee654cbb617703defb645ce7aeeefce04ffe
test,test,keeshond_96,19,2,13,13fbef16333296814daeed9806bbfd412001b9a16ae8e10b1e46604c26f90e2b
test,test,keeshond_198,19,2,13,152eb8ea3a24cb42511d41227917c34406b72ba03218f3c73aa1cb32d6251aed
test,test,keeshond_24,19,2,13,160f3b8acb35b8d8c3142cfc0663a0d11a3a8ca08d9fc9b46bdd050d09d4afef
test,test,keeshond_63,19,2,13,1cb2bbd1022043b7b8ff537a74939740c78bce1b06306cc9a078c147d87366f4
test,test,keeshond_82,19,2,13,1f2aa35939f5ff87effccf34086ae00e4d13200dc442ab2680df80b6dcf0e409
test,test,keeshond_93,19,2,13,2119ca486b0fb75b94dc16ad331d7bc326e1ea3f6b9218c7984ceed5d1353b29
test,test,keeshond_53,19,2,13,22444c0970603b4fef74c12cba35303a780654c70f50f218ea2c17e6ab235c45
test,test,keeshond_199,19,2,13,24ff1a4a24d36500ece700bb2ee085de4e290ba464f2fa06ca4f947184a3c471
test,test,keeshond_3,19,2,13,258e0d65af53e0abcb4eb0890aa29de41bfa1668af9163d29609b16a9e191e50
test,test,keeshond_99,19,2,13,2b28943128936b184f11a362b0dc8241461b45baa5e1ab8bde84c1a4f43bd60a
test,test,keeshond_94,19,2,13,2c7f1b312c79be3fe63062e789447d09e000c244c78a8fe69c9ac15c385ec7ae
test,test,keeshond_4,19,2,13,2fe0736b953ec1b307ebdd5a70cb655301511bdfbb85c2d22c2a8ea5c3be501b
test,test,keeshond_88,19,2,13,3173145c0a8a8f8665a4946175932d9e3df077b3fa517e9991689b61456ac633
test,test,keeshond_44,19,2,13,3588958f26139f67606c2d6f2e5d4f814fa7b106510985d7a03773b0199133e8
test,test,keeshond_60,19,2,13,37984f3fb720b2d8cbb390ddc56355125f905ab6a2f1769b504622e41c9594d6
test,test,keeshond_20,19,2,13,3a66beaacb990b8280f192916cecc90cfba5c0a9c7b969606997d978995b306b
test,test,keeshond_54,19,2,13,3b20d45398b17cf63a5b9ee1274976a4a04f289a643de6134071ecd244eb6c4d
test,test,keeshond_32,19,2,13,3e8bb85a7a39a5aeaeab8086ac1937e9324b3203aecec750d193460a27807511
test,test,keeshond_92,19,2,13,41d36c8e4a5ca9f5b55acdd28dcfd61035772522ef0faceee8d9cede4edb934b
test,test,keeshond_200,19,2,13,42b139fa09c8520f81f78baa8dbb624e278dd1335f665cc7b0cb4820b9e76865
test,test,keeshond_51,19,2,13,46626562ba3bb0e783ae69c93292858fbf2d5a7e9b6a25aabbad948a89714f3f
test,test,keeshond_21,19,2,13,46708a003cdb0cbed2fe37f327b4cb2cf20a57d2bf328cd2f478eb86b7b9b3de
test,test,keeshond_74,19,2,13,49cb0140e3d4bdf3c4efaa6c8a261301529d97d016258e3ab61aa670a48374e1
test,test,keeshond_23,19,2,13,4bca14acf96e9564b15982da6c8b702c50ff2e36a0a83463a8fa6297974a84a2
test,test,keeshond_31,19,2,13,4c9bdf851c5fc1c2f214fc781a114f102ae8d958015bd4be9350ef0ae354b857
test,test,keeshond_25,19,2,13,4f8e23b76271b39e3da64f1edd394685663f1713551587f3c5da10195819271c
test,test,keeshond_70,19,2,13,5198b29490592809ad5d716aa5f9e2d4a2efc210d400111a05bc53ba643cd09c
test,test,keeshond_76,19,2,13,51f7d09fc6b95dcb0cb6d5aaaeec5054666876f5fe6bcea5de491b281e8b24da
test,test,keeshond_196,19,2,13,5266c85ed649cb446764ab7cfda37042ae90cde105a7223c52bd24074203294a
test,test,keeshond_22,19,2,13,57f69e89402e2a73de1c786fb4aadf1cf3bbf8e342c703e2711d1cbd372cfca9
test,test,keeshond_192,19,2,13,5922e0331b04f976c5ed98e5181dba18ce637f0817dd93d5b40baa8828630074
test,test,keeshond_71,19,2,13,5b1e1bf377b8d2fd78f1212d96a1520c2e30f8620451d93337e9467f8b2a588d
test,test,keeshond_8,19,2,13,5e78890a1496e8c64d928dd933ad33782144c93155eac5435684dc8b67b2e8ea
test,test,keeshond_40,19,2,13,609f815a8f2996c1f9486696007b2290bc197ddb3f13fe44e66a622cea73c7e6
test,test,keeshond_19,19,2,13,63b8713a097c51eb8688acec486b23ee02b18f40b28eae92956bc52c2d67ecfe
test,test,keeshond_87,19,2,13,6519f5c536144db291b1027faeed6a1b46a5ea7f21b6921b089ebfb3a636871f
test,test,keeshond_36,19,2,13,65d2906c00c29f24135691cc572605abb28677486a0f19c5b3bb6ffbf06b3e3c
test,test,keeshond_195,19,2,13,6ba4cf7ad0e66200bd81249dd1a373a11cd7ffe856ebca95c7d211609e8e9844
test,test,keeshond_28,19,2,13,6c5574de80cbdd72c26e92d398fa5a3d89d26e9716bea9c9dc37ae34c2deeee4
test,test,keeshond_83,19,2,13,6e9ccfac1d686eef392e4413532f0fbb776d16962f90a4d111b08527f2a2a869
test,test,keeshond_67,19,2,13,71fd7b3c772df61274fef7b88872e6ef0c776ddbd7433cba3a00ec3e690c4fa3
test,test,keeshond_2,19,2,13,72daeccbf0b8a1365aa607fbfcf614092dc76d4d427172154c32cf5c8f2a087e
test,test,keeshond_48,19,2,13,7dc76996d0da108157c9fdec8392caf1d41f882208ca5a543c3b801a49aee7c4
test,test,keeshond_26,19,2,13,7e82dd8eff537b66e2d12b3785441fa8e279d586d05013ae56eb106b7f8527bb
test,test,keeshond_78,19,2,13,8671290ab555fd2a9a3411173490cdf638d52d61cf42092e61b07836e4a26b8f
test,test,keeshond_6,19,2,13,86b02b209fde7ab69f4cc6a80cef702059d23d11debfa4652e7753a29ad2de36
test,test,keeshond_41,19,2,13,8be77c26a3d96732e91a51478d3a7f2fee007dcf3e608326d09b4f642a431c66
test,test,keeshond_73,19,2,13,8f7e678f0fceec2378092ec2ee4e65e1193fe31051e6ed7c127391de1c10f406
test,test,keeshond_90,19,2,13,94a24e109a949cfc6700a98b3b726ccc0fe00f3a2871c3ab527aaa56fed96b7c
test,test,keeshond_64,19,2,13,97b409963dacac0747b172776b85cae8dd53337a59e0c8e933d962b46c76f50f
test,test,keeshond_34,19,2,13,991840ff21f123593769b8353b777ab91d67c8b6f6a384441a929b725ef9040b
test,test,keeshond_81,19,2,13,9eb4227345da82dc7267e624e9af4214c4d178f3ff0718700a1b062834be51fc
test,test,keeshond_77,19,2,13,a054703eb4a439abd05b04c497eb02c68b25f7aafe6e2781625bed04983b3ca7
test,test,keeshond_89,19,2,13,a0fa44143004e0eac328876479dbb6181e53672636dc563393ae630ef9643441
test,test,keeshond_50,19,2,13,a2040427f8c41125e2859f8c31bb7a3dd32a8c6e5dd729103a6583c094d8ad40
test,test,keeshond_84,19,2,13,a35c1b7273df5cab48bfee61247fa3d5b7ad74f4cb5efb647acdd0fc59930d60
test,test,keeshond_29,19,2,13,a3c4f7bc3884da48fac0f50e223a060133e0314c0107bc94b43579b6e7818f01
test,test,keeshond_80,19,2,13,ae39cdf2c5a3df7672dd4bfd70d29596185af89496cc9dc58c7ba551d9c9262c
test,test,keeshond_33,19,2,13,ae43944b8c8aaf204271319c98fcf2684c08d7c0df48d8f31085084a46c9970f
test,test,keeshond_62,19,2,13,b06e78b4e169f681c2c5b61a134a498297f7714b3d1eca9d8c42313600f73316
test,test,keeshond_35,19,2,13,b7b2e49c0b7d7b9f070df59e60507a64e7c7f7309aae828236f9461bfe3bd419
test,test,keeshond_72,19,2,13,bc716d325b721004e88aa83f0bb141936c99d3c16e11b9b4900ea06f7c6ebbeb
test,test,keeshond_9,19,2,13,bd17bd9c11576bfab10f1cc04f9399c14e434abecb538350c66f96dd83d320e6
test,test,keeshond_55,19,2,13,bd693444a78d68112340996e2409931591527c9a393f35f3914903aa8ab325d4
test,test,keeshond_97,19,2,13,bdf6cf9fd7bc0fb7cc2dc7300798953f4caf4a8468a0ca93a810f0ae080ee3ed
test,test,keeshond_95,19,2,13,c1efe8c49981dcd54dda64b7a31240e546a73a76986d7c469f5c35a5a9bb6fe5
test,test,keeshond_61,19,2,13,c22b41b251d24fbc5e7ea365cb04ab43d266ed8af8ac497a6160697761ae29a4
test,test,keeshond_193,19,2,13,c3e2c2d94f9d79391f4bada136bc2113d2f8acb338e7a9bafed4824dec477d64
test,test,keeshond_194,19,2,13,c407ab50555e799e2e8891a973eefa2e046358f1b704eb9b25e8e0326cb462b6
test,test,keeshond_57,19,2,13,c4db4b75f71c06ff639a6a4605c211074d13bb3e2ef732662a88062d0e458a41
test,test,keeshond_52,19,2,13,c6110d81ef32b8f733af8e6a3f1e9f289697e14f8bd1fb1bfcbff6a4ae21abf1
test,test,keeshond_27,19,2,13,c6cd65c64b6ae4444a38a3c75a55e90fb1c8ec7aa33c1c9b44f0a411c5172dcc
test,test,keeshond_47,19,2,13,c92b133bd902d9e38ff5df949284c3bbd89b0a613f820670eda58d4445ca286c
test,test,keeshond_30,19,2,13,c976b8729291c5f8c12b888498d4cc83f0d44cb0b63449f233d5d2676bcd04a7
test,test,keeshond_38,19,2,13,d12a056e6c36f80e6c277ffb39ffd60e7e72cf6f5107f199f390f63678766250
test,test,keeshond_75,19,2,13,d24d5767a8fad2d5b810774541b45cd83f1d77f1ca62dcdf1e93df072aff0143
test,test,keeshond_65,19,2,13,d2a0e2af04b8143527c93020127848401aa3ea0a298b28a9eff26ec02f76bafa
test,test,keeshond_79,19,2,13,d4b215ad30043d0d7aa97aed170b1b979283f1021f62a9d649454df658a5ec25
test,test,keeshond_69,19,2,13,d908c8fd47ca4c77f50eee3cdb37830fae43c99c4721b36264f3ffd5e671f96c
test,test,keeshond_39,19,2,13,e0c050b639c3fbb2ebc0a25a4af3b87be7e645f679d0cb8fc84029a8f7490ef7
test,test,keeshond_197,19,2,13,e1f1eace7500cee076e11819be23af4f36de3e0985310cdd71ad54b4cddeb07e
test,test,keeshond_86,19,2,13,e5d0ecf66a13bc0b4ddcf4fab91e66b3cd280c26e3e0941554156dbc3e7b5acf
test,test,keeshond_42,19,2,13,e60e290f6ce3f7b9421cd83ba00d16e297f072b0d6addc9bfcb263212ddcdb44
test,test,keeshond_85,19,2,13,e8443e7710a88dee9c90199ec20819811267bb6f5868cec33b9e772cc4727353
test,test,keeshond_68,19,2,13,ec7ee346daf895e557a70196932009e98fb020ef09bcec0d053880d7d8fafdbd
test,test,keeshond_1,19,2,13,f026d9b1dd539db3dba9f2d430fb807a34fbb9f68bad6f2d1b5b9b410b98c496
test,test,keeshond_45,19,2,13,f2abbb86869a41fd9fc5e77d42cbff8ab6028adbc63c587a55bac4431ce7e0d1
test,test,keeshond_43,19,2,13,f3d10156d021e2f51a7d0e378c0e02cf1028d5cee276dbf3061278d2ad5dc835
test,test,keeshond_66,19,2,13,f7809eb557318c05ee1789c4db1478e0504656c718a6c3fac4bb95163f21c3e8
test,test,keeshond_5,19,2,13,fcba88d41aa6c329645240a695de58ea0bc41a2e5083084b1cefa110ad3e8f2b
test,test,keeshond_91,19,2,13,fd75e614924b9993b0f468fac5fa0d265ccd39440a0bd785cd585a1e7e7cdf2f
test,test,keeshond_46,19,2,13,fe6572282fc5af0b66d8d56793850fc9a8f17d72ef5fdaaac12e52f41f1e5db3
test,test,keeshond_49,19,2,13,ff8031fe45fcb7eaa0c8158eb6ab5d967fb66e8c2a27fd5ef214370af4955afa
test,test,leonberger_42,20,2,14,000944ab8fd732ea07bae068622b616157ca0f94af32d49ec605820d6966309c
test,test,leonberger_98,20,2,14,04a7505b8c5dc46956bffde88e46e5caae1669ec7f6743e51d9fc2f6738e8711
test,test,leonberger_35,20,2,14,0c92c575b2cd474addf5e4a47a65e17bb200392a9b70788c80bac8f0fee5e8a4
test,test,leonberger_80,20,2,14,0d8cb5219ff3ef217559c5185777a1b950ee3771b88ff05affe40edbb5ded588
test,test,leonberger_193,20,2,14,0dc1d6ed7ae24cfa489ca82753ae72e87ea2a7c2be591bfcbc104af62086a28e
test,test,leonberger_72,20,2,14,13ed3eaf1817c691a04d9620a0d88c631967c06fbf13d0d61f000e635c213944
test,test,leonberger_55,20,2,14,183316f472762113a97c0f6e7c9d1f8b206c271271cc59760b31e5d3e6694058
test,test,leonberger_78,20,2,14,1a753b5fd546d2710ff234a1dd1f3effcad9b336138d1086e2d363e14eeaf647
test,test,leonberger_75,20,2,14,1b445ce294dbe75385d84334411c23f9ff544e5a5d774636ebeff1d3e9f15159
test,test,leonberger_5,20,2,14,1b625fbf0f9c7f3a6dbe1ef44f19307fce76ab40ee86e46913bd21430a145e7c
test,test,leonberger_192,20,2,14,1f764f2e58886b55b4f17f77f0c13972d3951472c45b5f6313ebcc57a45d5e0e
test,test,leonberger_25,20,2,14,20047f7653758fee1f4d2b00af068e8d1a2d77b4574cd7c17f99211751921b8b
test,test,leonberger_46,20,2,14,22e56a01ffbfa8d835a1cfb65671a16be4e884f03fa89b58b7c2dfa38ef48b3c
test,test,leonberger_73,20,2,14,278f3e22343e1e8c8f40e5b97d9c7e09421dc55b16a34bc7866b7d4fed836578
test,test,leonberger_24,20,2,14,2a046106edd2bf61b8e92f882fce642ac910e286429b1c18193fb3cc50d0a751
test,test,leonberger_194,20,2,14,2b4aa6bc1e1b37310c454bb181f9231d9113d783fa3a5dfed6ce5784d2df9a2f
test,test,leonberger_3,20,2,14,2c4072850000b9ae812fce2e0a961e8104a59f7096a571d6ac52ea234240e4a6
test,test,leonberger_69,20,2,14,2c6c87bf4dc5ea5c495961872ec2a988166c135f0e9dcfe2c0cbe36ecbdee40f
test,test,leonberger_38,20,2,14,2c7b6327d9aaa55fef30769d4b29547a2febc235f7c1cef0f9bc3a398413d178
test,test,leonberger_47,20,2,14,2db8a8f2dc2f4b314df37cc79a2a55bc2b36e3d5dad8928bce0009f815923733
test,test,leonberger_50,20,2,14,2e1636140fad68d78c83c392b7ce3f0e06635903bfe6fd9df87351940c2d3a32
test,test,leonberger_37,20,2,14,3594b10a73acce015b2c1da8be75b79b1629e93de6544bc0c90bdb5cb22eb315
test,test,leonberger_39,20,2,14,35ee458b4a36b9b6653946958516de6027145518eb1cda0bdf3655c32760abea
test,test,leonberger_59,20,2,14,3950807f132f0a2e563f2f07dd2d08fae1058a58bb171d30b94b0b2a5e4ffda3
test,test,leonberger_54,20,2,14,3abc55966a5f0894bd7329573ce6f28b4ec68c62466003c8929eb478188ba306
test,test,leonberger_97,20,2,14,3b358ac3fdce419fb1ba77e91ddb2209e646ea77831d5623ba643f8a461c678c
test,test,leonberger_64,20,2,14,3ca3d867e89e863ec7de871589157a922ce72fadff2e89491a0352bdb189ed07
test,test,leonberger_62,20,2,14,41c544f8c0482bb1f5a09151a33c553b2a8e821c4ff4fc11439289fe650dbbda
test,test,leonberger_44,20,2,14,41fc4a4fb66c209d1b9732d269b564111b4d37d88cf50a64c7709a263c78b648
test,test,leonberger_56,20,2,14,420833d3d6d13070700bfc4711ad94b09fc1222d5fdc8aa044a6382b6aa97755
test,test,leonberger_6,20,2,14,4287d9d0fec3277bca7f60710660666dd47a1bae6e375e522a8cd6e5e3f839d0
test,test,leonberger_8,20,2,14,4394d5dd0c40e3d46afdc175f92dcb216da672b843eac82a1715e0edb6c69b28
test,test,leonberger_48,20,2,14,47af8a269d39b835eb9c824147aba65e5cb964f498033bdf2b6987a740bd8ffb
test,test,leonberger_195,20,2,14,481f3f26d012c721e2146002cc4f049f87ded3308a84889383b73359d145b077
test,test,leonberger_82,20,2,14,4cbeb87c41c0c624540b268fc59315a1f5b27d8b75cd422eaf165a9e829ae6ab
test,test,leonberger_7,20,2,14,4d6d283a258f4f3ab1949c658feb10138288ac995d79bcf23d34ee7a6317519a
test,test,leonberger_199,20,2,14,525f1c9c7c137c06c832f5ac169e37f11742fb91ba4c34280be8741f00fcc472
test,test,leonberger_198,20,2,14,551ece51063bfbd6466f84cc7aa3aec087c92ba27bd47eb33e31b086a6a3502f
test,test,leonberger_76,20,2,14,57d6541ee32ea7e0a87ee1579752e869296901eee336cb62efc339a69de88533
test,test,leonberger_196,20,2,14,5b2964c2247c2e5b5933712e95bf24b047efea4d1456151ab3f6ab4c30a9d3b6
test,test,leonberger_28,20,2,14,5cea4fc9f37a4cdd05ac0e8de0b09901dd39c15452f88e65aa5c8c142f836b66
test,test,leonberger_23,20,2,14,5eff721e68924fa861632d910bc73b7c0fcdea55327a7fb30c5290865facb50a
test,test,leonberger_21,20,2,14,62cc99196ebdea997c5fa7332e9f6d41572beae4c2e3ca37be185ec2a6aca506
test,test,leonberger_191,20,2,14,6415f7fe7f131fe8a9d84b606d3d8a6153d88b699284997e9d4715479aa69e8b
test,test,leonberger_9,20,2,14,6638e6d646d7332a44c875dd3ea30c14acd6fb33343daee30f84cee7bc742169
test,test,leonberger_71,20,2,14,67e15e36b577fcef5cd646c8d8f537c5ede16aebe02bcba4df068063a581f5cd
test,test,leonberger_60,20,2,14,6cc044e3ed06590a52efd75d46dfcd10f6f714b140fbf0fc06b5f0d0ad522dca
test,test,leonberger_30,20,2,14,6da57efed6213891ee2b32cc34b0aea71d81846f612faa7da41097d986da14e2
test,test,leonberger_31,20,2,14,715bac3604aa9e82d947dcd4283d5da3d9e1ecfe6eb3ddff48e8a7fc5bf9e6b7
test,test,leonberger_58,20,2,14,73b6e851a9c4199685da95721e8ddae75aa567b5d227ec6c0840cc1833c28678
test,test,leonberger_36,20,2,14,75d90c87976b426399e38cb5e2dd3aef565e86043b43f79f5643f50e91162205
test,test,leonberger_99,20,2,14,764ef08aa3ca57597c7bb0a7727e97d6649bedeed0a738b72668329e091e69f5
test,test,leonberger_33,20,2,14,7a664b0fbb0527d9d9b07deb4b86d571bea8fa93eb7a81da32c2ad0bed06936e
test,test,leonberger_197,20,2,14,7bfe86a54415e8ae3486e5e60dcb68c95ffd35400989812b9fdfc3affc344954
test,test,leonberger_96,20,2,14,7d391469179903312a4e619b745df5fd96d64fff388a2c035b03bf8be7f7d759
test,test,leonberger_1,20,2,14,83bf1553a55a41157e2031bbe7bb168b1ab2e74207d87ffe1630757bb32ffcd4
test,test,leonberger_20,20,2,14,84825ac1f9375d36f8020837fb3aadac2a65f9b10b281ab2446c0a8dca62b5dd
test,test,leonberger_88,20,2,14,849f5695d3c3465d47c785b2f92d417d53749aaea3d2cbd358b82501e6cfaac1
test,test,leonberger_53,20,2,14,8df0607d8063b2787fd9b512414b2ed8274df4187f5f101374c2a4d9ffa538b4
test,test,leonberger_68,20,2,14,8fd56d730d9b5ca7652c653b60206cf4a7e2aef35dfd2b47080c97f1c320204a
test,test,leonberger_51,20,2,14,9068ec8746b5033948892c7361498f7d5470b890e2060a05030e997ac2a79d97
test,test,leonberger_74,20,2,14,906cbc5fcccef8bdc8444a5d85ec0459ab96df9ea352f31666bf951104ef89c3
test,test,leonberger_22,20,2,14,9417f17bb81a3d30a7c5c7d4b15034a31676a3bc52afb524804064cf71dc305c
test,test,leonberger_86,20,2,14,96b76a864e27921a0b2a2e00a9fbcb0bbec3ccdcc1ce75bc277d18dcb8ba8e48
test,test,leonberger_83,20,2,14,96d60716c006f7434368e7b36d61962aea962fb11d2ee4dc8b41dc385c19d2e0
test,test,leonberger_57,20,2,14,972c2a93052225a3606e4d935f0de2c45ec326bdb5f28fc3a12bded3f20283c0
test,test,leonberger_4,20,2,14,9f2a23a436daa1aa9af56d9ddb297580f2a3c742c80d7939e9a88fd08af42910
test,test,leonberger_41,20,2,14,9fbc1b18ca65318ee5301cae8736237c6fe2f4775028ee7e655115b9042ae9ea
test,test,leonberger_95,20,2,14,a412ecf7773d1741fba2b6f4cf6b157ba449fe48f2245a0cb1ebdf6b335dbdb2
test,test,leonberger_84,20,2,14,a76cb4f8f9a4d12ffc2d1044a119999bbc2e48a0888b3769752aab5d86be9e77
test,test,leonberger_45,20,2,14,aaf19ee2acb2193e96776dffedef439abd9549e4a1583a4d4ee8860306ebdf18
test,test,leonberger_65,20,2,14,ac40ef36e5e76d76c8b5a17d7ffbdb66b76ef5e30cdce976839d3badf76bf2a5
test,test,leonberger_91,20,2,14,aefe1d191c8daefd981d896efe46dd0775ec2d43215d20a63d296a351fad9e73
test,test,leonberger_40,20,2,14,b10c9ed978c77b8ef4ee4c141f7952a0e871be6aac1f5e7e3bafc07e6c89c430
test,test,leonberger_70,20,2,14,b5c1a9a222d4a44b35d4b3c003da2cad1f4d503a95ec9ea10928b35826b074ad
test,test,leonberger_66,20,2,14,b6030a1b1566a39d25158941ea4be2ff9af161b4c66ab9edca17051a5a1eb0a5
test,test,leonberger_26,20,2,14,b62b845cf08aa430c30af8f6cbd4f324fe78fca3c8eb845ccf47cc66d0273774
test,test,leonberger_77,20,2,14,becdbfadadc000c44958933193ec9f85f7c89b9203fd34310da82ce843c0c3dd
test,test,leonberger_93,20,2,14,c026184f8b0cc16d8b0f818dc4d77fa2c24cbae82bf31670da784d26d8976062
test,test,leonberger_79,20,2,14,c46a92af0f8f5a3a50ffac00f631b38e879bd04d83fc9158f70f5dfe48de1aad
test,test,leonberger_52,20,2,14,c6f2f003b28141181d849774702da95e6a29f68bd0c2659be38d54759c0e0590
test,test,leonberger_81,20,2,14,c93cbd07c9887028cdd682bce0165a4c6d2fc753dc6c7cc35cec030430412dbc
test,test,leonberger_2,20,2,14,d0d4977eb4e7b703862bfbd48fa7e235332d53a37a3d4a6ae0e13d0a4e489c09
test,test,leonberger_90,20,2,14,d69aea8dcd97827fca032c053ff4e4830d70ee6ea26c6a11abc24bffff8ae32d
test,test,leonberger_87,20,2,14,d70fc449a80af95df00bf381d6526e0b3ade4abe08963157b32aa5ab161af631
test,test,leonberger_89,20,2,14,defef03501a18cc148e6424fdd46b461bc977d63ac39e04d1b83a5c8c6198f69
test,test,leonberger_67,20,2,14,df149aa338ac1979100c44280d62c36a57f1a8104bc6c94165616d4dd9d88dfa
test,test,leonberger_200,20,2,14,df8379af788f1d0a6c99b2ccef0d2a4f15ea6664fc31810915c3e39f0ed3b922
test,test,leonberger_94,20,2,14,e3c7f3426d12ee74294374e270e8ec48c2adc49a210e19ee500ba96d3a849721
test,test,leonberger_63,20,2,14,e4b320d41fe11f8c248b7afb99bff68f7e94de0e5f53a280ace1ed8b942a182d
test,test,leonberger_34,20,2,14,e6ceb514bd0909f4dfd608b21651c43aa8154db48fe1997c802b97a8d96d9acd
test,test,leonberger_85,20,2,14,e85f6b4728c1305c3284ad80d370917d33930c2f3a0f6174582c6f945f150399
test,test,leonberger_43,20,2,14,e98f867d2c4e5f0810566455e6a0a32ed710619bf7e755200ea8fb15dbc46039
test,test,leonberger_49,20,2,14,ef296897725ae0a4d2e5eeec8ec5e48a3dc8da0104f007d403e03f4679ab42c4
test,test,leonberger_92,20,2,14,f207e1f4ffdca66ef063f8997462f7657c20b1af9f2d511994d11557fa9bc7c7
test,test,leonberger_19,20,2,14,f3cdb4bba38a3f7f9dfe8385a83fbef33e708a8c3d514577aa6c2d486263040e
test,test,leonberger_29,20,2,14,f792fb57914eb14e4e0b7562994c02a4567e15d973fda95375899481d13b56d3
test,test,leonberger_27,20,2,14,f826c350891b5985abec11d37b5885bd06de6062f2d6869465330985220a6fab
test,test,leonberger_61,20,2,14,f90df3bd018919db5e8839848cab0e07cb112214bb04351be08711fb1bbfdf5e
test,test,leonberger_32,20,2,14,fafd38fa9aaaa1b886c40a1a256391b5500ad7d3bfeaabf28e7f9f8248205585
test,test,Maine_Coon_87,21,1,7,04be7dbebd0214afd06b6bf4be76c280a9c5bc35584823fb5cef1179fe27c822
test,test,Maine_Coon_266,21,1,7,05347f1a0839adb4e6582bdbb24f1bf0f731a4325d5022a020197a00fb3a477b
test,test,Maine_Coon_61,21,1,7,078bea5347bbbf0be1a42247312bc31c0a5cbd3fa1d0c767a27c57ac2c5f37af
test,test,Maine_Coon_241,21,1,7,08925671116764471e98c509a0984cc8393ba486c97ccfd154694c7a5b93bbce
test,test,Maine_Coon_66,21,1,7,0999f6f45b7d9bc00dbce4daa491e428a6ab4c426511a11cfdba3c1ca28d873b
test,test,Maine_Coon_227,21,1,7,0ffecb9bd7cedf7bb4b71715403c6186e64d1981b11dfaea1a2e6c7403fe8f30
test,test,Maine_Coon_96,21,1,7,10c5d015cd83bef5e1aa370b60bff351504857347034fbb1ac67dd908f5a1753
test,test,Maine_Coon_41,21,1,7,118bcc9ca6cb7f7663c2f918e395204586703f1e0f80f180133af54c4176da74
test,test,Maine_Coon_68,21,1,7,12554854dcd59a2b6c400d1e64c68b793b3464d492397f904306bcf758a684f4
test,test,Maine_Coon_97,21,1,7,156e8bf2abe3c45e9aa2322f628b29c467a4c0f65d34e90313b66d256d4d8ee4
test,test,Maine_Coon_242,21,1,7,1ba55f469a3a94dc0024204ff84ab8fab2cc20691d1a81a3f33efb93565cf788
test,test,Maine_Coon_84,21,1,7,1bc55cbd6d9e50f23676b5521f642c9d8b8dbcd4a66909d1a3c5058f3816cfda
test,test,Maine_Coon_263,21,1,7,1c19f0778761400f38d0c5736e001af5b1ad24c4b1cee04fa2f0d77ce8b2eb23
test,test,Maine_Coon_76,21,1,7,1d160d86714defb9d8676b38072c90bf9c902d1bbc40567ad0f34b1dea1f3451
test,test,Maine_Coon_72,21,1,7,1ea2448c77e451c92b6d1c2c2b36ec58353e1ad7fcb432a4510dc391fcd61ca3
test,test,Maine_Coon_269,21,1,7,2152034d439a83826516ec95d43547e9c784d2780c7e86905e6f0047b3913b24
test,test,Maine_Coon_67,21,1,7,2274c9840e9ff045595925104efc3b987534e20fe63aef0dda71a84a17b206e4
test,test,Maine_Coon_43,21,1,7,28f6b810ffb275d601adae21a50255e41dcd137d51f5a34ea2bca5a12eb630a2
test,test,Maine_Coon_26,21,1,7,2a26e4c16c8bee0d99100f8ac42b3c8ce170b0ea8c921cd6898f98c7d8eb8241
test,test,Maine_Coon_56,21,1,7,2a93ae2ccf61ec1ebfd9bd2cd0ad68aefe79784cfee7acd3e308bd4a86353402
test,test,Maine_Coon_83,21,1,7,2bee58dd57a3322154fbb47a958b99f4503a2b98083c2691e916d5ff137faa67
test,test,Maine_Coon_60,21,1,7,2ca2621505e6947ac299fbff2b61694b1702690d96ac7ce3d44fefcff252ff26
test,test,Maine_Coon_53,21,1,7,2fe5032bb321360d5be2a0ee519e4d374d74c66139f504890efe732f8d3dc379
test,test,Maine_Coon_31,21,1,7,34c15b39994c8ee7407ec73a757082bdc73f6a377a690db85553a440e5f5cc0b
test,test,Maine_Coon_35,21,1,7,3606d5053593615abc3c0e3c89a43dcd763760fda2fb1d59b779702253ffa63e
test,test,Maine_Coon_79,21,1,7,3a26476f62bc9c082cf84edddd46b8f927ce503f0bd978ac92183398a17b8c9d
test,test,Maine_Coon_92,21,1,7,3a43c5edc1f83f053c7224b0dde50ff9eae26c0e41c9e6b66d899ba07b43b84f
test,test,Maine_Coon_222,21,1,7,3b3c41b5f568c0aed9d8daa2b1c9461a422fab802b452eea26eb5327db767bc7
test,test,Maine_Coon_29,21,1,7,3be546987c9bab93aefb2cbf029f0aad144fba0438644f6a4518be9e287f7ac7
test,test,Maine_Coon_44,21,1,7,3cf32faccc66db4668a56d6780982e11b828cd11e382eb51867fd674d7a35a96
test,test,Maine_Coon_81,21,1,7,3ec0c4faee7a4e1bcc01b428e6ffcad84d6e43c86236296afcf01418a45c7e4d
test,test,Maine_Coon_245,21,1,7,40815c28f22c521f1dd09e873f6eb6f0b5eb03b29ea3d878b054dc8297d7f6ea
test,test,Maine_Coon_30,21,1,7,40b94d28929e0d6380c81193648be8c96f9f17920df60c62657b68c3bff5c0d7
test,test,Maine_Coon_33,21,1,7,41a2a3cc9fc49acb066ce53fd7204968156a30255bdc6fe201822df225c4386b
test,test,Maine_Coon_239,21,1,7,42818815b1cd3e038fe34823c8d456ba6756c7383a9ee585eee5a2afd72a3203
test,test,Maine_Coon_85,21,1,7,4510403d0414212c47d8d87ddcf966f987b52eacd72b290abf8b27bc44d805cf
test,test,Maine_Coon_247,21,1,7,459b6b263082dd3f3b2e2c12faa0a3b4378e180e3463f2035723c60e603bd988
test,test,Maine_Coon_3,21,1,7,474bf48833c08d1f392df14630f4cce8ff3cd049529cda7f93faadfe4878c6f6
test,test,Maine_Coon_7,21,1,7,4c80cdec0441f6cfa6f750b3114c77b799e874472a85c8593cbd8bcc52ae1530
test,test,Maine_Coon_47,21,1,7,4e097e0eaf7bc61facca4fe9eaabfa455b671046915674df3c34ad6623e6fb69
test,test,Maine_Coon_38,21,1,7,5255e0704c033beb0c0388f251828ac22041ba2af4230319d431c7485022e7f7
test,test,Maine_Coon_91,21,1,7,538947d6302443740ac32ae783a6523819fbee69b19b29e592cfc4e0165d3a78
test,test,Maine_Coon_244,21,1,7,53b25473d1a490b13fb70a8b8b99c59bc3a54b75ad72e9a1eff95fef1c4d517b
test,test,Maine_Coon_52,21,1,7,58f933113e96ae1c935bce576f1c42b195a9960dd7f847f216b7d166b2b41fb3
test,test,Maine_Coon_267,21,1,7,643bba83bf727b034875f6070d823930a39c16c09ece8e27b28a0796b33d2c60
test,test,Maine_Coon_36,21,1,7,68505639309c776f9a48d535277db10661cc179b6d1c252fbb8edd307e9e5fcb
test,test,Maine_Coon_238,21,1,7,6b8c6fdb45fdd216bdb36391feaf49fc6c03ebb30808ddbec29ee49ddd879a4b
test,test,Maine_Coon_99,21,1,7,6eab26c71eac5a9b283dffe951a714f27488e6dbefb9c898ee79109f56caff29
test,test,Maine_Coon_253,21,1,7,6eb3a739a60e2cc0c4415a0d28ccfea75292eb6495cab70949d86520e46979c6
test,test,Maine_Coon_71,21,1,7,7115a9cc5d48032c5f6b24bcc3458f9a5b74ce5d2b77f300c19bdcc3e3d31037
test,test,Maine_Coon_21,21,1,7,723577679d08a00b68ea56322af64cd47c9f341c78b78f540247fedd9c668437
test,test,Maine_Coon_39,21,1,7,7b2de3c509674ee4ad420131195f658884f23c3ef4b15b4dbf798e18e0025c6e
test,test,Maine_Coon_28,21,1,7,7bdd10d84727aafc1eb52820d656553a7301b4be72a337cb1d6aba4896b84537
test,test,Maine_Coon_270,21,1,7,8090c8df3b56e6eee7c9eef8e20931c60ea38ad3edc6155d5994de48f1bc4486
test,test,Maine_Coon_37,21,1,7,80f7da15c6ef0b2c7dbe8ea24c51cc25ec2be17f129cbc399f984f4fedc3b255
test,test,Maine_Coon_249,21,1,7,832d83d8534a2dc7bf33fc21e49bdc827307f518935efb4ddc77c873f7ec34a3
test,test,Maine_Coon_46,21,1,7,85d162ff6ba65f6598aee40516e94bfcd8b2652f6522f8f1d1dc427b2f0adef4
test,test,Maine_Coon_6,21,1,7,8afda038a8b7ec2f70b6fc6525bcb6d7bd03d3894a236bd1ba4610527c2856ba
test,test,Maine_Coon_42,21,1,7,8b47b5ada62954aa000df79df7a561b94ec2306bd0809b13b31f7df949683bab
test,test,Maine_Coon_94,21,1,7,8bd37d19d0faccc2598a77a1d13aecaeab28dce96d0e0a834c6dbc27b17e0ffd
test,test,Maine_Coon_262,21,1,7,8d96b206590f6a7d326554ed8dfb3a0cdf36baf67a8da027e850b9532d68eabe
test,test,Maine_Coon_93,21,1,7,8e826f70fc671761f61ec259c2fb54ee340a5daa98cee2a8659bcb57c3ff2837
test,test,Maine_Coon_264,21,1,7,91bd8398cb27dc10c9bf563831f8672eed61cea12ded77b517373ec72c868574
test,test,Maine_Coon_49,21,1,7,943d02f860eaee74aa5b5c2797450c0012d3efd3ea7f4c46acbe0922f5183702
test,test,Maine_Coon_231,21,1,7,94db9596735ba69bf8eddab1f75a9b6f440bd8d4595c0cf32bdb11006b98c154
test,test,Maine_Coon_63,21,1,7,9632cd38b3d738b602c20e76d6ff064f047b8a441b7b5d0f436f170c07c354c0
test,test,Maine_Coon_23,21,1,7,971d1a511de51cc1546f7a0bd481f098f8d904b566b92f7bba254114f77fac3d
test,test,Maine_Coon_77,21,1,7,9b64d6c98371cd9f5aec8361947d897511dbd16e09783590b39ee35e12329fa8
test,test,Maine_Coon_254,21,1,7,a02e0d066359c276c6b751e7b791787b0ad98809aacdddd1f25f1dfcbba06023
test,test,Maine_Coon_54,21,1,7,a0d79c76989c1dc4c149c4cfaf3d7f05f60e1b49a9b32d82f0dfc0394a0dad6f
test,test,Maine_Coon_82,21,1,7,a267112cf8a48d3bea36a9e67d7b537f44902f94653af01edef8c4bd183f9c88
test,test,Maine_Coon_246,21,1,7,a36c4e24667780d6b3fb201b3ef48132ec4b70b29b681c677b1a4c19373f4906
test,test,Maine_Coon_8,21,1,7,a5b9d2daabc7683aba9548680de43abfccdb0a7c1cc27cb256cadc4953c119bc
test,test,Maine_Coon_95,21,1,7,a7c43ced03f9f6f2be47c8d64f3b577cdbfca55519e711b6966c30401893c690
test,test,Maine_Coon_51,21,1,7,aa9da93fc82bb3440577deca888f3458c9887fa635b9ac6d2dc898dd1434fc97
test,test,Maine_Coon_5,21,1,7,ae465053588f86ca2ef6a1705724a643a2d71b89b72a99c4407ab5a0f4c305e4
test,test,Maine_Coon_27,21,1,7,b1319197e8c2167fe695a98351bad8e5ab50526a3c68fb2e66df3ae35268d7d2
test,test,Maine_Coon_25,21,1,7,b8c84d57bf607129db83d785981d792623f683f7006378053352eaf2557a4053
test,test,Maine_Coon_70,21,1,7,ba27bb1d451662410500c5413bec03a6dbd409aedca817b6c4feb2cda5ab9bd5
test,test,Maine_Coon_69,21,1,7,c1f3db2d967a10a8475f2996d7813e9afe15bf2b8735a5c24a0a3acec6933916
test,test,Maine_Coon_268,21,1,7,c59db358654eb3d1e74e7818a0f5d95e5f87f37147cbe65d42a4da0512feacae
test,test,Maine_Coon_80,21,1,7,cc5194cc59744e8d8d54786217dbd99aede16ba6f64080373a92562621e3c33d
test,test,Maine_Coon_32,21,1,7,cc5209fda314e785bf4082e8de0eeff2c8ba36d1aaef65c17f46082e8642162a
test,test,Maine_Coon_34,21,1,7,ccab3ea6e04ca0240b8235ffc95376f2a30bf47e318733dfc173ed425e26cbaf
test,test,Maine_Coon_265,21,1,7,ce573891080bcb79b0d2ff581fc11a2bb50e3ae96c1aac636db372c6201f292e
test,test,Maine_Coon_78,21,1,7,ce6681a8341578ccf6f41bdeb5d38dad73847f7a28647a42dd1f78ac763e5bb6
test,test,Maine_Coon_89,21,1,7,d1a4031f72b1217389bf7f1381e4d4f9f42dcb9d7fd0414114799619fba7ba7e
test,test,Maine_Coon_48,21,1,7,dc96165a8b4b55ae61cac44f8658c42a3f0342b90ae9557e0ede1300e9b7cb6c
test,test,Maine_Coon_55,21,1,7,ddef2376099805972ff605afb2bf53a7b8d53014b6f895ad75cd42664a941830
test,test,Maine_Coon_98,21,1,7,e0b28d7f0814e55c703f35cbfd5385c733723b045c198aa33b2667f52cc2843e
test,test,Maine_Coon_9,21,1,7,ead9cf532186edd9e3f3a65564fded25289169100240dc8ec691e8285bfaf263
test,test,Maine_Coon_75,21,1,7,ed4f727cde35d2fafc3e874e4669d8352b6fcb158b722297b507361c49cb3bda
test,test,Maine_Coon_58,21,1,7,ee987cba3e4afce7922135f2c5d4611c6e5e9fbf120aa76f54742fa78b70379a
test,test,Maine_Coon_64,21,1,7,eef5af4a2e0df8bdef7845faa3f877d0fe702478fcdbaa1b6f6375ed76c2f50f
test,test,Maine_Coon_272,21,1,7,ef915378bd4fa5d8042b1e05915a26c5c98cfdc3ffa0c6ad7c75f8c2108234e9
test,test,Maine_Coon_50,21,1,7,f5b466d8ab3a911cc0e927068b10c36a0d117bddcf008e0dc3d9d4d87c82426d
test,test,Maine_Coon_57,21,1,7,f67b3600ef8e98babdbbeee028ac8760c54cb3f39773e97e5848b447a13915ee
test,test,Maine_Coon_2,21,1,7,f67e744af5d11f007a7f73a883cf9fc71a8656f7d303c4bb0741155286accc26
test,test,Maine_Coon_24,21,1,7,f6f7cac754e19a42797d3e961a26b90c504de968947b817c66989dc0b432cce9
test,test,Maine_Coon_271,21,1,7,fb28602984af635464f051886a58f56139ad19e2dbcba8024e63a2fac494ff3c
test,test,miniature_pinscher_87,22,2,15,00eb80ca92e531b03b270d3da1a5a4ec78ea9215de090e2461b051320456740f
test,test,miniature_pinscher_194,22,2,15,0109e609e2163529b7184a8db634157e87699c87ce5e1d52d3b2932b39cbd243
test,test,miniature_pinscher_97,22,2,15,0172e641d41c12dd749ed2a1187cfd51fe4a8ba8acfa08d4866a546cd4a8bf69
test,test,miniature_pinscher_19,22,2,15,03eb9c4f526fd97ba6ab854a5ee4c2b6d642668990b6550b9915c054e944c148
test,test,miniature_pinscher_45,22,2,15,055d79ea5422ae6e52f178a48915f4053219e459305c6ccdf41381c94aeff919
test,test,miniature_pinscher_52,22,2,15,0aa7c46dc10be788bb73f7a24082db63e95b5f845dfffc3fc83196992630d184
test,test,miniature_pinscher_63,22,2,15,1103943d24047ec3db9cf4da6c8e1aa37680aabc55085d587d9ecf8c8a6699bc
test,test,miniature_pinscher_34,22,2,15,12a6398b45dbb1d682013f11700c04f68ed7bd86ecd5868950adf949c48792f1
test,test,miniature_pinscher_55,22,2,15,12ca9ff01e6a55fa63c3622e7bed2f663912084e556e8570cf7c4fdb849ef1d3
test,test,miniature_pinscher_26,22,2,15,132c50b8e45a797e2b96e2a00e41db4f09a7406fd337601a51a7d6beffe74b32
test,test,miniature_pinscher_70,22,2,15,133f5bbdf48b6c77eee07d0e292263095b8f85ad9b6726f75213dce034d0f362
test,test,miniature_pinscher_80,22,2,15,157ae2e1965ebc033618bfa584a82141be98752e80f37ce6953da8e6b4e1e2e7
test,test,miniature_pinscher_74,22,2,15,15adfb7ecc7cf13d89e670a453a164f81fb3a466759f23dcd21f8c383f4febbf
test,test,miniature_pinscher_64,22,2,15,15be349df762686e2b2d222cea71654fb78cb5dc4ebc361b12ab91c790363201
test,test,miniature_pinscher_31,22,2,15,182116ea92e4f68a649162aec74b55a38c9d105875dbded0dfe9710e18b6de6c
test,test,miniature_pinscher_58,22,2,15,190240eba7eae4758c4d33e595485e32660c3d4810cd0df8a207d1222a88d1cf
test,test,miniature_pinscher_191,22,2,15,23c724e906f5404db8a296d5cb70c5d380f1087c0f108ad7d0a04080f8aa3189
test,test,miniature_pinscher_93,22,2,15,23e7ffedbc623e7d5e60acba1165f639070ef3e5a8ac994d9791f9605a5c5756
test,test,miniature_pinscher_88,22,2,15,24f956e7b698cc00bf13cdeffb2fe4bce0a5cd018caa57a2cc309b51718f9bad
test,test,miniature_pinscher_62,22,2,15,24fae0b51e40e92562d05a7e2f2aa14e67cac886a5ecbc24abae05605fe7eb48
test,test,miniature_pinscher_61,22,2,15,2607ebfc189b965e500aa48df796d612a099603309a65dc47edcbec8f2c32ed9
test,test,miniature_pinscher_33,22,2,15,26c4617ed142b010dd08a221ffe65b84750b619a2afab4d4942e8b1b1ba005a3
test,test,miniature_pinscher_196,22,2,15,281ce835a082cca9fbe945ca68edda087d9084b864fffeada7c851d5a67e930f
test,test,miniature_pinscher_69,22,2,15,2931d5d0e40b690930ae64f18ed9f56ad93e0225972cb1f0513f3da6832fda6e
test,test,miniature_pinscher_39,22,2,15,2de76966a57cb78b97747a12e5feb4a53ddf240022dd045a94dc20e8c5b38621
test,test,miniature_pinscher_49,22,2,15,3161a1bdcd6a80a4f390b49e3acb9cecc25e51bfdec35450281a3f354d86fcff
test,test,miniature_pinscher_78,22,2,15,34d6ff742939d10bfb5d4e8ab59e4a7dc040b93e1f162a620c2f2b61e39c999f
test,test,miniature_pinscher_56,22,2,15,3539a0adb00dd39053191c8144afccd79667e8621144c0b8111e3c6b25482d0f
test,test,miniature_pinscher_23,22,2,15,37788a684bf4f424826a2919c44f645a52e2e04df9470a6b7cdeb446e3ea5b86
test,test,miniature_pinscher_57,22,2,15,3c601e6c4fa2ac2e01826688fee31cc1f2cc11732dc306ea7d73530aa7f30bbe
test,test,miniature_pinscher_48,22,2,15,3cb6012e09f79d0c9119c7b7a7d8f2363bf9385f700dd7148f30b0d32c03262e
test,test,miniature_pinscher_76,22,2,15,4235c79e4edb54e5c023f29c766b749bdcecf56be10b09dc30ebab8b1995c90e
test,test,miniature_pinscher_36,22,2,15,42748e478c20767f7d6866a8996eebe5519ce061faa8847cfb570d9704b8357d
test,test,miniature_pinscher_30,22,2,15,44a4beb465c1714b18e50bc3d62fc139e134cafcde505578c76ca071c3bbf6b4
test,test,miniature_pinscher_65,22,2,15,487dc2faacf88dcf77b7e9543062cb2554091579daf1118bfa0b6cfcc948a2e6
test,test,miniature_pinscher_46,22,2,15,4b0466fed6cadc22aeb07388427c39eeeedbbc586fa663bfc9f73805726af28f
test,test,miniature_pinscher_79,22,2,15,511917b3127c4d416f3bde6f63b98d27c55773e3a7573b050161f76bdcda32d6
test,test,miniature_pinscher_67,22,2,15,55338c4277d14422ccf363df3b9b9299bbaf63dc27675852a6eca3f9e78bf9df
test,test,miniature_pinscher_71,22,2,15,58be43626e37f9e766907fa395b922f03d62c7595533662ecbc059493cdc496f
test,test,miniature_pinscher_82,22,2,15,621db594b5d4c3043d9f685d12a64ba50ac95b62dbc31ffb59e71bc258f393c0
test,test,miniature_pinscher_72,22,2,15,62e5ca10454eec6f7a020d93c17151387692e7fa3676680ea342c4598f3f1de7
test,test,miniature_pinscher_197,22,2,15,692b3a52f8e73b64c60fff42a8380385c3ca5fbd44c93ab1da1947652978fc55
test,test,miniature_pinscher_21,22,2,15,6b2533e08c367c3a7804aae4970a0b9bc355c30018174e95f52209a0538985b3
test,test,miniature_pinscher_6,22,2,15,6d4831e14d6ac5bc41e5bf1a43530632eae43b1651f5a3971cbf9942e74e2695
test,test,miniature_pinscher_96,22,2,15,6e1d2e4f02247a67382f6db3fa28f1028d0a6713e770a97f59950405122fcb7d
test,test,miniature_pinscher_35,22,2,15,6f5ccc1024dc4b4253bfdfb62f73cc9c4085612789a78347f02448f7f9aa24cd
test,test,miniature_pinscher_1,22,2,15,7193749fc9ea829952ed798e2842e80532e818bae0189423902783bdbd6045c2
test,test,miniature_pinscher_43,22,2,15,7864230c6cbe9656e7c03c230bab7f8ec792530593855013599a374f8ba85672
test,test,miniature_pinscher_68,22,2,15,7afb75399973a6c0de676baa015c325f130ffcbbfdcb008f9204b761e0e9ac98
test,test,miniature_pinscher_25,22,2,15,7f1dc33026145419a335210f3d996d7335089899f86645ee2ccfbddf6ac6ba64
test,test,miniature_pinscher_9,22,2,15,82caf13da9e3af6a177e9612bfbb6135fdd892a770c9c470fa91461b765559af
test,test,miniature_pinscher_77,22,2,15,88da2b57e1a37ceae9c6314dabaf45136d6bb9da02d1cd1f2e01f229c2341de5
test,test,miniature_pinscher_38,22,2,15,89c98152650d6214c972569cf14b9b965abfdc0f93bf0425f962e870f451b658
test,test,miniature_pinscher_91,22,2,15,8ce3f4845542da72fa60d3766fac453acdd243952e296e7a1496867e893857e0
test,test,miniature_pinscher_20,22,2,15,8d0b4a6a1fb8fdc671f5efca5ee61a607359a494f59b911e557f1a687b7f49ab
test,test,miniature_pinscher_75,22,2,15,8f86cf802319fa9c3f6431e7d7482a3d9862704be34cd911b049329e03641bce
test,test,miniature_pinscher_2,22,2,15,95c5a38fc126814e151617dc2108c0723344bc49874e014068cadd60041293c3
test,test,miniature_pinscher_195,22,2,15,9772580194c0ca988314d6e401ba7d621589b19637e1c58de61b815e58a92d5e
test,test,miniature_pinscher_44,22,2,15,987b4ed706ca5dd50023aac9722ee7959309e1a9ab022f2cf209c40abc61b001
test,test,miniature_pinscher_22,22,2,15,9a12ff2463c76929147820d085711ef8a1cfa92622007c0c107f46b674ac3a0f
test,test,miniature_pinscher_4,22,2,15,9ab71dae093f392b4ef3f5274fb82a86749db7feafb372f73d704e1b1f804d15
test,test,miniature_pinscher_193,22,2,15,9e40c112b05b388dabdb70b1b8a16c3f5580997e2d99713de9b6c7147aa2b6f8
test,test,miniature_pinscher_53,22,2,15,9e64fb1e0a5f28622ea04e17b3341e1ee3fd6e2aae655270cb7ded8537d118ff
test,test,miniature_pinscher_24,22,2,15,9ff202b8f0c9525e0128d5448b2ead87b490c425cde0460ef218062a03188454
test,test,miniature_pinscher_5,22,2,15,a11244df28db9263da646cf627d05821fe40ef9c38615f0d204ac85005385405
test,test,miniature_pinscher_40,22,2,15,a7891f4a99843e022a8929d988d28ea300c42c060064ecf83490ce4334eb5132
test,test,miniature_pinscher_32,22,2,15,a94e25a4f7af205fac0a7418d8c99d6865f23f521e9fe11f921185e51a103401
test,test,miniature_pinscher_84,22,2,15,af28bc89ba92e404a83085fa4a119f79ebe15f0a1af79c0deddef09474562e85
test,test,miniature_pinscher_89,22,2,15,b0adc41551ea8977fafe30497aacae73fa3f024ae0740083e2f1264e5aaca1af
test,test,miniature_pinscher_81,22,2,15,b5604c782b830b608503df08b7129bdd593ef5dc9973e22fe78ea73e0ec58656
test,test,miniature_pinscher_73,22,2,15,b71f6df123bdead4fd489e54d0df60154933b09cfb19230625af600b17810539
test,test,miniature_pinscher_90,22,2,15,b9b2e27588e2364c1a3276276a935c2710d221de931fd99a4f4a746753f81eaf
test,test,miniature_pinscher_54,22,2,15,ba7fc9d1a8766037d8500bd4ecf03718f44bb3baa2c271ab8f6eb8c064613a57
test,test,miniature_pinscher_60,22,2,15,c518d500e029815842b3a2bbba8632a244d6e9408b57c6a4935670c0d9de96f2
test,test,miniature_pinscher_66,22,2,15,c799688d51a084a8e1372a0fa30465c094ea4dc90eca5b1c91155251a1e4ef01
test,test,miniature_pinscher_200,22,2,15,cb72838b5946718b46f136e7b6ded96d0f7d1bc06d3046a47a8c40cbebf57cf6
test,test,miniature_pinscher_37,22,2,15,cdc8b7858901f3e46b63070f53f9c815125903ab8c9e9fd01e7c8c1e6c5aa270
test,test,miniature_pinscher_51,22,2,15,d04ec92425f97502ea45546fc32992ec28f93219fdfba001ecc4de9d1cd24a85
test,test,miniature_pinscher_3,22,2,15,d2ecdd1d6f0f8b70d96aaf4f3ff90cb72457d14f03701ddf4be30f7d319058c7
test,test,miniature_pinscher_8,22,2,15,d7d612a680a248e8da1542252a1c0fd24942288eb544e1152590dcd65ff74320
test,test,miniature_pinscher_27,22,2,15,d85f65c96d1b59dd4ff37aea567dd5490448c2ff8eb18cdd74e296d7c7a5e8cc
test,test,miniature_pinscher_83,22,2,15,dcf2a5c3b5cd192e14cc1136c786fd05facd0076c69f9d54e265363c202b1364
test,test,miniature_pinscher_42,22,2,15,df1a7b9669ca0eef4d32615fcfcee84770f72d0ce0f1c1d92a0b907688d3fff4
test,test,miniature_pinscher_47,22,2,15,e2507de3d8dd5f42cc9a3fd1ebdb5577541f7b873c072fca1a7643e253591a72
test,test,miniature_pinscher_95,22,2,15,e2ae7f679aa23eaf72c3601dd0e1d037db207021cb3b432e64ab1add1c7124d0
test,test,miniature_pinscher_99,22,2,15,e2ba3980f02ae762ac627e25b68b395d07735aa7187e3c2ead0a538cac6e82ca
test,test,miniature_pinscher_28,22,2,15,e6cf3d063e491aa95907ffe085086226f9b3d45ee771de46a44ef97f7bb14f2d
test,test,miniature_pinscher_29,22,2,15,ea0d2d8815ee39e557dc0d9043970d80fb502661ca4fd9d76ddafe501de54675
test,test,miniature_pinscher_199,22,2,15,ebbea516ad0e393da108271acdd8687889283de9d70d2f7bd04eee3fc4283b63
test,test,miniature_pinscher_86,22,2,15,ee77fb2a04841921899cb3d5b1373f3cd2213944ebd583648140b6f69bd9f9b4
test,test,miniature_pinscher_92,22,2,15,eeace55a13fa7b488192a0f3683eb61eeff9b93431ae8809d54aab25e07565f1
test,test,miniature_pinscher_98,22,2,15,f09b0a96aa80cca011b8cf1eb8686a942891a62a06aa4a3ceb944a87f6c7bbe0
test,test,miniature_pinscher_192,22,2,15,f0fcd45e44bb0ce592111fb10e94d266f5e93e816e76a7d3ca01bf2da3703630
test,test,miniature_pinscher_94,22,2,15,f13f8c6e76b9b6c805a2e6e79d5b3ccc9df433c93984f9538fa1516e88fa5925
test,test,miniature_pinscher_59,22,2,15,f19087e2865f2bed8fd4adecb699e646052d0d6dead59a7637f6d3008b5c5180
test,test,miniature_pinscher_50,22,2,15,f232f462ff6b1e85eba8a80fd940394ef80d13d03dc1853b2277614c40404048
test,test,miniature_pinscher_7,22,2,15,f435f688213f73d727eddbe0624aa8257e7264b9fb61cc7108686b88109ab533
test,test,miniature_pinscher_85,22,2,15,f6152768af9fbcb46787f2f29624273b4f5861e396468e4895562934a9a774bc
test,test,miniature_pinscher_198,22,2,15,fa18b55a939eeb73c6dd0749036cb1962e1395982503b47c74014fe98c9520f7
test,test,miniature_pinscher_41,22,2,15,fd180cafdac5f832e3e8eb4c0cf04f9ada9f21386a014f48691ff1da993e580e
test,test,newfoundland_6,23,2,16,039ee3fa75fc110feb5c95badea483c2a2072fbac966aacf9e53c1cf138e2738
test,test,newfoundland_49,23,2,16,05be2538fa2d23850073fd8447d59cf6c40b3ab9e0f50399683a81ad29f85723
test,test,newfoundland_87,23,2,16,06bdcc236ba7d65c59fecfec6854353b997b56d74db79fa3ffe9e591eaa74118
test,test,newfoundland_43,23,2,16,0726f949868c4db9ecac4e2f95e8135d4e6075ae29d2442bf06a22ef2895b00a
test,test,newfoundland_73,23,2,16,0897add92592e0af6af3d480ae573ce6992b270e52e9a4634334699cb0da7b81
test,test,newfoundland_29,23,2,16,0a8b89c781fa471cb0123238c9bc72c1f3cf5758340e9b3c88f641e73c489950
test,test,newfoundland_198,23,2,16,11472de265b10a4bcd0b78cb0bd62e6332f5a6b473d0c322e692898848deb9de
test,test,newfoundland_48,23,2,16,1a3edcbe86e8478fe1aa4db0dad7f3a701212d0941665c28808a6bee9ae6c7d6
test,test,newfoundland_9,23,2,16,1e2afb4470f6a4e453a790cfde3299408bea84ef35a67627b9bb79d533dfbdff
test,test,newfoundland_30,23,2,16,2188f066810de7fc579b12311cce23b64be2d8617289baf7a1d14299fe30a19b
test,test,newfoundland_21,23,2,16,238c503dc56ad3f8e97aaa626aec082b302fc202aa3eebb1d48c6a8b72f5a7c0
test,test,newfoundland_41,23,2,16,249b45da116c2f2d63648f00f91c0eecc8ee3f1c781b78df47df6a8e8ad5b9e2
test,test,newfoundland_71,23,2,16,2ac5920542c24a34a28f459eb99b035ed79b9fd8a11c70389498551f901a19c6
test,test,newfoundland_191,23,2,16,2b3746519ecc84d90f8a4aad0b60d10a51635295524d3bd7b8c89dfe35161da5
test,test,newfoundland_50,23,2,16,2b4d73765827b396ec42a9f24e03cead282d3bd8971e9a370ba42992339bd885
test,test,newfoundland_82,23,2,16,2bfbd27f6fb1e9454a55e8e1023629daffdf2a549a0ca638e16db7a154cd3483
test,test,newfoundland_99,23,2,16,2cce7a85d3477ee4550d5b3697bfafa6105f34c009a4fa3f935b901864742648
test,test,newfoundland_23,23,2,16,2f936a53b1c956a7dd697764dae389ff167f9ee6d2a45a5fab065264947a1b79
test,test,newfoundland_20,23,2,16,325d58fa6347486df55ae37f06fa5ad1c98b7c5da76eacb21240371dd3ec5e50
test,test,newfoundland_70,23,2,16,362040b7fc575d10b948af0b71abe2f8cc4578c3ba21ea5a1be338807155c37b
test,test,newfoundland_55,23,2,16,38d1db8c3e5c0cc10fe272fdf77f01c824a5688a1ca1e9c989445e2f7a4a70b2
test,test,newfoundland_83,23,2,16,3d4d851c5dbf7759c02b557a5f96e219e737469017e8f5c54ff0b97b89d40784
test,test,newfoundland_77,23,2,16,3de57c5f0f81263438c856bc9407a474706ff61dbc51d2e8ce10a456dde2e928
test,test,newfoundland_56,23,2,16,402164105554c003c87c80ca54899586517dbafd0f2103059d9eee36d00a9f78
test,test,newfoundland_35,23,2,16,417971375abc1593d98254c5abcfb3c4012317f347ea418d308b814cbc288fb6
test,test,newfoundland_60,23,2,16,4263bdb23297614b4acca83ec136a4a71f0ed988969302ad085d43743c968a8c
test,test,newfoundland_98,23,2,16,464d8752c7b4d21cd2310b0fb0afb43807721b68c2d62fbb0f7406e1fe86bac3
test,test,newfoundland_75,23,2,16,4841647cd67ea5844ed0794a70ef52420415d96024c423e40acd43d49db0a442
test,test,newfoundland_8,23,2,16,494f740dcf545c5cc7fe89d54d6571a43dbc311dba061d84c7901c0c1aa1bfbc
test,test,newfoundland_197,23,2,16,4a05a8319432897e827af20c49979198d92240d15bdbe561341b7adcc765062a
test,test,newfoundland_39,23,2,16,4c6d8c5bb133025ebda6437469a3c6ddf2712523a938af156901dee2cc72bfe7
test,test,newfoundland_24,23,2,16,54ad3f050f0f6675bc6e511a9bd30ee61231e4bef00ab2be6184c2d295fe4c34
test,test,newfoundland_92,23,2,16,599a3931656caa87c4e5a527b65a5ee927e858e0d18664d1b32a82472b7a4325
test,test,newfoundland_45,23,2,16,59da7d713da9595a0d598c628a1762105b3de3969307023996bd64d1c681e197
test,test,newfoundland_33,23,2,16,625b90be2b573b67a75ae4da980ac777b8abe2e02752fe9952e0577cf8f902fe
test,test,newfoundland_74,23,2,16,66097be20e07190cf4126e9a5e7ba7edf77640f2e08f0b621360ac5d42f388f4
test,test,newfoundland_5,23,2,16,6b5dbc047f8ab52793ab73a09623aecce6781369344076d83597bc1bc6ce6f95
test,test,newfoundland_94,23,2,16,6d611d585227bef24f35db525b48717425891bc2a4c09c4231277fe332de15ab
test,test,newfoundland_80,23,2,16,76039d586816bf9cc2b4cb3ac7d2f8a72d20989f6efe94c602eddc974ee1932d
test,test,newfoundland_193,23,2,16,78320eea3fb5a70a92765c0382130cffa7224da9e295e6861b86911252f4cfb9
test,test,newfoundland_85,23,2,16,7c5bf61f89ca4fc4cfdc88c751bd92dfa766424ea0ab46a61303469ce34e5dfc
test,test,newfoundland_62,23,2,16,7f9b37a6e451043795ad94839ada6103ca0fedbfca1f41a83e63e871a8d205f2
test,test,newfoundland_199,23,2,16,807ad50eaa224597b21132397a52133574c4fe753aa5f4e4a6ea8e048430ab5c
test,test,newfoundland_194,23,2,16,833c996345b2ee56b2ae0a0ab037c2f9336b86e786cf9e2e86f5c14f6151f7aa
test,test,newfoundland_93,23,2,16,843b7236c5242197238931870336b858758553b45dded0d83ca1d45d2952ba99
test,test,newfoundland_57,23,2,16,84f22eb1ddaab7b9e8a7a2189dfc53474042003d9b34708bd9199234ab21652c
test,test,newfoundland_97,23,2,16,87f940ac987a4d12ec32bf9776509c6bcfb9f6ee483ecf22ed25114066da8637
test,test,newfoundland_63,23,2,16,8b8921d6cbdfae9c57e00745ce8f6c6f3aa93c042bfea9caba8adbecf8ddfc77
test,test,newfoundland_46,23,2,16,8d6a557d472e09148d573e05409fc04ab365eadc0f150ce61cff259e011b1690
test,test,newfoundland_59,23,2,16,90679db6f1d943df08ceb81e9785e555db8b9b77f2e7572fdf06d885778d4dd8
test,test,newfoundland_34,23,2,16,94e6b61bf7d871c42c636d230a6bafbfd24fa9a3deec01e0c2d2063c619db159
test,test,newfoundland_86,23,2,16,955422fbe6f65e99e32bf0105c14ac81fad64349ebbf5c5d88eaae4a5d09a74b
test,test,newfoundland_1,23,2,16,9605c040902de5e0a69571a9beaf072cfea562e59dca8cf0a507f350f83d504e
test,test,newfoundland_65,23,2,16,96b06065968ac035ec683ea1327b2e04daffda388726bab9907fbabf36184ab6
test,test,newfoundland_22,23,2,16,96c20307e4ef3ed6e9ee87039af223d623835ab2710d420f3e457d8536d3726f
test,test,newfoundland_64,23,2,16,96e2272266c59ed293ce63730ac68ea876aa511102b84bb9a1ac9fec2ce616e9
test,test,newfoundland_84,23,2,16,9705c75db4f958cbd17868addac304eefb06501362736ba58cda9bb2ff59df10
test,test,newfoundland_61,23,2,16,98a8ea09d9a9e494ae83916705701f6e0904fb5aa11405919b78dc8210685372
test,test,newfoundland_53,23,2,16,9c1dbcdee5ab1e26a80b77b1c0eea67a31e982f0fc72cb963ab8a01e7c739386
test,test,newfoundland_96,23,2,16,9c2092e7ba8ad7e7cbe359a70f520b0e7d5259fb85fcb9d07ed2f2cf12bd7e43
test,test,newfoundland_27,23,2,16,9e75af4e45b17d3c2727642208cb2d55676e21f9323c31bde5d5247e98397cf7
test,test,newfoundland_44,23,2,16,9f15adc9c572954db07c2ee3deb501685d3da4655cfea95f5607699c0cb50f9b
test,test,newfoundland_91,23,2,16,a63a1b913601e00dd58179a2c63973f9177fe9ec33aebcdbfa11cb8b3620ed7c
test,test,newfoundland_69,23,2,16,a79466c771ff98a9be1525e6db8a41918d4b03dff60acd0226bccaf5dbe9ab12
test,test,newfoundland_2,23,2,16,a7ed202970cfb65fe856ab7b7edab646a705cfcb7124c4d203b6cbf4e03e9d07
test,test,newfoundland_52,23,2,16,aaff046a9694dc09b0dea6367e0b0e0a56fe4d40872a5b72d370440e2d7f7cbf
test,test,newfoundland_72,23,2,16,ab5fd6166750335b36149f5832380f865e47799d922d9a1673ab517a137f0cf9
test,test,newfoundland_76,23,2,16,af190b809f7e2ab9027cc7a036f8719f0749ccad2c52ceada09217934aae4ca0
test,test,newfoundland_195,23,2,16,af1c47ab8c2d5b6ddaa3ed5ed2dba5e8cc7e87f864165810647dbb61c65e2a98
test,test,newfoundland_68,23,2,16,b1793c66e7132f6ee0cbd174595030dca472267b061eb62889e2ecf310688096
test,test,newfoundland_28,23,2,16,b27efaac7f31793fc4f7a9cd6aeef03cf07dfff51eacbfa5118554d930aa5d6e
test,test,newfoundland_88,23,2,16,b4027bab3179ff5ee4664dc995681bb1679cb74a591ff849a0c00e1f9aaddc9b
test,test,newfoundland_90,23,2,16,bba6f04776823187132a707ce6e69075960ac8b2d53ccd8a1de5a9fd475f4eeb
test,test,newfoundland_40,23,2,16,bbcdf211d1bc04785fb22b9468ab73f0309580730191b8b28d102c509b64885f
test,test,newfoundland_58,23,2,16,bca2ddda5756624ffd8240ff170f2a28f062d16f100bd296ea9c0b9d2fd71e3f
test,test,newfoundland_89,23,2,16,c2cd2b4c25278cf26f70a2543279e62ea7b774b994002fa2206782b9826139aa
test,test,newfoundland_95,23,2,16,c733611fe4d99514b5aed59cf9682b086e0bb3d126c7c920f77672f0efa8ddc6
test,test,newfoundland_42,23,2,16,c75b89a6dc65bbbba3019ba1a5ad2548400df141e172242f9dce4ca454509d86
test,test,newfoundland_47,23,2,16,c88035505640677971c9f16feae4731830c4c1500de12c9534b93b9b62b8dd61
test,test,newfoundland_66,23,2,16,c9b4982e6548e07cdcf60ba5faa553eca57e5eee7e6517602c00258b913f01cd
test,test,newfoundland_54,23,2,16,cb7d1c4a91d76f07a992bdc35b92af32acd82e283f1ac74b7a23453505e169ab
test,test,newfoundland_4,23,2,16,d143da4ee63269175073ae1ed0b614b86c2ec00fc465ab777acc0b61fa74014b
test,test,newfoundland_78,23,2,16,d26b5cc0930358ef58adec4ba8130e3d53c4355ce3e6a4ac0e543efd9e65a740
test,test,newfoundland_32,23,2,16,d32880f3885291ab7dcfe3656a3b2fd811b3bf239958d993f122225dbb2475fc
test,test,newfoundland_25,23,2,16,d35c2e5a442153ff7944c30c7974b762c46a1d7087b830161c6399391adc12f5
test,test,newfoundland_19,23,2,16,d63de04fafef9bdfa800d2bd2154e986f7045d0c9074c300f56d3e360b948e70
test,test,newfoundland_192,23,2,16,d6f789a39785b4e30eb2aba5efe4eb6d566e5c0f47fbb2bf7a82d7bdd33ede41
test,test,newfoundland_79,23,2,16,d8c951bbedf7e3cc7c6155e2b33a739cbf24df62f4769ebd67d6050354990f69
test,test,newfoundland_51,23,2,16,da9b85de97dd95fb9c8372f01925c213138923de250862908d17c9fe187be817
test,test,newfoundland_7,23,2,16,dcd75526700c6b04039222227ebcc1cd23120ada279b8e2ec676b55e676ecd85
test,test,newfoundland_38,23,2,16,e110ab04d4cf4cf3cf2abff899d15b523373b90cc0e9292e7c210cb565fc4d0a
test,test,newfoundland_31,23,2,16,e75732b93e0bf423898536449f9a16985760897f13ea565df40bd85bbde61ea4
test,test,newfoundland_37,23,2,16,e8e97ce07da3a4d329b3c1824e9e732d32bdbabc6638b877f26228d1ddde8aa2
test,test,newfoundland_36,23,2,16,e939a013379e1fa446c27490ee4ffbd8fec3003e832183ba7ea5e9777405ae6d
test,test,newfoundland_196,23,2,16,e9ecd520cfdbb7245e80bcb5dbc1b0d053c3e10a27917582364750816e5b0b47
test,test,newfoundland_3,23,2,16,ea758d3763c3b9789171a3d72fe5f3140da7f98de8719225e59a7df14733ae24
test,test,newfoundland_81,23,2,16,f0aaf1c2e0b0c36109c9a19c9e4feaab738fb12d255989baf387f745dd56a747
test,test,newfoundland_67,23,2,16,f354affdf1575e48c034be8c759ba7639da65460dbb3ffa6a45090b8b8b10508
test,test,newfoundland_200,23,2,16,f4c7091936a5acc3a5665eeaf0231d930a52f92d04fc302455db034654410563
test,test,newfoundland_26,23,2,16,fba812a6267e862952896492c78e2211e3b2807f2331a81246623ad8a5a98a50
test,test,Persian_272,24,1,8,006dcc072cbed4840222894a5c22343f8015a0e2e8dc0e81b00d2da11b3092ef
test,test,Persian_239,24,1,8,00b8798bce5087f689281bf96975ab71f257c6a49e5b2292acc931002dd37041
test,test,Persian_44,24,1,8,03b44ef5cb1d50838d1a64d35b653366fe93cd069f7340bbb3a5972853aa56a5
test,test,Persian_58,24,1,8,052ed9157697a249e39ab03df8fcc8a18cd6b8882b2d4fbbb665ebc4647eff19
test,test,Persian_224,24,1,8,05a0493b95d1f9ec0f69b9f16add610e35ecf8c0c072442f4e0f98887db87765
test,test,Persian_259,24,1,8,090a9b097226db5a0bd5564458573977cba8c84b0ee5eeb816e250524b131d15
test,test,Persian_4,24,1,8,106957bb6674a3930e45d471b88373c3595482f853c7ecf674014b632c887cc3
test,test,Persian_273,24,1,8,1346e2e0d0c5e70d108e34d15aec7860a3b28425141ee9e3f1f15d23f296156a
test,test,Persian_255,24,1,8,13b5f97137e8f3e9eae6ca504c874acd675fef1aa867c50bce4eed7669b5a341
test,test,Persian_39,24,1,8,1523c728f65010a37290469fd956011b351ec471e001adebc59e6a768016d5d2
test,test,Persian_56,24,1,8,1560366d500ab310d6c7068db35ff56b0215cd0770accbf3ab13eecbe230335b
test,test,Persian_221,24,1,8,171182fe7cd5ea80d781a858392e646996251e8adef7820fbea3d7cd735407f9
test,test,Persian_7,24,1,8,198333e1e826aee835cc9efd00edb7bc0b9fa919985da17bbc204bf78d963f77
test,test,Persian_45,24,1,8,1b3f521a19355dd4aa02c6ac7bc63ad56142e64d0c1e111961166c93fc118e59
test,test,Persian_49,24,1,8,1bb777193df89ff095783916144f1327f82b84443c6ecec65ef641cc055e6b09
test,test,Persian_34,24,1,8,1cf625a7b65b0e34957769c6af450529d122012343d817dd16819d76cb6650c5
test,test,Persian_26,24,1,8,23dbfb101adbaa5587b0873248d1dd1e42f54c602e0f6115b84d79cd04f8859e
test,test,Persian_262,24,1,8,254f1775ac94f5f7710c0d5a8310b31521632ad4a6db36d2d121052bfc83994b
test,test,Persian_267,24,1,8,27aec6078c06e1871b5aca78017d40eb9b81bda2e32d4bdaf9c15d3034c049b9
test,test,Persian_8,24,1,8,2b4799c35f71890537f14c4d8f63f277359667f1b26ab90739cad7262d8566d1
test,test,Persian_62,24,1,8,2df01a277ea72f09b29479179141ef8ea93e7fa4d2aad9b673edae22ac0f3edf
test,test,Persian_52,24,1,8,2e7c14077ec4fc192c6cec5bfd6fe4feac15ae13f9df12a2da2ffde469827fed
test,test,Persian_260,24,1,8,2fa656461c10ea05f320f52f2632c07413d0bcc438c5ab5a80ea95a4469a58f7
test,test,Persian_269,24,1,8,2fe85056848ce046564e0d509c5b73113ac3f9bcf0db66a147b36d0a3b45b06f
test,test,Persian_67,24,1,8,35cf9f4800d33bd784834ed0fa243a2c40bb1a3c8e843c22762010cc8f91c030
test,test,Persian_85,24,1,8,37aa3542bd56fed377bbad9e1e763b7184557b50feb24437d8e3bdc8e4c44c19
test,test,Persian_79,24,1,8,396c69d33fb44d72e105c3b3d291b8a4760683c3a972826842a40b44cc6e7257
test,test,Persian_270,24,1,8,3a0bd3b9a446bf0e4bf73d92fe4b82472cf6ca3f340f8345a236b610be24431a
test,test,Persian_65,24,1,8,3ba622fc61ec4f9a98a5be6dd06a3990a595418e727e667243ae47b059791a74
test,test,Persian_43,24,1,8,3e27d416eb15dcb245981ed4a490986467eb94feca92ffb492e0aab994b82345
test,test,Persian_75,24,1,8,402f29aefad79f716ef244cf75137921f3c9e67e16f47ac9b292cd4c68f0d5e2
test,test,Persian_78,24,1,8,4166f99288caf09a2ebe637dfa8068a2337f79b3fc970e3d16caedbf698eff44
test,test,Persian_271,24,1,8,440f2891564eb73a36aecb808cb21c3014fb96f17c34cd53ce05308406fdc0ce
test,test,Persian_99,24,1,8,4670b72d8c78e438be3f41a928e74e753f7dc3eaad11a11fb99c91af2d7a66f6
test,test,Persian_22,24,1,8,4671e4b6160e5a013418c14fbf92b05dc88e63ae1f675085efd0f7c5c10f3cf0
test,test,Persian_32,24,1,8,4f9e0444bd89ca9e7e90106a250f394c32363433c9d46a4b38d732e6e98f0be5
test,test,Persian_87,24,1,8,4fea88d88be4f83842ad809fb66ad8fa62648df79e87f598054db32c973f2d40
test,test,Persian_77,24,1,8,52666ed14eab7c6f277c9f64c543b253160ed314168f211023389c0e65af646f
test,test,Persian_261,24,1,8,547a2207e1d27fc42881a24cca66d642b9e38cd6d55aea15fd8cd6b31cf9c5d6
test,test,Persian_2,24,1,8,58924b9cc21d53f685268df082210fa51650b8c463d3d3750de6dcffaf0a69ab
test,test,Persian_63,24,1,8,592ad6eb98a64bcabec47ef1de1e52f9044067d04e3bfeaf010b1baa43b4f93d
test,test,Persian_31,24,1,8,5c9e1511aeca168f8a622850b66140a09b02dde9fe7594dcf25b9e8fa0d81df5
test,test,Persian_228,24,1,8,5cca011d409ddaad5af4cf901d3c8644a429099b55b2616eaa8b9b0fe29eb917
test,test,Persian_258,24,1,8,5dd1a76315e0356c1ea9c42a2d34360a156b8a7e729c446f2b82cd4329b84bbe
test,test,Persian_81,24,1,8,60129e84e3a3111cd09d6eec84a523b196902453761f4958eded5fef6028c520
test,test,Persian_74,24,1,8,60139d1fc44c9b0f7878bac34fee335c6e46da09b57f680613eb100963ae6480
test,test,Persian_89,24,1,8,63336042306edf45c66be2e4f740d38d7c1d9a12f9102b35b59de64e97ee56cb
test,test,Persian_5,24,1,8,637a840172c9ce962748108bba59c19f69af565204975a4298b8c2efef2db868
test,test,Persian_268,24,1,8,663b5a7305cdb593debfd85c3fc917e3b2256fbacb0d1d91f8830ea07d574636
test,test,Persian_61,24,1,8,66efc4b8d89f630b4f4b00392a86e77390dfe82b35314b1bb2feacde4498948c
test,test,Persian_68,24,1,8,6b2aa2dbaa7cb6afdb84927768aa022589f2171748d0b7c09ee3028cfa1540a7
test,test,Persian_46,24,1,8,70e14bd117c33ac49b146b24507dcbe91ec5c1b2e78a5ceee3c2f3c7e4ab5a2a
test,test,Persian_59,24,1,8,7166c68e82b61f483c6844be06db4c0e018655aaa8c3b78a1da0e76883e107c3
test,test,Persian_55,24,1,8,732a0a87e1eb935705c143ee962e9577b1a9e3215cf08f8f1e8fc0e102aab20f
test,test,Persian_69,24,1,8,7448fa5082d20e62724581c8ed385b838c34f03d67a1872f23db25819428ec0c
test,test,Persian_47,24,1,8,7d7b55a679a9b6c697c70272897ab72ba1a52eb94cfae06481024337c95358ee
test,test,Persian_41,24,1,8,7f972a3fa8a594104120b094b8f3ea877d51aece9b86684bff6937460c2661e3
test,test,Persian_6,24,1,8,8a7e7eb210590b92595d672194194975e248cf3b91277bbec44b738992732d51
test,test,Persian_9,24,1,8,8e3d9cde3253d3430b221cf20a8de36b41546dcde5fb75cd32862d3bd14166cb
test,test,Persian_266,24,1,8,91b704c22525418420c7f2a21b0515c86a102a3d3cc594b13135b3110d410d43
test,test,Persian_80,24,1,8,9358f7358b1b4d7c7282db94fc7838d80242aafce4a471e262edc997706c7482
test,test,Persian_60,24,1,8,9729ae4c5e03b81ea9f4d7f65addc8bdd7da710e7c2bed82c8bcb5b270eea4b6
test,test,Persian_95,24,1,8,9a9d1616bc0b0867f7a0ce6fac43ab8bbfcffe9f3036eeae178c8120e25cef13
test,test,Persian_28,24,1,8,9ac52c7779dab3b845d34f6f7de534e690a6c33ca6ee26a9ea4ec1c9e6435c7e
test,test,Persian_54,24,1,8,9ca9adac56a470f9d79c0f9ee1d41a81552cb8e91cd9d8e51a9eb909e7255c73
test,test,Persian_90,24,1,8,9d9e2637a3f46aea0e9112efce496914ddc799dec1f025f0b53d178bd392bdc9
test,test,Persian_38,24,1,8,a09de35d9b2e5b1c21c08e0c8bc4a4cf60277fd3e2de55b1c440b971bb13b2b1
test,test,Persian_30,24,1,8,a403c3240b6d44b0f9c9720e256fb0c249f65c755d4091474464a20de5c673e6
test,test,Persian_88,24,1,8,a82948b388adfe7c6acc6d334dc59dc205ea197f645748016688e4dce162ff3b
test,test,Persian_264,24,1,8,a8c4850ed453b61e90f8df015e53fc7aaf19667e5f6feea1f9e5f93d7a3b7bc7
test,test,Persian_37,24,1,8,ab1d17192f4d85d94f9c3a571d4bfdca0071ef8a04af1acd4d3f617428afc09b
test,test,Persian_25,24,1,8,aba6370deb4b54d35f2479bfb80b7726c720d2d84c925d0ab34d7b4cac84ed88
test,test,Persian_91,24,1,8,acf79526956690caab851d567b65ce10af5c9e1c908ff88ccc0f2d65046c7c7a
test,test,Persian_98,24,1,8,b07bc825599fcd910db00ae5d5bcb276864eae7537bb7251e89eec5ff53ea49e
test,test,Persian_53,24,1,8,b3584a04f6d220266f9be53bbd2153a1828802d47d6ad2a3615501da68670b63
test,test,Persian_70,24,1,8,b9b86d558599c58b2394fa59c1646d92a00a230bb8ac0a35b8c158f3b073dfd5
test,test,Persian_71,24,1,8,b9c22f9059a6dcae4f462c78dd0225904fb2b5c08a0c26c30bf592b548cfca7a
test,test,Persian_94,24,1,8,ba81694ad4e7177d7828eebd22f7bd6c8ba1287b4fcf16808204c10ff9f23ae8
test,test,Persian_3,24,1,8,ba9d5a13bb23f701b07bd8cf0d1b51ff6de43514a2d5abd71d2e8b4f33e1a0cd
test,test,Persian_257,24,1,8,bb10ad85b3d5fe01262a406358b89a7d3ebf7cb2d2b2684041e45dfba45dcb97
test,test,Persian_233,24,1,8,bcc3d90bc3eb8f5a4eedd499a88ebc0799255fddb9768c171c3942c0f51254c3
test,test,Persian_64,24,1,8,bdc097a6b8980cbc725cf78ddc5b45f89f1949aa355589f9296e9164289a47a8
test,test,Persian_66,24,1,8,c016e9b761c03d3ae4b9ebccbc8f891ceba691cf9e7e43379a62490da55b543d
test,test,Persian_83,24,1,8,c61f3e1eaa2686fec3a9747a6fe5e9a2919119cdf93089b1346b9cdd44559e8a
test,test,Persian_84,24,1,8,cb1bb8bb66b51b010960e028dffd789bf115d248bc4dfc87b8bdacbcbeb79c32
test,test,Persian_29,24,1,8,d603806e16f08df34270e7ee0d09744995c4ad7071cfcf72c0703a4ed90b0cec
test,test,Persian_263,24,1,8,db38600b6cd20997942b63a232f16d277539eacb55d0840cc685e55f5ed2fa34
test,test,Persian_97,24,1,8,debfa96bd97406165f5cf5734375c5860cbca9b4a4fff389e0c5e330140ab5e4
test,test,Persian_72,24,1,8,e0a187dc4f912b5ec8d2fb35c1b619a7914cec52bae616576dad91b18ab20d28
test,test,Persian_256,24,1,8,e3e12a0bd1fb0c8c74772ef2bbeb385c3bed7d869433c6df6cdaec3b3b0f9294
test,test,Persian_36,24,1,8,e83b3e749badd374f71d3981746564a93b6a87c04727a661937989ca4b121459
test,test,Persian_42,24,1,8,e90edcea4715c0d4d8b366c5cf2fb13f36cd1fda889886ebfbbdbfb15a981fa4
test,test,Persian_27,24,1,8,e960185dc9f875cfe4a2347c83036a7575f041b262ed21af0aac2a431910489c
test,test,Persian_76,24,1,8,ef1e6803415e36b1d9e041a9574c06df4c52ba3a315123ec34fadb3d90e6971f
test,test,Persian_21,24,1,8,f17bc6628fc97911dc0181e311bd53dadfd26792b159148b49861b324c2061b9
test,test,Persian_82,24,1,8,f47c5874dd919af9cf39d1691eb3cf9a8b48960375c36c7ad3b740c116c76553
test,test,Persian_51,24,1,8,f4b1518f4f958bf2517e405971c6d28c4e828d5c9cad1a72738ecc2e45499d40
test,test,Persian_265,24,1,8,fce6d91cb9e486365e001d39ae4dbc15d06aedbf85e99c97ad65ffca4d4eed67
test,test,Persian_40,24,1,8,fd887e3611cb5f612a953880a6e8c76c7f17795c1329cb40e53d1eed45752079
test,test,Persian_86,24,1,8,fdec18e9c404633a8e5a44a9f2ed9d13c6b1b8b93f7b45fdd69d7fa69331b4b0
test,test,pomeranian_25,25,2,17,013c9055cbc795c8da1966ecbeb47a4f8b2ab800c5ef4e25c1256b611752eaad
test,test,pomeranian_66,25,2,17,02654988814f3b3bb1b3bfc40ef39e3682b1af894dc3884cbe9ef3fa1d6580ba
test,test,pomeranian_81,25,2,17,06ed0c02ec87199524e00a8de4ca12cb20a7f3f5ea7d18a781a25843f152e447
test,test,pomeranian_37,25,2,17,0b534400030c53613d51e1d9aaa42046a609228f8c881d59b5bfc6eda18e1bb1
test,test,pomeranian_90,25,2,17,0fddb42c1fe0dc87b2a719b782a8ed59fcb77be795963346b6c7006f357abe58
test,test,pomeranian_19,25,2,17,1153bdbdc1dac513b93bee273fccfb285bfbd3d5f0a046aa20ae7dcc826fbe26
test,test,pomeranian_92,25,2,17,11df49b46fc0ac8514d75976ac65bd5738645758c8f4ef7f750897108bc41810
test,test,pomeranian_43,25,2,17,136b453df08b23c7a0302c2f18278b520c71361b392ba69c059ed431c820f196
test,test,pomeranian_68,25,2,17,13be9a7e3215b1a1657096d52cb96b7017efd8d9ad086f0843ff2fe82be689be
test,test,pomeranian_48,25,2,17,1448f0ad18b728257fc5f9c4f1ac79b0621d4d08262ec783d875127e4d94bdce
test,test,pomeranian_77,25,2,17,151e6a8bf451e203c7ca5604180fbae3ea73591dfc86379b568e7589d7546a76
test,test,pomeranian_33,25,2,17,16c4f3cec8c46543374e3505cbcfe021bb97091510b19eddf6047ac39cc47e0d
test,test,pomeranian_22,25,2,17,16e752cc7677691586d3a9486aeec7bcd609c4b412aa8edece7eee5cba462ca6
test,test,pomeranian_78,25,2,17,1816e688f99f7535f800fa8ec096e2b00dacb8c9e299e49cdc17053f1bf15544
test,test,pomeranian_60,25,2,17,242a5bcdd844886bb3439b46051ada742e75e53d06610b01b375d8b8ef68c085
test,test,pomeranian_7,25,2,17,251eb25a2928fc741b840a24871420d146a89bc59ecc875ce6b4fe9a1dc0574d
test,test,pomeranian_198,25,2,17,2ab86a376c3add5d56c29e5f3c29952dd092b4c908344ffc615d83f004c571ce
test,test,pomeranian_55,25,2,17,2aed29c4160908913e9ec25348af930deadfcdaa204547ff7a2cc429c61c8e9e
test,test,pomeranian_41,25,2,17,2cc3d109d9c3ffb6817a93c17c81c7f4c5994ffdb227fdb6f685249bebecae63
test,test,pomeranian_2,25,2,17,2cc72e48b966ab23be5a7c654affa032a111741e63effc40c5629d512bd94cd0
test,test,pomeranian_50,25,2,17,2f15687e456bcecaf1921675aa8341064053baaf8b4bddaac17b06115c695152
test,test,pomeranian_24,25,2,17,2fc47dabc5b6084ea594202b8bdc60d7003445e084cd2228c0a478714210f9de
test,test,pomeranian_36,25,2,17,32abf340e59b7044c206f73253c97f6e701ea10525f95e7f9ebcab4307f57067
test,test,pomeranian_99,25,2,17,32c0e631152ce4a30bffce1c4e769ddfe0b87d3d297f91d104595f2bdcf256d8
test,test,pomeranian_52,25,2,17,333bac21fa71d7cb6e2b64b82f29acd2e770145ca99a624ea6f18ca9f59b01f0
test,test,pomeranian_57,25,2,17,3546922fc8b441e50ae5d7f1c9b11d16d34106d23817cda05cee6556955649af
test,test,pomeranian_42,25,2,17,366a753c7fda135d2e14ac5b0e05a6775e6df7f095170d7fc44aca3bdddf19a1
test,test,pomeranian_80,25,2,17,36b63fd2b0df08b5b29da1a1793a77fcb4ceac87ce17f089741d12026b279cec
test,test,pomeranian_47,25,2,17,3a4dee209fa3d70d21ccde704adf691c70194ae37f23f6142742c87a4fa88f75
test,test,pomeranian_59,25,2,17,3e0cb868a8d6b5c8923db759cfbcfaaa5730f5c68bf0f7db109bec7cd327cdbe
test,test,pomeranian_23,25,2,17,3ee3f64f0f829bb1499cd060ccbfe2b270782c015aa04ff80c22cbe51c719130
test,test,pomeranian_83,25,2,17,4160434d973f98dbdbee18efd54fd4c839f919071cbc36970ef53ac25acc644e
test,test,pomeranian_8,25,2,17,4368b25ee306f87bcede09af42432cb9fa2d2e358f5e526e757bc6edbeb69ad2
test,test,pomeranian_30,25,2,17,455a206c016883ae3e464e37a135d4ac4225bad0c099d6ad1311c6d90b31a4a9
test,test,pomeranian_32,25,2,17,4ab08e3911d54ba6b6f2fc7e0ff573e46f250331ba6abbb6307fe6dd4ef176f9
test,test,pomeranian_65,25,2,17,4af19d3b6882b65115f276f509537a5c45a8f4bf7ed5e6ac6ef9dd351fea2737
test,test,pomeranian_39,25,2,17,4cf69a93b8ee2c5e666e6c9d8a1dfd202fb14bff1e218a9f4d5b0df5255c8a39
test,test,pomeranian_35,25,2,17,4d5c87eaeb2315859eb3f64f424e1c864c07be5a671c8a908f234b456fc19528
test,test,pomeranian_63,25,2,17,4ee5db1ff98eebd3e365e537818f23c6d8cd1621eb52c0f5e6e7b572ce857ea1
test,test,pomeranian_75,25,2,17,4fd2fccf5c23be9b456009b1a0514663c783c136900fea3aa2ae29c41bd5c87b
test,test,pomeranian_61,25,2,17,526838621db0769afe86794210e5e4bc8154127cc0c03f6e88bfdb68f7e6c98f
test,test,pomeranian_69,25,2,17,55c0743044d6170e3b7f7d669c6fcf3b0d57da87c3c7062d9b55a8347ffa33c7
test,test,pomeranian_28,25,2,17,572b7cfcbd83b8e97764731db0612cfcd2213f4411623b1bcd5644eeecf7efa9
test,test,pomeranian_67,25,2,17,577179404493db2430d25fceab561354528906067f249c775a917a3f5621cd66
test,test,pomeranian_199,25,2,17,578d92e5d07fb655be5951ba4b9f35a69cfecb87cb1dcca879dbf9fab892af65
test,test,pomeranian_45,25,2,17,61de2ec8cc020642993057a932f48114ff6475f453761ddb1a4de0281329fced
test,test,pomeranian_192,25,2,17,630bc60b78697d138f9b74c5e2300dc8eefe5b719eca53514054a2ab0d1fa122
test,test,pomeranian_93,25,2,17,6705b849f9bbf03406ef5988d2ed683177498ef10209914e85a133a7be4da12a
test,test,pomeranian_95,25,2,17,6975872b8f979ba21cfe29cd391333aecd44c8e9fb7e977a0ac6eaccd44a6219
test,test,pomeranian_71,25,2,17,799eb89bfeffc446d2cdf3224f92afc3c0169ecc5cc53c766d57dfff20adeac5
test,test,pomeranian_29,25,2,17,7a676ae099168ce62261e29a34d433223886e17cc37dee966405c11582716d07
test,test,pomeranian_195,25,2,17,7b0dcd1f9487c41a63d07aa7694b7c4246a4cc4cb553cf54aafb6e51014e1673
test,test,pomeranian_76,25,2,17,7edd89d9e56037a5aa8ea44a9f28c3aca91dac015bad1f4f5870d503f0643c53
test,test,pomeranian_86,25,2,17,7ffd5780e7586fbaef3bbf91a3ff8481001ecbe66d51874d8950790831c84518
test,test,pomeranian_1,25,2,17,82ff28ca6e089e5081e7c952c259ffc8679efa57913de7ad3a2a824fa5048410
test,test,pomeranian_4,25,2,17,8796826862e05df2d6f88d80539af23cf8c62f728083e4166d53ad56fec21339
test,test,pomeranian_194,25,2,17,8966eb8bcb0c2809db4dd3979e9fe46483b48ad7874678657e9c56ccc4a49ec7
test,test,pomeranian_38,25,2,17,8a05ec80a44d7aba6ed0d54f369037e40aba45a08de19181802c8cc0fd7c4db5
test,test,pomeranian_197,25,2,17,8b62bd33c9b268069c1bcd0049df469b57df40a213a17fcccad19155fa5933dd
test,test,pomeranian_3,25,2,17,8ddad0e21ba6e9e9a15db328d34be5c07057e855eff5ed190877e129cb98afbb
test,test,pomeranian_193,25,2,17,8f6053cc9b6a7abd3d6858a0f927cca98d85c820f2b3f416810e824e0fe9a319
test,test,pomeranian_200,25,2,17,9a49916c4548f4a1321603100146785082c5d6b7a4991ffd54bcf702623b13a5
test,test,pomeranian_82,25,2,17,9b7e02bc8a92580db785e3a7342f1444a9c07e48b9612d704711688df743d1b1
test,test,pomeranian_89,25,2,17,9bd1ff3398f09fa6120940b92e475a08eb8edf3cf8afc281ec98aede18bcf564
test,test,pomeranian_191,25,2,17,a1ab91cdd42d7068ad6fae0e2657123b28efd59c73f8e1a445661bb9a11740e1
test,test,pomeranian_49,25,2,17,a3cee23da655e8a438a0ff667279aa7bcd5619331ff0c5a502b8e372a4b666dc
test,test,pomeranian_87,25,2,17,a40eaaaa0b50e264af1913954df407e4c259cc366c338d6e723912ad9fa6c3cf
test,test,pomeranian_70,25,2,17,a8899aca7e09ea206beb09b6c508d878281060b9b8fc05c932ce2f787ed04bea
test,test,pomeranian_96,25,2,17,ac3e6d6d6e1b8a11a94eb643dc0d9997df5db91754a11881cafe1f8bde93cdb3
test,test,pomeranian_64,25,2,17,ac4c573de830270230b744a6d8c36bed738b1eb4252f047d8dddb1500b2884b8
test,test,pomeranian_73,25,2,17,b0439fc510ec0784152480e03f06ff9a045b020b9d9a11a09e3b66537eb63a6f
test,test,pomeranian_85,25,2,17,b3a60c18c2217ef816d9c58554f2d8351e28ac99f99cdb5dfc8a0174678ebb34
test,test,pomeranian_27,25,2,17,b3f2e548d708f83c0b32ff3aca5aa1ba1d88acbf18cc127a909863fa7198c684
test,test,pomeranian_88,25,2,17,b4a30aa18f1b5b297cad5189e9230cc5c76b0726d04a92b2e3227b1f788e2fdf
test,test,pomeranian_91,25,2,17,b6385725a041f6b34b826ecc59eb1d3d87fd0e01aee738d08ad8677036ff5970
test,test,pomeranian_9,25,2,17,b7c0ef0d67830eb8b2f01267070d07aef2d368317184464a9390895739afccf8
test,test,pomeranian_94,25,2,17,b9124588fc5a65218aa7aceb63342b1941b0385ad2f501fc0a832fb8a6e8d43b
test,test,pomeranian_51,25,2,17,c46c852de8b2da35692892270928755e88844ac8e512d9ba7393576d6b0fc219
test,test,pomeranian_74,25,2,17,c70dcde3b9027981811d3802a11213a9f70f28d8864d5124a970387d4bdb28aa
test,test,pomeranian_5,25,2,17,c95e05117a641351d7b66475003c1e351920923801b2de4f11a5f35c0f80f9f9
test,test,pomeranian_79,25,2,17,c9eb87aa2d6496534fee4e8fadc948192227255473b6c661154a288a72d7c95a
test,test,pomeranian_31,25,2,17,cc374160ee1609b835f41d2984a98d6e22cb36d9abc62c7fa2a6d4b7456271f2
test,test,pomeranian_56,25,2,17,cffa33061917f2b401650784c303350cda59e5cd7bcf74cf50d04a2875908408
test,test,pomeranian_58,25,2,17,d0ec9b081dd1246617ba0efb57b61acaab66ecfce02ddc4520ec8995cd3d015a
test,test,pomeranian_97,25,2,17,d0f0a984ba53ac162649d01b74d3d9067c3a915acb9fe4621cf96f72c0cdc39a
test,test,pomeranian_40,25,2,17,d2992d0d2310fd96b3832621ffcfaabb7f7e48513e0114339de8d1e3f1f45dfd
test,test,pomeranian_98,25,2,17,d30424299815bef375c5e1d37b67c4621e7a157f3f7f5457c8f09a0209dab5ba
test,test,pomeranian_46,25,2,17,d4c46207fe9e71edb68c157c30061623d849c6c04d210550edd3024ff8031027
test,test,pomeranian_44,25,2,17,d638ef0ba8a488dbc9b9357e94802aa10ec9e79ed04a49ec25f73d83475b5c58
test,test,pomeranian_34,25,2,17,db508275c69d5ef47a57c28ad013d6867476500f0b014c7d128b2b3081cc3b6e
test,test,pomeranian_26,25,2,17,dd03aca8b110c112608e34a7f969f6fee111cf743a40d450658a76c72fadcdc9
test,test,pomeranian_54,25,2,17,ddd52d802b5c1442f22bf7351389c0fc0834fc3178c2cf7cc8623c6f28e4985a
test,test,pomeranian_53,25,2,17,e451fc124f961bf135ed7e204574ae7644b410101216e3f0787d107754595cb6
test,test,pomeranian_6,25,2,17,e960103b76e4718de27a6d3be6fb54e315b111373a292d6c027a5e59f432c648
test,test,pomeranian_72,25,2,17,ec317838a2f7c96abd1a0e1f2e5e50bc11510802da3ca7769daa54818d2b7185
test,test,pomeranian_20,25,2,17,ee9260450852e48e0472ff9b620360933c66efa0b0272177ee929e12e9b7abe3
test,test,pomeranian_196,25,2,17,f12be28067f39b821b85d5972fa016ec714c239ce848c03ba187bb8312bab22b
test,test,pomeranian_84,25,2,17,f5555c4eb944b8ed6217c58857a2c320429d2be3b95f258c874cb351a4440ea1
test,test,pomeranian_21,25,2,17,f8a33cb4dd68bd415751bee6dc1a7eff3c75f2cb35f38007c5d40905390d3f3a
test,test,pomeranian_62,25,2,17,fe9af9f75b3cb33ed23139427ca66e2142e051ed5db20b24d6f634f0b24e2a51
test,test,pug_44,26,2,18,01a6873d6917080bb562ac617f8af4ca6ebb7dcf62acd89d5e2e710a665e22bc
test,test,pug_195,26,2,18,0296182bf49aef95b3764ad79ddc4405a7a104425ae1cd742699ebe15c053c9b
test,test,pug_30,26,2,18,05386ef8931c66fbe37d745d76421e22cac268bebe764bbbf065c2f4c0b5f18c
test,test,pug_91,26,2,18,063678ea3fba9f41585fd3cbe4228fc67d70b6555302bfd35f1f8c60f0a3a99c
test,test,pug_1,26,2,18,06cb4bf4085c45002378adffbb8cc31c8951f5c48f7b7650b0fc6f750b97404e
test,test,pug_80,26,2,18,0b9405d3ca3af0c47ec196e266bcdd550bf3ddb28d27a881d039fb00224f212a
test,test,pug_39,26,2,18,0d8c41b40ae04f81ca46ede945c3209b12ab66611f2d175377c69ee6f9ddf7d4
test,test,pug_38,26,2,18,0fd91ad14c89033994accd0c608138f484f7a3fc192689929a6ac1f37ac540ce
test,test,pug_193,26,2,18,12442b53dc4b3f846544d7fe809b067031c80154bccfff5af87f31b24d00ecf2
test,test,pug_79,26,2,18,133841d73cfa80be4e86ce0b6bc8914809333d3adfb0dab6b75d99e5fc7e800e
test,test,pug_82,26,2,18,1528ce43d42a1e76c246774621109866d3420c129d9f2c212b2d92c52de53503
test,test,pug_76,26,2,18,1da26b5e5b30043b8c61e27e23c7e83447c5d02db4dcea513c0c6c321f98c775
test,test,pug_37,26,2,18,1f1ae099ad3aa01476f3d06a6813596f42376e68780ddbcad1a0554701dd2aeb
test,test,pug_84,26,2,18,207df5a07aa6aa42199dcf9f1c86e227eb1e0ee1fcbc757ba9baf34e4a36339e
test,test,pug_36,26,2,18,30eac3382024ff235cfc571ab0cf60f11fff9d1868326db3b645f225083e418e
test,test,pug_7,26,2,18,33b8c9c2682cc2e62a092f292e4fc6bf30aa565a958553ae2df1639f9424db7e
test,test,pug_88,26,2,18,39742243f0d9d8795f73e53ab141d90ded8e31c11627bb6651b7ef0b5e656ef4
test,test,pug_56,26,2,18,40d5d471c587b3c4fad3909117579c5d272f8af88cd466785565a3eaef5c955f
test,test,pug_70,26,2,18,447c1b33b3754e1ed114f7665649804fedb6f32be9612be80384d5375ae47735
test,test,pug_26,26,2,18,464b640695a1529c83a6daf2286fc246c28c9b9c336341b22fd217a6937b70e9
test,test,pug_5,26,2,18,46f5d025e0c746f32ea5b13c8857cd09ff6ed3336c3ecffc3c1479ccb1a7ac5b
test,test,pug_45,26,2,18,4e8936eb6ece338d7b0b533ed71445a1ecac5b16414c2dadb81ab9314b681b39
test,test,pug_23,26,2,18,523ece09720652f6677fe4936bce8df2f33d1529a1e861692c38983359982cf2
test,test,pug_22,26,2,18,56e8377296a1c31c28985e2d2bf5c4ab45e9e21091bfb426dcf8f63b6ee91923
test,test,pug_94,26,2,18,58e86d5e3141f62a43f8eb40d9bc240d514f83ef21f1b191b43b256bc56066e6
test,test,pug_43,26,2,18,5901715d36093c267d89fc7b0e33b359145e78805a45411bfdf07ab8376dea28
test,test,pug_19,26,2,18,59a2469ed7dfc6e3e41e75c6626be286b02ccd7ef8e460605444d1721263621f
test,test,pug_203,26,2,18,5dffefc78494e5355b9a4166d68928d14c5ec6f91f36511eda0428dbd2caafdf
test,test,pug_32,26,2,18,609d6127330951530649776f2e94b7a9fb47da910b4dec52335148c89f38da9b
test,test,pug_87,26,2,18,6916740e289be2b333df0c4bbffb8fda33b402f186d3a540c0171c453801ca41
test,test,pug_68,26,2,18,6b9132636d8240bcb694646adfa5b676242efd8304e764fe73bdd89d7199216d
test,test,pug_31,26,2,18,6c06d62989bf7c6a5b98a886bbf1e735305360f6e3dde1d3973b6b1da4ae26d0
test,test,pug_49,26,2,18,71743bd65431cf5dde8a65340d3e9317be5afc126a693df42480d1e6aded0d5b
test,test,pug_60,26,2,18,728db690005252312dcad5feb617971c590b7fc698dbf05ef571f49205acb2ab
test,test,pug_197,26,2,18,7560b024f5b801329c4bc07b65335a2fc59bb554b0c0b22091f1f7dfb1371c8d
test,test,pug_78,26,2,18,7b6e35f2fac3e62132aee39ca3495b02631b1e1cc4b38ecd6c122c2983644cad
test,test,pug_196,26,2,18,80cf8f348f2642830e1a2814036a2b3631da3a09b7b6a2b58fc2de2a56bc4f23
test,test,pug_35,26,2,18,814ec1392eeb9be913db54852c708a2a97f729f7c34d8359ba9acfce7b165ad3
test,test,pug_72,26,2,18,817691453de7953ff986db58da5a81bf607fa4519ac33ad22929a8f631c77087
test,test,pug_86,26,2,18,823dd10430551d277d968e8e8f49256dd6a2049f5c6f6c09d37ab2470f77f3c7
test,test,pug_53,26,2,18,87aa81e6344808bf00917242bc71a3ded0d3b470dba03a314935c1363b28f27a
test,test,pug_63,26,2,18,8c45d60f41b29034f3a977dc0314a3ff750dc27982015382751ff44cb97196f4
test,test,pug_61,26,2,18,8d71de1b85da3467781b5a3ef9161a734dfe8ba83090c392fd652f785824ce27
test,test,pug_97,26,2,18,8f77a0c4db127183b6f20943db9ab161ea37f5b87052438a44427e0464bbc1fa
test,test,pug_8,26,2,18,91278eecb5b6d751b0a490f9bd25c3d5c4a1c4e78ded0fd79a205ca80fd299c0
test,test,pug_20,26,2,18,92139359e9bfa8f40e9963a068b43e173e8926d49ffd0bda0254d8f87ca288a3
test,test,pug_52,26,2,18,9577f32f86996cc49563d0e9666426caea30ebf0f82ffdc06767b8f9740ac634
test,test,pug_3,26,2,18,97a9ab78885e205a029cc6efa3c05b87e6f0d767f4d5b04d4758e288912f5bd1
test,test,pug_4,26,2,18,98661c3fa1a3b74a9518c5e6df47cd80c4b729ac3e609fd5d5fe95b8b9efbe55
test,test,pug_24,26,2,18,99500b60f10f5a13e517d233f6495579eab3835110ab6f4b19aa464ccfcc3972
test,test,pug_69,26,2,18,9b6abb4e16b6dcf224c8081511b056496c3a716ea3929c3ccfd69b7de6dc039e
test,test,pug_98,26,2,18,9f7ebf009781308254c70959e2e2af5de0c50fc9d693eb0f14d4e0d6b3f89974
test,test,pug_92,26,2,18,9f822d150d05a5f7f7c92e0937334b14ed559fabcba49953a22dd098532d77c8
test,test,pug_75,26,2,18,9fc85459010def787de7b0e8696f9de0a2f77cd74af7a9104a0f89e816aef102
test,test,pug_28,26,2,18,a37d4494bffde8b68b3db4eefe4f0061ddfc46cdc6b528caeba005024d8f79a4
test,test,pug_64,26,2,18,a501949d0c61503cd6595b779e32f69980e508537cf2a35cc0ea9e40e58f71cd
test,test,pug_58,26,2,18,aa8578ce310195c6ec0b02b6045c2cd5b4b3fe33652f6eb2f713b20de13ff157
test,test,pug_65,26,2,18,af4237f846133b8ca2d72f96cce991834edfdcdf3745ebb255f059be56f65558
test,test,pug_194,26,2,18,afa79686c3d9cb26f930005c1285cfceff22dc2181c727e84eb03ae4b83724b2
test,test,pug_90,26,2,18,b1ec33689f88dd942bbc27b0324934137a8a49ba3882c37f506f1480a4e241eb
test,test,pug_96,26,2,18,b28665a1f13f822085b0b77d3f879841a82a986cfe4e46ff54ca356ee8e0da2b
test,test,pug_66,26,2,18,b34fe49ccdb9f7ade0b80f1c29b70ff75b15451c763349eae06d88a6f76b683a
test,test,pug_2,26,2,18,b6ca5d19a98527f1b220fe2b9986a8073d76066ca78dc18f95ee17b8f6098be0
test,test,pug_6,26,2,18,b97afd350c9c3f2f72e945efd48088b13625a5ecebaefaad21ac65603d0b1425
test,test,pug_55,26,2,18,c7c86e184810862551b38438890ed322df7a91b1df5fa8a4327c0c83893b372e
test,test,pug_27,26,2,18,ca3c18875a2a9b168371373940f037d4e035b3dd0bae893cd64ee7a51a24797c
test,test,pug_41,26,2,18,caab2b39787c2ca1ed9d783b0790ad3f7499f9ca4cb6fbb25a5a0ebeecbc37cf
test,test,pug_202,26,2,18,cf311c74399c6534b33b792a8d46f31697e1bf2044dd5b6f1a3509180d94b876
test,test,pug_89,26,2,18,cf45f67e26862a2237b72eb856e4f0bca70d3900c7178935569e52c06e80569c
test,test,pug_198,26,2,18,d16788d99d0b5c0819ae0c6cfaafc07fcbfbee5a22734c0a3e067889d69e97f5
test,test,pug_81,26,2,18,d1f3db52d32dbc819ada57c5b8d1d13053dd3a0c7521ebe14a7093f27d4fa195
test,test,pug_42,26,2,18,d241aae09ed7fc62d715908947ec680609c023317d3ce40e19b1b4ac03d62e5c
test,test,pug_62,26,2,18,d4e282beb79781b1393e4947b4b921c3e4b1117cf29cbb67952bdb20b3ad9ee7
test,test,pug_93,26,2,18,db075d23835287a9f263061f29f5019ba9dc2180d2a088e859d7a980ef798150
test,test,pug_200,26,2,18,dcc75ab397f4c8ac8055fb09700f5e48539c082563467749c3b84e8d9e5a5d23
test,test,pug_46,26,2,18,dd9c49ec0b28989ae26f4a292d2cdd5c4e5c24139bffa2a84904512fdfa97974
test,test,pug_34,26,2,18,de986ebd30e3e9fe6903858ca9d093c804abe8a3582be51d97ff13cb6c2e9706
test,test,pug_25,26,2,18,de9927330bb0c9b3206cc463d4335eab59c426324021757f0c25cc72d4f7e94d
test,test,pug_33,26,2,18,e1969d51a48de5304c250869b1583a1ee0b724690c2e7d253b45d3396c49d6a9
test,test,pug_67,26,2,18,e206ef0f338fba8d632e130f9eb4b715b8e7152ae29eb292a686d72d4d0844de
test,test,pug_57,26,2,18,e23c8ce83a423a952fd67244f2d626e422bb8c2c8612ef90703a4007f6fc4e2a
test,test,pug_199,26,2,18,e40beb5beba4dd871e71314fe1ef6a9c49f7f89cdfa293cf4456ed81c5057b8c
test,test,pug_29,26,2,18,e52d7e97fd0fa15e4841ebf133096bcc96710c0ce0920abd1270dcfdb106840c
test,test,pug_59,26,2,18,e599be76d73590203d59c2f3a00367aeac8e3251c25ab1b2314eac0d315da1b9
test,test,pug_50,26,2,18,e5cfa6b7fb9c73b33ef9f8829b91169bf597c88c6d35da572cf1ce32c244964b
test,test,pug_21,26,2,18,e60a1fa882f61d5e2ae9ef514d1886ec2c952a67bd38593afbb9c08b70a83dd4
test,test,pug_71,26,2,18,e7c006a3f8855d581cdc01d8581df79b75a4763385054f62fbe9c2aaf434d89a
test,test,pug_48,26,2,18,eaeecf296b84c95503b972ff45400150af2f05d68cc62b4496e5dc98e9e83c1c
test,test,pug_73,26,2,18,f18fa31c0da9824c823fc04e86fe447ab2150a20a8b5cba7e9386f50995e76f8
test,test,pug_99,26,2,18,f231bdeb020066500ab682684f511718c7bff2f643b79224fb63d32dc44afad2
test,test,pug_9,26,2,18,f282f590c1978e3504e54d4b3ac2975ca530870bf7e7337bb2c070c2d1cd6f3f
test,test,pug_85,26,2,18,f28688abae4551623fc085cbe4ddb1792cbaeea462039995a68939b1f5f1ecd2
test,test,pug_40,26,2,18,f2c3d904cf5cf487f78c288b1e6011c5acf3990f6259c006f88efdeec1bb7c35
test,test,pug_74,26,2,18,f3265e002b6dcbc26a2fc2b3dc9d7184684593e7b74f68125869f2a410483587
test,test,pug_47,26,2,18,f642720ed42dcc061f4bcfe4aaf05f01a25d8436125c3fecddcebc8fd20043a0
test,test,pug_54,26,2,18,f7efe37be79723628b7b052eacb94cd70ed7ae0c89ce3d69a35ea4ec951fbb89
test,test,pug_77,26,2,18,f982739b7eac19b7430cb26048fb42ddf4ca09ade85d3682f43896c17082773b
test,test,pug_95,26,2,18,fb144bc734ea42bb3908e0ccfdcabc73514c5888ea27ad4ac3ee990d9717a4f1
test,test,pug_51,26,2,18,fe3377257df5b27f27ed3a3f10e53ae58c69ab40ccd241fd0143a66053336d5a
test,test,pug_201,26,2,18,febadb67051700e80b24081d3405da8e2b98b50a4eebf493bcaff43660d64161
test,test,Ragdoll_8,27,1,9,0212aaf90815e1c8ffb56a95aa0f8823aba4f3a712699043c7bda6547d0106d8
test,test,Ragdoll_97,27,1,9,0643d35ad6e1c0950d6e21bca7e019988112acf7705679b82b69a0e5f5a2c908
test,test,Ragdoll_72,27,1,9,06868870d5729eeed3b1bf7b783dd1eb1e28f50c0a610ba5aed976b00560ef10
test,test,Ragdoll_20,27,1,9,108c6eb2d30c6d042d2f57c0e6ff9c4976834c09a99cfb5f6195a49729a33e91
test,test,Ragdoll_73,27,1,9,113fe72d799d31a7496927af6781bc213844e17e0e6ede08c5010353bbcd95dc
test,test,Ragdoll_26,27,1,9,12a754effe0d0ea6bfb423730e5255ab592ac60289c66c9bf2719cf3c0729dd6
test,test,Ragdoll_74,27,1,9,18ba75f19130e52ec2b9ca3b4e839fa50ee4e8a8448cbeb26bc8d31782a8d280
test,test,Ragdoll_44,27,1,9,20fd961076675066e0995bd2469694fd063cc0860203d06714bf9e7c2ee53c6c
test,test,Ragdoll_33,27,1,9,225267dc7bfd82e017809fc1848bb4525fed176e500e70568ccf551bbb913684
test,test,Ragdoll_64,27,1,9,275113b56289501896862c88af17df919ac2aee65024b7155c28a7c03f0b8bb7
test,test,Ragdoll_254,27,1,9,27ace29db658a163d68c4ef550da4361f3f7da90b65166be6e9b24f0f3865f9a
test,test,Ragdoll_91,27,1,9,2a55fcc879df87f77fcbeca143a55f56285ab0d2f75127af1f868b49953c122a
test,test,Ragdoll_67,27,1,9,2b0ad60b6603f1fc838288654d1131f4390168dc4e32d7861bdc73f7fd9be8a0
test,test,Ragdoll_84,27,1,9,2ecbc163e0ccd3b3489d3a5ed7fb027225151c26641aaace5d163c188345b622
test,test,Ragdoll_53,27,1,9,316ed4c2b78782a11ecb4f90faf13b8660292ecbc597ff5f75f6af3462607324
test,test,Ragdoll_49,27,1,9,31ce335d681ab790ad3ceb07fb5058fa623f4944510ad291ea64e53e27442551
test,test,Ragdoll_245,27,1,9,364d1ffeac1f11b80f268a4420e5db325f094947bf8b39f7f2a070783673e39e
test,test,Ragdoll_6,27,1,9,380543e4d21f63cc13aaf55368ae6a9f0601ded9b9830407425670277f83038d
test,test,Ragdoll_252,27,1,9,3df001476d7d5931ceb87c92a58bd04d9568482247e53f39d51483f39e46a19a
test,test,Ragdoll_261,27,1,9,3e0cad256f802c85cdb9847c53ce00c12561c344fdb4857cd336bd8ae5ace819
test,test,Ragdoll_255,27,1,9,3e6212dbe8db5160cc8c4e8b7de88a4f9d35fe0a8cca9142d0fa5b037750fc59
test,test,Ragdoll_98,27,1,9,40392fb70a3213179877d1bfcb9b1ee94dab3d1bdce5dcdf0a2a7550d15464e6
test,test,Ragdoll_77,27,1,9,48b1d5cb3d8cfd485d7665c34dfc73c0fefa5f90217f7d541cfd28c85106dcc6
test,test,Ragdoll_41,27,1,9,4cd36e75085fc71df3129e51f8fcbb182bffa078bb63d098e324da8112480bee
test,test,Ragdoll_36,27,1,9,516087ab2ab2a785682177cc9ca46db471b75f8c5dbb9a12dd11c81a583283aa
test,test,Ragdoll_42,27,1,9,51eb71adccc656d20ebd3e1e657b5bef915b5c347c25744f90b7a9981edbb6a8
test,test,Ragdoll_4,27,1,9,52f027e46142203bbecbb62651e36b10afd01ef1869fab2b87877f4e527bda2b
test,test,Ragdoll_3,27,1,9,541bf15ad143c6c70c52a150678c2ecf07d07d6e963d196b174efff33ddc67d7
test,test,Ragdoll_210,27,1,9,54c380fc515be41db2a25ca4c6d66e7ce522738e60891b6bb8f0654e6e5a1d20
test,test,Ragdoll_82,27,1,9,55d437dcf41672fc7d5894115273a9212bbe300f655aec41b0449b1cef043529
test,test,Ragdoll_81,27,1,9,583ebfcfa563401ad8267934d99721e3ce02e2b93f29dda85e2ff25b599b5da2
test,test,Ragdoll_79,27,1,9,5a7fdd352c21499948de027c96d848322636736dcb9588db8decaa9adbda8e0e
test,test,Ragdoll_262,27,1,9,5adc602acb1f3d820ccebf7dcac722b15c129815832a4771698bd22fb220c986
test,test,Ragdoll_25,27,1,9,5be9f53321ae451a9b2fc0302d5bc34c3ce3eccd27c5c6686c39dfcd93627fcd
test,test,Ragdoll_62,27,1,9,5cab200ef4dc1905c708006304cc044e7671663e635ecc7d024815d448b35aef
test,test,Ragdoll_263,27,1,9,5d8b7c8daf3c7d9b85bdefde3ee6f8cfce374e1fdc7657d697e4335be779b10d
test,test,Ragdoll_9,27,1,9,606b59ae3ad941bc6697dde28c4eae49b4bcfa3583cdfdd080ecdaf52771ff43
test,test,Ragdoll_52,27,1,9,6980a13db763cafe9761747152bbad4f32f884d546b8f9ad86f19ba46e3af1cf
test,test,Ragdoll_205,27,1,9,69fe77893a9b8078a7a4cf9bb16a5f0843967f9d8ea39252c6ea80fa33d999a6
test,test,Ragdoll_235,27,1,9,6a6b9bbc586c942359ec76704c430592a532cf6ac0d0d755078d2f6c3a60647c
test,test,Ragdoll_60,27,1,9,6b94dcb6e0010af45e94efadc18b79da7b228303acb894d2537674dd17d62ae0
test,test,Ragdoll_228,27,1,9,72d5be596032e95432196fedb6668f2e63d9f92eed73d7031103df41563f8de1
test,test,Ragdoll_30,27,1,9,72eabfa1ab62591eeee5c438cdbca397049b0f8108be22ea91f2596f0cd62ced
test,test,Ragdoll_260,27,1,9,7367675fdd12b2f6d13fc806f0c715b826ed6838f5eea163763e62615d070e4e
test,test,Ragdoll_90,27,1,9,75172b278430ea1f927c50300b088b952b7dd7836bfcd04f66f8dcdd5f3f16c7
test,test,Ragdoll_80,27,1,9,7cee959ac956c62626bfef64a70cb8d7271c132c6f5eae94ab208f2272f9ab8f
test,test,Ragdoll_204,27,1,9,82e4dbeca2c679d8b8fa178f592269ee91c4847e5fe5e6f007e5c6f23d378af6
test,test,Ragdoll_31,27,1,9,83dd918945b3d8ce51bab1fd5a447041ba1fb67e93ab81b8330037720114313a
test,test,Ragdoll_69,27,1,9,8692193dd51c38b8646fc134dfa4060ee2f0f990afe9f115605292ec48268642
test,test,Ragdoll_40,27,1,9,8713d5ce7f8ef40bafb8b5b7f9e628c891d9c68b87b30646004cf7f02f388aca
test,test,Ragdoll_89,27,1,9,871aab4942a0fe28d6d294ca12ad46d8c2bba6b02fb4a02561a833b99885a1f1
test,test,Ragdoll_87,27,1,9,871efd6034fde88385f255bea574de9b6f8ed446b5e56592d9ff6f4235323168
test,test,Ragdoll_76,27,1,9,890e3b9124345f5d6db81a4c2ae8232541dc60dc9dd101fee17bfcfd24545d56
test,test,Ragdoll_68,27,1,9,8ae89c6cc71c17c9631c1929d293696d945a8221b45450813dec8ae2a0a5b7d8
test,test,Ragdoll_58,27,1,9,8aeb3dd049138bcc4d6b93c9c3ba0703fc29b51e6dc1e02ded5d2e95ed89e839
test,test,Ragdoll_227,27,1,9,8ba69051f38fdbd5b915eb6d273b72cd45202dfa2cf3bf38dcf034a958e46856
test,test,Ragdoll_32,27,1,9,8c2e4059c394ca4849875201b73c1fcfcb2dfffc33d953bad3dea601d639f822
test,test,Ragdoll_95,27,1,9,8c353783733c51b0ec9e1c09dcdfb84c1fd0c80cf62344fe51f85a55f68de44e
test,test,Ragdoll_43,27,1,9,8fc1fa04449ff595afc3e0f1e4883e610ceb5c3f3fd9afd297b30944c648a6a2
test,test,Ragdoll_2,27,1,9,90a520960794bb58dc84f0a91a4b63662cc590ae5aa95aefab9cc7231b4787d3
test,test,Ragdoll_54,27,1,9,92bd27b1f1d363e20d817d048c5252e77f74913a6e04579c4f880d4452fdc8c2
test,test,Ragdoll_7,27,1,9,93f248a0f3fd39252c0078653166d83e18fba315473c06f3a3db49f8e70e6edd
test,test,Ragdoll_83,27,1,9,967480111e9f76c37ff48188733fb533a9545fd5f2eee28586f240468d8c6855
test,test,Ragdoll_78,27,1,9,968be16386e91b708d1f67b21174aa2830428a5589259a47efaa4f13909fb5c1
test,test,Ragdoll_224,27,1,9,9843fad76dc60e772cc1271bd15ddaaabe2ea2e7833264d582995e69f19522b4
test,test,Ragdoll_27,27,1,9,9c136f2c3e5de40914f664d685e22d0fab07e88d2693e38e03cf2434dddf1d6c
test,test,Ragdoll_88,27,1,9,9d62036cf324c1d8b0def1cd002e75e92f2280ca4040383059646633024957f3
test,test,Ragdoll_57,27,1,9,9f3e6e664ce98830f59aa576e602153f47bb330c854b7ce9585ba8d0824f451f
test,test,Ragdoll_71,27,1,9,a1248b42e448002e8c9cd0ca7e8671eda6d7249cc84124125bcbdb91021fdc7e
test,test,Ragdoll_59,27,1,9,a1afe7580d22de68788021650b7618fe075df6a831c82fc989719d670f4324ff
test,test,Ragdoll_48,27,1,9,ab25ebbf3e5a8e8f72dea850d8c4f14d7018b25fa47db3696ddd585b9b5e0743
test,test,Ragdoll_63,27,1,9,ae966ecb0d757c212042290ff39c464c0e4cae1053898562cdc8b4d72b1f668f
test,test,Ragdoll_258,27,1,9,afa5c610e2cb620090f6d3cafb45dea78915bc211309091b950d93cb41943ecc
test,test,Ragdoll_219,27,1,9,b01372bc22535f857c1b87862a0b02b624b949f8acd078ceee00193fb254755a
test,test,Ragdoll_92,27,1,9,b3cf0dcf2ff4b43c3f59cc684b792803b7193b919316193e0f28e9fd75e7e67a
test,test,Ragdoll_257,27,1,9,b78fe6a3581fb15e9c64b644f2e59f09196447998528bd412cab8fb08000d784
test,test,Ragdoll_93,27,1,9,bc89e2e3b3669e3d40b3641f478276ecc4b83d3d3d865ec1d53c24ca811fac70
test,test,Ragdoll_34,27,1,9,c25f2cf3717b739c07846070ece37eaaf640a6530175cb4c04c21bb11cb0390f
test,test,Ragdoll_99,27,1,9,c5b7d2d45331ec766a98854bd2f5bc04b57565b857dde9062d4b9128f91bca01
test,test,Ragdoll_51,27,1,9,c855fca7fea4ec0c4d595460341b5460af0fdeb9018ed0a489c1978b53b991d4
test,test,Ragdoll_96,27,1,9,cb1e8256c98a350e050381817b4db516daf443cf552ef35c6b356a87b9a36182
test,test,Ragdoll_35,27,1,9,cb5c099e1cc49cd8d0826fd5c3684fa2fa0e6390a19fbbf4840750ad9f24d428
test,test,Ragdoll_75,27,1,9,d04631f2af2e2510a49f778ec94ce4f1b2711881a811e3b4bffc15160ca1db0e
test,test,Ragdoll_259,27,1,9,d3ba4d459f7a518a3fc8375708b2f9d4a71efa323f25c2e2e346a82cd87299a4
test,test,Ragdoll_250,27,1,9,d4d82c4147ac3729fe48369d1413101202738ce08c10ee1236707ad38202b788
test,test,Ragdoll_85,27,1,9,d546361302afcbd5a4ad94d71a337abda439e948e64df1b5d18cb187477aefc0
test,test,Ragdoll_37,27,1,9,da7442636c0b18bee16bc75778ee0252b0ccd97791eae3e202f3b85f415e173a
test,test,Ragdoll_94,27,1,9,e1130d3beff06ee87b63ef044542f1fd0e1e7cb6695bb23070fbacee25bae854
test,test,Ragdoll_265,27,1,9,e2bfe64d3c4a634bc159adf6bb6876ecad9e4a3c6eae630025b2a94a0cb1facc
test,test,Ragdoll_47,27,1,9,e3bab107ab40c21f72744cc68d2f763327ec73b527b9c250230f8e61002c7067
test,test,Ragdoll_29,27,1,9,e49f17d298a2b3f72a698f85bb9fc4f66d540656b3c1d0e8992de5e218b18fea
test,test,Ragdoll_208,27,1,9,e650b5965dc1673eb60c31032c8642e0d786fb8a8c976081d1c4097cee719b8d
test,test,Ragdoll_5,27,1,9,e8a407d8b360238fdc08ad23ed51431fff0edcf238d33591de8544abf036a5e6
test,test,Ragdoll_45,27,1,9,eb299473e70600e2d313ba1034db3bd0ba1f7f35b0853d8ed697fdf8dc3e57dd
test,test,Ragdoll_234,27,1,9,ebdb2c054c7e83405ce31373aeb732b21b225e96b1db29641eb969aa0c76b50c
test,test,Ragdoll_203,27,1,9,ee3d0bd7504cba9cb03f10b2fb009e99b2070173e81895a500074772766baa14
test,test,Ragdoll_264,27,1,9,ef9b23017296474354b2caf7e5494288ff75b0f909a185dd1d9ca05f12fe2ef5
test,test,Ragdoll_56,27,1,9,f1d7479d9743ca2fe8e3e3801de02f2187bda7b84c20f9d262889920b7db3af5
test,test,Ragdoll_24,27,1,9,f407952e5cc4fd514236314a0b78d90f3e40c29da43e23fa9cec31809682c162
test,test,Ragdoll_86,27,1,9,fcb4affeef0e446d2220a8523f96b26e8c1d6f34bae139561642470179be296b
test,test,Russian_Blue_258,28,1,10,004dd0454cde15674d4aebf745b99476a85db748651cc6b283dfdfa8bd435c9e
test,test,Russian_Blue_88,28,1,10,01f8c3183a5447bd78fc43604ee7fe1e0c1409e57cbc9d803a03cdf3ead33665
test,test,Russian_Blue_77,28,1,10,0594ed440b0c18c74ae70824eb0d23a3df9836bc363f37add8d425f6d7fcd55b
test,test,Russian_Blue_66,28,1,10,08245100b18bc1659f5eca5a228122265ce431f004d9f4b4c8132c004909fbd8
test,test,Russian_Blue_44,28,1,10,0b5459b2b8eb44e590d2aa1a1a75e32a1449e251c70a80a19a57bed931519a9b
test,test,Russian_Blue_20,28,1,10,0fc7cee3f20283d9fbab49b6a20ce6c9fef0d7feeac31c9d10bb67798dfc0e16
test,test,Russian_Blue_71,28,1,10,10a7854638c3a6fdd830830413c9f7ffca2c62d2c50c5fd19efd930300d245da
test,test,Russian_Blue_9,28,1,10,10ae317e6003a77358bcf6eb6a305a2823075c703db8c3413ad0b2c9d9eaf7fd
test,test,Russian_Blue_204,28,1,10,1392df94c872cc96065e06aa41ced9fccd96b06e8b436745e8668d7ec2011b2f
test,test,Russian_Blue_263,28,1,10,18f2dad17b04a558bfcfe1ffe801b552c0489aad2c007534191bd1081f43308d
test,test,Russian_Blue_222,28,1,10,199a5b4449cfd55e6ee25ec065d4af4eea66de9ea414e827a159ea505e63a9ad
test,test,Russian_Blue_40,28,1,10,26310b400877bb8031b53d707a03de3cbe1183d9cee52b444c0eedc5ce89e2f3
test,test,Russian_Blue_99,28,1,10,28a02d5203d52f5136303d59b73966350a070b2ebb139dc1d5714c7d301f4bf9
test,test,Russian_Blue_83,28,1,10,2b2121eb62e5a3d698a6e08db573b2399b178a17ac4d50f4fb12fb7cb5ee38e5
test,test,Russian_Blue_35,28,1,10,2b38d51c3aba106774e2b6ed275b3ae4c0c4e9d607c92648e049194f035e47e5
test,test,Russian_Blue_80,28,1,10,2d683acf767a664908fa89974c6f983b27bbef23f62c1af1263c60bab5e12739
test,test,Russian_Blue_98,28,1,10,2ea4032afae0f2248ef10ed420bff30719f52d20c2bdab98d9e8c02c797554d7
test,test,Russian_Blue_205,28,1,10,30814cd0627863f334d355295497783b985fc8b4398f4859e86454bc4e030a90
test,test,Russian_Blue_43,28,1,10,3b18acf67f1d68473ad6e35518362ef4bf67b5a0488fa16ed333da46e34a5b13
test,test,Russian_Blue_244,28,1,10,3bcdb7ba51ea9c6aa804cdcd12f1bdc94920d817b82568319c9dcca1dd5f3fcb
test,test,Russian_Blue_67,28,1,10,3d4eb40845794c2915a0220cc1173d1ad9e47c8fb1c356bb0d57f185e90fb3d5
test,test,Russian_Blue_45,28,1,10,427d112db4ce3eea706469cdbf25dc23286fc4d71b7dc0dd86e515bb458000c0
test,test,Russian_Blue_201,28,1,10,451aa8856fa7a0ea2ba5bf9e7b0c0cd67bdd70ebb4fa812a078f2d1296df5e23
test,test,Russian_Blue_92,28,1,10,47b1fe593c37c3c8e5fe5105729c0240f0acedfc9fbec71c981100ea5dfdc484
test,test,Russian_Blue_55,28,1,10,4af56cfe2a7147c2a10889584377398d6b945938b45be42b42da6a2315ff8e42
test,test,Russian_Blue_91,28,1,10,4b7fdbc45f27d36b9bf9ea3a98f9caf31a8fec435f69d4518d1fc16fb6ff5ee9
test,test,Russian_Blue_209,28,1,10,4d300423995d40c6c659a7be9d0afc030bb8e09b70160c9aaff9d5271b243ae2
test,test,Russian_Blue_211,28,1,10,4e1af2259f84660b246235f4c0b06380b5c6c23b81b201f0686f7e4c5da8e8d7
test,test,Russian_Blue_87,28,1,10,4fea4c91dbc4f4182bcf2075678b7ae673d4c74023fd3727751e87d0803a0d04
test,test,Russian_Blue_76,28,1,10,522d782648c1b12b9ddebfa47df23623f4be3254d49b70ef0ce1e4a2d430ea4c
test,test,Russian_Blue_38,28,1,10,52a2ee5ccc8f530d7f6eb827d53fad675b15f1ebb36818e0b81638668b50df2a
test,test,Russian_Blue_202,28,1,10,52ce0e616a0d0e9ba3e28eedb3e8dde25c5e32b0e687e95cfabcde318bb86633
test,test,Russian_Blue_50,28,1,10,536a33e180cfbc3664d76bc9e89a64ded7a8d486a45aba0634bf8b4f4b2edf74
test,test,Russian_Blue_68,28,1,10,58803593f7d4059a5194f7129d21ae4df86db759b0584c2f313b17e2bfb2f8c6
test,test,Russian_Blue_84,28,1,10,58b973b624a6e699bec592ccec1cc78705f8e7b02e5de343aceeeed804aab607
test,test,Russian_Blue_90,28,1,10,595f16f1b1d9861d489e067ef6752be002fd2722c7cba85bd1abd1b1e42d2697
test,test,Russian_Blue_8,28,1,10,5edcdc9c092b2ca981d6536d6a5ea608e0d4980a2bbc63182c0db85f19791ee7
test,test,Russian_Blue_220,28,1,10,5f39137146737873e8b466fe0f2ac808995ba77eb2aa2e726b3d5693e3c34314
test,test,Russian_Blue_221,28,1,10,655913e18cb2e0400b24f148f68422ce9e15b4964063cde4a19d939b255fe64f
test,test,Russian_Blue_237,28,1,10,67e521ddb35ca21c0cb48a14fe92bf9112a927ef1b2c3f4041357453c15b37b7
test,test,Russian_Blue_264,28,1,10,6b3155994fef12b7c56f870b4be9c9637f9f8741b059c857e5fb781bf9f372c7
test,test,Russian_Blue_232,28,1,10,6e7a339a4681e65bc2fb246f4caaa93f6815b9e8c731330f3c192a823d4d5af2
test,test,Russian_Blue_212,28,1,10,705643c7ed385e5042a85e3e8e654906ab5de323a3d1dd49415c68db8de67029
test,test,Russian_Blue_61,28,1,10,72468eeb01c5f275f511ed56de1ff4269dc59b4674eb41235531d7b7e010abcf
test,test,Russian_Blue_69,28,1,10,77b84217e112e496cda4c9eba8205e949850a53413662373b97f513a7ba9861b
test,test,Russian_Blue_94,28,1,10,7849032ce4fbe7278972afd47fe785a2cf64abb586a0d367651f6202d23262c7
test,test,Russian_Blue_21,28,1,10,78a53db1fd12ab9dfee0faf0240e67ce72ec4585e23b609412b258278cd68ea3
test,test,Russian_Blue_75,28,1,10,7a13d41df94f57bc644dd9c8a60efdb41636fd4daad081120c874ee97d4319c3
test,test,Russian_Blue_36,28,1,10,7be42c6c720c86f03f5461c759e040b63d389924b37ece1476ee7a49750acdcd
test,test,Russian_Blue_59,28,1,10,7d6d1c5f09a4988f352785c63288b53aef34304673ba84327ca2f2cb9a27cc97
test,test,Russian_Blue_226,28,1,10,8027a80e17b69ba79386f2fdd4937f8c4901e20e71d67aa07ec9ac5e3199ef05
test,test,Russian_Blue_78,28,1,10,8383901221e50d3d664e2991c8e9245a1a5eda432cc71212e5ca99a4d83a6d68
test,test,Russian_Blue_64,28,1,10,84f575794676e7c60ca23ea9c63e2ee89518785aebacea25cffba0f19dc1a3b9
test,test,Russian_Blue_236,28,1,10,86acda29f75e9ca42c69bbc7b1935d5deea3b5cc26b6480985799128333b5236
test,test,Russian_Blue_86,28,1,10,8713a0c9088f192d76741b4f28aa12625ff4736cc89fc93c9cd027ebf8f3e032
test,test,Russian_Blue_79,28,1,10,875b7a145826bdd0ec7bdd35a52956150b42eab8c1d3dae293aa23ada3bd877a
test,test,Russian_Blue_81,28,1,10,88c88850de6427e2238e54e845173724fa9fe15076bf8b84a2f21d46a4820c18
test,test,Russian_Blue_32,28,1,10,88f6c33c2593fac52b76049e7522e87c2074cfe764f8c24be433c908700d57d7
test,test,Russian_Blue_215,28,1,10,8ab691599435b86b6c01b1f08d968871033779fa6974b22f54b179094cbde4c5
test,test,Russian_Blue_96,28,1,10,8bbbe0e8667ba33b3f00269bdfb1ef417d6f1894c20a8ad4bf7488f075aa0a5b
test,test,Russian_Blue_203,28,1,10,8d08730defcbbebf556974e9cc47385815f20dc7c096634908220e8f9804389f
test,test,Russian_Blue_29,28,1,10,8d8cf736c8f32cabd9aa215e0ef0eec54ef44a3002bf0c18bf6b12b8a35e4636
test,test,Russian_Blue_239,28,1,10,8e0cdaccf6bcf8d54da61e48fbcaa52d26a943dcb9fe539dc369575be819d33b
test,test,Russian_Blue_242,28,1,10,91dcee04c6063599b5bd826f39c5b777008bc77e69c0b9867d74d9be51efef3a
test,test,Russian_Blue_63,28,1,10,92052e2b5b31125e85f5207ec654277b32de1102ac4b64bf2285baeef830f6b2
test,test,Russian_Blue_47,28,1,10,93b43a30b26932f051b10f527f281d58e2018e63da18538ceb3676d73eb3f8fc
test,test,Russian_Blue_95,28,1,10,9500397839b065ab4b5bd07945a7dd6fb597c7b7b8f07b6d366a9770a9bd385a
test,test,Russian_Blue_82,28,1,10,9b6a6984f7ec7378f7a0ee4173fb2d4ac10011ae957ae4b8d218d0d857d03a35
test,test,Russian_Blue_72,28,1,10,9da6309cc6b46e2980e832533fc8cc0aabf4e864b1439be2bb56ac9426bba1f8
test,test,Russian_Blue_27,28,1,10,9ebda2fccf0c1e6f28857ccced4ed0c6858c4ccf83a03c7ff46f39905885e19f
test,test,Russian_Blue_49,28,1,10,a1e87fd9d64da86dfe6be05f73c72bcd92450065771ca2526dfbf8fccfa6523b
test,test,Russian_Blue_54,28,1,10,a1eaed5b982fde84264891cbec7159d12584c75fc2643d2a53fc87b854b36939
test,test,Russian_Blue_208,28,1,10,a2a75ad5c6a8df89210d15b5c62fb26d31f43ddd010aeddca6fecba2edde8650
test,test,Russian_Blue_41,28,1,10,a4cd03917f24eb7efa7644009c7167ec5ade7f4546a5fe2a851a8436dad4d3d0
test,test,Russian_Blue_73,28,1,10,a527dabc6ed31029af30fd211028b0c1691e88fead89378743444398b1fac491
test,test,Russian_Blue_33,28,1,10,a6434e38fff6e7de6c744f475020abc7c1174cd712cd129f872f2390f95a3b9a
test,test,Russian_Blue_51,28,1,10,a9a74eaae7ebfdb334059505157012a9305228833fcadc11f5e622055d5d045c
test,test,Russian_Blue_34,28,1,10,aa5af6b6d12b3c9a90d26fea4c94fa356a0a5cd2d3115581c367a0a7a3390afc
test,test,Russian_Blue_28,28,1,10,b154e85b14a8d150d6a85a3ea1b0a2057e94fce8d7d6aebdb770db7e6ec12349
test,test,Russian_Blue_253,28,1,10,b3281dec14e4cfc9b04694c71718f786fbcc681497621317c33fe4d55abab1cb
test,test,Russian_Blue_53,28,1,10,b8fab56978f925f55c225c3c3cbc89e7d8339e602d507ebc436a99b2b8127e8c
test,test,Russian_Blue_30,28,1,10,b96d595819eff503eca367ad601b9c765f963adcfc9f94c2850a8d810eb04395
test,test,Russian_Blue_85,28,1,10,be149a6a78bcacb63a0c9987b804e3fd15ae470d811451950a27186ada52935d
test,test,Russian_Blue_62,28,1,10,c1f23285c5fd8488517f4a35ca491cb8fbad9443ffeab459a2f0cef6c110f3ba
test,test,Russian_Blue_60,28,1,10,c3599809e042f0f78ef13a849116104262d113ca9c7ae1cd1b1473066153906b
test,test,Russian_Blue_97,28,1,10,c6f5af62fc6ddae958047d0d848fc9540efd6b097057dd383f1528db7ae7fe94
test,test,Russian_Blue_57,28,1,10,cb1d280afafeacb9c33031f7fca1d33e1ded2dacc6c30894d799f6defc74631f
test,test,Russian_Blue_206,28,1,10,cd5a51bf655a295501b0e1808f73d03a7e3b1747ed90d4995e9ea5ec9c132724
test,test,Russian_Blue_24,28,1,10,d0f96a95f5cc2d31b84ab7a894aae090a391831af4c626bdc7daaa784f8ccee5
test,test,Russian_Blue_207,28,1,10,d57784c8cb739cfb87670206f376f20304be55932341f3fa2d1e7e109f10cfcf
test,test,Russian_Blue_240,28,1,10,d6418b23c4c829829a0fabf4eea96472f3c72388882b307ff6d42924a325fbb2
test,test,Russian_Blue_31,28,1,10,db8e374f3ecde62734bb957fe02f1b088b4dcc67daf564d42636160eb59a9719
test,test,Russian_Blue_228,28,1,10,e0d542aeb48581f05171e505cf16246e63b9dfb98aa253039cba248717baa6ca
test,test,Russian_Blue_74,28,1,10,e1788172d743ad7e136e97be5dff87df4724f11675974a9a8523447ac89b46ce
test,test,Russian_Blue_262,28,1,10,e90fa23b235dcddcd60c13bfed153e6ec387895ca4b911035bb17cb6d414aa23
test,test,Russian_Blue_70,28,1,10,e92065842b6799589e190e1590252c9ba00722a13b259d861711a08113ffcce7
test,test,Russian_Blue_216,28,1,10,f07f84a280cc3c1e6bf0415cad562a63383e3de43a961f3f5540ff4f82ce87b5
test,test,Russian_Blue_48,28,1,10,f742eadac330916b41436ea1ba22f8fed98ef2a9ad7e07e34755803e77534680
test,test,Russian_Blue_89,28,1,10,fcc7aa55ac0875200d41117cb5a005c7b40d0bf6b282f31708ddf6940e6beb1d
test,test,Russian_Blue_93,28,1,10,fe8d49dbb2be90e12ed063b8864d87b5ac00ef713f88e81389d95c33eefbbb38
test,test,saint_bernard_27,29,2,19,00dcb9eee40f0d4e60ad5083798f4e0b3b739be843fc21326e06ecdae592ee22
test,test,saint_bernard_93,29,2,19,01f0cdaccdb1f37042a5f6eba4514338117392caa011584d7a8a63215c1ca388
test,test,saint_bernard_45,29,2,19,058287a117e2996f9e01c5b5ff4a17d0e2ab24244871af3d78a365760f1c2d40
test,test,saint_bernard_81,29,2,19,11f8c70bf110819587b45359d595897ddad2ac37d443143c6f5e27619558f8d3
test,test,saint_bernard_90,29,2,19,13b2b1bf0bf827036fd1afadd6264898cc618331cd1d442eed5188010f2a9e53
test,test,saint_bernard_38,29,2,19,18f6330db89d7d4a7c697e7ebbe9d49b37d85b3efe03a34005465a8df1fae533
test,test,saint_bernard_79,29,2,19,193a99a4e6273ce451fd5c71359f6398c9caabaca884f9b94d500754ab81db74
test,test,saint_bernard_57,29,2,19,1ff3fcdc04382bd36b1e38e9fb63f011ee16b106ce4d2bad586b827a049ba7e7
test,test,saint_bernard_52,29,2,19,20561bb198ad8b6f24d33c723477ad777babff70ab992460352206b80540c651
test,test,saint_bernard_71,29,2,19,216fb42d67b7308d1c91e7b7da97b803cd7e0ca6d3d367d014b68d4431cca96d
test,test,saint_bernard_200,29,2,19,2198d7b912333fb6b0f3e5c638da22956c8a4a6a0713a26caac705a9cadd03b2
test,test,saint_bernard_87,29,2,19,23be0a6ec4228fba454be182984a15cc7689e7dd374a01e3cfe84c46f5f8998a
test,test,saint_bernard_2,29,2,19,274fde7f378a96410c2400f70963fdb4bca74d815e1c50487de2c915e1d8b1ef
test,test,saint_bernard_41,29,2,19,2ffcacc68153ab4d9201fba5788754dcd8144079fec1844177688dbcb19a08fa
test,test,saint_bernard_96,29,2,19,319436ac9331001e8465d864f990ac2fae839e220ff6e006b971c07740fac4ff
test,test,saint_bernard_42,29,2,19,358f52c360a7d9505dea3b9329bc9a36760f23fa3fd06b06a5202a6aee3912a1
test,test,saint_bernard_66,29,2,19,372c8a29933dd1b700b27c7fbcc17ba2362779e9a5fd3bd338c63279714fb38b
test,test,saint_bernard_98,29,2,19,3932d944e49d2468a16c2e47438a2f77dbc4110f8b6608f4c5abc80a3f331485
test,test,saint_bernard_8,29,2,19,3c0613cc452d9ae40065c7edf35b2229574302a8955cd5ba55ebba7739b36220
test,test,saint_bernard_4,29,2,19,3c3b6cf93a6dec89ab35ad215d9eec8cf8ae80cabfa49a7de2ffce18c478425a
test,test,saint_bernard_22,29,2,19,3cbeb17d5d80d9841ba11e7881720ddcb9dcca8a32a0f9fbe74025b7909ba04f
test,test,saint_bernard_55,29,2,19,3e296ad5217cab011fa6f72e632825d91101011789db7b0cd5cc47a208fed6b8
test,test,saint_bernard_51,29,2,19,41d373aa9a5c3b6f96d822e48efc3c5ff9576872b13a8ff8812faf8ef5b9f8c4
test,test,saint_bernard_69,29,2,19,44b273739ea34e1a55c84b52a647c4f43c097eccd3446d9eef50d044a8241582
test,test,saint_bernard_194,29,2,19,4c3954eea41073501499d520599ef16d6cb08998a38d1828b52101a608106f57
test,test,saint_bernard_89,29,2,19,4f0c90484a52c4f17914e24fd4e94e3f36bf558d76f515285b8a2e11419239b0
test,test,saint_bernard_196,29,2,19,4fd7f19c89b9926ba93eec8cc49eeaeeb5a2d57806b251600a70c4d956e7e0bf
test,test,saint_bernard_6,29,2,19,505a2783aaab6bad533c807d9793df7cae91938c9256a0f6afaa8f458da36a8d
test,test,saint_bernard_34,29,2,19,54fcc9079ed9c5f55443f982d260cfa94923df9ceb41d39bf3e7c22c663aa82a
test,test,saint_bernard_33,29,2,19,56f20b278dfa37851e6bb196acf86e4bf47304ced6c028dd6d2cede848ee3cde
test,test,saint_bernard_1,29,2,19,57158f276c924ed1b34c1ada838a7aac1404152e4e32b9e64747223713062b1e
test,test,saint_bernard_78,29,2,19,5b092754edb9889dd98949e7822f9c1cb0adbe19e1847b5653e27175ada163cc
test,test,saint_bernard_197,29,2,19,5f7f4a4826960f602b57d1fb0436c75394adae2ebcae8d7636cd51d166368dc0
test,test,saint_bernard_44,29,2,19,63e3887316cd39a878e02fd2d28999f0f806744fdf9e7285be079149237391b8
test,test,saint_bernard_195,29,2,19,6815b3fbad1ec60ca2e57a0132e541c4c5ecff87a8c2dcec216d25160ecef215
test,test,saint_bernard_84,29,2,19,69f58d06575a72f8be3ab250253f6889e5a6a52228f3cf7cf4eb9600420ce2ca
test,test,saint_bernard_67,29,2,19,6db7c2189b8b4b88599fe14bd95af9e41677768a1f0ea8332d8ce23324dc6917
test,test,saint_bernard_94,29,2,19,71ca874ad7e1f300cde205dbda4bbcd83fd2a14c19775f09780be8fb1cf99292
test,test,saint_bernard_99,29,2,19,7391cd69fa0c3d2564951455210ba7309611f3e0a4954dc483bb9384450caef0
test,test,saint_bernard_76,29,2,19,75284cc76ae222303258a7b14a95a0fcdcec109774c5da52eb94b5e1af025bef
test,test,saint_bernard_36,29,2,19,76b0b1e278939a18588236ff943e138f6553de76e3e57f11339bb8638bc4b641
test,test,saint_bernard_43,29,2,19,79a702a83f629e1ed0863e8b9adb835850a217568316e0314383f659948d6a91
test,test,saint_bernard_40,29,2,19,7fe814f07e0cbb1aaf69e4239f7493ed7175724bc3daf3e86a74358e1593ab61
test,test,saint_bernard_19,29,2,19,814746970231b31f2605e211388f5a9287998c9e973bea3ba6f15f8a487a8c52
test,test,saint_bernard_58,29,2,19,82617617428bf7af801a5aedf510fccb048610bd51cdcce8646df26d51f459f1
test,test,saint_bernard_92,29,2,19,82d916860966520982b7c15ee94d805407632e26075a6606e7321481ef00ddac
test,test,saint_bernard_23,29,2,19,8471e7ea75b5ec748575c6aad1b35bf917086072a2c2e791d410d5f3c2021abf
test,test,saint_bernard_7,29,2,19,873f78b40404b3532490a3d469e75a5bf9eb316a9a2e2919e2c48cd4b2a6e33a
test,test,saint_bernard_54,29,2,19,884f77be0c5344a35fd74bc264e3ebf62c322852237f1cf519068a3322aa81c9
test,test,saint_bernard_47,29,2,19,894e2bfbee7fc6f2330cae6c14717761142d09dfd9826fce94e913baf4b74d08
test,test,saint_bernard_97,29,2,19,8a1575fb22e470bdcca8eae1b77f981450128c6ae87a40224091d802003f70d1
test,test,saint_bernard_21,29,2,19,8c325a745ca98343296361507239d58aedf01a6879c0b88cbbe27805af475ec4
test,test,saint_bernard_46,29,2,19,8cd49f1ca4f8b335fec3d22ef7a60e06920a564f8e1608038d973cf25900a8af
test,test,saint_bernard_193,29,2,19,8db509d1031649555802ad7d07d4a534b2b14a5d5130d0d5c72ec79cd7cb4ccb
test,test,saint_bernard_26,29,2,19,8e48a7af5a4687dcf03aaac7e3a59976dcf18f41d975c1ae3b905348b37e8876
test,test,saint_bernard_75,29,2,19,8efa87e2f36ad3a1686120ea155c81b4ded43c54d484b5889fdcdf14d435c12c
test,test,saint_bernard_65,29,2,19,9140e5c07eb668a07e4eb9f9ad73f9a7879cf27550622b32fac0c30b84b3a550
test,test,saint_bernard_5,29,2,19,917a4c4e5a98abe387c2107ff017512bb2f3880373f3beb5f6592d78c3aa2b9c
test,test,saint_bernard_29,29,2,19,97f673ceb81b061121e83ab2de37b995715a3d33bea7756d4a582b106d984532
test,test,saint_bernard_39,29,2,19,9952fc338574eae4630f92df6ecd017f0b6a3bb0bdc4a7454495387a0d582776
test,test,saint_bernard_68,29,2,19,9a64aae02bc7e29ca670580f7490f7f6d8beb8dea438511d5782df467bbfccfc
test,test,saint_bernard_73,29,2,19,9fa7138029bb3739e293460038267c2371a86ca7e0d93ec7334ff572f8567868
test,test,saint_bernard_70,29,2,19,a08a45066ecc77b1696c4eb087a3be4fbf633c92158d17fa9d1e639b31a79f55
test,test,saint_bernard_25,29,2,19,a0dcccb2b47e762f8b381570962f7b47493fd0b266777cd4d448ffe200be45f3
test,test,saint_bernard_63,29,2,19,a287366b26b2c8d94ce05d5186740b3bfd591eb56772e55258892659028a1437
test,test,saint_bernard_192,29,2,19,a320ebb91add805c408cafa12afa612dca1b7c5b58a69398fa38539976b6fe52
test,test,saint_bernard_80,29,2,19,acb63d061ed5f060858e75bcaf9ff77072a1b74845a154845b0a7cab93231bf2
test,test,saint_bernard_24,29,2,19,b8d2362da00429bc7245cf3e885b525d60418559dce0e2dd42333b26b909e8f2
test,test,saint_bernard_64,29,2,19,b8dfe9240dde16e4d79f5071d6ed6c3a9dce5978ad20de5298e9bc4e991f38ed
test,test,saint_bernard_3,29,2,19,b957403e219f2c2ac9e3bbfe3dc8a3efd51f533991a09fc515bad05f24ddee76
test,test,saint_bernard_199,29,2,19,b97567984884faa33f06439c4d53d7aab2739bae627cf0d41788d5a24e6b81aa
test,test,saint_bernard_37,29,2,19,b998cbe5bceeaaa89b8b8f757ccf812b52312645da017152f83f37ab659f22c9
test,test,saint_bernard_48,29,2,19,ba74ce419b87c1eff36727e326f9d2c21623f58835901554d9c9917eacb0465f
test,test,saint_bernard_9,29,2,19,bc48f05794e3e28f2be462f816786681c855a1983ced38ad6a6aee8e5e7a3adf
test,test,saint_bernard_53,29,2,19,bcaa7e33b397919884263a0b8b1c4acf77cdaca7b3129afec27f01c16afdbbe7
test,test,saint_bernard_35,29,2,19,bdf64a34481eb185bc9c1318982c1011659c4196072070eb78dda734f6be4992
test,test,saint_bernard_191,29,2,19,c13ab1d00189aa946570f0f591ccfe7c7fd5c6d26da7cd421974cf6da90ea176
test,test,saint_bernard_50,29,2,19,c2836023ea3ad04fa98d9239f82e572329f03cc1b6015a1790b214c39ae38e3a
test,test,saint_bernard_86,29,2,19,c37ddbe7ce2e445aaf7b6ce8034dbc3d530f9d37690b184058f6f6bffd994135
test,test,saint_bernard_85,29,2,19,c437a5f638d4ad72b72ebfcfd34fed00fff75ea26a6ad54f6de7eba5518edc96
test,test,saint_bernard_83,29,2,19,c58361a2c71252bab22c58a02e01c4ef91a2df5258939d642b66ffef0e7a4f35
test,test,saint_bernard_30,29,2,19,c6cd2785fc8cd0f2ceb505b6e3840898c1133ff811c9de575f647ba6a56362dc
test,test,saint_bernard_88,29,2,19,cb795e3e7db3781b2c9e21d37fc9895cc5fb1e58d220a010a613da02cfc69531
test,test,saint_bernard_60,29,2,19,ce766a233ece90961dbf9433c408baeb85794e81a4a0843d37279a3927b070cd
test,test,saint_bernard_95,29,2,19,ceef6919be2833031bb0eb62dfe340abe6a4ac3a2972c2bb40db551ee2f7544e
test,test,saint_bernard_32,29,2,19,d40026f29ff4668d7bb74903d28c5a7ac6d968849e26602ef6c5f16fab8f908e
test,test,saint_bernard_62,29,2,19,db3fc42ce81530d2814bdc730ffbda1e9f0f048b7438a2cd281259532e0a230f
test,test,saint_bernard_91,29,2,19,dd00d324264cf5e8bff11ce0d2aa0e064044db206ebba3c669a96a57429d1a07
test,test,saint_bernard_28,29,2,19,e1f2cd6e4d6b027ba5f008edac0f214287fd169a3bc1aed2236fea25af818f83
test,test,saint_bernard_31,29,2,19,e5e911971306f8a77af26010cd950f32f3620fe89da90285944a713aac40e787
test,test,saint_bernard_61,29,2,19,e743aeade638b2349f58ce86b1042b3f46427b788eed04514a03fae9ef0bfaf1
test,test,saint_bernard_56,29,2,19,e9620f69879c13acfee690d61bb1e07cc45459bdd38f133b18cfd9a1d70efad9
test,test,saint_bernard_59,29,2,19,ebfe06b2cfd1b50b76052d6db3be818899dae29fd45398425711fba168c47ded
test,test,saint_bernard_74,29,2,19,edfb36550df368a4ceb09978d240e3c7b5ef2c80a31a7005be1db7424127bb3c
test,test,saint_bernard_72,29,2,19,ef62124f6f2272937f96c0ed14db47f3ccefa7863f4e4bdc4e6f3f9cbd25c680
test,test,saint_bernard_20,29,2,19,f24b63a9d5cfa68b7c50edd2437bd59cee703d8019efe4ef24564642b1039180
test,test,saint_bernard_198,29,2,19,f55895f0e762acbfb1fde3ae4be7c5c037e377485fbca2464b5cb6526381833d
test,test,saint_bernard_77,29,2,19,fecdfac8f434dab8280721ed85fcdf3b6b1d816e4b4a7150fe9d682ca6879fe5
test,test,saint_bernard_82,29,2,19,ff6f5e146d903241d4d5b5beab334d5f25d991570950b993a99e5e0558050afc
test,test,saint_bernard_49,29,2,19,ff9e127d8e276314e7b120f6e04d891126115eeb82c321b7ff918a386c765f1f
test,test,samoyed_25,30,2,20,0659cf8a613295d7156f401f48fadd93794d6417c0177afccb9944eaa9db2dec
test,test,samoyed_50,30,2,20,06a0947cd1722648a2aa26daf0b60d50b4f13f06fe92745ba12bce16cdad1cc6
test,test,samoyed_46,30,2,20,0701b818a8e711858cc67a2bc11905d1c2f68b8b193d5090a3b0ef899e717f50
test,test,samoyed_7,30,2,20,0a0a0b256395ce74e26d4d270aff69a52777cc509e77261857d1b8346398c589
test,test,samoyed_24,30,2,20,0d3901b4471068b8017c6512bc3a4f8323ef21fc4cea3715e6328f183b5f09d5
test,test,samoyed_80,30,2,20,0de34f0f8fe9aa87b9fe0a32aef9634c1529ac581d9e862c25c23ad173d733a8
test,test,samoyed_200,30,2,20,1053c1ff4c9f622e44c00e54a756cfba3535d37a71d454569ecef41f6923b5e7
test,test,samoyed_82,30,2,20,125ed0eed4e60de7fe3c72363554d8e759c000a9ecda869f0a8f806708d9e856
test,test,samoyed_191,30,2,20,13dc35764ec37f7b2366b0b2ded5b6cc5de363862c846a43f7267b450d08422c
test,test,samoyed_55,30,2,20,1809ea072b34caaebb7373d5bbd27b055ae64a077da64f047c710880df55a1f5
test,test,samoyed_91,30,2,20,1aa243587762b02e0927905bd1944d48490517ec8ce820e249730e2e5c062bc6
test,test,samoyed_196,30,2,20,1b73845acf20fb6da8e7db01e2ec562dd95a1f1eb74f6afe71fa77ee747f31b5
test,test,samoyed_77,30,2,20,1cc9ef758611b5a8582b68d2a5c09489ab8b5e8cca73b233f0e912537d5ba941
test,test,samoyed_52,30,2,20,1eedb34b8de178d3f1bcfaff1bdfdd396d5a4b05cf0aac3d7911a4d3fd92c9be
test,test,samoyed_78,30,2,20,20a4b2245d988b845a80ee8ad7790163a5b437b3d3af4943a3535fa0a6206e21
test,test,samoyed_30,30,2,20,2227bdc76629108ab8162f4327cedac3b02a3f016b397b9050b0860bc37d9000
test,test,samoyed_61,30,2,20,24fa5b2fdf215771e8f13469de9bad90903804b4d799d0fada1e9eca3d83457b
test,test,samoyed_41,30,2,20,2dfcaf4207bc3952c264535195f879154012f490cd4a40ef32653eac659c4511
test,test,samoyed_97,30,2,20,3622d84d77e78cbd43e1f0f8657a13739becb6e8d20bce7f58729d1d2773fdfa
test,test,samoyed_34,30,2,20,3690346d474cff5e42407a526484ef9997e90756561dede2ff9fe67afd1d662f
test,test,samoyed_72,30,2,20,371531ee322a233b8b01eb00066d369b7d48f8e5371aa0a484fd1363ab867b79
test,test,samoyed_98,30,2,20,3ab09d29697897460aff039dd52041611cbd813d83c69ba3b48a0dc770ac5dd6
test,test,samoyed_43,30,2,20,3d19f9dcebf196b7aa63eb3a740393a36c5d682816ea8167fdea017f3c48dc25
test,test,samoyed_51,30,2,20,47053f9303b4ede97ec1a4fe20f7d8a283eb8f9e6c7c07a89926f8528165539c
test,test,samoyed_88,30,2,20,47fd4033cc94e20a229bcb659c93677e5cf05280c59c2014c44ef1906f1897cc
test,test,samoyed_81,30,2,20,492194368b81567d7d738205014a6fce6e6d63ffb73e7872b5a88a0f7432780a
test,test,samoyed_21,30,2,20,4fa0dbba691b2b5c0e64e9b7d5288fa27fed73ecc8d3303a01b90c063773a6f0
test,test,samoyed_32,30,2,20,5160b3ba79cda87557d78231250ea230a253cd3ab29e56084c08be9b84d6a53e
test,test,samoyed_5,30,2,20,5267d1834d060338ca85dc1be96d93a508e65e2c169b090d8c4adc9c87b07f80
test,test,samoyed_26,30,2,20,58c2f325169c256b7ce1d7334f51bf8f462380f701eb317140bc5b9225ea436d
test,test,samoyed_87,30,2,20,595480d3c4c52f94d7612c713bf783d90ea7d103305850866227e226bbf57b79
test,test,samoyed_74,30,2,20,5d34532e8aab08395eea78dd6ff5dad72455e02842b20d588a396eea7e95ad30
test,test,samoyed_64,30,2,20,5e3e6993aa5494eacbb1ea8e5dbe438dcdaec6154c8258e642bb43c94a03c10d
test,test,samoyed_94,30,2,20,5eff6b6917871e550dd48016efc9c00d65c7a2e1c8848e22c525c272161635c0
test,test,samoyed_89,30,2,20,5f3ec8bc96e5993671326828366de414d3db7a2f7ca6dff5a84a98a010c9a695
test,test,samoyed_197,30,2,20,64cf8bde0d17f373562ebce06a20ea064188987e3df829c867b5600dc733dee0
test,test,samoyed_195,30,2,20,651f27874742fd950e435d274665dac6b111d10574ed38e51cdadd4bac909cb7
test,test,samoyed_40,30,2,20,665d74ee55c60b53f1e8975726db9b27890081b6a8e780830c071f8bb2870b7f
test,test,samoyed_28,30,2,20,6ebf8355d506845358890f1bc7ce96c8e3a3d57a55376d6630b911d7b0b64f2e
test,test,samoyed_3,30,2,20,6fd55b7823802a6b7f558d5c29a6ed20cd26607bf85a9a6eb85638cafd205267
test,test,samoyed_48,30,2,20,7002e894410b8caaa530cb1dc268d4611538e3ef281c52dbbf1069a421d02a8c
test,test,samoyed_44,30,2,20,72d8a4557de7543115509238a651dc0c5fd68626a8384a2c3a9f3b0c09a2e4a8
test,test,samoyed_56,30,2,20,74b191cbc9fab525debaf32f95f0578b7bd6cf5276adca051be306b6a0134c9d
test,test,samoyed_59,30,2,20,777c9b0b6538a1a988805f59362f3726ec59780c274311d58e22f9bdf67f21fa
test,test,samoyed_202,30,2,20,7ff9e58707c303837c8667f35f486ae1e3be4393215cb3ff2ace4636b7f73d54
test,test,samoyed_53,30,2,20,802f534827b5606784c6ad6ebb2e6b5a05f28c0f3653c2662ec18329b730a91a
test,test,samoyed_19,30,2,20,813eccde0f340691a2720953941e4dd333e77f6fdcbb66b109bcd6dc711711e1
test,test,samoyed_92,30,2,20,81b6dc5ef3ffb97ed7f1aa26e6b34ecc6d148f65784ab937b862e3925d6bb276
test,test,samoyed_38,30,2,20,81c2ee6d39b9b4704d85c833b3a45ea957b84e7b5fe11230baa2d02bb07f56c5
test,test,samoyed_85,30,2,20,8522871435c60ead44291fa4aaa379cee40a078269bf8953d72229e50fe6f580
test,test,samoyed_54,30,2,20,881c91cfadc395d5e19880d3ba9882ec8cf7ccf2034eccb049e774240f589d9b
test,test,samoyed_31,30,2,20,88b3ab14291039c2cc3112b54064cc2f901f6ad70c27ea451e1de395148ccfa7
test,test,samoyed_84,30,2,20,8dd277ed5a1a1aa81d4bad9b402a9c189c541f309f917daedfd257680a1ac22d
test,test,samoyed_35,30,2,20,903f4302c136493d7fec78660029ae6b290d634f0920201f162d2157d91dbd88
test,test,samoyed_6,30,2,20,93d0ab887dd0ca9d7388d4d1577bd8c016ce07ee629fab8c4b344615d9b57d28
test,test,samoyed_37,30,2,20,94ab1a8ab6aad715199219acf2334ca43f2197c64e986130730eca8f25c5eab6
test,test,samoyed_192,30,2,20,95ab70dfa3f57d87cdeb854a8778df95f9509f1e4b4f5d47216f9bdcd45df922
test,test,samoyed_99,30,2,20,979e021b86101b66158d9f892f676db1b3e5e24047a8234961f23ff67fec10b1
test,test,samoyed_57,30,2,20,9ad3cbbe15937e3a3eb3a1372da6310a4fe2ff2ec7026dd09d5a9a1e033f7b54
test,test,samoyed_76,30,2,20,9e34e8c09a81eca332388d297062ceb032bc3441b9dbe436f2371492a76c3f5c
test,test,samoyed_73,30,2,20,a187df09756662f63cc6491e6f8c0ee7ac9c07fc559ced2614efab5f5454ec25
test,test,samoyed_95,30,2,20,a3df71002024024851a97b710371c5cbebe11416f1819b0d51e3d69457dc2ec8
test,test,samoyed_79,30,2,20,a6f95f9d4200b1fa0f3d76ee3f10e28a996ef9059ce66558f703146cc33993aa
test,test,samoyed_60,30,2,20,aad8ed90d0a0accba4d7de408e165cdbb0a8da40d1e7866c8a3c0a1a680b77ab
test,test,samoyed_198,30,2,20,ad01a6914c011f2bd2b730d740daf1cb70fadeb682631a3b010f4ae78602665e
test,test,samoyed_93,30,2,20,ae8715f86a80a2d5e9c2e7101902ee9eb5bffb5714191e86b4fa64234788ffb0
test,test,samoyed_194,30,2,20,bbeffa2535b375ebde667feec133556a139638d8650488ff409dcc25037efbc8
test,test,samoyed_86,30,2,20,bc9daca027bc80adbc120c68440d8a34ffb716aa9303958164b83e0e1228665b
test,test,samoyed_90,30,2,20,bf01eb2c48845111eac4a4ebd2337a3c711e07cdd91a5305a4e742322177a20b
test,test,samoyed_20,30,2,20,c059416e911e28013e24b66f039a44f5bf2029d04900447ed65311defb592c2d
test,test,samoyed_63,30,2,20,c1b469ebcf269bfd8ab06f777c07f2004b101eacd5dd9f61d8ede4c6f2026434
test,test,samoyed_67,30,2,20,c1f30eab3d0a4d3380e50524af85ce167a702d48e55579b332a7a56fd2f8b28d
test,test,samoyed_199,30,2,20,c2841db1e0a75b6a5af0bd948bc17dba4903ff2c001a8249996a27423f5a2b03
test,test,samoyed_9,30,2,20,c2906cac9b86ec3f4439fbce0571aa2ccd0b7d287e56fd4803a14d230b45383d
test,test,samoyed_68,30,2,20,c4edfeb9375004a7cc8db5816fb1277d2f65c8eb1b7fa0bdb5b28c68c2a7d42f
test,test,samoyed_27,30,2,20,ce41c84b7a7e46ab70ae4f2e92dadf75aeea67aaef8451792a230f58bacfa68d
test,test,samoyed_96,30,2,20,cf5adf438803b4a2cbccabfc9ddfafd69c7277a96779a00650779f85e8d36eae
test,test,samoyed_23,30,2,20,d294c68a6e6a5666576d6caa08152bc90b9a9618ca0f9404c3d05c61e1689c85
test,test,samoyed_66,30,2,20,d2abefdbbd0d8c6441cd81480022d21f39b8ce456d341536d6d6b4df70754d43
test,test,samoyed_8,30,2,20,d8e9bee535c134fde04b7b59191585961ebb51937f8e70fc190ec92723548dfe
test,test,samoyed_45,30,2,20,d970890a04cb7326c0b9a8dd1d939bd653b0746324e5b0941be3dc7a5b8fdfea
test,test,samoyed_75,30,2,20,d9b350e25ff449b998ae84416b0c159443b50c26d9bffefbc738b56bc3f5093e
test,test,samoyed_36,30,2,20,db1cc403b4aa9b57dc231b7965bd5fe83c81b6f751906f53bd02c02d71de3d86
test,test,samoyed_83,30,2,20,dd6e6b189447df618099ea8047d55b3e22b2ce402d15e91e2778fd09e532314b
test,test,samoyed_4,30,2,20,dda448f5357ba76173ebb2724bd73bcbc335b6839560b7a902e9bfc714e21c3e
test,test,samoyed_42,30,2,20,de42167bb6b8d837f1120e9230c1223b121250cd46d368b872bff0d85a573d9a
test,test,samoyed_71,30,2,20,e1a12bf7cbd1066b4e22f806bf637fba30d2c6829e2037bcd9421744922b2bd1
test,test,samoyed_29,30,2,20,e31bba805dd602868ecc5fae071345cf4ef246c8a02d867673f8266631b57c2e
test,test,samoyed_49,30,2,20,e5a486cd974f2e8e0c15fab64acaf4c2df402388b4fdc8f205a551c64dc0c4e5
test,test,samoyed_70,30,2,20,ec47903ab808fcc7234c1090bc093d7fda47a4e88697af0ea29b1bcffd730a8c
test,test,samoyed_33,30,2,20,f2b6215f28668da2cde3518a70a9599a96fc641366cb30568d4fee58b8f58bca
test,test,samoyed_39,30,2,20,f355ea917fa3b048b0e906f9943dd947c8bd74aebd187c217f5ef16490bdd1b4
test,test,samoyed_69,30,2,20,f46e90294e717c514c95e396d4dbeccd5016875515014318d53db6f934b617d2
test,test,samoyed_47,30,2,20,f96d644953c186c436bf3fd290cb03989103a4f685451b1310dad316b495c007
test,test,samoyed_58,30,2,20,faaad2901db04520ecd6dc9ac641d8ab84ff954d9168d0cbcda3b1bf17c70620
test,test,samoyed_65,30,2,20,fafe4244be0d95490f7f52a6475d8c425c66dab51a40e2fc084eb74826c3ff69
test,test,samoyed_1,30,2,20,fb7a8b858a5c025556d0bca87988b619b35884bb32ae96a97101b62e2d0dd09b
test,test,samoyed_22,30,2,20,fd44df9bdfcbff0f4a4c0705739d32a5eda43f9af5a13d54f18cf6f0293a4faa
test,test,samoyed_2,30,2,20,fdf9dbbb3d66e74019e329b0cf7938b20537d030fd86a2b967a8e50e3eb51f29
test,test,samoyed_62,30,2,20,fe684c857d9fe742337308434b866a00d0139597e7d4312e8da4e0c258c68830
test,test,scottish_terrier_80,31,2,21,01bea086c409a090812885c39861c23fe76c3a65a9b867a7ec79657b8c667989
test,test,scottish_terrier_7,31,2,21,020e9436c3541902df7c6b5ea7874510a300a1b3a0786215a7caa1e56b1a4eda
test,test,scottish_terrier_85,31,2,21,0589105d22d4d0c8ca631c7803152be55daea539f111a45c7310ee4b9ff4ab11
test,test,scottish_terrier_65,31,2,21,06e9410852c84010c1cdf93d001cf53250962b723dae7da3220ca9678d28993f
test,test,scottish_terrier_31,31,2,21,0af5e36489d8a95c473e939c5da10960e9d644cc2be455e2ae2639157b4cb059
test,test,scottish_terrier_63,31,2,21,0b3cb9381ce074127701e3f6de7b7e3a8fcb17803d529879fc389c8d34b06099
test,test,scottish_terrier_87,31,2,21,1cb11f55c0e73451d25257407562731885a6dbf0532608828ee8cc69a70a8a84
test,test,scottish_terrier_56,31,2,21,232efc061ccc40b291a7d90e3fe08a63e832784b8f68aa2664980be34d59157a
test,test,scottish_terrier_76,31,2,21,273854b7955148b55b5b529af00885af2a677bbbcfda7363a4dec4d19fa8d5a0
test,test,scottish_terrier_194,31,2,21,2979ab54b9f4b18dade697f27db82ad045831cec8e89ec7a8eaee3d3f995629e
test,test,scottish_terrier_43,31,2,21,322c0d95814e46061fe570463184417cced5dbdb6cf3ed6c2816e6b706ed0664
test,test,scottish_terrier_89,31,2,21,40f8dc9c6323bf8fd656e69d1ac7bcb69f22cfd70bc793f94215ce7fd7f10d14
test,test,scottish_terrier_35,31,2,21,414b5267e92d3452eebef108d9ac42bb6fe4839e9e59063d87fda2ca211268b8
test,test,scottish_terrier_41,31,2,21,418359c0b82bfa549891358828cd579c3d8ce27e3db4aa9a5c7344e5413bc674
test,test,scottish_terrier_95,31,2,21,41a309225c7c2b6623110a21a39449e251b81ddcc3f0d33d2baad48910db8f4d
test,test,scottish_terrier_53,31,2,21,41f4d50f8db641be73bf42f528a169b35befdc18f0c1bf26186f8058529ef055
test,test,scottish_terrier_71,31,2,21,4377453b967b49541cb04ef7a4013842c917e3cd0510d1b6dfc8ce6544339cf9
test,test,scottish_terrier_49,31,2,21,47475c39662b0770f0f966578893594bf2a15000dccf88273d9e603937371584
test,test,scottish_terrier_42,31,2,21,47cef733b83cb3fb4b174aeacbab9ad725b58596569d4f7e86dc6ef87899f335
test,test,scottish_terrier_61,31,2,21,49b459a2dc126b890407b6177c85da81e402fc9aa637601f05824e9d9e6dde08
test,test,scottish_terrier_92,31,2,21,4ca541593cb5588ebdc8ebe141ee7cc2dfeebf0e7ccb0601a75c1b430cd1d07b
test,test,scottish_terrier_83,31,2,21,4ca5b9b26872d9685fd63aad634f9a856af8f09f203ead7a346d03fa85883b51
test,test,scottish_terrier_199,31,2,21,4e99f61bc9aec0f74f382624ab1c4409be0f74f8b2f0e81b56e2da83af921d63
test,test,scottish_terrier_8,31,2,21,51a24174373036800c2e74a5abf6e81c9970d87d28718e5a9e44bf9090b4a5ab
test,test,scottish_terrier_33,31,2,21,52f0f783e528dcf9a1e0e582e07cecc5105f3d40773b2870415f097b807055c3
test,test,scottish_terrier_96,31,2,21,55f474aa11c418e3a8a9ad6819644e7b7257394fab3a57c6071ad419cc56c511
test,test,scottish_terrier_79,31,2,21,5885018905483bdb51f1301232489f542ee394fc0f7dc829b48d5af6a4a56f8e
test,test,scottish_terrier_73,31,2,21,58a384182d5af3bbff77272a4745cea88a9bad4e457d4e2b3372cb344d25c6af
test,test,scottish_terrier_82,31,2,21,58b5e97bbb149b693cf20399cb594cd8acd83eebc5ff7295419a22ed63b1de0b
test,test,scottish_terrier_2,31,2,21,5bde5abea32aaf3530c837e25c12bc490f1821a75b6e7a093c3a3eab6f7c9a5a
test,test,scottish_terrier_44,31,2,21,605a9031bf16514f5538003cc93907275c77996bed49952ea064dba631a3217f
test,test,scottish_terrier_34,31,2,21,612b2342ff99ba7e837ee8a382899dc968c4e9a1633fe9f6f2775808fd8f8ce5
test,test,scottish_terrier_64,31,2,21,63ad81c6b65de4e82b984d6d0512e23d06d3d83c194127488b93923d386c9dd2
test,test,scottish_terrier_81,31,2,21,64381f33aab4997f5b2b071be1ef573d430a2178217bd0cf4134954b7d63d24a
test,test,scottish_terrier_66,31,2,21,679e14bf0ddd034fb387e42580dc4bcc87ba4af96df5f272b637c169fd5f464d
test,test,scottish_terrier_58,31,2,21,67f8abbd53e4deda49ec11bd6657d490ea2b806a7a06451686b6c5a2edbac520
test,test,scottish_terrier_6,31,2,21,6ccd335c6e3305931272c2d8ee96523b31e8e231ddafd4318ace5e3301eac4b3
test,test,scottish_terrier_21,31,2,21,6ce03dd6cf0c38df2a5367613c7253f8f771e03b870d678fa26038f7f6c8d5dc
test,test,scottish_terrier_57,31,2,21,6faa8dbbba73538d29655556c33d04fbd1d1ec34a5ee7f244dcf0e625d6d4cf6
test,test,scottish_terrier_45,31,2,21,7204940be208ca0169c61e55bca13765f08ce3a974ddb459253dd626417c77b4
test,test,scottish_terrier_20,31,2,21,815135235ddc3aeebfa8cc94f6b500f2efa6f607351be8a06fb2be34cff5d73c
test,test,scottish_terrier_91,31,2,21,81862bd0df624ba0faa8e2906d8a5b6952c94b32f86d89b91fd18c682b7f78a4
test,test,scottish_terrier_52,31,2,21,85be725ac857d663cbb54e6b21f3e41d7ed5d221b76ea793d3d3ec7737fcce7a
test,test,scottish_terrier_59,31,2,21,85c050ed5fc8acbc2439fdb900b174d02e38ce1f0a4909de4a19c1940a229a58
test,test,scottish_terrier_38,31,2,21,871032d361fa92fd85cd377e05df14640d44044c7650c694d1851c056dc93333
test,test,scottish_terrier_23,31,2,21,8aea0a8f6c830b313fc32105c06bbc954a5d905a2de2c592998d116ff94451f1
test,test,scottish_terrier_46,31,2,21,8b5da83a4be396a74499ad22a06ca7cc3c2e4c7634e2bec30964467dc47859bc
test,test,scottish_terrier_30,31,2,21,8d75f1cbbfa4595af3d698820e457a63bafe24adbf35f1c7379e2d296ba508b7
test,test,scottish_terrier_68,31,2,21,8ece71faafc4ab8a19f8931f2223083108f6178320e3d35e3a8a50697ca0cb13
test,test,scottish_terrier_22,31,2,21,9407932022946c3bbc6a2575247acf632855dd405cafb1f8478d3d3faf1d9201
test,test,scottish_terrier_25,31,2,21,99cf2570bbe5ce5b6fa5df0670e9be3a40ba9fa6793184a884be56df411a389a
test,test,scottish_terrier_70,31,2,21,9ac88bf83dbbfe0714cc90b39f6f6f54073c85db5d78e71d67aa0b5b4ef25818
test,test,scottish_terrier_198,31,2,21,9b00c40d61e222a102b4cbb70e06b7f4f06903489516223042bed015517311f6
test,test,scottish_terrier_51,31,2,21,9e5e6ad22269c537892535460630cc06d610cfdeb14f8973455e3a73e45e8afe
test,test,scottish_terrier_75,31,2,21,a0fe3bc8da8548e3c1119ab7bd97462d07ab0cad1b03ed883823931a64996ddb
test,test,scottish_terrier_60,31,2,21,a1536b89356fb3b1bc10f4e008b93957985e5fe5b725e2054de4d9b8e1e434e8
test,test,scottish_terrier_3,31,2,21,a30ff3489a171b2ed19981d5c5cab80b6652bdfaeb07763bcb6a39e72fabc386
test,test,scottish_terrier_69,31,2,21,a3535d3bf7ac661f60c05174a869ff55fa08bce4f867800cacfb71a34e8d49f4
test,test,scottish_terrier_77,31,2,21,a5acd2b8350ec3cce484ca1c61be889a5d4b5517c395ab76432cfaddc324b3ae
test,test,scottish_terrier_19,31,2,21,a74c4f92f415f3ec44823fcb06ca060027cd5a0781acf8c02692a5b28e8e058c
test,test,scottish_terrier_55,31,2,21,a86d3da23ca0e9358726cf62a8cb54a4c9b87e0a18d6fd02e076ba78192d4b84
test,test,scottish_terrier_26,31,2,21,aa48d106755045be55c0d318ad6b31e900c3a1a3c8bf3086fe958c1395279287
test,test,scottish_terrier_98,31,2,21,af73f33ffe5e973c327ec86d2a4c106a17732a7eb17c8679560082544ea72952
test,test,scottish_terrier_193,31,2,21,afdc0d06645f4d74ce51934690b1a3236809c4518877d959dbd28501b1023954
test,test,scottish_terrier_195,31,2,21,b17a81f95a73175ac921027c0608ff52aa8fccbbaa7e7e18c7547946c365ba8b
test,test,scottish_terrier_74,31,2,21,b4e13bf485afbe6e4393bea00e5193a1daf2a7cfcc7a32f466fad07309f94eeb
test,test,scottish_terrier_197,31,2,21,b5a3bb81894a770d2e5ac20d6f324a1a32591f6a376f0f6f99640b47cf3c7f20
test,test,scottish_terrier_27,31,2,21,b6205c34dbdc55fe31d77867c0be2439784f2cf0663341385b1aafefde0ef632
test,test,scottish_terrier_72,31,2,21,b8b04a50cbc6559973d1c5424984f9faf0932d0d9c8e07f78397d64b0e641c69
test,test,scottish_terrier_192,31,2,21,b8dffdbb852bbc78d26aa7569208915bf8e3f196d082edb4720fbdbe3edb8bf3
test,test,scottish_terrier_37,31,2,21,b9982da0a1cb8ef18a7238abbd091f453e0842da578374be73f7b3bee88d0ff5
test,test,scottish_terrier_84,31,2,21,ba390e7183b1e1e0a67907b98bfa9a5c58b98f37d70a1eec0c4a41d2b5fff45f
test,test,scottish_terrier_36,31,2,21,c05c121a5afcf0287ceb9d864034eb2b52e793fb4d4552228738bed09ef4baa9
test,test,scottish_terrier_191,31,2,21,c205e4c6046eeb5072c2e4822e1ba74a243ba774d6d64c9d2b530189add76960
test,test,scottish_terrier_67,31,2,21,c229ea54d6a42b4fb906ea6afa6fec5aaa3d6aacfddc2f7476029b67ddfb9f06
test,test,scottish_terrier_32,31,2,21,c320fc7512fd9a0b2bd3af3babffb9771d488f31ffeb61bd4e40c2d12d563caa
test,test,scottish_terrier_50,31,2,21,c726d2f9a9f36e5be61e1e2743cbaa645383338dc73a03d41cfab6894441522f
test,test,scottish_terrier_90,31,2,21,c816b3d1d2a302226775a4fb0feccec1f30facbf710c9adf2868ba76b7b45369
test,test,scottish_terrier_29,31,2,21,cd233c8d1cd9d83d3729128883347eb99f46921ffbf289bdfefc0d8f239d488f
test,test,scottish_terrier_28,31,2,21,cde40bb14f545f4c02efc18a6f2dd83392b440daeb8f5fbd08a224284d32269d
test,test,scottish_terrier_1,31,2,21,d231e52d11c6e5626606377983fce7a0ce813303ff1e97f3392e0f590291442a
test,test,scottish_terrier_78,31,2,21,d2b74ed3c7df09051421f945090cee508ddcbd266bb6a68f25423a0a5dbe23ff
test,test,scottish_terrier_54,31,2,21,d32ebfbbd71b7838c4a2183fbec141eaa1e9a998e1c3e7c3b71d45d4b1897331
test,test,scottish_terrier_5,31,2,21,d729fdeedc005d4f2a34616ca0440c55b82f0590a11e51e6255dfd01908681de
test,test,scottish_terrier_39,31,2,21,da311d1688e7b331c03415ac30a38552ce455c10dd6cffd0f247aa0b71426c04
test,test,scottish_terrier_62,31,2,21,dd1bfcad10da739c98a3b8ee485964ea41480faa59838cbc796220b504e9144d
test,test,scottish_terrier_97,31,2,21,dd62e92e597976f598386d12e2bf445c0d1dd67fe9ca17cada93d705a5369f2b
test,test,scottish_terrier_94,31,2,21,dd7b9bb5a02809878d686c249b43b2290b3e6043bef742b91b8ce2de54b67509
test,test,scottish_terrier_93,31,2,21,e191c0e34bf26d0055d2db82c5f3f778290981de699ab0bc4f2c9a0b3646f063
test,test,scottish_terrier_40,31,2,21,e2731bc9d0cb5320b9de792dbad8b7b047e810b9f38344a50fe467a072eb97c4
test,test,scottish_terrier_48,31,2,21,e47e1dfcedfd3a6f742a89a9ad2de4015988d33f65baad4999004c6cb729bf99
test,test,scottish_terrier_99,31,2,21,e55057617e4b7417aad1d37972d7a52a86170dad10df52838620c8bd470c9080
test,test,scottish_terrier_47,31,2,21,f2241cfb364ff506b1b98094376b6b375c1759dd76d7878a069d420ac4397d05
test,test,scottish_terrier_88,31,2,21,f3a88730fd90db014fbfc2efb922f0adda489152cd2b1c0add1eb4af94972e66
test,test,scottish_terrier_86,31,2,21,f52d163f0f874a4a26100850c6d2055e69426153dd206463ebd4a626140a5517
test,test,scottish_terrier_9,31,2,21,f6ece2534776cc6b5470bc9eca19dfd0bac379e0be4eb89ea15cf4fe4c8fa27d
test,test,scottish_terrier_196,31,2,21,f8748d986b5b7874f444341268e9d0dc6d3097e4118d0d53694488d7a614dac5
test,test,scottish_terrier_4,31,2,21,fb3d7a8b48589ec31e8c69f60efdf6a69bc55f0ef327235f242b513356921e63
test,test,scottish_terrier_24,31,2,21,fdd93f3543d77aa7eb46ea13185d123b72fe58b1c9004e03bd86741dade0f1bd
test,test,shiba_inu_69,32,2,22,0487f93e5e9336c1a916844486d57142c88031dec17044110774b0c1b3c21b06
test,test,shiba_inu_203,32,2,22,04981c91f6d0e3646b86f1769b4a98c1a7fd9fe713315eb55ab2aa4b196d6bb4
test,test,shiba_inu_75,32,2,22,04b0ec23d266f2328295127058d2f6eec0bb9b79b56037921c94c270dfa3b1ec
test,test,shiba_inu_205,32,2,22,07262c11e2b80b0a2c0a0eac8278de99ce10c00ee0c8033f4c58f1bd64fb735b
test,test,shiba_inu_27,32,2,22,0be7185077e4196335a21cb97d1840709bb562381c379d3c942d0fccb16dfc13
test,test,shiba_inu_7,32,2,22,0cd1c1b6415cf0c91f09af9bbcd25cf8251994ca67ff42756be3306486873bb4
test,test,shiba_inu_1,32,2,22,0ecf81da11462d354af314e284c4feebfac8e7ad2dd4f9091fc4de99d5a18ff2
test,test,shiba_inu_208,32,2,22,14d8ef8e0c6d42c03505f4e1a739daeabf1eb31b0cedb2a90ccfc575337a7126
test,test,shiba_inu_80,32,2,22,194a634937957acfb986fbfb7c3860240c10f415de5e6360819fd0e6673fa68a
test,test,shiba_inu_29,32,2,22,1a3f26df6131884d0e7bb3c3373821b6939dd8758215ed17e21bb8acf465e26e
test,test,shiba_inu_59,32,2,22,1b4362cc39f80eeab0d14ed380a774b0e9b90f91b0624added6df2b1c8bc81ae
test,test,shiba_inu_73,32,2,22,1c35e62d18c859ef98640cb5fbb0b8f26fc041055d2f148f29b314525f1d0988
test,test,shiba_inu_34,32,2,22,1d7b687b6206eed0742adba0700f42509d2769bd4423015ca6e5b4e2e237d7fc
test,test,shiba_inu_206,32,2,22,1dfe4b5503ce87061928226d1a121647e97a8a11fa85cf4a2e4f89afea4d6989
test,test,shiba_inu_67,32,2,22,2124a91da50683db91abafb50c1e61cfa00a6d9631fa915ea0181a16fc488316
test,test,shiba_inu_63,32,2,22,27bf6e204b7c7fc12a3ec999de098f79e71a28bb4eb7a2b91844ab58a0a84259
test,test,shiba_inu_23,32,2,22,2843e467941fa447891230ec113adf06f7b300856cbedb7c59fc3240b59a2b58
test,test,shiba_inu_61,32,2,22,28c58b219b8f4b102df1aceb906fdb79959a9dc9e655887a4ed379cee586a9f3
test,test,shiba_inu_83,32,2,22,28d7c67f8e432c8cd3931dc29ebe8ba041cc9254c6a53bcb61c3d564b9893a98
test,test,shiba_inu_49,32,2,22,31e53f19a72c416fd3d84acd0907fdedd8cd3531d8611c92e5e3528bb113e4fe
test,test,shiba_inu_86,32,2,22,33c2b01c072ca1b2f1f25e80af0d4b6aecb3db151c29974d6b7f490240d3d101
test,test,shiba_inu_91,32,2,22,34ec0d4587f2da4c8782311895fb2052547b2bf69b26b1df821d69c55b857691
test,test,shiba_inu_48,32,2,22,35e0a2abd305daaa71a734d6c4a3d8d5cd99fc5a30102fc0963ecb7183998969
test,test,shiba_inu_30,32,2,22,3936af7768770e09783a4e0255d53c3bb1d4d300e00b96ccf08c832a21f9e1c9
test,test,shiba_inu_40,32,2,22,3bac652d00da28158a48d6e638f8e84faba3a3d4152273117f2c559b8ba5dcf0
test,test,shiba_inu_66,32,2,22,3cda129179e5fef3a09c806689e0b7dfee0afbe7c4012c77f140b2431843b925
test,test,shiba_inu_36,32,2,22,3d80d82790ca55eb9de06b8fff8e8c3824a8e9ceec67495bf4d4cb086ff1955f
test,test,shiba_inu_82,32,2,22,3f4133f992571f7e74ee0ef35f214857e5acb1373f60b72a39c167a5a87b4b6a
test,test,shiba_inu_70,32,2,22,3f9c4f43d0bcd990bca04c47d3d7715a7eeaa14b62dcb889b42411fe0c3ee5c0
test,test,shiba_inu_64,32,2,22,3fd0c178e7bb7df0f93fd071ced183a990d28658f3c7a6d2534ee88d0326e4c5
test,test,shiba_inu_92,32,2,22,430e689dd9a0da801a91d0dfff4be6ce4407d510a1567c4552edfe02d58f5220
test,test,shiba_inu_45,32,2,22,44665e7dae49a11143d6b8a4a5982a5e5538145e7123c96fb72da6c257cbe330
test,test,shiba_inu_90,32,2,22,49b75fbe87c449cecd35ea85869af2a6ae5e48e427cd7a4a5563f10cce77c8a3
test,test,shiba_inu_57,32,2,22,4b2bb04e30433092c30baf1bd26e642721df1abc0d9254f27bebae7389dc9c15
test,test,shiba_inu_62,32,2,22,4be8efc40081d375f8916d9dcf7204415df938334be9b672069c2a2156e9df1f
test,test,shiba_inu_77,32,2,22,4cd1ab92ad7c4b678207f0a6034f67eb8764d5d8e165062486aad663f50716a8
test,test,shiba_inu_210,32,2,22,4f4ba86d7567012914588f000c94a5b006099ba2ce2f44d90ee7913d643623b9
test,test,shiba_inu_68,32,2,22,4fe0d31616419e08500c8f318d28569ada75f543731a8a014cf676c5d80e82ce
test,test,shiba_inu_20,32,2,22,50b17f03735fe22fa9456676140d57ef9824da04386236979488ecf0da4cae6c
test,test,shiba_inu_87,32,2,22,524108f1bb734de08d7b56b148cb83d9c334dca2dc203861a86be87bda6d9135
test,test,shiba_inu_60,32,2,22,52427745c8f6b1564fa93ce4e32510a4a9274b3a403fb3adc1660d1a1cdc19c1
test,test,shiba_inu_81,32,2,22,57032f80ad6839d899fb0f30d3e57a45b020f97d082679bae4300da7e9248484
test,test,shiba_inu_54,32,2,22,59581b25fd3b3d2429defd3260d21908c5e69129ffa283a744ebd8d944f23ac5
test,test,shiba_inu_31,32,2,22,5bb606761a2f3cd5116bca0e9606f9557fea2532162ac8aa839b55541b46e308
test,test,shiba_inu_72,32,2,22,5e70b502e0b93bb38f308f249b8d960b55fe7a6d256c23b510c30eedf48c4181
test,test,shiba_inu_41,32,2,22,5eca13667421b1027a521886df2395ca66aca816593f6b5d6f751af938ad74b1
test,test,shiba_inu_38,32,2,22,6251e28e80feb10415a8dc28a18cef4cdb48e2faf8a1e154a834209d8e6e3442
test,test,shiba_inu_84,32,2,22,683231ffa21b0f1d3b92cda730f4e721acd7e816bb24639878932b6bfc8464bc
test,test,shiba_inu_76,32,2,22,708ee09befeb3555e156cd420a4190d464619cbcf810e1fcdaacf6a21e3718e3
test,test,shiba_inu_97,32,2,22,70b43899428a92ba7d1c1cc719da5c55e5102c3df6005e7edd77c1cbe1ef5eb3
test,test,shiba_inu_4,32,2,22,755466b3349b0d809a8dd601d63b5045e38684a6a730f896ccd32f4420b3f0a1
test,test,shiba_inu_207,32,2,22,77ca030b444f9735c5cf6941858ac520f962b4cc4e093119a29ee4afc7b9fe14
test,test,shiba_inu_28,32,2,22,790b7dae0b22b32df2b84eeb7805e655e73c475583228892e74575da3748987a
test,test,shiba_inu_21,32,2,22,7946cdcc01b9517ee0cd0041663402e3c7a6acedff9135eccaa695c461335812
test,test,shiba_inu_89,32,2,22,7b2697403fa011f683f314e642b6f3267be4d68b0c34c96a9608b787f6b6de4b
test,test,shiba_inu_43,32,2,22,7e0d97ef4a134f34946f3a7592c3857a3aca17a9dcea1c014874728490380e74
test,test,shiba_inu_39,32,2,22,828d5557f3e0e910a111a17695863285eab3439c769c7ff81c0a0abe28330cb1
test,test,shiba_inu_201,32,2,22,8334c4944d46813deb9e8f66af6dacd44c89d8240e301cce0c2020ff4ef4a371
test,test,shiba_inu_58,32,2,22,83e6aa8b6d97792ab91ee3cc21080712e20c39e83142b1467c1faf5812739ff4
test,test,shiba_inu_99,32,2,22,86fdbf0b198419f7c6d828542aab1b854ffffd73f498e00e3188a8acf716d8c5
test,test,shiba_inu_32,32,2,22,90e9530638f0518629e0af8d11dc82683381913ff43bb8f1d870ecb45f49900d
test,test,shiba_inu_79,32,2,22,9371dafd3f646be119d69756e3a0a2ab53eae2ddd59781565a6ce1789bd28aab
test,test,shiba_inu_50,32,2,22,98904170db70e2a85395bdaa8b3796fdd36edacbc952d03316ef88e8a2c1ab44
test,test,shiba_inu_85,32,2,22,a00b4667076753fce9828010758e5e2f12dee8b058e70ad0a8446c9e958dc96f
test,test,shiba_inu_88,32,2,22,a11198c0c5ddf628fc91dec6298da49ba7d973afc47d3b05df16c8afd34d629f
test,test,shiba_inu_8,32,2,22,a4f715feabd3da1dc43f29c71e98f8174169acefe20b43fb5b43329c875ee24e
test,test,shiba_inu_6,32,2,22,a67a171df59d736f9ac431e52bc269301699e9eb53af3d2a81580081d10105b4
test,test,shiba_inu_25,32,2,22,a70861b6dd593ab80a1df5a07307ceaa3914a5c82f41342410ec7cb9f06e339f
test,test,shiba_inu_37,32,2,22,abf2e3d13f48f5f82ebe4d86dd429df810d84f902d3048a5c2128acde91c6ea0
test,test,shiba_inu_26,32,2,22,b2d91ca7cddf14b12155a7e736963f1419bbd6395b826f5e1ed3a17516103913
test,test,shiba_inu_204,32,2,22,b97a33161da6a7d954a167249edf466d0b5d2257bd2ceb7152b1c84ae6031c58
test,test,shiba_inu_93,32,2,22,bd3de3bf1d5860b6263199ebebd5521fb953567191a89d482d9c08bfd71224e2
test,test,shiba_inu_212,32,2,22,c05c3aceb0a101ba1359d8103dee3dfb83dcff20dc8fef2ddbd27d526a52915c
test,test,shiba_inu_33,32,2,22,c0756b336aaa56f512ecba635e7031fdef5fc25f1f0f1f91f9371b1d0e693954
test,test,shiba_inu_52,32,2,22,c4819afc47c132335dc4afb6280a1311afb73c3223a24e3cb535bfdaee23bd38
test,test,shiba_inu_3,32,2,22,c7bcd7e118dee4727677e712083fe28daca2470b44c909af7838200db7f963c3
test,test,shiba_inu_95,32,2,22,cd4fc4a4f3a631f8a1b7d4386ddb44537128111e0ee2098a4f696e22328c0dd4
test,test,shiba_inu_46,32,2,22,cf98fab52f225131ae95b56a90914aaffa706c4fc41ba4c63bb4d1fc8f08023b
test,test,shiba_inu_24,32,2,22,d021741bf77705810e3ad0a164342e97555ccaf31ec1bccc0b3008f4d4ec775c
test,test,shiba_inu_51,32,2,22,d578ab87b1b428a4434f73e48565a50c5a2115716958e691b62edb5004127112
test,test,shiba_inu_74,32,2,22,d6621f80acc82e6c039d01f17c10af21168cad96acf77daa43ed7341b89ae455
test,test,shiba_inu_56,32,2,22,d67eab173267c807107d9de83a96679953fa93e7441ffa3b13875f6b676669f9
test,test,shiba_inu_22,32,2,22,d6fe04a9f9d94cefaec461d2b74d6c5d3779b761bc1c1c17cbcce67f04ad1637
test,test,shiba_inu_65,32,2,22,d7d6dbd11b742d7ee549180c2bf513d28625f9d65f1c788c0184444409b30866
test,test,shiba_inu_71,32,2,22,d83528f035c9cb5aa2e3c93ec50e9c7c68601910ca9263513b7d98bc73d100a0
test,test,shiba_inu_209,32,2,22,db131ecededa9a6a20501fb52897c3b1a9e085f6d4519c8448f920cfafd40577
test,test,shiba_inu_200,32,2,22,de44d0fdbba008705f75f5271f343136e1dc91c6e7b2c4faa2e366bc729bf3b1
test,test,shiba_inu_53,32,2,22,e062cb5f36b05e639ac4d967ce21a450d1c4a789991121a1de37cc39999136e3
test,test,shiba_inu_5,32,2,22,e7c69d0c3dfe6c3d6bfa9b4c94cc0de3604a017baa1a0ce30b580441eebe5c33
test,test,shiba_inu_96,32,2,22,ea8996fec903532763b434b297521726ae20defbbd2aee45cdf1f48b7a314d1b
test,test,shiba_inu_35,32,2,22,eb7843e0c953eabddcade5d3bc55dc78422b8b199ace07b7745d9cf9780465b7
test,test,shiba_inu_78,32,2,22,ebf550015388b6c10592caa777394d9d8da8786e0b5a77abc9b7f38ab4e71804
test,test,shiba_inu_47,32,2,22,eda16a61271c1f34536e85d181fba0252abfba7eeacfbf9871a61ce140b68821
test,test,shiba_inu_55,32,2,22,edc844a25506289143e5dee82ca6090606925902069aaad1824ff969f5af9b6a
test,test,shiba_inu_42,32,2,22,f27f1aad9aef9f81c7c77f273e431f9a0df387b3ccbd889cd9d83a1a26809fe2
test,test,shiba_inu_98,32,2,22,f4e691910db26de0b9e31637d42f86b7415c361becefbf3442f53667728952b8
test,test,shiba_inu_202,32,2,22,f4f2113a1778a0d2d3eebd4391eb89e2304b28c3192be27092246b57e9fe7629
test,test,shiba_inu_44,32,2,22,f8f031828b3041d776fbc3ce71d4c46737512d5b0ca050b09aade778d8ba02c3
test,test,shiba_inu_9,32,2,22,fe850f8f114462f212d7e85cf712db2a11c14399fd8ffe7c084d44efad8e302b
test,test,shiba_inu_94,32,2,22,ffdbad153ad242ca1d455f84667f13e9ab765b25822a7921008ef9e28631db16
test,test,Siamese_88,33,1,11,02afb68fbb2c2dad12e0517511c35b7fb3339a6b0a066c9aa3536be8085aa2b4
test,test,Siamese_254,33,1,11,05128970c253f993bc11be9ccec4ee0273c2e29aa3d844f3a9697c00a0a1ffd2
test,test,Siamese_227,33,1,11,058947996e90289a1556163f001016966b25e31cfe91f5fba597babc35e39682
test,test,Siamese_22,33,1,11,05afb7354dcfdf50e65b8bc43ce51a5740761a3f172230182deb268a30ca95b2
test,test,Siamese_55,33,1,11,071477da3e3f07cc279623a6f1434a9f3adbaccf019c4bdf849f7b6b7ca10844
test,test,Siamese_67,33,1,11,0794f4749a4f1f77c542bba30d1a59c89be5c96a8081d2727f822344953ae32a
test,test,Siamese_41,33,1,11,0f228a756537770154ae876fa31d4879f37100001666cde5d84b98fd5f3b3ba4
test,test,Siamese_63,33,1,11,1229e06340fa851027f74c9aaba9ad90e70998cb31fc6df30dce904cb70597b1
test,test,Siamese_232,33,1,11,14d591249aed47b014bafb89a160752e1cf91a3555bc97ecc9af634d50711b9b
test,test,Siamese_25,33,1,11,1b5146f67459cd3fa0613096b0c552cdee03c4e12294f3b074311b1ebb47b4ee
test,test,Siamese_222,33,1,11,1e7bcc9bfa86fa17cd07fcff957c6d947c1ac96b4f3ba1ef6f1e72ad8597f882
test,test,Siamese_87,33,1,11,206303a115a6bde399a1f62c77252b2fe009511fa0844574e01a0935f2b373b3
test,test,Siamese_21,33,1,11,22834716a6b4667c8a0808679f363825272db732cdb2b36460d79f4cbdf01abc
test,test,Siamese_78,33,1,11,316076cba64d6f2770387aa3da5da21cf4a8570d43efb885d650354c8506fe5b
test,test,Siamese_61,33,1,11,31b016cd3c7d115e318f3a7fa4201ce6892a29b3003fd76ca383f3ba0f600c52
test,test,Siamese_71,33,1,11,32e8109b3dc98ef30ebd3aee0eb8e931d1e5ac403f40b7919b8e19b78120df07
test,test,Siamese_89,33,1,11,331da07f1649457826a94eb7e8ae84071e9d53e934e5750315dd9e977d07ba01
test,test,Siamese_76,33,1,11,335e07b591e580538b040f90ee4e1859899ad9fc7fb2ad3aac081dbc1e74a65b
test,test,Siamese_59,33,1,11,3568604acd38f246018f8a918536c2a57fa5b9ac9d68f5d9c7efc95c501aebb6
test,test,Siamese_69,33,1,11,3c5f0567d66740a348835d19afb964fb2b87ff61472f5ee69eabc81ac63af353
test,test,Siamese_237,33,1,11,3de3cedcc460f8065c958d03229c99003cf1695a3f0c2c3a06b7e82c4474ab45
test,test,Siamese_247,33,1,11,3e0911ffb94f3e7260b219daaab24621469f42f0490d48db89cb642ab4af3fa0
test,test,Siamese_60,33,1,11,3f0e6d30a6449bc7da41986e8ce3412c4c994b5efdbb101a31ad1932df24f7db
test,test,Siamese_79,33,1,11,40ba8b4c76a025dd6c08d7fb71265edf2e10d6b53d3fc0c9f41a915bf57e2083
test,test,Siamese_56,33,1,11,43b1fe194b6bd7925732eed66beaac527852115b4cfae63dae309535eda73407
test,test,Siamese_37,33,1,11,45b0f788c4a8d75f232f3a6ea63e1b8f55fdbc3451f35e5436055c2ac01a3ed0
test,test,Siamese_238,33,1,11,4850a106677666c34eac7847049323544ec72916b93a452a8e5a3b9d48abb14b
test,test,Siamese_33,33,1,11,49ef687ec23f1770b25dd6415db9455227cd1b0dbd15dfa8d85b02ead9c9716b
test,test,Siamese_52,33,1,11,4a6e4fe514257de70f03ffd4f3b85745d0d9ead4641fd59c2692b709f7619845
test,test,Siamese_82,33,1,11,4cc852aaeeb57f3bd2eabe6c345395e2c921cc6dd715afe87849880c04897d09
test,test,Siamese_85,33,1,11,4d602d16cc5fa0ad7ba90ea5ccbc49e192c63424078dd4b0fca8b8167e4691c4
test,test,Siamese_80,33,1,11,51a132a73299a845170c78605aba148bef72f0ec57aa4678657162b5e7415ccd
test,test,Siamese_58,33,1,11,51c123f71bb785aa0a62b299b798463e974475aeef2692539e5db6565f93dbfe
test,test,Siamese_34,33,1,11,51d6a0b08bfbe71a0ee3321cda3b9dfe3dd04982f6f249a390a61bec8dc97ebb
test,test,Siamese_231,33,1,11,5405d0657f36490974e541711344b6fe8eac23c035b7bc942ae6e07f822d88ee
test,test,Siamese_210,33,1,11,5ddf3efa24ab49be2ec90f1790c72a6ca7464ffcc65bf03acb3f23cbba111812
test,test,Siamese_225,33,1,11,5fa014542feca8795fe7658b027be8ff616f9f1f19b8724ee8a5d92843f09342
test,test,Siamese_81,33,1,11,619c450129cbd5e7648d9f66dae6771a04c404ed9645a63f9e6f8822f0fc2ccc
test,test,Siamese_70,33,1,11,6814eba82a62803ae9536d1cc155ee84ae01c029d8f492787e5d7857e1e0cea2
test,test,Siamese_250,33,1,11,6a80b88e85ffd9846377c9e4a89853d70972392ae4dc17f7ae1561d51d3225e9
test,test,Siamese_26,33,1,11,6c489def17b41b23007152d51e4a2776c4a7efa5fab02bc8ad3b150c345cb18f
test,test,Siamese_43,33,1,11,6c60f8c6a7f5c25bd965c19f3630f7c732afaa76e34253f84e96c68a57eeb08e
test,test,Siamese_42,33,1,11,6edbd76de76b3dc974c22b8eae9378ef1408d7e5ebc92f1c3623dce6547d90b0
test,test,Siamese_36,33,1,11,6f4cbf4e75841261f98d2ebfaa6c1a5a03c7fb47abde130859948cdcac94ade8
test,test,Siamese_31,33,1,11,6fcdbb09bf14523ce194e832646cd1e88bc9a34a0246a6b1af587ff5f23f52f7
test,test,Siamese_27,33,1,11,730baf43a1617c88afe7ac35393b8cd456e3cc2684a3b34b039ea6dd84235673
test,test,Siamese_6,33,1,11,78268f95a624aa9d71bf8881aa5a09f91a094ef6923d2a0af2f79f99d2484d0a
test,test,Siamese_28,33,1,11,7aab51b567209cf39fc98cfdca77962102f1793c34587edc6a1a71286c77d72a
test,test,Siamese_98,33,1,11,7d83bc60e3e7c0abcdfa3b431b4e7a8dd40d6540886a9b3eeea48a57011c9872
test,test,Siamese_240,33,1,11,7e6c0483770c4a9b6f0ef5ffbd773f104c242e16b85ea451f30b81f7eac598cf
test,test,Siamese_46,33,1,11,805cb454d821242ca6afab0477d07611995f89a672b54d2548472f97152a95c9
test,test,Siamese_99,33,1,11,8275c5d0b509ac2fda7f923b3ab3951c7482d86016496c3f36dde6c1de2d11ab
test,test,Siamese_9,33,1,11,838e7a95b6af0138c3addce10a0f3d227f5f719239f5d60b5e1ea14d90889559
test,test,Siamese_86,33,1,11,84989cc8f005d57731f6911798e0be232cb3ddb66f6612d9f75ef01f93516688
test,test,Siamese_65,33,1,11,852b46edcbeb0166d83acc7dd5ac554d7592702b8e0f16b062885618e2452430
test,test,Siamese_72,33,1,11,869bd98dac978b05b89c253f8581ad6d87b4c8fbaa1407a4295400d62f576f94
test,test,Siamese_95,33,1,11,8847c8a20a49ddc3d778d7cd8bbc23a026152e06641cb0c3744432b2c20c4d2f
test,test,Siamese_47,33,1,11,88b780863602b708a78c57488e79753e8ae84d182fb1fa08c90f48708f86fb23
test,test,Siamese_20,33,1,11,8f68b48a25e66133e044adb3fd78341a76420a424c973a8e9524a9998d43d6e7
test,test,Siamese_90,33,1,11,8f9535b6b047e019ebf4b29ea98664719b55bd5da14941e6b49025deec4bdccf
test,test,Siamese_23,33,1,11,91913ae402e404c4a26483f23d5fc74ba7694df09c61f8abe8de74e004e4bf22
test,test,Siamese_66,33,1,11,920186f66e06a298885bf8967c0080c43623932fbe7ea57b84d4ddb3fbd27abe
test,test,Siamese_97,33,1,11,94754e592f42b7bca1f39420693f09f59f7745549eeaa552b3e357a9791a9065
test,test,Siamese_228,33,1,11,95c53b98b3cd8a092763b85f37ba296d387c61ba3b7b516853f1dd1d9b7abd14
test,test,Siamese_53,33,1,11,9662a8fe5ec0eb3bb1c7beec3d099c48a90c1aa1a1ac5752855b4692b2a274a3
test,test,Siamese_216,33,1,11,9b842c34102eef7afba303f3e6d954335b36efb512df01c471ca6bcffe42f6fa
test,test,Siamese_35,33,1,11,9e12f16674d6e2ec010cc40b41d020e95a97a4834839385748b37d9278d6f063
test,test,Siamese_51,33,1,11,a67d6c9ec613d49e7abe5c45606200087fd04b2a6ee516120a868067b39d7ee8
test,test,Siamese_84,33,1,11,aa803653819f4e99355ba2ec3c1456a28fe7ef8a1514be539151d23b6521adbc
test,test,Siamese_5,33,1,11,ad13fff9a8832369b03201141277df9b0943372038d842b5671699716cae91bd
test,test,Siamese_57,33,1,11,ad1a203523407dd36a82b06fe53b4bd89994e59986b9a7ab5740e19c8d27dc7c
test,test,Siamese_94,33,1,11,b1cb294a44df0f7815d7f5c2275d1da8031ebb0c4af4f8f8575555d0c50fd08c
test,test,Siamese_54,33,1,11,b7bb336f45e8d9eba17feb1fbaf35489a084d125b110340f7647bc21818bee65
test,test,Siamese_49,33,1,11,b914cc8a69c8e5a5bb614ae5382e8d00fb3b86f00d51c445ee54d75f2ffdfe36
test,test,Siamese_75,33,1,11,b9a7a9ed08ca63dde4f18e05ae3a4dc4ae7bd47b14fd1b1d22b65845eab62edf
test,test,Siamese_77,33,1,11,bbd3b0ad63fe3519a652d8282c0b5c4fee8ae7dfcefc4781011fcf6d2ba239f8
test,test,Siamese_96,33,1,11,c02932b580db5f98b771a9f2f11cda3dfdfcb9f09ba22ada6d84715c4107a2a9
test,test,Siamese_50,33,1,11,c28875abdd9a3bf875d791086f514d569f4e72c048233ba99e06cc6aba836bc3
test,test,Siamese_93,33,1,11,c28a40f617582c29dc85698b02ca0fc7c4292303a684eb63850c2922379cde00
test,test,Siamese_40,33,1,11,c3277a77fd52775ca1f319a4af7213ddd4109435b841bf58e23e214803e88c40
test,test,Siamese_73,33,1,11,c595c15902fa9f19ca49168a346ba26791f7d5efab4be075e4cb8d61b1f51e31
test,test,Siamese_64,33,1,11,c6078ddebbe849b7770807fc08bad8e201bd5d4e53bae04ffcea56c8191c28d9
test,test,Siamese_91,33,1,11,c81b27e8c74cafc8ed66b70bb5d9858235f6889cec05b5350760ba2502e7ef49
test,test,Siamese_83,33,1,11,c9e19138b139d1e7b770b7b6fb23a42a18602e0f61f86788a3072b0624bc654d
test,test,Siamese_257,33,1,11,cb3e43c80f02099a61f00e9bbaad05de75127d2bdcfac94a42388edf3e5e7f4f
test,test,Siamese_32,33,1,11,cdfb8b9e520e3f553e09d8adafe56d8534a281a47539c203f0e6a47d1f4a3001
test,test,Siamese_30,33,1,11,ced05c6fbd2de843b9fd46480501b5f3911278f8ddefdbc3ccb05d9f5e342e3c
test,test,Siamese_234,33,1,11,d116d3e4a980da9ff8f9fc08c239f6ecceede4879e44cac87072a15949fe130a
test,test,Siamese_249,33,1,11,d5f7c82ef9c4ea632c7734a168bf8bc4e1259750b0819e698e0393f90f22277a
test,test,Siamese_209,33,1,11,dc105b8c2f4f08b857c1ec817fed20cc33e7c238069690cebeb0ae544f6bd61b
test,test,Siamese_24,33,1,11,e143ed0c697f91f8feaaff21057683b3ba6369c5f5b72ab92a2b62fa843feede
test,test,Siamese_74,33,1,11,e18cfa7da9bdb67911c1a3b19554f2284fcbe4d152d8c4df897eca904b509987
test,test,Siamese_39,33,1,11,e3144380bebdf5045dd01d35df6e1ebcc74c38450623326c3c0dc0dd88f5fe0d
test,test,Siamese_224,33,1,11,e89b8acdcb24c931806341b68f8be86bf9d663bdb10f8858c99b11c71e49aa5b
test,test,Siamese_218,33,1,11,efc59c0aaa5ac12a86b5481b61e89a8695e8f9a4d0e923296c1ebedd4ea5e991
test,test,Siamese_92,33,1,11,f1c539cf035fc265a8a6750402dfed36e42b1b43d0c5256a4033735b21cadfea
test,test,Siamese_233,33,1,11,f76ade213de943881eec70c0a3db2ff9ff00ecbe2dfbe064c42fa016b963d9b5
test,test,Siamese_29,33,1,11,faa5f45e6fc0a67fccfe301cb32fc11083f7abef326a7521a71e82c19e77ec4a
test,test,Siamese_44,33,1,11,fb07eae8df33f6d98c2187244d7fabece7ca2c047eaba5ab605387cfa6e621f4
test,test,Siamese_48,33,1,11,ff2647e87425809b4568c1f6f692b311e0740c0a52ed5c6e1bead0a8ef804c9c
test,test,Sphynx_42,34,1,12,0408db58d70eb30c29ba42cdb45358ad63a2a56850810b3881a494ffe1758f52
test,test,Sphynx_43,34,1,12,0572411ef212cc8025471bf0e997874de99f2fa5e1fe35957e14b717edd874c5
test,test,Sphynx_239,34,1,12,05a22ef421fa6cc0c729aba1b371f370892c4a205cc6e380efc9c141d496f105
test,test,Sphynx_5,34,1,12,098f11de21d7a3f46602fdfe346ab199f9f09f16ae7e07cc8d1ee1a9a915f8bd
test,test,Sphynx_4,34,1,12,0a4582c539c30d0298e6cffe33219b9ea15f2805b1adcf184f951782fb134bfc
test,test,Sphynx_61,34,1,12,0fd9413972feb9770d9fbddd71cbd5a569bddc0639d3d18344b29e3630ec27dd
test,test,Sphynx_75,34,1,12,11bb867941b5a1eb95e5b3553301a21bcbd853246afd4716dc4ce89c4aacb257
test,test,Sphynx_84,34,1,12,15580a5f33f2aeed90e1d6511915483799794d78b0b3f11d7a115efe345ab2ad
test,test,Sphynx_88,34,1,12,217a0874fcd5662adeb20ba02621666b70e3f081d852e780bec079fac4f05cc4
test,test,Sphynx_235,34,1,12,2391c6d6791988cc0f30f3f145a63b30d8b52c2ab4985871fc4d5f30bfc811e6
test,test,Sphynx_9,34,1,12,25c07afc33a4566eaa01b09caa58638ffb4d842b5c7487fb64217b21c1ff2e67
test,test,Sphynx_85,34,1,12,273839057b41fcb988f71c1f135ad18544d74b58ccde40d48f795994139e962f
test,test,Sphynx_240,34,1,12,28a661c3d13993f3f4223428a14a479546b2b67ac4a225c138e1f56755ed2e33
test,test,Sphynx_37,34,1,12,2b198533c1c07b3b8614c919fa3c0cfc7b6a8d0dafef610b8da5a78ffe4772ec
test,test,Sphynx_28,34,1,12,2b5686adfa2eddeda12e774e942cc1d996dcc0efbef6d25bc25191115c4f5235
test,test,Sphynx_65,34,1,12,2d047506ed60881a77bac71e7501cdd14e1ced6c8164d31f676194fd11570519
test,test,Sphynx_33,34,1,12,2e863c66f49a3ca1ae6d3efab716748ecfd18876c5b64bbca30bbfb2039be686
test,test,Sphynx_232,34,1,12,2e93f230b3a7023c439a758f4f3078b796bd1b4c53102ac568c6ba60eaeb1ea8
test,test,Sphynx_44,34,1,12,2febbec9a752c1f9c4fac657845804f282b0abda27ce6a6d098557ef7f28eeaf
test,test,Sphynx_87,34,1,12,2fee14df1c184cffd6514f6b431c7494504d18a80fd1d38f0504a254259812da
test,test,Sphynx_2,34,1,12,304f6dd525c5da6c113d809e92f7d0039b035a194e2f9ffdf8bed9b8cd1aafe6
test,test,Sphynx_238,34,1,12,31476129f94db597339fb4f60de9652afedcf60926a9f05b01f6f069ba731f1c
test,test,Sphynx_244,34,1,12,3325b54100ab7b6c4eee1c57e6465d511fce93fba39ab87898d2bcf5652e746e
test,test,Sphynx_30,34,1,12,34fe3d1f8b83d09816b8cbeea398b2a198400f2a05492fdb13cb636d7c87c974
test,test,Sphynx_231,34,1,12,398408a67a9694509b46b1980f3907264feeb6d452aa990d0e6dd0abbaf90f0f
test,test,Sphynx_93,34,1,12,3a255b3d6a6dce24a1fc65f23ddfc09bb3b394f497a65decb6acd05f512f13ee
test,test,Sphynx_91,34,1,12,3d64c216ea6e00db01d2f70766027d15f4effea3ec5071ce7f16bd416979f108
test,test,Sphynx_20,34,1,12,3dcf62d4f1a4afb7933af3783dc39485d5494a67652e2c795a41f455ccccb368
test,test,Sphynx_246,34,1,12,3ec79954dab5994686e53db4594b32bda2cd67f07bb8002dec9497e03448153b
test,test,Sphynx_80,34,1,12,41fb11f6d6375e5f31fcb5caee579692a042019e6820f23d908333df2e9712c3
test,test,Sphynx_223,34,1,12,442da32076ae6cc85c188bd8d21be2d367422b970f16c178c6ed2c268140aa91
test,test,Sphynx_53,34,1,12,4671a1be1902d7b155fe04642ad016f0ae1409593f13c71034523e8b892df72f
test,test,Sphynx_242,34,1,12,494f3bc480aec6f46024c739a6b797a6beeb3162323a71bee40ed14465b90f39
test,test,Sphynx_89,34,1,12,4a4bb08a40d23af6b31ae2bfa888bea3aec476cd98f7ef4c3dbb4dbd47e18b95
test,test,Sphynx_74,34,1,12,4b24efa1cc89d743d54ff51db0a8f0b0a6c045068e2a536236e943790061e545
test,test,Sphynx_57,34,1,12,4dcaee20ab9f7e9f0a5989412ff07f23a19995bab4592ec42fcd20a83d695d5d
test,test,Sphynx_29,34,1,12,517636dc45da0635db4c4f3f42f49ea196fea281156d9d5d8ab6590bbab6f2e8
test,test,Sphynx_49,34,1,12,51e875708230539538d367cc404330115d26448d4728c7e2444c855a4cc8a90b
test,test,Sphynx_83,34,1,12,531e763ec9e9b86c96d76ca65258fa83558f06e336e941df851df4a0198e326b
test,test,Sphynx_24,34,1,12,5320ebc4481eccb809807830096da632637f805c1f76354f297dfc7973345a4c
test,test,Sphynx_247,34,1,12,542e2b93692d3681098c5c5673b7e1e1bc7c5677e5e104ea8f08430907d0b2d0
test,test,Sphynx_8,34,1,12,5769811112e8bc05cabc90f55c03e06d74b6841a1e825080332aea6fd31bba21
test,test,Sphynx_3,34,1,12,5cd32671a023f66254a89ad37a63f6172712f7ac5034616058d9d70dd0e1f34a
test,test,Sphynx_243,34,1,12,6bf82336bfc5ba5851f4352a5fa734fd70b750ff684f9ecdb3e0d79fcbdaeae1
test,test,Sphynx_45,34,1,12,6ff7e3603c558bc4072eb7236b2d9fa51826a4dd06e43c3733e0da5faec7236e
test,test,Sphynx_73,34,1,12,7222b5ea7f09c57ca5dc0b682bf54b28df1272b135ebb295c66f689391dd9613
test,test,Sphynx_230,34,1,12,73ceed5a3794c450ebce3ac8e3ad5832ad3425367818318ac9e4f1b165c480b9
test,test,Sphynx_96,34,1,12,7423894fb2010d59b3b5fcf08f7fc1ded2f6d413d9c56d8801a5ea42da48277d
test,test,Sphynx_25,34,1,12,74ef6adde4e80055157eb4070b11590a3871ec78c239289e59c062f2b2834198
test,test,Sphynx_38,34,1,12,7629e6dc148004a103cdaee0f3680b7736786cf99c70d3cf277f5fa633216fd9
test,test,Sphynx_76,34,1,12,776ec691c7d16df830d5256609fcc4d40ba6bf86a555a59ce025e358d9185cd0
test,test,Sphynx_213,34,1,12,7846ac313d36f2851c90a61282ff19b60328cbbc890df8b06ca0e10239c32b1c
test,test,Sphynx_245,34,1,12,79c262e57e0d8f8ec3930df096f5c70d7a0e2ea2fcdeb1e5843d74825aa91cf7
test,test,Sphynx_228,34,1,12,7b3a81f94d2539d186747fbaefe8e89d444ffed40253f89e5d04a8a32b3eebbc
test,test,Sphynx_58,34,1,12,7be7d7240ca174cf69148ecad675aa3a848791ab2ee863acde2175ff09e09fb8
test,test,Sphynx_211,34,1,12,7c127f1fd15093da5441c187b70c5859b6e20243f1673bc01eb15cb06247d598
test,test,Sphynx_46,34,1,12,7f64b5895e31c14405cf46496f430b13dc32f60988ff83bcd1c43a548d7a7e22
test,test,Sphynx_236,34,1,12,82a66c89511456e29719c725714e3d68555e90b109ea299703a775c587a2c6bb
test,test,Sphynx_40,34,1,12,8e1f248a88be753b4b3955fc37ea68caddc2b939e44ddb018a8a62dde05c7f0a
test,test,Sphynx_241,34,1,12,8f35271dcdd14f3a1c3778daae0e60792af30337f13fe573d7b57cc674ff64da
test,test,Sphynx_47,34,1,12,93cf2031ab3b8ab250f381e0c0df2b65d8d108139ca69ff68317710782ee10a8
test,test,Sphynx_77,34,1,12,949e364d2b2dc05874c0f973ea82df858e809783a2cdadbb9be3c6807fbab719
test,test,Sphynx_233,34,1,12,9a149641cb9ab6fdc7c98a8f31b499c98095e9d52018073311d65a512ca177ce
test,test,Sphynx_23,34,1,12,9ba42ebcddb42023ca5dbb27b0cf00833a7833c8d040edc2efcdaab1b5d235ae
test,test,Sphynx_48,34,1,12,a49185ef72f24e2e23624689e632c334866ae70e8c91dd0233b0b032cc6d3f0d
test,test,Sphynx_248,34,1,12,a68f1360a3fd260685b17e3c79deb648c34ad914d1265c270db469f5a913d8c7
test,test,Sphynx_27,34,1,12,a78b1191b26b02e558e001f141794360d7aab95d324884871d99f91aa18bcecc
test,test,Sphynx_66,34,1,12,a7ac457c04a38da41264b2bfce0e278eab8c2e9eca721a6c4c94e6ca29f35c18
test,test,Sphynx_31,34,1,12,a8230666876ba5ba2d08e0a0848957afd112ced35cd6c803a432b30a2e7db074
test,test,Sphynx_251,34,1,12,a89b61f06779a6eaf0e2af7cde7d5b07f9eb628c653c386ccf9aed136a2c271d
test,test,Sphynx_229,34,1,12,a9c82b7860114d5f5eed4411952f00345c7c1a0570e3d291a72c5caf5a6f0c46
test,test,Sphynx_92,34,1,12,ae110cf056227fe6611daf6a4be824e9572989dc71206b67dcb94c0ef227eaa5
test,test,Sphynx_78,34,1,12,ae38aa51af9e16dc8ee7381d2751a191debf139d97511bde82762ba8e2766cbe
test,test,Sphynx_249,34,1,12,b11e6bfc8ca111f5a5066c0bc631fc9856ec7ec28de7a387879c43382d46fc7f
test,test,Sphynx_72,34,1,12,b986bee90852142e89e8d8af567e84d41879bff1ced652a734d8bc3443fdbe9a
test,test,Sphynx_21,34,1,12,bd67f67a2586aad08d86f9087949dd1f862945df53585bf30effd72f83d905a1
test,test,Sphynx_67,34,1,12,bf9b69c67fdd9df61a149f31231b123b698113f30999053148ceaedd5b21fcf1
test,test,Sphynx_54,34,1,12,c5431d7d05f1ff77c62466b0ec60d304bfa15c8dc76333182b6615db18ede02c
test,test,Sphynx_98,34,1,12,c66415c4e03922eafacf41e0bc9b4e083c5d2140781b2bb1fa272a810c75bcce
test,test,Sphynx_95,34,1,12,ca9a5d038ea1ce6b615b9670be3c77382cebf909ec07ec7bbdd3a4cc163daa1f
test,test,Sphynx_99,34,1,12,ce7e5f2fb9c15b6d8baadb1276be989d00361cd31cf74e0250870dead4a11592
test,test,Sphynx_222,34,1,12,d52a4615f5988164f14e4cf6919f87ef5109d73f127d3e9d180e900b2dcc7bff
test,test,Sphynx_237,34,1,12,d5c648b9504f30baa4692df5f9a75b83c7e1af7377fb3841225dd67895c61233
test,test,Sphynx_56,34,1,12,d98c414289470f32b49c3885eed60f8a0ab409dac60c930fce4f76de5b0164a7
test,test,Sphynx_94,34,1,12,d9cffdc99aeebea5de6e645013bb5e02ad0d6a275af7405a359989a6c9924a66
test,test,Sphynx_90,34,1,12,db07585a63f7e53eb3faa752a39eefa7f9753ed82df5613fd6be88dfaa06d7b2
test,test,Sphynx_82,34,1,12,dd1435ffd0f5286fbe4cf397d439042f099fc3d49011cd478b5f8221ea0e6948
test,test,Sphynx_212,34,1,12,de5cb55fb29bf67e1489044c3af5e4ce026e69317dbe7794bb3cf2b364dbd68e
test,test,Sphynx_36,34,1,12,df03e7f323fbedeae0c6a1dd4b963c77cff4a45c396ed41fb0c3c396525516da
test,test,Sphynx_250,34,1,12,df38f6dfa8703cf59505515aa40f222b7ffc564005c4804ea9b97bc4c0f9f250
test,test,Sphynx_55,34,1,12,e02237ed5fbb6122c512d5288388b0c740fe12eb17694dc55cd3c8ec7d50769e
test,test,Sphynx_252,34,1,12,e677fcc57a51bcafac89a85295657c8f7c6a6e5a6c3f0c93c081ee206776d1e7
test,test,Sphynx_34,34,1,12,e820b80cb8832c4275734c5047b539a489885e60bfc1b73c42887f18db0d1a84
test,test,Sphynx_70,34,1,12,e8764d34d43b061facdb995b3a494668134d7b4bae3424aa9818d0bd764541ff
test,test,Sphynx_41,34,1,12,eb4fe42bfca5a52a67dc59bf3243c3358117b3f1ee55f3a861b7d7acf8b7bce5
test,test,Sphynx_71,34,1,12,ecd5dec39ccc1fb49083b01e724daac4326cd19dfbc38211b87d400e1f097480
test,test,Sphynx_59,34,1,12,f33d2536c9004a7bcdc27c7efc23298e18df865d792e69ec74e85f1771944a67
test,test,Sphynx_234,34,1,12,fb145f2d90b4984ac19508315b093814db6ad496f866ea8ff7948dcd0b5e585c
test,test,Sphynx_51,34,1,12,ff21eb73e145a3f36f76f5e7c64d1734706bc341de257baca137732e50f684d4
test,test,Sphynx_39,34,1,12,ffe07cb339147a428bd96a0c8a9844bf8bb8a41c8f9843b122679bab8db31ef2
test,test,staffordshire_bull_terrier_90,35,2,23,02c89585593c355c1be6250bfad3d903bcd2b2401a827ffa93b585233f6d92da
test,test,staffordshire_bull_terrier_6,35,2,23,02f82405c8a478cbc15f84aa9113aaed8583ed8c2e6cbbce812114065b9ea1f3
test,test,staffordshire_bull_terrier_56,35,2,23,03d513c84abbd3e5bc3fb5fbef09e9a4be0bb0d4f7588f71f5e49d680bb8642a
test,test,staffordshire_bull_terrier_88,35,2,23,04782d17c50687328cdbc9113e0c058e7faf1ca9335031bbd57c5f36e9e66cad
test,test,staffordshire_bull_terrier_79,35,2,23,0647eeeb7e20e1374456564ec8171857ac2f90823a65a6fb960c541aaad39418
test,test,staffordshire_bull_terrier_38,35,2,23,07897dc99a8657cc9ad4f33415e42c83c99b9ac4f82232fb06c3912b3e6f57b1
test,test,staffordshire_bull_terrier_27,35,2,23,084a72861468e0e44083673f29c7c3ab15cc8a53909c86b99009895c9a686039
test,test,staffordshire_bull_terrier_202,35,2,23,0b412c2359f6ce06d52acb5b57634315fb87e7efbce884623c4d2b371d19ce6a
test,test,staffordshire_bull_terrier_29,35,2,23,0fef94f0ae377e063af3fc8c5cb7f6d1845047e8f4caeb87f9bcadc56b26e014
test,test,staffordshire_bull_terrier_30,35,2,23,123dc7029bb8a163a328f4d60f6dd3e788f84cce5c9bcfba2d30720b002cda48
test,test,staffordshire_bull_terrier_36,35,2,23,129c464149c5f6a9e6215d4ecba25501a22f55ccbb1323a58a75a8ddaefa2eb7
test,test,staffordshire_bull_terrier_86,35,2,23,1345787b2610dfd7f99dff71f9a2f268ee58b29ad0b80c8c5ebd01ce6645e526
test,test,staffordshire_bull_terrier_67,35,2,23,13fd327708af88e764537e68d44e943ea992da76baf3af95aba89b72d2eaf0af
test,test,staffordshire_bull_terrier_200,35,2,23,17d12cd37da6a0a640560b1926f39beaeed093e07d8a3a6bb1dbb86875d2bd24
test,test,staffordshire_bull_terrier_3,35,2,23,192954528468147d21e0a7ab10e14a512465b96b8660a9f5b3ca4bf19d75d2c5
test,test,staffordshire_bull_terrier_28,35,2,23,1d7089a482f4d26789576c7b683a096162f1cea7e633ae66fa5013ec956160f5
test,test,staffordshire_bull_terrier_21,35,2,23,23baad109b313782246d2f7094a871800c6c2340aefd84bf5133a15365ad6f0c
test,test,staffordshire_bull_terrier_54,35,2,23,24947796a3f446bb79619cdb48ba5c9f7c4997ad85dc23a204321b771bf82560
test,test,staffordshire_bull_terrier_89,35,2,23,24bb5fe78ee66d4b3a8151a1b5ea92e6f7b71df9077e3fe3d629f5b1b5788564
test,test,staffordshire_bull_terrier_43,35,2,23,277a66ed74e969398eda47ff6c128abef53abc760df81ec1a439e8216664a9c6
test,test,staffordshire_bull_terrier_4,35,2,23,2ca8a8695bf32d2957cc28d71f0913689874f53d6f34972ca421dbe226972b22
test,test,staffordshire_bull_terrier_95,35,2,23,2f82591a3787f303e40958e9b751ed2873ff11edb6070a87900c73f291ef2623
test,test,staffordshire_bull_terrier_83,35,2,23,34c8ba46a3c4a21ef9213ebfe586bfdc9299c10254aea864375e44c3cd66efd9
test,test,staffordshire_bull_terrier_73,35,2,23,37149e794937db9f076a7d19533530ed7f8f13faee77999e44c6554f9984f724
test,test,staffordshire_bull_terrier_96,35,2,23,394d8608d7cfbe84101e1f62f6645cfc052774cda272d24718e60a10915e1160
test,test,staffordshire_bull_terrier_24,35,2,23,3dc04f03d5c41aeef31fe27de895c39e029c05a5fa6923ca3d9c9cb272cc1706
test,test,staffordshire_bull_terrier_48,35,2,23,42e3661699e415d3c9520378e5d5b0ce85a2472921772e6e21dc0597e8baf0b7
test,test,staffordshire_bull_terrier_49,35,2,23,442076fef17567c11c5cee7240eaf8acfb7b6c17b66146c451d5e026d692c0f0
test,test,staffordshire_bull_terrier_77,35,2,23,476039b7ec1b30ee00c19f632daf779afeb87d5eceb23ab7dffbb1410133e02b
test,test,staffordshire_bull_terrier_39,35,2,23,47e7dd70ce84ea6b629be712ad5f85ac7e48982e64a7875c951da85839708e99
test,test,staffordshire_bull_terrier_80,35,2,23,4888d40179b88c737c94c66dd4db5bb339a54c8a23787236090b2f471f443c90
test,test,staffordshire_bull_terrier_50,35,2,23,48fcc32df3af3b53fd66441272f3df797e6c14d68f5299139652af6f1dbafa54
test,test,staffordshire_bull_terrier_20,35,2,23,4dd8485658ec06b9fb640c3f967a61c4369297d0d6c98a317f11e4da0c00495d
test,test,staffordshire_bull_terrier_53,35,2,23,52ff318db97cac5cb18fe13180ac8944c4c14ab6b39f49fd0c4961877ae43e09
test,test,staffordshire_bull_terrier_74,35,2,23,5390107c63e08503a008217e66f3e9de6276c3be61fce14e7301950dc9012cae
test,test,staffordshire_bull_terrier_47,35,2,23,54cde59424f6bb8217577ec276a2eb17d0cd874abc274a957a8bfd35976a0c52
test,test,staffordshire_bull_terrier_63,35,2,23,561046565c20ecfc16df690e0c957dc5455fc258c10299df1708253cf97ee255
test,test,staffordshire_bull_terrier_64,35,2,23,5668a0abfa9baa2465499505d841018285f34ced4599b4c121233b33fc53fc04
test,test,staffordshire_bull_terrier_60,35,2,23,57446a5f9bba9613e847196675df1ac0612af16a6deeee8a6fbf1ba9b3493f83
test,test,staffordshire_bull_terrier_72,35,2,23,57c4b1b0db1f30c3f0d65a99fe77f8b6b289ad861b8a9952584a8d6fc5a0ba61
test,test,staffordshire_bull_terrier_55,35,2,23,593230df037d34e38727c64a945f2d799e94728df9823ba0ce76699c185e24b7
test,test,staffordshire_bull_terrier_97,35,2,23,63c10c7256f0be3163f2ff04da95d39c63b1f6862067818cab1c789b116ee1b6
test,test,staffordshire_bull_terrier_59,35,2,23,65e5068b3beabbafa0c4148de6b20a1ef7aa7993a2005ec9365a5e76bd76e190
test,test,staffordshire_bull_terrier_99,35,2,23,673f0c64484958c70283c096d2882b6ba8465d9a7b8430f40430715bf24409c0
test,test,staffordshire_bull_terrier_40,35,2,23,69430da11ad95c4a38489ab5f4dd9d8529fa96169d0752b37c235ff46b419121
test,test,staffordshire_bull_terrier_66,35,2,23,6b097b33af15bf9c0887587dc563c1003baa4097546b0682c7d6cdaec752e79a
test,test,staffordshire_bull_terrier_92,35,2,23,6b1cd2b3700e44cefc4873ce9a0b66a9fcdc90e58b4cb9fb0219820a7b1c9cbb
test,test,staffordshire_bull_terrier_32,35,2,23,6e1f4f12e65b79d6f08c887969eecbc0b7705f65cb5371ffb81b491d30e9bf7e
test,test,staffordshire_bull_terrier_98,35,2,23,6eedf9619c2531f2b59d90494f471ee5e10d812688459759fe8f780b6d2f833f
test,test,staffordshire_bull_terrier_45,35,2,23,711dd2c3d8beb6b47c95692b3a5f5905b2318c6f1491bb4e461c5a0f9189676d
test,test,staffordshire_bull_terrier_84,35,2,23,73bfc665282922cde7d676a087b4c657533621205fed4351c620d122114e7be8
test,test,staffordshire_bull_terrier_42,35,2,23,776fd1baa67a0a0365fdb8cb33e24585fe2df3edc181eca748db945a86f3145d
test,test,staffordshire_bull_terrier_58,35,2,23,7d263433cbc1c743d039fff053e8c66e02256ce617e1cd15984146b535bc433c
test,test,staffordshire_bull_terrier_75,35,2,23,8166f41be4c5a53f99403b7d2ab29e22b2bd9db4bb2a361384113d689122b88b
test,test,staffordshire_bull_terrier_65,35,2,23,85ead64ec93d733e5128c2a4f2da9c5231ec0dc91872fa33c358e23007542783
test,test,staffordshire_bull_terrier_26,35,2,23,8a6891ebba2d61449439dd5a4d2cfa44940e79b75d772528d82108e513dc7335
test,test,staffordshire_bull_terrier_33,35,2,23,8f15f9754a8ee5debd0f1b6f932cd2448a48a69d4daed70ce073f82ffdcc4ef3
test,test,staffordshire_bull_terrier_68,35,2,23,91da836308936667d68ef4875bc18649f341adf70546605b121940264144373b
test,test,staffordshire_bull_terrier_9,35,2,23,9931736162f0501ab51c3f4aeeeb797d2730ab1b8a8e607cb2e5cb9dea6579dd
test,test,staffordshire_bull_terrier_70,35,2,23,99396b5bafe9e43ad99d2c88b1b68ec3dfebf75d1892e738998faf634650f8a0
test,test,staffordshire_bull_terrier_46,35,2,23,a225b5d281180e03695239e6321688bc21f3e215cd7454d76cfd72b28ef472c3
test,test,staffordshire_bull_terrier_82,35,2,23,a2c0a459b1c250e848ad4826083b9b3e63807b564c069bf7c2c4cf491673b98b
test,test,staffordshire_bull_terrier_61,35,2,23,aa3abdc2d71e2cc9b5b1959109e24e4abe7323e415222bd5abaecdaa7bff58eb
test,test,staffordshire_bull_terrier_31,35,2,23,aaa138af93ef39d3b7a0259d83fe990beb53329409f217b98481d724e2b0e589
test,test,staffordshire_bull_terrier_23,35,2,23,ad3564bd7a8339924a095b7ed7b2154d1e4c4769af2372e9083debdc1e3f9787
test,test,staffordshire_bull_terrier_35,35,2,23,b1fdf43e44c73c034db5eefe0aebb8971ac194be8d119589ecdbde08a9ec9e53
test,test,staffordshire_bull_terrier_94,35,2,23,b4ef4cec584fa43341010daaf0b682a1e0b251fed41f52de75da263b5f615fd4
test,test,staffordshire_bull_terrier_93,35,2,23,bbfcd3a11a6567d30c6f1031620304df11dec2e5515ec3da7acca77133935e67
test,test,staffordshire_bull_terrier_91,35,2,23,bf332b76101d7bb3413bee5aab45ec38c97df68581081c0e5ab104ff82424d68
test,test,staffordshire_bull_terrier_76,35,2,23,c0cf557d93e5e745ae21889bc48e08afb0eae45e25dd909122deefb4b32a9b8f
test,test,staffordshire_bull_terrier_57,35,2,23,c1a12b4f494083019b8eeb1c4761c7a542b575854e8400db1a9cf1c91015ff6b
test,test,staffordshire_bull_terrier_52,35,2,23,c52f7ffd1d534c415306a4ee398ba58d991dba031fb55af7000c6839672c7572
test,test,staffordshire_bull_terrier_71,35,2,23,c8e2cc9dad0bc6fc1e86a6bc6b2d020f58aeea0f7d4e9adc663104fee96b16d8
test,test,staffordshire_bull_terrier_85,35,2,23,cb3140d7113e4b9907041746aa06c7259f97ec3dd9aa7011196a0de0505ac2aa
test,test,staffordshire_bull_terrier_37,35,2,23,cca9c8d8f8da6f732008a2d001d5a22fbeae027add84b4ab1661a3de3e24e5de
test,test,staffordshire_bull_terrier_201,35,2,23,cf98bcce235a5d0cf317390c5f3113a36c22523cbe10a8ed29751db67ca26319
test,test,staffordshire_bull_terrier_8,35,2,23,d064cad76b42f3537f41adc96ac4edc7841e0519e9857f2cec2ead5c479dbe27
test,test,staffordshire_bull_terrier_7,35,2,23,d145a8892a9945124dd53720a59de02ec48280dd93b25a8b9bd2396812a91a60
test,test,staffordshire_bull_terrier_41,35,2,23,d436af993e320a8e4d807161d31229193d1ea07f6081873737aadcc0d4982777
test,test,staffordshire_bull_terrier_62,35,2,23,d8bba5a57a41b5c5d6f27bbc0ece2a7c45464b3e0f9db021f59a6ead7d7eb269
test,test,staffordshire_bull_terrier_81,35,2,23,dd11b50edb043d585091aa23ca5e95769e1bdcfb7bb1842d3f4e0745d68f3aa1
test,test,staffordshire_bull_terrier_69,35,2,23,e117cd0db1dd10c16f3cfcd0aacc4a2915f37213149d704755b6641ec75897e5
test,test,staffordshire_bull_terrier_44,35,2,23,e74bcc2bf8e1d1222df8b20db1ad0524dc192d0961b188cfb14c0e31fcb24436
test,test,staffordshire_bull_terrier_51,35,2,23,e924ac7f855c6444e433ef6c9016b21f6aac16baf44017f4db4bd6eae59191fa
test,test,staffordshire_bull_terrier_5,35,2,23,eb1a8b81f3c22d9dc36d085e58edc3b13ca5c635d6c5dfb3d506a30ba32ff3cd
test,test,staffordshire_bull_terrier_78,35,2,23,ebd2892227cca7bb938d65f6fb520e1bcdd261f4cb29c42e52a507959d6c4be3
test,test,staffordshire_bull_terrier_34,35,2,23,f125ec5649f29034646d118e0d232964f33c00efd48d35f560350a0d0feba90c
test,test,staffordshire_bull_terrier_25,35,2,23,f72a0bbce03237482394d9cadad0b4750d4a00f63aff6c907d3f48f7e7dc90b2
test,test,staffordshire_bull_terrier_87,35,2,23,fb79923908d692310a83c93aa119cd4188773daee795eae1dfeb849f13005691
test,test,wheaten_terrier_74,36,2,24,086544bde0ca10fe040b5c2e90caf36a4334dabc6dc73a834a0686c910e9f5da
test,test,wheaten_terrier_200,36,2,24,0a80dbac3e6c3172a81afccf227156a3e24e40e493df5e23092b836832134af7
test,test,wheaten_terrier_97,36,2,24,0b4e0ee8b1763a4125f05e74934422c1d7ce153823ab7135f0b70adc8c045a4b
test,test,wheaten_terrier_88,36,2,24,0cc0793e7913ac57b56be6321cac657e73b77e537105b67289428c612106ca86
test,test,wheaten_terrier_79,36,2,24,10244a467ddbf5cc46392196001ce547f408e922a0a0602867ac8e3889b43179
test,test,wheaten_terrier_3,36,2,24,103572352e5b7efc70ef619148744195709c88d4ea59a37cf645ee1f424795c0
test,test,wheaten_terrier_85,36,2,24,10725b8d3ca9554b3cef69fd7c6567da212d6fe34943374c2b0f4f79e23d0ace
test,test,wheaten_terrier_70,36,2,24,19d30a9ddc46e48e03166d8fd072706c2988f5064fb7fbe6a1beececf2d6120a
test,test,wheaten_terrier_41,36,2,24,1d083b2b60bc0d5909090f5dc5b67272a6c3103e8f3fc302b9580ebce6c40ad0
test,test,wheaten_terrier_90,36,2,24,1d42b55805b13b12d0cd7fa6da99a1c1d1bf9b98b874871cc666920512ac5368
test,test,wheaten_terrier_55,36,2,24,1fd44b3150cb42e135f44ab2c99a6fb98b65b02d7d3b41727bba44382f5e1891
test,test,wheaten_terrier_96,36,2,24,236ed71a2acaaeb944be2ddb95509120e86903cc565765bbb2f7993f8f3b028d
test,test,wheaten_terrier_196,36,2,24,25d61c206e1648fd2957c27a48bad50e8ba27f894ccb115b68bc9afe58d92f4b
test,test,wheaten_terrier_56,36,2,24,277fd2c8ff267b0577d83a45cc679e1a676b775b297755d38c2286d7a69c407a
test,test,wheaten_terrier_91,36,2,24,297e9e4ff1f8ab1cfde9ea4122478244b0c139d1164d65c0a73a2b824b7de324
test,test,wheaten_terrier_98,36,2,24,2a035598418d0d908647c2ab3cdc130567592fdcffe9320ab8c47dd9625c5811
test,test,wheaten_terrier_53,36,2,24,2c8b6831a5c0757704265e953731373b9707ad9b0e44635581367ac8ffa5a9ac
test,test,wheaten_terrier_1,36,2,24,2f9258594eadd5402d13698f7c4273a516fe5a1fc81138155396625ae12356d8
test,test,wheaten_terrier_38,36,2,24,32e47c6b577545fa5a36e715ce1356dc5afa8cefc6d168b8659f829a33b43217
test,test,wheaten_terrier_22,36,2,24,33fb58a45dccb6aae312c33aee3e36d4c35af4aa6a812a8cd8a1a8a44f057b8d
test,test,wheaten_terrier_20,36,2,24,34698a19ee4d642268788afbaf2b73183b9743952a44f20528820711e2982886
test,test,wheaten_terrier_37,36,2,24,34ad7c485a7ee6fb2b5590ea1e184e16fa4bbac568610297d7f2a3c8f98b92fd
test,test,wheaten_terrier_197,36,2,24,3575dd1a7826321dabe4b7c74c5abf8f0420252321739da892a87403095263f0
test,test,wheaten_terrier_30,36,2,24,381a9f0f736f10177d77a6f06538e4e32b56c7328fc45ea892b19eb1262cd8a4
test,test,wheaten_terrier_26,36,2,24,39145ee47f5ea6a7f3c8cd36b332ba464a9586c9a762144c020cf3a75a0c5970
test,test,wheaten_terrier_95,36,2,24,3b17c74cceb57fd69f5ded7b365a460224e85ae98601e76d07ccdd12321f9209
test,test,wheaten_terrier_194,36,2,24,3febc4b01a4137e378fa715b1105df980e31805b84357942eca67db641c8444f
test,test,wheaten_terrier_5,36,2,24,417823c40d5b2abf142e01f2d5592cc794bc0c01f93b7023cce0766b9d02574b
test,test,wheaten_terrier_72,36,2,24,45c1b5904cec6d83f624c0fbac4a5dc787616f6b45d7245f6a307747044a784e
test,test,wheaten_terrier_62,36,2,24,45d9becec39ddd42a768372f14ee67a804ae18989246ad24133214aa0eba6efb
test,test,wheaten_terrier_9,36,2,24,4665ebdb5298e73303e8d6feb1a99547c0a3b0fb5dacb783b4c00b4f31992c21
test,test,wheaten_terrier_64,36,2,24,472b8f82d77180e90ba5f96248235c3360ac45cc39526692868be54dc907c629
test,test,wheaten_terrier_94,36,2,24,4dc816da96cc0c5b8bb43c93871011641f913b90c33fb4b6123229989940f3f7
test,test,wheaten_terrier_36,36,2,24,4edeee61f845ee34c751ad9b4c8386e367661f229c86155d8e21939cc574644a
test,test,wheaten_terrier_23,36,2,24,4fd0a5b1906ea2bda8b47297ec4143a3652fc989ad85871f6a2e285d5f99046e
test,test,wheaten_terrier_39,36,2,24,534e42edfd7f27b728b781785d63cab3eff5cdd986f26c8ca9c27e7f79e8ca82
test,test,wheaten_terrier_86,36,2,24,5561fd89eb0bfef8c8712ef9ef049e504bfb0c2f1a8de8d053d8d38ddbe55de5
test,test,wheaten_terrier_34,36,2,24,56a7226d5ef82903fac2929040d591a6cf25181dd74e3f4987d2da2b3c62034d
test,test,wheaten_terrier_50,36,2,24,58b03d28a854d00934500ff82743e83a83520b16a7d4f2aa7c31475b9bab9351
test,test,wheaten_terrier_60,36,2,24,59464d5312b3a9c7c320173bb09ef4335059b396952681ecfc708cfae62cf7d3
test,test,wheaten_terrier_84,36,2,24,5bb80714ad4cd21ae8a831a2b96350088de9f42563974ba7a6e3f94cd40d059f
test,test,wheaten_terrier_191,36,2,24,5f4316342d6887ea85891e31dd82e3a25d8b96e956ba7275e6e997fa4ad4b83b
test,test,wheaten_terrier_76,36,2,24,6006e6de10164252107014aa2ab36f4a12419b2a4cd26036b56a0f4c60361292
test,test,wheaten_terrier_93,36,2,24,6208361d90e1f53297960f85eff3b222ae7db3fb6d5e61202c361780ea061b82
test,test,wheaten_terrier_57,36,2,24,642254c82db5f44c2d64f9a621285f99604dbfdbf9bb734bd2a652106379c84b
test,test,wheaten_terrier_31,36,2,24,6b459870020f7fd5f47cf2770108ae46310175be191c076d9851ae1cf28dc37d
test,test,wheaten_terrier_66,36,2,24,6d956a8083e7e13992271a618e15bc741e1f6f264c1d8db98f8e536ad9ac028f
test,test,wheaten_terrier_46,36,2,24,6e2a2d8f57f5f8bfdcea3332b2b5f6785cd042bfc4a23f6dbb38ab72a28c2a96
test,test,wheaten_terrier_33,36,2,24,73df570fef1d1fee5727a5ab77a6ac4cd0570cdd24e97df37ae80026c6fc0008
test,test,wheaten_terrier_59,36,2,24,78034900fec7519058daf32ef3ca6148c76123f049590d3547de5d470b3f6008
test,test,wheaten_terrier_2,36,2,24,78a352034f1fab8e47e808badccaab9457eb58526101fa44748cfc00f3b762cd
test,test,wheaten_terrier_6,36,2,24,79d218d13c2f980ef69d271657114c9c2faf89d6e9b5f63bacbb747697aad567
test,test,wheaten_terrier_65,36,2,24,7c0249e4bc6b0292667d7c1eaf07b9c0e7af52d48f1980384193f0b65958f85a
test,test,wheaten_terrier_193,36,2,24,7ec7db19d277342e2eeda4a7cf185aee53d5fa5216510ab435e4b6f92ff1b192
test,test,wheaten_terrier_69,36,2,24,802fd2fd80cb00ec67e10c4355db0583d5c34050c614104a6f5208da042783bd
test,test,wheaten_terrier_44,36,2,24,809a4aa610821de5bada30858301dbb0beea21021dc652e7ed473565e3a0856d
test,test,wheaten_terrier_43,36,2,24,8453ef6524c6dcaebdb34a355b6402f54d758d3e8b245ca2955c4088d32d2d03
test,test,wheaten_terrier_192,36,2,24,88420a439eaaf7eca6bf4f0697b0072d277065d2f9c5b576cf5171c31161bb7f
test,test,wheaten_terrier_21,36,2,24,8a0e2ac65ec2dbe88eb1e11df4a40c8bbe2dde4722fc5bd34d965f19cbab416b
test,test,wheaten_terrier_45,36,2,24,8f23975d75408e85f7b2338f8580733c29c4db564d3fc9c607f165dda2ec51dd
test,test,wheaten_terrier_83,36,2,24,93119cb353a91541ba4f8a1f137c60a02bb9f6286769844bf66c6ae433759c18
test,test,wheaten_terrier_58,36,2,24,9a021bd2867b0923f6785df9cd01abcc6614e7c118a836a3876643fb1d95974d
test,test,wheaten_terrier_49,36,2,24,9db2b1da8d3575dc634e78858ddfe6f7226899cd0a56badcac4138b5e8b5c87e
test,test,wheaten_terrier_27,36,2,24,a2f064901a7c10b0bfec3eb557e4c54de33188c8c7383789c7827ef0030bd42a
test,test,wheaten_terrier_61,36,2,24,a564a7d8918eb7681034c7a612fdd1275634b401a5bdcf01834034373f15c830
test,test,wheaten_terrier_92,36,2,24,a63cf37e87664dffdbb91ce7fb9a1f8d2caaddb4fb50a77f988bafac8b49fd64
test,test,wheaten_terrier_68,36,2,24,aa001c41d7090aa5a6c26172222d9fc64bd4ae6d84b36169947abab99e4312c9
test,test,wheaten_terrier_71,36,2,24,b2d054ccd147cfc6f75be3d432bf4f3604f8836366855b27ddd47d0adf4e3685
test,test,wheaten_terrier_8,36,2,24,b3d55c89f6bab3e2526dfbcddceecd99b81afaa8bdfe555afca5e71502c1b57f
test,test,wheaten_terrier_89,36,2,24,b5b7c1c2a2c67dcd1456338b518a9d199884c98b55a8e8f63ba9738b1e6d6be8
test,test,wheaten_terrier_78,36,2,24,bd550a580b3e64fff0baf9042c03ebef4b50d909ed7d996997910713372fdbf8
test,test,wheaten_terrier_99,36,2,24,bfe6e08e4e0d98cc3d78d3ba5a8ed370c7a07b7920704e9be33a9267c38aa84f
test,test,wheaten_terrier_87,36,2,24,c23a8dc43e6a2fed55032889af33ac575e2639e38bacdcf2747381e1d77609aa
test,test,wheaten_terrier_63,36,2,24,c8138481d4a6762e4f7f08c871d4ebdbd2474f3f7dd5a3b56dfc82154c07eab6
test,test,wheaten_terrier_29,36,2,24,c8cbaafd92fa7be855db5ee67001a3d4df88fcef8745b3a51ebf1c75dd56dbbe
test,test,wheaten_terrier_4,36,2,24,cb81fd3f4f5b57a8097dd342774aeb00e73600c8df74ad58821a62a1b9a37b27
test,test,wheaten_terrier_47,36,2,24,cd2186961259a05480c9059111de34f761c143655efee213041d683e6fa3c82e
test,test,wheaten_terrier_42,36,2,24,ceea3e26c1f4a0a4eb44f46185da01dc9957be9a908d33f898ef545e3021eaff
test,test,wheaten_terrier_198,36,2,24,d01183939d44b88fbbfee1b9ee9cf8e7bf80653cfcad71c574be74e80a69a1a6
test,test,wheaten_terrier_73,36,2,24,d02651eb07e5975b4ec057c02ea9eb2b5ab9f78a49363b6ec8c9f7072a05debb
test,test,wheaten_terrier_7,36,2,24,d1897959b54161b1283b089afd6cf33349fe5a12c0210cb19a179ee151a658a9
test,test,wheaten_terrier_51,36,2,24,d6ec7ca0d8b3455160aeb274031aa22b81ff92fba9b905955066200bc7fcbad6
test,test,wheaten_terrier_80,36,2,24,d7347e3c5273a1b06c8246d18e24a3b1fd030bf4b03cc05edab29193f95ba6d4
test,test,wheaten_terrier_75,36,2,24,d7f9c69f7dedc44e53e22eb7eebe1274f132bef55ed097df81b26fb7705bf558
test,test,wheaten_terrier_54,36,2,24,d95ac016730ecac902b459da94b3d9efe99446616bbab59d09bc8c9e0c83bab1
test,test,wheaten_terrier_40,36,2,24,d970dd0cd8b065b996af8557d13d1405de2c51147cc12089e02acf7a12053ee3
test,test,wheaten_terrier_82,36,2,24,dc524c82395b9efb3677f6ea10141f3f23fa0ef3ce05222f9a2571ec3b331691
test,test,wheaten_terrier_81,36,2,24,dcf528be9ac50f111533611c6e9f32b14733c4c8446a50f95b2512f0e9d04e43
test,test,wheaten_terrier_48,36,2,24,e1b542b0cc8248cedf01b2335b24bd10c754fe9641f3349cefb277c40a9be157
test,test,wheaten_terrier_28,36,2,24,e470d8e84211aa82cae0b249af2e858a664bc5a8c2ff5b686a6ba75c088e7ea8
test,test,wheaten_terrier_35,36,2,24,ec10679c1144e282c8163a8c3f4ff1cff7bf814a2194c38212f0805504e78385
test,test,wheaten_terrier_32,36,2,24,ef25f084737e154fec28f9841d92692ae7f46fbf460b71cae896ceb5307b08c9
test,test,wheaten_terrier_25,36,2,24,effcf39dffa278c4f6d90cd9d49025590bcdedd6880b9e5810a1eee2037368e6
test,test,wheaten_terrier_199,36,2,24,f0293e21d08954c3b7369b9f3e1a9955be628f0ee818923252a46db8cf577668
test,test,wheaten_terrier_52,36,2,24,f1316eada987f6f0ab788cfd77fec1b026d294e680cc1e9b4c73920398daecab
test,test,wheaten_terrier_67,36,2,24,f1d50c817eb216968b36e97032c25fdc1f0d2ee42c11962e2f96e0301f2855ae
test,test,wheaten_terrier_19,36,2,24,f1eb91898bf79b6dfadbbcaadeed11cb66b95301455b4056fd87223dbdcc5545
test,test,wheaten_terrier_24,36,2,24,f3cb2a46e5e9076a50b007af146b17d635425b64079d4d372b208486d1435340
test,test,wheaten_terrier_77,36,2,24,f90d2498e11c91c7e0ac6d702fa36540132901cb356f41ab417633cf47e405e2
test,test,wheaten_terrier_195,36,2,24,ff33b986c49c16950889f792d30a116db7c43197c101e75d44f51ce18867e0cd
test,test,yorkshire_terrier_5,37,2,25,010d0bdcf18e892222fdca5844ce4d2fb33ad4788ac7c1022453a30969f5572c
test,test,yorkshire_terrier_39,37,2,25,0527e627857b9931616edd9d712fb1451a53fc0b98e33b2b1023100d4ad6a97d
test,test,yorkshire_terrier_194,37,2,25,0737932a6c8a85693139bff2c7bf5c4e13fa2bfe8b8ca05e4c6eda65976d9451
test,test,yorkshire_terrier_84,37,2,25,09c95543df5e20f86fb22eeb74462a45f377992cb8951fc41d656c4b97a84f40
test,test,yorkshire_terrier_76,37,2,25,0c1269935a52774f24a2d1709ffaa87be8c4fa99a7ec6b91cd3692ba1b18c867
test,test,yorkshire_terrier_69,37,2,25,0c42ba9cae190a126ac477122eeb48c829f09cd6842a955efe6fb1a5972fe8f8
test,test,yorkshire_terrier_35,37,2,25,0d704698f85161043958c4f1f37d50482f59ff41657a75154d23c84d9f18d96d
test,test,yorkshire_terrier_7,37,2,25,0ea4ec8992a45fd89c95e53303792c48bd9c0639390a426577754b2905035420
test,test,yorkshire_terrier_4,37,2,25,0f8f89431d0c0264184fa3a9a843e9e1f62e2ca4942723ad2b1fd19a5ba6f671
test,test,yorkshire_terrier_19,37,2,25,1292d262c0465dadcbf1840bfeac9f006fb0d66e0286c87a92f2c5e23a3ff51b
test,test,yorkshire_terrier_93,37,2,25,12d1e50b8133f2242cce6281c8c380c61aa312f632326fe9e0a12538d01511b5
test,test,yorkshire_terrier_63,37,2,25,238402045bf3768b9728ca69c85ba960dbd4d530523e3aa868092082b0fa3037
test,test,yorkshire_terrier_26,37,2,25,268072625ab025a5bf4d4553c881e60f1171ca2aacba5590900731475fa8b253
test,test,yorkshire_terrier_72,37,2,25,2b88a69b9d96cd983398d25e75e46e972089df94392eb061f73fb06e4dcec16d
test,test,yorkshire_terrier_33,37,2,25,3c6e081f4efebf39e88597bac81d81d6f6b56af7e8c5b807ace6a085d380f400
test,test,yorkshire_terrier_68,37,2,25,3dfeb71f115f445f4379b33d7f077adb34c5f0d7e1d7808d127d0e03814cae29
test,test,yorkshire_terrier_85,37,2,25,3e1e6be9daa6adfa9139cacf941b261a9642cff8d45beae6e7f0ceadc44ff7ab
test,test,yorkshire_terrier_36,37,2,25,4374e689135ae49ec1c2597d506e7403db2b21eb6ae66ae8ff97ec412663f961
test,test,yorkshire_terrier_8,37,2,25,4378d28dbc53625e6c5f613bbc457708335e96ca9470a32c313f644b26898667
test,test,yorkshire_terrier_51,37,2,25,442db4ee9a071be23e4ad1754703f73cb42d25e34f96170a399f24a571fbfe18
test,test,yorkshire_terrier_73,37,2,25,448a97d7dcab196760821edc8c5c001fa17c17fe5d3d6f7b0a4f646e666b31b4
test,test,yorkshire_terrier_32,37,2,25,4492bfed9c5603563999ff37d5582d8d0db71208df9e90b48ab00670a6141bca
test,test,yorkshire_terrier_27,37,2,25,4b974cc7c4f8c2ebf0116870af0b877c96165a3f0711a114f5dcea517927c1d6
test,test,yorkshire_terrier_82,37,2,25,4e56c3bb36f720a614eac7c68e57433bacceb7d6a04de132bd5304d195c67719
test,test,yorkshire_terrier_38,37,2,25,4fc3e3c0f6ee11d8c215e69cd22e9e5d05e649f9a82a83254d06f7d4dfc417e7
test,test,yorkshire_terrier_53,37,2,25,543d038166ab3f0ae03e51f1b815d4a7afded40401ef8f59b85a5533befaa0e6
test,test,yorkshire_terrier_199,37,2,25,54972dcbe7a4abf6c988a6ae92422c73cf2cc6f60ac020cbc7e650b367447b18
test,test,yorkshire_terrier_64,37,2,25,5549b96f6cea7f8c566d1afee3690edf42f51d3cc8c2c41da6e884fe1a580e66
test,test,yorkshire_terrier_191,37,2,25,58f17cdf8aef5d05f8f2f1cc11c694ab20f20b3430dfe17cfa3c1df01c278531
test,test,yorkshire_terrier_97,37,2,25,5c85c3fd1c1d8f5593dfdbf7e649377eb118e06c8bb5f78b1136ad6e472629aa
test,test,yorkshire_terrier_24,37,2,25,5cf00cf0c28d05dc9c9a8ce510fa5d8271ffc6d89ae059cc4585fd349c8810d3
test,test,yorkshire_terrier_193,37,2,25,624498a6beb39e13f224a8bdaf5e129551f2d126dd6dda438c428387b8d52d94
test,test,yorkshire_terrier_92,37,2,25,63d56fc27b42ba97dd9f5df97e177c76926e431514c4483c96b005630ca0165f
test,test,yorkshire_terrier_192,37,2,25,64fcbb783e0b017a7f9c8b33c4a75fa5e913b9cbb4f1553825f2b1f868098dfe
test,test,yorkshire_terrier_80,37,2,25,660938ca1a93d9f8dbb3d2aca1b864c0d7b5f4b4651dfba36f89d7985c971010
test,test,yorkshire_terrier_54,37,2,25,6769bfab12211cc9da004342112b2391d788b63f360eb9bc9131fcb20598d5fd
test,test,yorkshire_terrier_66,37,2,25,695aba4d6efd36173f234b532bcd795154393a4283c487d3f8c0015215e2fa1d
test,test,yorkshire_terrier_94,37,2,25,6cc3ba25a4ba0ad04bc9bbb79948276597028ef23edc544a67424abfc04dd3a0
test,test,yorkshire_terrier_52,37,2,25,7143952c4419dabfc4f26f0bbad1df4040599b4dadd5b31e3376c5b3c49ddc14
test,test,yorkshire_terrier_88,37,2,25,736bf1ae56ecdd965901cf017cd2c9d28fb58641ab7bea6b464df6bb7c651ac8
test,test,yorkshire_terrier_22,37,2,25,7464978c5e389f9523d372e6992f0f78cefec698b88c9b03875e6239b31c67c9
test,test,yorkshire_terrier_61,37,2,25,75f5d35515915f93ee728cbb245ea0559bb000903188afc004cab4e0d9e03cb1
test,test,yorkshire_terrier_55,37,2,25,769808b38b35c09337dd76f06e3b4b004931f73ed833fa67b866f39ed68cee18
test,test,yorkshire_terrier_71,37,2,25,775307aba67c8271295c52ee116a64595ba91e3fc4ea30d6dc03a4c31c57fc35
test,test,yorkshire_terrier_28,37,2,25,79b97f78aac2bf8b64254a789444eafb77bcaff9eaaf38632908ab51bca70539
test,test,yorkshire_terrier_195,37,2,25,7b2444f18be49cd6c529dc87583986eea203ffd91e6336107bc76b4bbefcde71
test,test,yorkshire_terrier_9,37,2,25,7c416ab9763a3f86aa5ab55cec6a1a8fd28b3f5a06323f1850c38eeb1f5f4655
test,test,yorkshire_terrier_46,37,2,25,7ea674be2319966ee0affa72e071b09b40bc4166ab66dfd4d96feac3b8c18fdb
test,test,yorkshire_terrier_58,37,2,25,7eccef516a4eb6db04eb8e8ef67cb340e8a4c821f5bb4182155b906dff946bd9
test,test,yorkshire_terrier_21,37,2,25,8047dcb23a42eb7adb12a0c4babc3171ca1666a4472367c8a0f288eb9f53883f
test,test,yorkshire_terrier_50,37,2,25,808a6b350912fb8521ea16d3afa1c5acea8b161d5dfff8c2c1d8d90bc0e00b6f
test,test,yorkshire_terrier_30,37,2,25,814d09efc4e9e0db8216abd9ef783674418873748afbbc82d030d9ff20d5b679
test,test,yorkshire_terrier_2,37,2,25,819c44bdda30e38c650b0491c97caa7badf1bf552a737b2f650317843af4838f
test,test,yorkshire_terrier_87,37,2,25,81e0775432f06fb3731e2856411d27cd95e05b7271a15d1c3772431874283c30
test,test,yorkshire_terrier_96,37,2,25,8353c609486c404736004bd4e9e630eb060a5c819a5e4be3ebb624cf5525f6b1
test,test,yorkshire_terrier_1,37,2,25,83d3b82e397e9dcc3a2ae4698dc66d2a3e29e16be94598b6337b58ba4a99e300
test,test,yorkshire_terrier_45,37,2,25,83fd27fdd4d09c94592ac04426c8a859e93301936f3fbea9fff8b220d529039a
test,test,yorkshire_terrier_42,37,2,25,880a4c87b1eded56add93411408a9b6ebb0b44eefb3b8a4c296f92dd6445fd34
test,test,yorkshire_terrier_198,37,2,25,882a563720ced21dcf422aed0553a96f3afd54187a6168999bc3318ca6cbfe12
test,test,yorkshire_terrier_37,37,2,25,8cdd61dda8abebe094c80a9e453647877641831a6e1bc91c8e4a287f81b15ee8
test,test,yorkshire_terrier_197,37,2,25,8d2bbcb5f59984b664dc1666ca1faea76b87d1c22e57dc4e2a535cbca3bc0714
test,test,yorkshire_terrier_81,37,2,25,9002aab9aaa7fa04149e49cf1213fd5fc855a9d4c6ebf7182866e0fcde6c3d5a
test,test,yorkshire_terrier_41,37,2,25,90f2d81128bbf20685adb9b4c562711e42aa3781379cc7eb582a903961eb648e
test,test,yorkshire_terrier_6,37,2,25,961902919fbd42dbc30d2d7aedeb106d0464a28f39a9a188991edbda84a52cf7
test,test,yorkshire_terrier_78,37,2,25,985bc82ed28c75a51aca8ac72c475e0467ae8f4438f09b1dca3491a1ae4befe5
test,test,yorkshire_terrier_90,37,2,25,9ce4be569c5c56f74d06357ba1ab6e8900f7a4fc29e6ec1af946163d47bc658f
test,test,yorkshire_terrier_56,37,2,25,9eb37c97bdbac2ca3c59a2eb162c3523677371a8f4c571ad05052836455e4df1
test,test,yorkshire_terrier_83,37,2,25,9f4d64a502daa90f5229cbea44b1ba2ef82ccddfce17f000c9a9e41baebcf86e
test,test,yorkshire_terrier_43,37,2,25,a2fb9e89bc3049ae752a0889f8f193e06976aad32505ea2688eff942483c6308
test,test,yorkshire_terrier_23,37,2,25,acd42885311ec8d6834c42130a92786375fdb6cf336960f32d9a30d27324f522
test,test,yorkshire_terrier_200,37,2,25,ad64ffa57b86fd5dd983c472c8be841c86c86230cfe51107afa73502b20211d4
test,test,yorkshire_terrier_75,37,2,25,bdd83eb93cb743e19b43b7b3100ca56d5d8f4c3e07636a26c8de7a7d4033271b
test,test,yorkshire_terrier_196,37,2,25,bffd197ec4f907070802bb4011a2ab8e9e7f0cd7d758b829860d0823802e847c
test,test,yorkshire_terrier_44,37,2,25,c0ebad0384bcde061cbdac4d22533c1571278020520f0d9a6c59742cccbbf419
test,test,yorkshire_terrier_65,37,2,25,c30a3f9c9a21e5efd9b0d9626ece3234c5dd85b0869b42d49a981f0777280fc9
test,test,yorkshire_terrier_89,37,2,25,c38adb90a484b506c5798fd1628b662a455b198acf206a3a82ebf1e7a915fd1f
test,test,yorkshire_terrier_70,37,2,25,c57cfb3e2d06eab264a3e45673bfdbed7350d239adcbe7ea1b3e38197e621452
test,test,yorkshire_terrier_79,37,2,25,c9fb7044f62ad3053c3df466352cfeb05d4eb2348ce5d2252f2c27315df5f5d3
test,test,yorkshire_terrier_47,37,2,25,ca6b0db3075af56e02a6ea5e00457bb299b0e5c568175e2be5eae2fb22629cee
test,test,yorkshire_terrier_49,37,2,25,cf577c1abf5112612bfc3c448f3d09df3b1759ec1e07925d3ba82f2df9c18ce0
test,test,yorkshire_terrier_99,37,2,25,d07adc0d644434199d7828587c7e6ecaaf21187587fae2e4669a1bf6ac780dbc
test,test,yorkshire_terrier_20,37,2,25,d6a66dcc643ec5d4165b7e8e1556ecdf069ce2f205ca34ecb425299497c9bafe
test,test,yorkshire_terrier_74,37,2,25,d701f96e142f5aff7d6056a052300057f4ba92ec908bbed885b4168b3e1e3e17
test,test,yorkshire_terrier_31,37,2,25,dc6714db27679278678d9e52f003fa5d87433a5334852ad2d8bcbc4b4750f9ec
test,test,yorkshire_terrier_86,37,2,25,dd07351a6e7f7db612e32548de24a981fd452947939927aca429d2c67bfa0ac9
test,test,yorkshire_terrier_29,37,2,25,dd38ba5adae7b27d4206d6a71e7e0d538267f55b04ee6158b3ff03904bf4f29f
test,test,yorkshire_terrier_91,37,2,25,de11f4723fca56db1fed3380a22ec13ce3460d50653a1ec7dc601075e6b4394d
test,test,yorkshire_terrier_95,37,2,25,de520dc4d8224098e1d41c19147ff439563abc89fe6a0d0e4a0417781a0eec99
test,test,yorkshire_terrier_60,37,2,25,e395c8eab876ed7e7bcfefd2246b1783f20388dc4cbf55754f4c5fd5b922eb3d
test,test,yorkshire_terrier_77,37,2,25,e3da1d797de61cc6772dfaa7cf271c7f33c21f368929ebb4c72f212dab22e8c5
test,test,yorkshire_terrier_40,37,2,25,e544e2e776d573ce6a2007f6cfb3e315c5b4e7c586cafcc8aa2c7849725ea027
test,test,yorkshire_terrier_67,37,2,25,ed70700fa2358e580d2b226d26c3b2d859b65a2d422fd857560ed97b720fafdf
test,test,yorkshire_terrier_48,37,2,25,f149ff47d3203855acfc3611e197b146a31a7fbe8523deea32a5ce9cf64d06c9
test,test,yorkshire_terrier_57,37,2,25,f501c4578f396ca2894469ab15b9abcd733ad9e0117efd825e3c2a970b08168a
test,test,yorkshire_terrier_98,37,2,25,f9b2a7a9e7817652760a2b43f170b0772c76daac61fa2681f6a4ec36598d7b1c
test,test,yorkshire_terrier_34,37,2,25,faceb60e2178aba340dc8c143355d68333986290c57b20bde2cae6972f34906d
test,test,yorkshire_terrier_62,37,2,25,fb8a4cb52f8ec7ad2ab3df9a8358908c06b01a7a639d455762bf86812793f1a2
test,test,yorkshire_terrier_59,37,2,25,fbf5ec142a8fdf5444badb19a3c0b1332a1ec00b3c663710b0b386e0281c8220
test,test,yorkshire_terrier_3,37,2,25,fd1d40c1e0c6ba283b624d77f24a067e84cad02341230c901ee4e111e7da37ec
test,test,yorkshire_terrier_25,37,2,25,feb8937561509a4443e6867eaa1d9b77b062464fc1c8d335eff249c8950ca302
