analysis_split,image_id,class_id,native_h,native_w,native_beta0,native_beta1,resized_beta0,resized_beta1,native_foreground_fraction,resized_foreground_fraction,topology_preserved
train,Abyssinian_145,1,577,800,1,0,1,0,0.227781629,0.162658691,1
train,Abyssinian_146,1,500,333,1,0,1,0,0.482972973,0.3203125,1
train,Abyssinian_105,1,375,500,1,0,1,0,0.213674667,0.160583496,1
train,Abyssinian_123,1,333,500,1,0,1,0,0.329387387,0.218200684,1
train,Abyssinian_172,1,712,768,1,0,1,0,0.395955861,0.368896484,1
train,Abyssinian_128,1,375,500,1,0,1,0,0.273536,0.204650879,1
train,Abyssinian_176,1,467,400,1,0,1,0,0.46503212,0.399475098,1
train,Abyssinian_136,1,500,333,1,0,1,0,0.421267267,0.280334473,1
train,Abyssinian_125,1,359,500,1,0,1,0,0.281977716,0.202148438,1
train,Abyssinian_19,1,352,400,1,0,1,0,0.402890625,0.356628418,1
train,Abyssinian_12,1,500,335,1,0,1,0,0.26280597,0.17590332,1
train,Abyssinian_138,1,333,500,1,0,1,0,0.367273273,0.243652344,1
train,Abyssinian_158,1,375,500,1,0,1,0,0.364362667,0.273681641,1
train,Abyssinian_16,1,335,500,1,1,1,0,0.288573134,0.194702148,0
train,Abyssinian_195,1,300,177,1,1,1,0,0.788079096,0.467407227,0
train,Abyssinian_130,1,500,333,2,1,1,0,0.370702703,0.246520996,0
train,Abyssinian_13,1,280,245,1,0,1,0,0.406982507,0.355773926,1
train,Abyssinian_134,1,440,500,1,0,1,1,0.543845455,0.479675293,0
train,Abyssinian_179,1,360,263,1,0,1,0,0.411121673,0.301208496,1
train,Abyssinian_116,1,500,333,1,0,1,0,0.519327327,0.344726562,1
train,Abyssinian_159,1,201,305,1,0,1,0,0.376119403,0.244995117,1
train,Abyssinian_151,1,233,350,1,0,1,0,0.189025138,0.125610352,1
train,Abyssinian_170,1,1200,1600,1,3,1,1,0.211871354,0.159179688,0
train,Abyssinian_149,1,375,500,1,0,1,0,0.3604,0.270202637,1
train,Abyssinian_139,1,333,500,1,0,1,0,0.239525526,0.158935547,1
train,Abyssinian_181,1,320,198,1,0,1,0,0.25959596,0.159729004,1
train,Abyssinian_192,1,176,300,1,2,1,1,0.348541667,0.204589844,0
train,Abyssinian_150,1,363,500,1,0,1,0,0.525333333,0.38079834,1
train,Abyssinian_133,1,496,700,1,0,1,0,0.390244816,0.277099609,1
train,Abyssinian_160,1,375,500,1,1,1,0,0.213402667,0.160583496,0
train,Abyssinian_1,1,400,600,1,0,1,0,0.171808333,0.114807129,1
train,Abyssinian_180,1,353,400,1,1,1,1,0.414582153,0.365661621,1
train,Abyssinian_110,1,319,400,1,0,1,0,0.619373041,0.493164062,1
train,Abyssinian_124,1,500,333,1,0,1,0,0.335975976,0.222595215,1
train,Abyssinian_117,1,401,500,1,0,1,0,0.390738155,0.31427002,1
train,Abyssinian_109,1,450,282,1,0,1,0,0.537793538,0.335388184,1
train,Abyssinian_106,1,1024,1536,1,0,1,0,0.335317612,0.222717285,1
train,Abyssinian_10,1,500,375,1,0,1,0,0.271781333,0.203918457,1
train,Abyssinian_148,1,375,500,1,0,1,0,0.384565333,0.288513184,1
train,Abyssinian_143,1,461,500,1,0,1,0,0.423127983,0.390258789,1
train,Abyssinian_11,1,288,192,1,0,1,0,0.268518519,0.177978516,1
train,Abyssinian_129,1,500,333,1,0,1,0,0.270852853,0.179626465,1
train,Abyssinian_113,1,425,640,1,0,1,0,0.22825,0.152099609,1
train,Abyssinian_164,1,328,500,1,0,1,0,0.099097561,0.0651245117,1
train,Abyssinian_190,1,300,297,1,0,1,0,0.299618406,0.297851562,1
train,Abyssinian_167,1,310,313,1,0,1,0,0.630835824,0.626159668,1
train,Abyssinian_182,1,375,500,1,0,1,0,0.353525333,0.265258789,1
train,Abyssinian_126,1,423,500,1,0,1,0,0.247711584,0.209594727,1
train,Abyssinian_101,1,313,450,1,0,1,0,0.292353568,0.20324707,1
train,Abyssinian_18,1,500,335,1,0,1,0,0.511271642,0.344177246,1
train,american_bulldog_194,2,500,461,2,0,2,0,0.367900217,0.338928223,1
train,american_bulldog_128,2,281,500,1,0,1,1,0.223145907,0.125854492,0
train,american_bulldog_117,2,500,375,1,0,1,0,0.372981333,0.279907227,1
train,american_bulldog_135,2,334,500,1,2,1,1,0.207724551,0.140869141,0
train,american_bulldog_121,2,333,500,1,0,1,1,0.11206006,0.07421875,0
train,american_bulldog_12,2,333,500,1,1,1,1,0.422288288,0.280212402,1
train,american_bulldog_112,2,500,333,1,0,1,0,0.414660661,0.274963379,1
train,american_bulldog_197,2,335,500,2,0,1,0,0.274877612,0.182922363,0
train,american_bulldog_125,2,465,500,1,1,1,1,0.534662366,0.496887207,1
train,american_bulldog_111,2,333,500,1,0,1,0,0.616744745,0.409851074,1
train,american_bulldog_166,2,500,375,2,0,2,0,0.658896,0.494445801,1
train,american_bulldog_108,2,500,375,1,0,1,0,0.268864,0.20111084,1
train,american_bulldog_180,2,334,500,1,0,1,0,0.48688024,0.326660156,1
train,american_bulldog_177,2,327,500,1,0,1,0,0.429443425,0.281677246,1
train,american_bulldog_146,2,500,375,2,0,1,0,0.556037333,0.416015625,0
train,american_bulldog_149,2,500,375,3,1,1,1,0.167317333,0.123413086,0
train,american_bulldog_133,2,334,500,1,0,1,0,0.438251497,0.294067383,1
train,american_bulldog_183,2,333,500,1,2,1,3,0.280636637,0.18572998,0
train,american_bulldog_101,2,334,500,1,0,1,0,0.285041916,0.191772461,1
train,american_bulldog_178,2,334,500,1,0,1,0,0.188742515,0.127685547,1
train,american_bulldog_13,2,333,500,1,0,1,0,0.765477477,0.506225586,1
train,american_bulldog_175,2,331,291,1,0,1,0,0.670528753,0.59161377,1
train,american_bulldog_168,2,375,500,2,0,2,0,0.384304,0.288269043,1
train,american_bulldog_179,2,334,500,1,0,1,0,0.573443114,0.385070801,1
train,american_bulldog_15,2,500,334,3,0,3,0,0.473413174,0.319030762,1
train,american_bulldog_164,2,375,500,1,0,1,4,0.251994667,0.188293457,0
train,american_bulldog_106,2,500,325,1,0,1,0,0.303175385,0.196044922,1
train,american_bulldog_189,2,500,334,1,0,1,0,0.729287425,0.489196777,1
train,american_bulldog_196,2,323,500,4,0,1,0,0.75780805,0.489624023,0
train,american_bulldog_200,2,319,500,3,0,2,0,0.390238245,0.249206543,0
train,american_bulldog_184,2,333,500,1,0,1,0,0.505327327,0.335754395,1
train,american_bulldog_142,2,500,333,1,0,1,0,0.709105105,0.471130371,1
train,american_bulldog_110,2,441,500,1,0,1,0,0.426435374,0.376037598,1
train,american_bulldog_113,2,333,500,1,0,1,0,0.507177177,0.336181641,1
train,american_bulldog_10,2,334,500,1,0,1,0,0.41360479,0.277893066,1
train,american_bulldog_139,2,500,334,1,0,1,0,0.274335329,0.184997559,1
train,american_bulldog_114,2,375,500,1,0,1,0,0.348704,0.262329102,1
train,american_bulldog_144,2,375,500,1,0,1,0,0.225189333,0.168395996,1
train,american_bulldog_199,2,334,500,1,0,1,0,0.611203593,0.410827637,1
train,american_bulldog_192,2,406,500,1,2,1,2,0.498349754,0.403869629,1
train,american_bulldog_152,2,334,500,1,0,1,0,0.595461078,0.400024414,1
train,american_bulldog_120,2,334,500,1,0,1,0,0.356520958,0.239013672,1
train,american_bulldog_127,2,334,500,1,0,1,0,0.217976048,0.147033691,1
train,american_bulldog_147,2,333,500,1,0,1,0,0.198294294,0.132202148,1
train,american_bulldog_148,2,375,500,1,0,1,0,0.308170667,0.231018066,1
train,american_bulldog_118,2,500,375,1,0,1,0,0.342869333,0.257141113,1
train,american_bulldog_102,2,500,334,1,0,1,0,0.359479042,0.242370605,1
train,american_bulldog_174,2,333,500,1,0,1,0,0.49175976,0.326416016,1
train,american_bulldog_129,2,500,382,1,0,1,0,0.480591623,0.368103027,1
train,american_bulldog_201,2,335,500,2,0,1,0,0.275361194,0.184875488,0
train,american_pit_bull_terrier_16,3,333,500,1,1,1,1,0.389915916,0.259094238,1
train,american_pit_bull_terrier_167,3,300,239,2,0,1,0,0.525885635,0.417907715,0
train,american_pit_bull_terrier_169,3,225,300,1,0,1,1,0.584162963,0.438232422,0
train,american_pit_bull_terrier_142,3,222,300,2,0,1,0,0.208648649,0.153564453,0
train,american_pit_bull_terrier_107,3,500,333,1,0,1,0,0.60784985,0.403747559,1
train,american_pit_bull_terrier_114,3,246,300,2,0,1,0,0.440243902,0.360656738,0
train,american_pit_bull_terrier_151,3,294,300,2,0,1,0,0.306950113,0.297424316,0
train,american_pit_bull_terrier_182,3,224,300,2,0,1,0,0.561696429,0.41986084,0
train,american_pit_bull_terrier_139,3,219,300,1,0,1,0,0.151674277,0.110900879,1
train,american_pit_bull_terrier_156,3,216,215,1,0,1,0,0.48126615,0.477844238,1
train,american_pit_bull_terrier_178,3,225,300,1,1,1,2,0.486814815,0.365234375,0
train,american_pit_bull_terrier_171,3,240,300,2,0,1,0,0.399888889,0.31640625,0
train,american_pit_bull_terrier_160,3,280,300,1,0,1,0,0.554285714,0.516540527,1
train,american_pit_bull_terrier_13,3,500,375,1,0,1,0,0.361589333,0.270874023,1
train,american_pit_bull_terrier_101,3,500,397,1,1,1,3,0.279919395,0.223510742,0
train,american_pit_bull_terrier_106,3,500,333,1,2,1,1,0.520306306,0.34576416,0
train,american_pit_bull_terrier_143,3,300,290,2,0,1,0,0.398563218,0.382629395,0
train,american_pit_bull_terrier_108,3,333,500,1,1,1,0,0.139465465,0.0919799805,0
train,american_pit_bull_terrier_147,3,225,300,2,0,1,0,0.260622222,0.194091797,0
train,american_pit_bull_terrier_116,3,199,300,1,1,1,1,0.244824121,0.162841797,1
train,american_pit_bull_terrier_10,3,368,500,1,0,1,0,0.232744565,0.170715332,1
train,american_pit_bull_terrier_173,3,225,300,2,0,1,0,0.261437037,0.195007324,0
train,american_pit_bull_terrier_161,3,300,258,2,0,1,0,0.336666667,0.286621094,0
train,american_pit_bull_terrier_150,3,300,225,2,0,1,0,0.511925926,0.382202148,0
train,american_pit_bull_terrier_148,3,225,300,1,0,1,0,0.297407407,0.223205566,1
train,american_pit_bull_terrier_113,3,300,164,2,0,1,0,0.663943089,0.362365723,0
train,american_pit_bull_terrier_119,3,225,300,2,0,1,0,0.293348148,0.220031738,0
train,american_pit_bull_terrier_112,3,225,300,2,0,1,0,0.506651852,0.378051758,0
train,american_pit_bull_terrier_149,3,300,224,2,0,1,2,0.672678571,0.50402832,0
train,american_pit_bull_terrier_155,3,225,300,2,0,1,0,0.277496296,0.205871582,0
train,american_pit_bull_terrier_115,3,300,191,2,1,1,1,0.456631763,0.289367676,0
train,american_pit_bull_terrier_126,3,200,119,1,2,1,2,0.452310924,0.267150879,1
train,american_pit_bull_terrier_168,3,300,288,1,0,1,0,0.235324074,0.227844238,1
train,american_pit_bull_terrier_124,3,300,225,2,0,1,0,0.484488889,0.361755371,0
train,american_pit_bull_terrier_137,3,225,300,2,0,2,0,0.280355556,0.206176758,1
train,american_pit_bull_terrier_12,3,500,342,4,0,4,0,0.230678363,0.158325195,1
train,american_pit_bull_terrier_15,3,500,375,1,0,1,0,0.173168,0.130249023,1
train,american_pit_bull_terrier_177,3,225,300,2,0,1,0,0.198355556,0.147827148,0
train,american_pit_bull_terrier_184,3,300,199,2,0,1,0,0.506298157,0.33416748,0
train,american_pit_bull_terrier_122,3,246,300,2,0,2,0,0.268943089,0.218200684,1
train,american_pit_bull_terrier_118,3,199,300,1,0,1,0,0.381122278,0.251953125,1
train,american_pit_bull_terrier_170,3,291,300,2,0,1,0,0.366792669,0.354125977,0
train,american_pit_bull_terrier_134,3,252,300,2,0,1,0,0.471865079,0.398071289,0
train,american_pit_bull_terrier_117,3,199,300,2,1,1,1,0.632763819,0.419616699,0
train,american_pit_bull_terrier_136,3,225,300,2,0,1,0,0.361659259,0.268310547,0
train,american_pit_bull_terrier_153,3,230,300,2,0,1,0,0.448637681,0.342773438,0
train,american_pit_bull_terrier_187,3,300,300,1,0,1,0,0.3925,0.393005371,1
train,american_pit_bull_terrier_105,3,500,333,1,0,1,0,0.343351351,0.228271484,1
train,american_pit_bull_terrier_144,3,174,300,2,1,1,0,0.278084291,0.159973145,0
train,american_pit_bull_terrier_18,3,500,375,1,0,1,0,0.576512,0.432189941,1
train,basset_hound_100,4,357,500,1,0,1,0,0.156840336,0.11114502,1
train,basset_hound_101,4,343,500,1,0,1,0,0.285381924,0.195800781,1
train,basset_hound_11,4,500,375,1,0,1,0,0.314592,0.235961914,1
train,basset_hound_126,4,333,500,1,1,1,2,0.327393393,0.217590332,0
train,basset_hound_131,4,375,500,1,1,1,1,0.472330667,0.353881836,1
train,basset_hound_146,4,333,500,1,0,1,0,0.245453453,0.162231445,1
train,basset_hound_108,4,500,380,1,0,1,0,0.560936842,0.425231934,1
train,basset_hound_181,4,375,500,1,0,1,0,0.841493333,0.632202148,1
train,basset_hound_140,4,333,500,1,0,1,0,0.183993994,0.121582031,1
train,basset_hound_13,4,500,375,1,1,1,1,0.682037333,0.510742188,1
train,basset_hound_127,4,375,500,1,3,1,2,0.4484,0.334533691,0
train,basset_hound_160,4,333,500,1,0,1,0,0.40778979,0.270751953,1
train,basset_hound_154,4,361,500,1,1,1,1,0.335551247,0.240539551,1
train,basset_hound_18,4,375,500,1,0,1,1,0.304336,0.22833252,0
train,basset_hound_183,4,333,500,1,0,1,0,0.602192192,0.399230957,1
train,basset_hound_12,4,500,375,1,0,1,0,0.279258667,0.208984375,1
train,basset_hound_141,4,333,500,1,0,1,0,0.55845045,0.37097168,1
train,basset_hound_186,4,333,500,1,0,1,0,0.146318318,0.0958862305,1
train,basset_hound_109,4,500,375,1,0,1,0,0.403141333,0.302185059,1
train,basset_hound_120,4,332,500,1,0,1,0,0.471463855,0.312805176,1
train,basset_hound_145,4,333,500,1,0,1,0,0.374852853,0.247375488,1
train,basset_hound_165,4,375,500,1,0,1,4,0.568837333,0.426696777,0
train,basset_hound_138,4,500,400,1,2,1,0,0.120735,0.0969238281,0
train,basset_hound_148,4,380,500,1,0,1,0,0.340968421,0.257995605,1
train,basset_hound_133,4,393,500,1,0,1,0,0.762259542,0.601379395,1
train,basset_hound_107,4,500,375,1,0,1,0,0.293973333,0.220031738,1
train,basset_hound_171,4,333,500,1,0,1,0,0.549531532,0.364685059,1
train,basset_hound_132,4,500,375,1,0,1,0,0.784416,0.588684082,1
train,basset_hound_143,4,333,500,1,0,1,0,0.165267267,0.109619141,1
train,basset_hound_118,4,332,500,1,0,1,0,0.595506024,0.395629883,1
train,basset_hound_170,4,333,500,1,0,1,0,0.527915916,0.350524902,1
train,basset_hound_106,4,357,500,1,2,1,1,0.12177591,0.0863647461,0
train,basset_hound_121,4,332,500,1,0,1,0,0.435445783,0.289306641,1
train,basset_hound_167,4,333,500,1,0,1,0,0.266012012,0.176818848,1
train,basset_hound_179,4,375,500,1,1,1,1,0.173626667,0.129882812,1
train,basset_hound_142,4,333,500,1,0,1,0,0.501417417,0.332580566,1
train,basset_hound_122,4,500,333,1,1,1,1,0.30615015,0.204223633,1
train,basset_hound_114,4,332,500,1,0,1,0,0.248216867,0.164916992,1
train,basset_hound_175,4,333,500,1,0,1,0,0.334624625,0.221923828,1
train,basset_hound_119,4,375,500,1,0,1,0,0.51248,0.384338379,1
train,basset_hound_144,4,333,500,1,0,1,0,0.146006006,0.0969848633,1
train,basset_hound_177,4,331,500,1,0,1,0,0.583933535,0.387451172,1
train,basset_hound_152,4,500,333,1,0,1,0,0.228384384,0.151977539,1
train,basset_hound_135,4,299,500,1,0,1,0,0.646648829,0.389282227,1
train,basset_hound_103,4,327,500,1,0,1,0,0.22511315,0.147583008,1
train,basset_hound_134,4,375,500,1,0,1,0,0.48872,0.36706543,1
train,basset_hound_184,4,500,334,1,0,1,0,0.411407186,0.276794434,1
train,basset_hound_187,4,500,403,1,1,1,1,0.314630273,0.252929688,1
train,basset_hound_110,4,500,333,1,6,1,1,0.467741742,0.310241699,0
train,basset_hound_180,4,375,500,1,0,1,0,0.285808,0.214660645,1
train,beagle_142,5,334,500,4,2,1,2,0.119287425,0.0785522461,0
train,beagle_119,5,500,456,1,0,1,1,0.155736842,0.142333984,0
train,beagle_175,5,375,500,2,0,1,0,0.191152,0.142456055,0
train,beagle_12,5,333,500,1,0,1,0,0.533447447,0.354064941,1
train,beagle_154,5,500,332,5,3,1,3,0.22013253,0.144104004,0
train,beagle_129,5,500,332,1,0,1,0,0.320325301,0.211547852,1
train,beagle_143,5,500,500,2,0,1,1,0.616172,0.61529541,0
train,beagle_137,5,375,500,5,4,1,0,0.175434667,0.127929688,0
train,beagle_18,5,500,336,1,0,1,0,0.525160714,0.353088379,1
train,beagle_134,5,334,500,1,4,1,0,0.283790419,0.191162109,0
train,beagle_121,5,375,500,1,0,1,0,0.445392,0.334106445,1
train,beagle_16,5,500,361,1,0,1,0,0.574443213,0.412109375,1
train,beagle_147,5,335,500,5,26,4,10,0.0608776119,0.0409545898,0
train,beagle_103,5,334,500,1,0,1,0,0.295664671,0.198730469,1
train,beagle_125,5,333,500,1,0,1,0,0.213171171,0.141601562,1
train,beagle_116,5,334,500,1,0,1,0,0.414137725,0.277587891,1
train,beagle_122,5,333,500,1,0,1,2,0.245861862,0.163513184,0
train,beagle_138,5,375,500,3,0,1,0,0.194602667,0.144836426,0
train,beagle_118,5,336,500,1,0,1,0,0.0873392857,0.0590820312,1
train,beagle_171,5,375,500,2,0,1,0,0.445648,0.334228516,0
train,beagle_126,5,500,352,1,0,1,0,0.609454545,0.426818848,1
train,beagle_156,5,334,500,3,0,1,0,0.170035928,0.113708496,0
train,beagle_104,5,333,500,1,0,1,0,0.374726727,0.249328613,1
train,beagle_135,5,240,360,1,25,1,6,0.339884259,0.222045898,0
train,beagle_102,5,500,333,1,0,1,0,0.25993994,0.173095703,1
train,beagle_155,5,380,500,1,11,1,7,0.4117,0.311828613,0
train,beagle_107,5,361,500,1,0,1,0,0.294919668,0.212463379,1
train,beagle_149,5,333,500,2,0,1,0,0.680774775,0.451416016,0
train,beagle_101,5,334,500,1,0,1,0,0.201413174,0.134765625,1
train,beagle_152,5,375,500,2,34,1,11,0.0850453333,0.0637817383,0
train,beagle_17,5,500,333,1,0,1,0,0.18448048,0.122192383,1
train,beagle_158,5,375,500,2,5,1,0,0.167072,0.125,0
train,beagle_117,5,332,500,1,0,1,0,0.260072289,0.172241211,1
train,beagle_173,5,288,352,1,1,1,0,0.289634628,0.237609863,0
train,beagle_130,5,375,500,3,4,2,0,0.049936,0.0372314453,0
train,beagle_151,5,374,500,2,3,1,0,0.618802139,0.462402344,0
train,beagle_150,5,361,500,1,1,1,0,0.386127424,0.276672363,0
train,beagle_181,5,334,500,3,0,1,0,0.491964072,0.33026123,0
train,beagle_110,5,500,437,1,0,1,0,0.431816934,0.378723145,1
train,beagle_190,5,290,500,3,0,1,0,0.0748344828,0.0424804688,0
train,beagle_162,5,281,500,3,0,3,0,0.204697509,0.113830566,1
train,beagle_176,5,500,379,2,1,1,0,0.604327177,0.457092285,0
train,beagle_182,5,333,500,2,0,1,0,0.255693694,0.170837402,0
train,beagle_191,5,500,333,2,3,1,1,0.177573574,0.117370605,0
train,beagle_111,5,333,500,1,0,1,0,0.399057057,0.264282227,1
train,beagle_112,5,500,333,1,0,1,0,0.392906907,0.260375977,1
train,beagle_160,5,375,500,1,1,1,0,0.195861333,0.147155762,0
train,beagle_123,5,375,500,1,3,1,2,0.065552,0.0488891602,0
train,beagle_131,5,375,500,2,8,1,1,0.385136,0.289306641,0
train,beagle_180,5,333,500,2,0,1,0,0.501147147,0.330749512,0
train,Bengal_16,6,333,500,1,0,1,0,0.541231231,0.360046387,1
train,Bengal_141,6,263,300,1,0,1,0,0.269873257,0.23614502,1
train,Bengal_144,6,225,300,1,0,1,0,0.366311111,0.276123047,1
train,Bengal_190,6,500,668,1,0,1,0,0.144497006,0.108276367,1
train,Bengal_146,6,200,200,1,0,1,0,0.596375,0.596679688,1
train,Bengal_178,6,225,300,2,0,2,0,0.324577778,0.242858887,1
train,Bengal_140,6,163,300,1,0,1,0,0.412515337,0.225219727,1
train,Bengal_128,6,334,500,1,0,1,0,0.531101796,0.356323242,1
train,Bengal_130,6,375,500,1,0,1,0,0.315077333,0.235351562,1
train,Bengal_143,6,225,300,1,3,1,2,0.5424,0.407287598,0
train,Bengal_13,6,256,500,1,0,1,0,0.28003125,0.144348145,1
train,Bengal_114,6,375,500,1,0,1,0,0.498165333,0.37310791,1
train,Bengal_142,6,225,300,1,0,1,0,0.493214815,0.369689941,1
train,Bengal_152,6,225,300,1,0,1,0,0.616992593,0.462402344,1
train,Bengal_175,6,181,300,1,0,1,0,0.38038674,0.228759766,1
train,Bengal_111,6,433,500,1,0,1,0,0.767616628,0.66607666,1
train,Bengal_117,6,332,500,1,0,1,0,0.255584337,0.170471191,1
train,Bengal_191,6,375,500,1,0,1,0,0.323194667,0.242797852,1
train,Bengal_120,6,375,500,1,0,1,0,0.131941333,0.0990600586,1
train,Bengal_137,6,225,300,1,1,1,0,0.372933333,0.280029297,0
train,Bengal_183,6,300,350,1,0,1,0,0.38372381,0.33026123,1
train,Bengal_154,6,300,200,2,0,2,0,0.477,0.31652832,1
train,Bengal_101,6,455,500,1,1,1,1,0.37076044,0.336730957,1
train,Bengal_119,6,500,356,1,0,1,0,0.515617978,0.366882324,1
train,Bengal_11,6,336,500,1,0,1,0,0.286547619,0.192871094,1
train,Bengal_165,6,300,277,1,0,1,0,0.336389892,0.308898926,1
train,Bengal_100,6,333,500,1,0,1,0,0.27409009,0.181945801,1
train,Bengal_115,6,500,333,1,0,1,0,0.483891892,0.321960449,1
train,Bengal_124,6,371,500,1,0,1,0,0.423983827,0.314025879,1
train,Bengal_170,6,300,225,1,3,1,2,0.361377778,0.271850586,0
train,Bengal_18,6,333,500,1,0,1,0,0.178750751,0.118225098,1
train,Bengal_158,6,225,300,1,0,1,0,0.130444444,0.0975341797,1
train,Bengal_160,6,300,296,1,0,1,0,0.718063063,0.706787109,1
train,Bengal_148,6,200,300,1,0,1,0,0.5987,0.398193359,1
train,Bengal_110,6,332,500,1,0,1,0,0.397403614,0.263793945,1
train,Bengal_151,6,225,300,1,2,1,4,0.407422222,0.305786133,0
train,Bengal_133,6,200,300,1,0,1,0,0.231183333,0.153625488,1
train,Bengal_185,6,475,700,1,0,1,0,0.441509774,0.299743652,1
train,Bengal_171,6,225,300,1,0,1,0,0.501451852,0.376220703,1
train,Bengal_167,6,225,300,1,0,1,0,0.380962963,0.286010742,1
train,Bengal_129,6,281,500,1,0,1,0,0.57455516,0.322998047,1
train,Bengal_118,6,500,375,1,0,1,0,0.172938667,0.130310059,1
train,Bengal_186,6,300,470,1,0,1,1,0.757,0.485412598,0
train,Bengal_168,6,225,300,1,0,1,0,0.254533333,0.190979004,1
train,Bengal_139,6,225,300,1,1,1,0,0.557822222,0.418762207,0
train,Bengal_12,6,335,500,1,0,1,0,0.485516418,0.326721191,1
train,Bengal_182,6,566,625,1,0,1,0,0.564675618,0.511962891,1
train,Bengal_176,6,225,300,1,0,1,0,0.541688889,0.406738281,1
train,Bengal_157,6,246,262,1,0,1,0,0.672438404,0.629882812,1
train,Bengal_153,6,225,300,1,0,1,0,0.163985185,0.122741699,1
train,Birman_120,7,375,500,1,0,1,0,0.691077333,0.518127441,1
train,Birman_151,7,500,375,1,0,1,0,0.223722667,0.167358398,1
train,Birman_152,7,339,500,1,0,1,0,0.55480826,0.375854492,1
train,Birman_162,7,500,334,1,1,1,1,0.496706587,0.333984375,1
train,Birman_190,7,333,500,1,0,1,0,0.468084084,0.311157227,1
train,Birman_185,7,334,500,1,0,1,0,0.488449102,0.327575684,1
train,Birman_134,7,500,375,1,0,1,0,0.514213333,0.386169434,1
train,Birman_116,7,500,333,1,0,1,0,0.539201201,0.358581543,1
train,Birman_126,7,500,334,1,0,1,0,0.39211976,0.262451172,1
train,Birman_108,7,393,500,3,0,2,2,0.494916031,0.389770508,0
train,Birman_161,7,335,500,1,0,1,0,0.253373134,0.169616699,1
train,Birman_182,7,333,500,1,0,1,0,0.61760961,0.410217285,1
train,Birman_114,7,376,500,1,0,1,0,0.744462766,0.55859375,1
train,Birman_156,7,375,500,1,0,1,0,0.293914667,0.220458984,1
train,Birman_127,7,375,500,1,0,1,0,0.476309333,0.356689453,1
train,Birman_10,7,330,500,1,0,1,0,0.409945455,0.268737793,1
train,Birman_160,7,334,500,1,9,1,2,0.662041916,0.444396973,0
train,Birman_137,7,333,500,1,0,1,0,0.063009009,0.0422363281,1
train,Birman_183,7,333,500,1,0,1,0,0.625693694,0.414978027,1
train,Birman_115,7,358,500,1,0,1,0,0.384692737,0.276428223,1
train,Birman_124,7,333,500,1,0,1,0,0.487705706,0.323608398,1
train,Birman_168,7,333,500,1,0,1,0,0.581309309,0.385498047,1
train,Birman_14,7,500,375,1,0,1,0,0.501946667,0.377258301,1
train,Birman_103,7,335,500,2,0,2,0,0.3516,0.236083984,1
train,Birman_173,7,333,500,1,1,1,1,0.390276276,0.259887695,1
train,Birman_188,7,500,334,1,0,1,0,0.462946108,0.311462402,1
train,Birman_17,7,500,359,1,0,1,0,0.757203343,0.543457031,1
train,Birman_122,7,334,500,1,0,1,0,0.50554491,0.33984375,1
train,Birman_169,7,500,333,1,0,1,0,0.388714715,0.257446289,1
train,Birman_164,7,319,352,1,0,1,0,0.888750356,0.804992676,1
train,Birman_131,7,332,500,1,0,1,0,0.437662651,0.291015625,1
train,Birman_159,7,333,500,1,2,1,5,0.638246246,0.424194336,0
train,Birman_110,7,375,500,1,0,1,0,0.526085333,0.394226074,1
train,Birman_146,7,375,500,1,0,1,0,0.273274667,0.20513916,1
train,Birman_111,7,333,500,1,0,1,0,0.540744745,0.35949707,1
train,Birman_179,7,375,500,1,0,1,0,0.192746667,0.145202637,1
train,Birman_15,7,500,281,1,3,1,2,0.460213523,0.258117676,0
train,Birman_166,7,333,500,1,0,1,0,0.262504505,0.17376709,1
train,Birman_180,7,375,500,1,0,1,0,0.082832,0.0625,1
train,Birman_102,7,500,332,1,0,1,0,0.51126506,0.338989258,1
train,Birman_104,7,500,357,1,0,1,0,0.278117647,0.197570801,1
train,Birman_133,7,375,500,1,0,1,0,0.183957333,0.138122559,1
train,Birman_147,7,332,500,1,0,1,0,0.364692771,0.242126465,1
train,Birman_189,7,334,500,1,0,1,1,0.358299401,0.240783691,0
train,Birman_150,7,335,500,1,2,1,2,0.739391045,0.497436523,1
train,Birman_155,7,333,500,1,0,1,0,0.402066066,0.267028809,1
train,Birman_171,7,500,400,1,0,1,0,0.45002,0.358215332,1
train,Birman_112,7,375,500,1,0,1,0,0.604293333,0.452819824,1
train,Birman_154,7,500,375,1,0,1,1,0.426976,0.319152832,0
train,Birman_130,7,344,500,1,0,1,0,0.568755814,0.390808105,1
train,Bombay_138,8,600,909,1,0,1,0,0.445685735,0.292297363,1
train,Bombay_148,8,375,500,1,1,1,0,0.28456,0.213378906,0
train,Bombay_188,8,225,300,1,0,1,0,0.1956,0.146118164,1
train,Bombay_102,8,225,300,1,1,1,1,0.401585185,0.301452637,1
train,Bombay_121,8,209,300,1,0,1,0,0.532185008,0.370910645,1
train,Bombay_161,8,375,500,1,0,1,0,0.549104,0.412414551,1
train,Bombay_103,8,143,114,1,0,1,0,0.554471844,0.440063477,1
train,Bombay_129,8,590,438,1,1,1,1,0.491517684,0.365112305,1
train,Bombay_115,8,428,600,1,0,1,0,0.739575545,0.525756836,1
train,Bombay_127,8,350,234,1,0,1,0,0.523748474,0.35168457,1
train,Bombay_182,8,303,455,1,0,1,0,0.214833351,0.143432617,1
train,Bombay_118,8,157,300,1,0,1,0,0.598322718,0.313171387,1
train,Bombay_193,8,225,300,1,1,1,1,0.392207407,0.29309082,1
train,Bombay_101,8,320,450,1,1,1,4,0.371263889,0.264160156,0
train,Bombay_134,8,344,290,1,0,1,1,0.327676423,0.275878906,0
train,Bombay_145,8,337,500,1,0,1,0,0.633792285,0.425598145,1
train,Bombay_1,8,275,183,1,1,1,1,0.330789866,0.219970703,1
train,Bombay_125,8,300,448,1,0,1,0,0.43110119,0.290100098,1
train,Bombay_150,8,182,200,1,0,1,0,0.604395604,0.545410156,1
train,Bombay_105,8,498,750,1,0,1,0,0.461333333,0.306091309,1
train,Bombay_135,8,384,577,1,0,1,0,0.176866696,0.117370605,1
train,Bombay_156,8,359,500,1,0,1,0,0.60832312,0.436340332,1
train,Bombay_172,8,438,428,1,0,1,0,0.51888896,0.506652832,1
train,Bombay_180,8,286,373,1,0,1,0,0.338364049,0.258483887,1
train,Bombay_179,8,500,415,1,0,1,0,0.519103614,0.430053711,1
train,Bombay_166,8,600,600,1,2,1,1,0.466763889,0.468261719,0
train,Bombay_13,8,240,320,1,0,1,0,0.566927083,0.424804688,1
train,Bombay_141,8,500,333,1,0,1,0,0.484528529,0.322021484,1
train,Bombay_117,8,225,300,1,0,1,0,0.3116,0.233032227,1
train,Bombay_154,8,467,350,1,0,1,0,0.322061793,0.241149902,1
train,Bombay_160,8,175,174,1,0,1,0,0.416650246,0.414428711,1
train,Bombay_110,8,1125,750,1,0,1,0,0.300623407,0.199951172,1
train,Bombay_128,8,870,600,1,0,1,0,0.287944444,0.197143555,1
train,Bombay_113,8,568,473,1,0,1,0,0.480261591,0.401550293,1
train,Bombay_19,8,315,420,1,0,1,0,0.443340892,0.332763672,1
train,Bombay_198,8,225,300,1,0,1,0,0.707718519,0.53137207,1
train,Bombay_119,8,500,375,1,0,1,0,0.640837333,0.481262207,1
train,Bombay_114,8,330,500,1,0,1,0,0.244351515,0.160400391,1
train,Bombay_159,8,250,184,1,0,1,1,0.511826087,0.375854492,0
train,Bombay_163,8,500,415,1,0,1,0,0.497161446,0.411560059,1
train,Bombay_122,8,375,500,1,0,1,0,0.226432,0.168945312,1
train,Bombay_185,8,225,300,1,2,1,1,0.2468,0.18548584,0
train,Bombay_178,8,406,480,1,0,1,2,0.385011289,0.324279785,0
train,Bombay_112,8,168,190,1,0,1,0,0.386184211,0.339477539,1
train,Bombay_191,8,225,300,1,0,1,0,0.37517037,0.282531738,1
train,Bombay_162,8,308,360,1,0,1,0,0.464781746,0.398742676,1
train,Bombay_12,8,417,500,1,0,1,0,0.531808153,0.44543457,1
train,Bombay_116,8,320,205,1,0,1,0,0.482210366,0.308532715,1
train,boxer_182,9,435,500,2,1,2,1,0.0759954023,0.0654296875,1
train,boxer_145,9,500,334,1,0,1,0,0.107796407,0.0720214844,1
train,boxer_103,9,375,500,1,0,1,0,0.393317333,0.294250488,1
train,boxer_137,9,375,500,1,2,1,2,0.437898667,0.329711914,1
train,boxer_133,9,368,500,1,0,1,0,0.269554348,0.198303223,1
train,boxer_108,9,500,375,1,0,1,0,0.662613333,0.496704102,1
train,boxer_151,9,333,500,4,0,1,0,0.449171171,0.297546387,0
train,boxer_135,9,375,500,1,0,1,0,0.578693333,0.433288574,1
train,boxer_131,9,500,333,1,0,1,0,0.44045045,0.293701172,1
train,boxer_113,9,500,332,1,0,1,0,0.419,0.278808594,1
train,boxer_160,9,491,394,2,2,1,4,0.319869323,0.257019043,0
train,boxer_143,9,375,500,1,0,1,0,0.51824,0.389038086,1
train,boxer_104,9,375,500,1,0,1,0,0.273168,0.204101562,1
train,boxer_16,9,500,357,1,1,1,1,0.393753501,0.27947998,1
train,boxer_185,9,281,500,1,0,1,0,0.224811388,0.126220703,1
train,boxer_12,9,375,500,1,0,1,0,0.715685333,0.536193848,1
train,boxer_188,9,332,500,1,2,1,2,0.42513253,0.281494141,1
train,boxer_128,9,333,500,1,0,1,1,0.13790991,0.0914306641,0
train,boxer_159,9,335,500,2,0,1,0,0.550065672,0.368225098,0
train,boxer_138,9,500,375,1,0,1,0,0.512789333,0.384033203,1
train,boxer_180,9,333,500,1,0,1,2,0.437489489,0.290527344,0
train,boxer_149,9,375,500,4,0,4,0,0.18976,0.141906738,1
train,boxer_111,9,333,500,1,0,1,0,0.483843844,0.321044922,1
train,boxer_177,9,333,500,1,0,1,0,0.569201201,0.378051758,1
train,boxer_153,9,300,500,2,0,1,0,0.550786667,0.331970215,0
train,boxer_18,9,333,500,1,0,1,0,0.104444444,0.0687866211,1
train,boxer_123,9,333,500,1,0,1,1,0.109531532,0.0728759766,0
train,boxer_147,9,375,500,1,0,1,0,0.607072,0.455749512,1
train,boxer_107,9,500,417,1,0,1,0,0.778244604,0.651062012,1
train,boxer_144,9,375,500,1,0,1,0,0.267930667,0.199645996,1
train,boxer_101,9,500,446,1,0,1,0,0.86158296,0.767883301,1
train,boxer_184,9,291,500,2,0,1,0,0.232233677,0.133605957,0
train,boxer_112,9,333,500,1,0,1,0,0.286066066,0.190307617,1
train,boxer_171,9,333,500,1,0,1,0,0.346990991,0.230834961,1
train,boxer_129,9,333,500,1,0,1,0,0.093021021,0.0611572266,1
train,boxer_187,9,334,500,2,0,1,0,0.321341317,0.215698242,0
train,boxer_130,9,375,500,1,1,1,0,0.653882667,0.490356445,0
train,boxer_136,9,500,375,1,2,1,1,0.153717333,0.114013672,0
train,boxer_190,9,333,500,2,1,2,1,0.594684685,0.393920898,1
train,boxer_169,9,333,500,2,0,1,0,0.308948949,0.205078125,0
train,boxer_105,9,375,500,1,0,1,0,0.187781333,0.14050293,1
train,boxer_170,9,500,333,2,1,2,1,0.381987988,0.253601074,1
train,boxer_183,9,375,500,2,0,2,0,0.176848,0.132080078,1
train,boxer_141,9,309,500,3,0,3,0,0.291132686,0.179138184,1
train,boxer_172,9,500,400,3,0,2,0,0.14229,0.113769531,0
train,boxer_114,9,500,354,1,0,1,0,0.404322034,0.287353516,1
train,boxer_181,9,333,500,2,0,1,2,0.265201201,0.175598145,0
train,boxer_11,9,500,375,1,0,1,0,0.809088,0.606689453,1
train,boxer_100,9,332,500,1,0,1,1,0.465487952,0.30847168,0
train,boxer_166,9,500,334,2,1,1,1,0.339383234,0.227111816,0
train,British_Shorthair_168,10,500,333,1,0,1,0,0.735573574,0.48828125,1
train,British_Shorthair_210,10,333,500,1,0,1,0,0.334582583,0.222595215,1
train,British_Shorthair_141,10,500,438,1,0,1,0,0.74826484,0.654541016,1
train,British_Shorthair_110,10,333,500,1,0,1,0,0.604582583,0.401184082,1
train,British_Shorthair_180,10,500,333,1,0,1,0,0.463525526,0.307800293,1
train,British_Shorthair_126,10,500,354,1,0,1,0,0.450480226,0.318786621,1
train,British_Shorthair_185,10,334,500,1,0,1,0,0.397628743,0.268066406,1
train,British_Shorthair_182,10,500,427,1,0,1,0,0.485433255,0.413330078,1
train,British_Shorthair_17,10,332,500,1,0,1,0,0.618295181,0.410339355,1
train,British_Shorthair_187,10,500,332,1,1,1,1,0.351210843,0.232788086,1
train,British_Shorthair_164,10,375,500,1,0,1,0,0.609626667,0.457336426,1
train,British_Shorthair_129,10,500,375,1,0,1,0,0.187392,0.140136719,1
train,British_Shorthair_151,10,375,500,1,0,1,0,0.191429333,0.142944336,1
train,British_Shorthair_167,10,350,500,1,0,1,0,0.593491429,0.417053223,1
train,British_Shorthair_162,10,335,500,1,0,1,0,0.468823881,0.315063477,1
train,British_Shorthair_136,10,500,333,1,0,1,0,0.386216216,0.257446289,1
train,British_Shorthair_201,10,375,500,1,0,1,0,0.435264,0.326782227,1
train,British_Shorthair_161,10,500,333,1,0,1,0,0.655201201,0.435546875,1
train,British_Shorthair_189,10,500,425,1,0,1,0,0.914409412,0.777893066,1
train,British_Shorthair_104,10,500,333,1,1,1,1,0.626456456,0.416564941,1
train,British_Shorthair_179,10,375,500,1,0,1,0,0.391045333,0.292297363,1
train,British_Shorthair_184,10,416,500,1,0,1,0,0.492927885,0.408691406,1
train,British_Shorthair_128,10,500,332,1,0,1,0,0.432783133,0.286804199,1
train,British_Shorthair_109,10,375,500,1,0,1,0,0.697696,0.5234375,1
train,British_Shorthair_115,10,500,423,1,0,1,0,0.596728132,0.503967285,1
train,British_Shorthair_148,10,281,500,1,0,1,0,0.121879004,0.0684814453,1
train,British_Shorthair_166,10,500,333,1,0,1,0,0.214312312,0.143249512,1
train,British_Shorthair_204,10,333,500,1,0,1,0,0.595573574,0.395263672,1
train,British_Shorthair_183,10,500,375,1,0,1,0,0.358842667,0.268798828,1
train,British_Shorthair_133,10,335,500,1,1,1,1,0.365880597,0.245910645,1
train,British_Shorthair_144,10,375,500,1,0,1,0,0.526576,0.394958496,1
train,British_Shorthair_157,10,500,375,1,0,1,0,0.211946667,0.160400391,1
train,British_Shorthair_178,10,336,500,1,0,1,0,0.407922619,0.274353027,1
train,British_Shorthair_175,10,375,500,1,0,1,0,0.420944,0.315917969,1
train,British_Shorthair_153,10,335,500,1,0,1,0,0.509659701,0.342895508,1
train,British_Shorthair_156,10,333,500,1,0,1,0,0.420828829,0.27923584,1
train,British_Shorthair_177,10,333,500,1,0,1,0,0.292852853,0.194519043,1
train,British_Shorthair_190,10,332,500,1,0,1,0,0.688036145,0.456665039,1
train,British_Shorthair_154,10,332,500,1,0,1,0,0.482993976,0.320800781,1
train,British_Shorthair_103,10,333,500,1,0,1,0,0.163861862,0.108459473,1
train,British_Shorthair_188,10,500,335,1,0,1,0,0.628704478,0.422851562,1
train,British_Shorthair_118,10,500,333,1,0,1,0,0.587405405,0.390075684,1
train,British_Shorthair_174,10,375,500,1,0,1,0,0.412122667,0.308349609,1
train,British_Shorthair_112,10,375,500,1,0,1,0,0.249408,0.187255859,1
train,British_Shorthair_200,10,332,500,1,0,1,0,0.306222892,0.203308105,1
train,British_Shorthair_170,10,342,500,1,0,1,0,0.590122807,0.404907227,1
train,British_Shorthair_172,10,335,500,1,0,1,0,0.630889552,0.423095703,1
train,British_Shorthair_181,10,500,333,1,0,1,0,0.430810811,0.285583496,1
train,British_Shorthair_203,10,375,500,1,0,1,0,0.551034667,0.414611816,1
train,British_Shorthair_101,10,333,500,1,1,1,1,0.360318318,0.238769531,1
train,chihuahua_126,11,225,300,1,0,1,0,0.510266667,0.383850098,1
train,chihuahua_168,11,300,248,1,0,1,0,0.504341398,0.41619873,1
train,chihuahua_177,11,225,300,3,0,1,0,0.249748148,0.183959961,0
train,chihuahua_173,11,281,300,2,0,1,0,0.457639383,0.42755127,0
train,chihuahua_107,11,225,300,1,0,1,0,0.273451852,0.20526123,1
train,chihuahua_145,11,200,300,1,0,1,0,0.191233333,0.126525879,1
train,chihuahua_144,11,230,300,2,0,1,0,0.406565217,0.309875488,0
train,chihuahua_134,11,300,225,2,0,1,0,0.459792593,0.344665527,0
train,chihuahua_137,11,300,205,1,0,1,0,0.57795122,0.393737793,1
train,chihuahua_105,11,300,205,1,0,1,0,0.41401626,0.280090332,1
train,chihuahua_122,11,225,300,2,0,2,0,0.252962963,0.188232422,1
train,chihuahua_160,11,300,225,2,0,1,0,0.386844444,0.287963867,0
train,chihuahua_186,11,234,300,2,4,1,2,0.252905983,0.196228027,0
train,chihuahua_165,11,224,300,1,0,1,0,0.33202381,0.249633789,1
train,chihuahua_154,11,225,300,1,0,1,0,0.279466667,0.20892334,1
train,chihuahua_132,11,225,300,2,1,1,2,0.217288889,0.162109375,0
train,chihuahua_152,11,225,300,2,0,1,0,0.321007407,0.239257812,0
train,chihuahua_115,11,279,300,1,0,1,0,0.370752688,0.344726562,1
train,chihuahua_174,11,300,274,2,0,1,0,0.351581509,0.318664551,0
train,chihuahua_119,11,300,212,3,0,1,0,0.31504717,0.220458984,0
train,chihuahua_15,11,500,372,1,0,1,0,0.444677419,0.329589844,1
train,chihuahua_153,11,225,300,1,0,1,1,0.28797037,0.216247559,0
train,chihuahua_143,11,300,202,2,1,1,1,0.555181518,0.37286377,0
train,chihuahua_18,11,500,355,1,0,1,0,0.623543662,0.442504883,1
train,chihuahua_101,11,334,500,1,0,1,0,0.0863413174,0.0581665039,1
train,chihuahua_136,11,182,200,1,0,1,0,0.587335165,0.532409668,1
train,chihuahua_114,11,220,300,2,0,2,0,0.326681818,0.239562988,1
train,chihuahua_12,11,375,500,1,0,1,1,0.41064,0.308288574,0
train,chihuahua_111,11,300,288,4,0,4,0,0.184837963,0.176818848,1
train,chihuahua_158,11,300,289,2,0,2,0,0.142618224,0.135437012,1
train,chihuahua_102,11,500,333,1,0,1,0,0.406852853,0.270812988,1
train,chihuahua_147,11,300,280,2,0,2,0,0.271369048,0.249267578,1
train,chihuahua_188,11,300,202,2,1,1,1,0.459834983,0.308898926,0
train,chihuahua_140,11,290,300,2,0,1,1,0.230068966,0.219543457,0
train,chihuahua_166,11,225,300,1,0,1,0,0.284666667,0.213439941,1
train,chihuahua_103,11,500,375,1,0,1,0,0.582666667,0.436462402,1
train,chihuahua_181,11,288,300,2,0,1,0,0.173043981,0.164978027,0
train,chihuahua_135,11,200,154,2,0,2,0,0.623766234,0.483825684,1
train,chihuahua_125,11,300,290,2,0,1,0,0.463850575,0.447814941,0
train,chihuahua_175,11,225,300,2,0,1,0,0.30002963,0.223510742,0
train,chihuahua_133,11,225,300,2,0,1,0,0.159733333,0.118225098,0
train,chihuahua_176,11,284,300,3,0,1,0,0.300434272,0.281311035,0
train,chihuahua_14,11,500,492,1,0,1,0,0.558638211,0.549255371,1
train,chihuahua_108,11,300,265,1,0,1,1,0.58208805,0.51385498,0
train,chihuahua_178,11,225,300,1,0,1,0,0.166711111,0.125244141,1
train,chihuahua_167,11,240,300,1,0,1,2,0.484305556,0.385681152,0
train,chihuahua_180,11,300,218,1,0,1,0,0.375336391,0.272460938,1
train,chihuahua_109,11,225,300,1,0,1,0,0.308488889,0.231811523,1
train,chihuahua_124,11,225,300,2,1,1,1,0.168237037,0.125,0
train,chihuahua_162,11,200,300,2,1,1,0,0.138816667,0.0897827148,0
train,Egyptian_Mau_189,12,410,360,1,1,1,0,0.355223577,0.311340332,0
train,Egyptian_Mau_150,12,180,240,1,1,1,1,0.275555556,0.20703125,1
train,Egyptian_Mau_109,12,250,180,1,0,1,0,0.882511111,0.632751465,1
train,Egyptian_Mau_171,12,180,240,1,0,1,0,0.291018519,0.21887207,1
train,Egyptian_Mau_197,12,157,200,1,1,1,2,0.431401274,0.33782959,0
train,Egyptian_Mau_124,12,300,330,1,0,1,1,0.334646465,0.303100586,0
train,Egyptian_Mau_192,12,388,260,1,2,1,1,0.526149881,0.353271484,0
train,Egyptian_Mau_170,12,373,450,1,0,1,1,0.525808758,0.435241699,0
train,Egyptian_Mau_111,12,258,409,1,0,1,2,0.183269839,0.116699219,0
train,Egyptian_Mau_126,12,383,321,1,0,1,0,0.330437683,0.27722168,1
train,Egyptian_Mau_136,12,280,246,1,0,1,1,0.541506969,0.472412109,0
train,Egyptian_Mau_188,12,376,502,1,0,1,0,0.306788802,0.22869873,1
train,Egyptian_Mau_119,12,168,190,1,2,1,1,0.296146617,0.261352539,0
train,Egyptian_Mau_15,12,334,500,1,0,1,0,0.128532934,0.0857543945,1
train,Egyptian_Mau_180,12,300,400,1,0,1,0,0.385166667,0.288818359,1
train,Egyptian_Mau_10,12,715,600,1,2,1,2,0.474347319,0.39654541,1
train,Egyptian_Mau_18,12,403,500,1,0,1,0,0.487295285,0.392578125,1
train,Egyptian_Mau_151,12,483,450,1,1,1,3,0.443266621,0.41192627,0
train,Egyptian_Mau_107,12,357,250,1,0,1,2,0.617579832,0.434692383,0
train,Egyptian_Mau_105,12,427,450,1,0,1,0,0.488175904,0.462036133,1
train,Egyptian_Mau_182,12,1499,1999,1,0,1,0,0.26868571,0.20098877,1
train,Egyptian_Mau_103,12,500,334,1,0,1,0,0.414802395,0.278442383,1
train,Egyptian_Mau_153,12,317,332,1,0,1,0,0.48615598,0.463989258,1
train,Egyptian_Mau_114,12,150,200,1,3,1,3,0.3582,0.267822266,1
train,Egyptian_Mau_184,12,188,250,1,0,1,0,0.224425532,0.168762207,1
train,Egyptian_Mau_127,12,314,200,1,1,1,1,0.526894904,0.338500977,1
train,Egyptian_Mau_186,12,275,183,1,0,1,0,0.382036761,0.252380371,1
train,Egyptian_Mau_185,12,240,240,1,0,1,0,0.456701389,0.455810547,1
train,Egyptian_Mau_146,12,576,512,1,0,1,3,0.422844781,0.376586914,0
train,Egyptian_Mau_143,12,339,381,1,0,1,2,0.484882974,0.432006836,0
train,Egyptian_Mau_154,12,500,375,1,1,1,0,0.855984,0.641967773,0
train,Egyptian_Mau_187,12,1734,1138,1,0,1,0,0.367534556,0.240539551,1
train,Egyptian_Mau_148,12,332,500,1,1,1,0,0.493921687,0.328491211,0
train,Egyptian_Mau_178,12,375,500,1,0,1,0,0.360965333,0.270080566,1
train,Egyptian_Mau_194,12,290,400,1,5,1,5,0.252301724,0.182189941,1
train,Egyptian_Mau_132,12,253,380,1,0,1,1,0.229914708,0.153686523,0
train,Egyptian_Mau_100,12,163,300,1,0,1,0,0.381840491,0.208435059,1
train,Egyptian_Mau_14,12,800,582,1,0,1,0,0.366531357,0.266296387,1
train,Egyptian_Mau_138,12,336,448,1,0,1,0,0.439386692,0.329467773,1
train,Egyptian_Mau_134,12,420,400,1,1,1,2,0.331720238,0.31652832,0
train,Egyptian_Mau_181,12,433,650,1,0,1,0,0.200429917,0.133361816,1
train,Egyptian_Mau_196,12,2606,1886,0,0,0,0,0,0,1
train,Egyptian_Mau_195,12,560,700,1,0,1,0,0.256915816,0.204406738,1
train,Egyptian_Mau_193,12,244,400,1,0,1,0,0.656946721,0.400634766,1
train,Egyptian_Mau_172,12,333,500,1,0,1,0,0.530396396,0.352233887,1
train,Egyptian_Mau_152,12,360,480,1,1,1,1,0.459722222,0.344848633,1
train,Egyptian_Mau_123,12,398,400,1,1,1,1,0.487330402,0.483215332,1
train,english_cocker_spaniel_151,13,500,327,2,1,2,1,0.581706422,0.382324219,1
train,english_cocker_spaniel_166,13,375,500,2,0,2,0,0.605258667,0.453918457,1
train,english_cocker_spaniel_127,13,375,500,2,0,1,0,0.132325333,0.0989379883,0
train,english_cocker_spaniel_103,13,381,500,1,2,1,1,0.344629921,0.264282227,0
train,english_cocker_spaniel_160,13,500,413,2,0,2,0,0.504329298,0.420410156,1
train,english_cocker_spaniel_104,13,447,500,1,0,1,0,0.248411633,0.221252441,1
train,english_cocker_spaniel_125,13,375,500,2,0,1,0,0.10936,0.0802612305,0
train,english_cocker_spaniel_172,13,362,500,1,0,1,0,0.561110497,0.40802002,1
train,english_cocker_spaniel_11,13,375,500,1,0,1,0,0.538112,0.40423584,1
train,english_cocker_spaniel_155,13,375,500,2,0,1,2,0.291962667,0.218017578,0
train,english_cocker_spaniel_161,13,500,338,2,0,2,0,0.441573964,0.299133301,1
train,english_cocker_spaniel_105,13,500,484,1,0,1,0,0.758917355,0.735473633,1
train,english_cocker_spaniel_137,13,375,500,2,0,1,0,0.2304,0.173156738,0
train,english_cocker_spaniel_117,13,500,281,1,0,1,0,0.377850534,0.211730957,1
train,english_cocker_spaniel_159,13,500,330,2,0,2,0,0.386490909,0.254089355,1
train,english_cocker_spaniel_133,13,500,357,1,0,1,0,0.696330532,0.496032715,1
train,english_cocker_spaniel_149,13,375,500,2,2,1,1,0.359632,0.268554688,0
train,english_cocker_spaniel_121,13,375,500,2,0,1,0,0.536458667,0.400939941,0
train,english_cocker_spaniel_135,13,313,500,2,0,1,0,0.196044728,0.121704102,0
train,english_cocker_spaniel_178,13,500,333,1,0,1,0,0.569591592,0.378417969,1
train,english_cocker_spaniel_16,13,500,375,1,0,1,2,0.265333333,0.199462891,0
train,english_cocker_spaniel_187,13,375,500,1,0,1,0,0.240101333,0.179992676,1
train,english_cocker_spaniel_154,13,375,500,1,0,1,0,0.324896,0.24395752,1
train,english_cocker_spaniel_165,13,375,500,2,0,2,0,0.259274667,0.194580078,1
train,english_cocker_spaniel_168,13,375,500,3,0,2,0,0.201104,0.148803711,0
train,english_cocker_spaniel_122,13,500,375,2,0,2,0,0.118266667,0.0885009766,1
train,english_cocker_spaniel_119,13,362,500,1,0,1,0,0.419861878,0.304748535,1
train,english_cocker_spaniel_147,13,335,500,1,0,1,0,0.275026866,0.184387207,1
train,english_cocker_spaniel_142,13,417,500,2,0,1,0,0.118465228,0.0983276367,0
train,english_cocker_spaniel_175,13,369,500,1,0,1,0,0.236905149,0.173217773,1
train,english_cocker_spaniel_180,13,391,500,2,1,1,0,0.358828645,0.280212402,0
train,english_cocker_spaniel_185,13,375,500,2,0,1,0,0.0601386667,0.0447387695,0
train,english_cocker_spaniel_113,13,334,500,1,0,1,0,0.280586826,0.188781738,1
train,english_cocker_spaniel_130,13,333,500,1,0,1,0,0.353915916,0.233886719,1
train,english_cocker_spaniel_171,13,333,500,2,2,2,0,0.195093093,0.129150391,0
train,english_cocker_spaniel_109,13,500,333,1,0,1,0,0.605489489,0.401428223,1
train,english_cocker_spaniel_101,13,500,375,1,1,1,2,0.452821333,0.341369629,0
train,english_cocker_spaniel_110,13,500,333,1,0,1,0,0.304720721,0.202575684,1
train,english_cocker_spaniel_189,13,375,500,2,0,1,0,0.14728,0.110168457,0
train,english_cocker_spaniel_170,13,334,500,1,0,1,0,0.395856287,0.265258789,1
train,english_cocker_spaniel_167,13,375,500,3,0,3,0,0.197733333,0.147827148,1
train,english_cocker_spaniel_114,13,375,500,1,0,1,0,0.247808,0.185302734,1
train,english_cocker_spaniel_188,13,500,375,4,1,2,1,0.325978667,0.243713379,0
train,english_cocker_spaniel_17,13,500,375,1,0,1,0,0.460656,0.344909668,1
train,english_cocker_spaniel_138,13,500,375,2,0,1,0,0.526613333,0.394165039,0
train,english_cocker_spaniel_177,13,500,500,2,0,1,0,0.330448,0.330444336,0
train,english_cocker_spaniel_143,13,375,500,1,0,1,0,0.266949333,0.199768066,1
train,english_cocker_spaniel_139,13,333,500,2,0,2,1,0.27366967,0.180664062,0
train,english_setter_162,14,500,375,2,0,2,0,0.19128,0.14239502,1
train,english_setter_18,14,335,500,1,0,1,0,0.406029851,0.272277832,1
train,english_setter_182,14,392,500,1,0,1,0,0.609265306,0.475708008,1
train,english_setter_103,14,500,333,1,0,1,0,0.670186186,0.444763184,1
train,english_setter_159,14,375,500,2,0,2,0,0.212917333,0.15826416,1
train,english_setter_106,14,333,500,1,0,1,0,0.223183183,0.148071289,1
train,english_setter_17,14,375,500,1,2,1,1,0.418997333,0.313903809,0
train,english_setter_180,14,400,500,1,0,1,0,0.10832,0.0866699219,1
train,english_setter_109,14,375,500,2,4,1,3,0.225285333,0.167297363,0
train,english_setter_139,14,353,500,2,1,1,0,0.228254958,0.159667969,0
train,english_setter_121,14,398,500,2,0,1,0,0.111869347,0.0882568359,0
train,english_setter_14,14,326,500,1,0,1,1,0.300993865,0.194274902,0
train,english_setter_187,14,500,375,3,0,2,2,0.502042667,0.377075195,0
train,english_setter_12,14,500,360,1,3,1,3,0.734677778,0.527770996,1
train,english_setter_163,14,500,375,3,1,1,0,0.176597333,0.131958008,0
train,english_setter_134,14,375,500,5,0,3,1,0.225216,0.168029785,0
train,english_setter_178,14,500,365,2,0,2,0,0.627331507,0.455505371,1
train,english_setter_136,14,500,353,2,0,1,0,0.383597734,0.268005371,0
train,english_setter_166,14,375,500,2,1,1,0,0.143024,0.106506348,0
train,english_setter_135,14,500,340,2,0,1,0,0.696135294,0.472229004,0
train,english_setter_174,14,333,500,2,0,1,0,0.302918919,0.201843262,0
train,english_setter_123,14,470,500,2,1,2,0,0.201212766,0.187072754,0
train,english_setter_153,14,405,500,2,2,1,1,0.348869136,0.283813477,0
train,english_setter_181,14,500,395,2,0,2,0,0.528435443,0.418029785,1
train,english_setter_124,14,369,500,3,4,1,1,0.332254743,0.243713379,0
train,english_setter_102,14,500,333,1,0,1,0,0.54972973,0.364685059,1
train,english_setter_164,14,375,500,2,5,1,2,0.21552,0.160766602,0
train,english_setter_146,14,500,352,3,0,3,0,0.439545455,0.308898926,1
train,english_setter_118,14,333,500,2,0,1,0,0.122804805,0.0810546875,0
train,english_setter_171,14,375,500,2,0,2,0,0.285493333,0.213012695,1
train,english_setter_183,14,333,500,2,0,1,0,0.0872192192,0.0564575195,0
train,english_setter_155,14,390,500,1,0,1,0,0.515046154,0.40246582,1
train,english_setter_145,14,375,500,1,1,1,1,0.267034667,0.20098877,1
train,english_setter_16,14,333,500,1,3,1,1,0.675885886,0.448608398,0
train,english_setter_143,14,500,396,2,0,2,0,0.452030303,0.356811523,1
train,english_setter_133,14,375,500,2,0,2,0,0.101125333,0.0764770508,1
train,english_setter_105,14,500,375,1,0,1,0,0.605381333,0.453369141,1
train,english_setter_132,14,355,500,1,0,1,0,0.325261972,0.231750488,1
train,english_setter_152,14,469,500,2,0,1,0,0.53908742,0.504455566,0
train,english_setter_147,14,500,350,3,0,1,0,0.341428571,0.239196777,0
train,english_setter_165,14,375,500,2,0,2,0,0.246005333,0.184204102,1
train,english_setter_111,14,500,375,1,5,2,3,0.563525333,0.420776367,0
train,english_setter_179,14,500,334,2,0,2,0,0.648467066,0.436523438,1
train,english_setter_137,14,500,375,2,0,1,0,0.504933333,0.377624512,0
train,english_setter_130,14,500,375,2,2,2,3,0.561658667,0.422119141,0
train,english_setter_13,14,500,332,1,0,1,0,0.961409639,0.638427734,1
train,english_setter_107,14,500,400,2,1,1,1,0.367615,0.292053223,0
train,english_setter_104,14,500,409,1,0,1,0,0.394757946,0.323242188,1
train,english_setter_186,14,500,375,2,0,2,1,0.251850667,0.190063477,0
train,english_setter_172,14,375,500,2,0,2,0,0.176432,0.1328125,1
train,german_shorthaired_133,15,333,500,1,0,1,0,0.284288288,0.188354492,1
train,german_shorthaired_161,15,333,500,3,2,2,2,0.476858859,0.315612793,0
train,german_shorthaired_184,15,371,500,2,0,2,0,0.186080863,0.137390137,1
train,german_shorthaired_102,15,367,500,1,1,1,1,0.318915531,0.233947754,1
train,german_shorthaired_103,15,334,500,1,0,1,0,0.341898204,0.229187012,1
train,german_shorthaired_188,15,375,500,2,0,2,0,0.528490667,0.396789551,1
train,german_shorthaired_149,15,500,361,2,0,1,0,0.163916898,0.118652344,0
train,german_shorthaired_17,15,500,333,1,0,1,0,0.229369369,0.151184082,1
train,german_shorthaired_107,15,500,375,1,1,1,0,0.653546667,0.489624023,0
train,german_shorthaired_176,15,375,500,2,1,2,0,0.206986667,0.153015137,0
train,german_shorthaired_129,15,500,332,1,0,1,0,0.121078313,0.080871582,1
train,german_shorthaired_16,15,500,333,1,0,1,0,0.262768769,0.174133301,1
train,german_shorthaired_143,15,500,375,2,0,1,0,0.209749333,0.157836914,0
train,german_shorthaired_132,15,333,500,1,0,1,0,0.298156156,0.198120117,1
train,german_shorthaired_190,15,375,500,2,0,2,0,0.407530667,0.306396484,1
train,german_shorthaired_173,15,375,500,1,0,1,0,0.0913973333,0.0686035156,1
train,german_shorthaired_150,15,500,333,2,0,1,0,0.0919039039,0.0610351562,0
train,german_shorthaired_165,15,375,500,2,1,2,1,0.517296,0.386474609,1
train,german_shorthaired_163,15,500,333,2,1,1,0,0.316918919,0.208679199,0
train,german_shorthaired_116,15,375,500,1,0,1,0,0.327349333,0.245605469,1
train,german_shorthaired_154,15,500,333,1,2,1,2,0.736012012,0.488952637,1
train,german_shorthaired_183,15,283,500,2,0,1,0,0.625936396,0.3515625,0
train,german_shorthaired_121,15,375,500,1,1,1,0,0.0564,0.0413208008,0
train,german_shorthaired_122,15,375,500,1,0,1,0,0.173114667,0.129516602,1
train,german_shorthaired_180,15,500,375,1,0,1,0,0.270816,0.202331543,1
train,german_shorthaired_134,15,332,500,2,0,2,0,0.172662651,0.114685059,1
train,german_shorthaired_104,15,500,476,1,0,1,0,0.229029412,0.219116211,1
train,german_shorthaired_18,15,500,333,1,0,1,0,0.323093093,0.213012695,1
train,german_shorthaired_140,15,500,333,1,2,1,1,0.203147147,0.134338379,0
train,german_shorthaired_169,15,375,500,2,0,1,0,0.308074667,0.229553223,0
train,german_shorthaired_130,15,500,333,1,0,1,0,0.321915916,0.213256836,1
train,german_shorthaired_118,15,375,500,1,0,1,0,0.22856,0.172485352,1
train,german_shorthaired_164,15,500,499,1,0,1,0,0.677366733,0.676574707,1
train,german_shorthaired_179,15,375,500,2,0,1,0,0.469077333,0.350585938,0
train,german_shorthaired_147,15,375,500,1,0,1,0,0.515498667,0.386657715,1
train,german_shorthaired_174,15,375,500,2,0,2,0,0.3988,0.298461914,1
train,german_shorthaired_156,15,500,375,2,5,1,1,0.299850667,0.224182129,0
train,german_shorthaired_113,15,375,500,1,0,1,0,0.696138667,0.522583008,1
train,german_shorthaired_11,15,375,500,1,3,1,3,0.366698667,0.27520752,1
train,german_shorthaired_159,15,375,500,1,0,1,0,0.36088,0.270996094,1
train,german_shorthaired_166,15,333,500,2,0,2,0,0.452978979,0.300354004,1
train,german_shorthaired_138,15,366,500,1,0,1,0,0.232508197,0.170898438,1
train,german_shorthaired_128,15,500,453,1,0,1,0,0.339258278,0.307678223,1
train,german_shorthaired_167,15,333,500,1,0,1,0,0.470504505,0.313110352,1
train,german_shorthaired_131,15,375,500,2,0,2,0,0.281114667,0.210876465,1
train,german_shorthaired_152,15,500,333,1,0,1,0,0.366546547,0.244445801,1
train,german_shorthaired_13,15,375,500,1,0,1,0,0.250272,0.187072754,1
train,german_shorthaired_151,15,333,500,1,1,1,0,0.234678679,0.155700684,0
train,german_shorthaired_170,15,371,500,2,0,2,1,0.269320755,0.199523926,0
train,german_shorthaired_108,15,335,500,1,0,1,0,0.0970626866,0.0656738281,1
train,great_pyrenees_141,16,500,333,2,1,2,1,0.173933934,0.114807129,1
train,great_pyrenees_108,16,475,500,1,2,1,1,0.630576842,0.601318359,0
train,great_pyrenees_109,16,500,436,1,0,1,0,0.412293578,0.35949707,1
train,great_pyrenees_184,16,333,500,2,0,1,1,0.229435435,0.15222168,0
train,great_pyrenees_150,16,500,333,2,0,1,0,0.523831832,0.347412109,0
train,great_pyrenees_104,16,396,500,1,0,1,0,0.678818182,0.535339355,1
train,great_pyrenees_114,16,375,500,1,0,1,0,0.133493333,0.0999145508,1
train,great_pyrenees_178,16,500,357,2,0,2,0,0.383422969,0.273254395,1
train,great_pyrenees_136,16,333,500,2,0,1,0,0.526696697,0.349609375,0
train,great_pyrenees_143,16,355,500,1,0,1,0,0.774828169,0.551391602,1
train,great_pyrenees_153,16,413,500,2,0,1,0,0.368493947,0.305297852,0
train,great_pyrenees_147,16,500,375,2,0,1,0,0.289509333,0.218383789,0
train,great_pyrenees_166,16,404,500,2,0,2,0,0.447960396,0.360107422,1
train,great_pyrenees_140,16,332,500,2,0,2,0,0.20276506,0.135925293,1
train,great_pyrenees_100,16,375,500,1,0,1,0,0.476533333,0.357727051,1
train,great_pyrenees_138,16,225,300,2,0,1,0,0.427911111,0.319152832,0
train,great_pyrenees_188,16,333,500,1,0,1,0,0.166864865,0.11114502,1
train,great_pyrenees_190,16,375,500,2,0,2,0,0.443221333,0.330871582,1
train,great_pyrenees_115,16,500,390,2,1,1,1,0.160671795,0.124084473,0
train,great_pyrenees_144,16,333,500,2,0,2,0,0.283351351,0.188232422,1
train,great_pyrenees_171,16,375,500,2,0,1,0,0.426954667,0.318115234,0
train,great_pyrenees_151,16,333,500,2,0,1,1,0.256084084,0.169921875,0
train,great_pyrenees_134,16,489,500,1,0,1,0,0.37595501,0.366210938,1
train,great_pyrenees_146,16,375,500,2,0,1,0,0.374656,0.279724121,0
train,great_pyrenees_180,16,375,500,2,1,1,1,0.32096,0.239440918,0
train,great_pyrenees_179,16,334,500,2,0,1,0,0.367520958,0.246582031,0
train,great_pyrenees_168,16,375,500,2,3,1,2,0.465936,0.348571777,0
train,great_pyrenees_156,16,500,375,2,0,2,0,0.374618667,0.282470703,1
train,great_pyrenees_103,16,375,500,1,0,1,0,0.367584,0.275024414,1
train,great_pyrenees_107,16,480,395,1,0,1,0,0.403955696,0.330871582,1
train,great_pyrenees_105,16,375,500,1,0,1,0,0.374485333,0.281433105,1
train,great_pyrenees_186,16,333,500,1,0,1,0,0.144072072,0.0952148438,1
train,great_pyrenees_130,16,482,500,2,0,1,0,0.441136929,0.422607422,0
train,great_pyrenees_162,16,375,500,2,2,2,3,0.342266667,0.256225586,0
train,great_pyrenees_137,16,333,500,2,0,2,0,0.501297297,0.333740234,1
train,great_pyrenees_139,16,414,500,2,1,1,0,0.321405797,0.265686035,0
train,great_pyrenees_165,16,500,333,2,0,2,0,0.394636637,0.263061523,1
train,great_pyrenees_167,16,375,500,2,4,1,1,0.495146667,0.370544434,0
train,great_pyrenees_175,16,375,500,2,0,2,0,0.229536,0.17175293,1
train,great_pyrenees_176,16,500,357,2,0,2,0,0.360588235,0.255493164,1
train,great_pyrenees_164,16,500,375,2,0,1,0,0.441445333,0.329406738,0
train,great_pyrenees_157,16,412,500,2,4,2,3,0.440063107,0.360717773,0
train,great_pyrenees_132,16,500,333,2,0,2,0,0.297465465,0.196655273,1
train,great_pyrenees_129,16,309,500,1,1,1,0,0.264957929,0.163635254,0
train,great_pyrenees_173,16,357,500,2,4,2,0,0.297137255,0.211791992,0
train,great_pyrenees_102,16,375,500,1,0,1,0,0.436997333,0.327819824,1
train,great_pyrenees_124,16,500,420,2,0,1,0,0.408604762,0.34375,0
train,great_pyrenees_182,16,500,400,2,0,2,0,0.75271,0.59954834,1
train,great_pyrenees_15,16,379,480,1,0,1,0,0.407635224,0.320983887,1
train,great_pyrenees_181,16,333,500,1,0,1,0,0.798318318,0.529846191,1
train,havanese_122,17,500,500,2,0,1,0,0.50186,0.501953125,0
train,havanese_112,17,500,375,1,0,1,0,0.567274667,0.424621582,1
train,havanese_147,17,375,500,2,0,1,0,0.414816,0.309570312,0
train,havanese_10,17,500,333,1,1,1,1,0.682042042,0.453613281,1
train,havanese_141,17,500,333,2,0,2,0,0.265087087,0.177307129,1
train,havanese_156,17,375,500,2,0,1,0,0.385770667,0.288452148,0
train,havanese_18,17,500,364,1,0,1,0,0.631164835,0.458557129,1
train,havanese_144,17,375,500,2,0,1,0,0.169978667,0.124572754,0
train,havanese_171,17,375,500,2,0,2,0,0.631530667,0.472229004,1
train,havanese_108,17,375,500,1,0,1,0,0.642565333,0.481994629,1
train,havanese_169,17,375,500,1,0,1,0,0.481850667,0.361083984,1
train,havanese_160,17,343,500,2,0,1,0,0.344909621,0.236083984,0
train,havanese_163,17,500,432,2,1,2,1,0.233759259,0.203491211,1
train,havanese_142,17,311,500,2,0,1,0,0.544855305,0.338745117,0
train,havanese_167,17,500,329,1,2,1,2,0.718644377,0.470703125,1
train,havanese_114,17,500,318,1,0,1,0,0.225377358,0.142456055,1
train,havanese_111,17,500,375,1,0,1,0,0.540288,0.404296875,1
train,havanese_190,17,375,500,2,0,2,0,0.307301333,0.229248047,1
train,havanese_116,17,500,342,1,0,1,0,0.392233918,0.270080566,1
train,havanese_140,17,362,500,2,0,1,0,0.31420442,0.227050781,0
train,havanese_164,17,340,500,2,0,2,0,0.179488235,0.122131348,1
train,havanese_143,17,333,500,2,0,2,0,0.294798799,0.195007324,1
train,havanese_131,17,400,500,2,0,2,0,0.469425,0.374450684,1
train,havanese_14,17,333,500,1,5,1,3,0.282864865,0.188049316,0
train,havanese_129,17,500,375,1,0,1,0,0.401637333,0.301574707,1
train,havanese_165,17,332,500,2,0,2,0,0.246903614,0.163452148,1
train,havanese_102,17,404,500,1,1,1,1,0.648584158,0.522094727,1
train,havanese_113,17,375,500,1,5,1,6,0.594906667,0.445800781,0
train,havanese_128,17,500,375,2,0,1,0,0.534746667,0.400390625,0
train,havanese_187,17,500,375,2,0,1,0,0.515493333,0.387084961,0
train,havanese_170,17,318,500,2,0,1,0,0.0869371069,0.0542602539,0
train,havanese_158,17,375,500,2,0,1,0,0.368554667,0.27545166,0
train,havanese_178,17,455,500,2,0,1,0,0.694975824,0.628234863,0
train,havanese_12,17,500,357,1,0,1,0,0.604291317,0.430480957,1
train,havanese_180,17,349,500,2,0,1,0,0.33686533,0.233581543,0
train,havanese_177,17,375,500,2,0,1,0,0.354848,0.266540527,0
train,havanese_135,17,457,500,2,0,2,0,0.744258206,0.680603027,1
train,havanese_121,17,375,500,1,1,1,1,0.177082667,0.132141113,1
train,havanese_124,17,375,500,1,3,1,1,0.339893333,0.254150391,0
train,havanese_154,17,389,500,1,0,1,0,0.320539846,0.251220703,1
train,havanese_107,17,500,333,1,0,1,0,0.645537538,0.428649902,1
train,havanese_152,17,375,500,2,2,1,1,0.426698667,0.319335938,0
train,havanese_123,17,500,361,1,0,1,0,0.703373961,0.504943848,1
train,havanese_174,17,500,461,3,3,2,2,0.454937093,0.419250488,0
train,havanese_109,17,399,500,1,0,1,0,0.206867168,0.164855957,1
train,havanese_11,17,500,333,1,0,1,0,0.351351351,0.233398438,1
train,havanese_182,17,480,500,1,0,1,0,0.524683333,0.502563477,1
train,havanese_145,17,379,500,2,3,1,2,0.438812665,0.332275391,0
train,havanese_125,17,500,333,1,0,1,0,0.47421021,0.315185547,1
train,havanese_137,17,333,500,1,0,1,0,0.586918919,0.388977051,1
train,japanese_chin_106,18,500,500,1,1,1,1,0.414344,0.413818359,1
train,japanese_chin_104,18,323,500,1,0,1,0,0.353139319,0.22857666,1
train,japanese_chin_185,18,385,500,2,1,1,1,0.529064935,0.40802002,0
train,japanese_chin_102,18,334,500,1,2,1,0,0.703269461,0.471923828,0
train,japanese_chin_186,18,500,375,2,0,1,0,0.489258667,0.367553711,0
train,japanese_chin_145,18,375,500,2,0,1,0,0.375482667,0.281188965,0
train,japanese_chin_105,18,500,336,1,1,1,1,0.56222619,0.378112793,1
train,japanese_chin_119,18,416,500,1,0,1,0,0.234884615,0.193847656,1
train,japanese_chin_160,18,334,500,2,0,1,0,0.541293413,0.363586426,0
train,japanese_chin_155,18,500,375,2,3,2,1,0.42304,0.318115234,0
train,japanese_chin_156,18,500,375,2,0,2,0,0.436170667,0.326416016,1
train,japanese_chin_137,18,428,500,2,0,2,0,0.0819252336,0.0697021484,1
train,japanese_chin_152,18,375,500,1,0,1,0,0.208496,0.156921387,1
train,japanese_chin_143,18,375,500,2,0,1,0,0.605333333,0.453430176,0
train,japanese_chin_127,18,500,375,1,0,1,0,0.154741333,0.116760254,1
train,japanese_chin_118,18,375,500,1,0,1,0,0.348330667,0.260864258,1
train,japanese_chin_131,18,375,500,1,0,1,0,0.313322667,0.235656738,1
train,japanese_chin_110,18,490,500,1,0,1,0,0.747983673,0.730102539,1
train,japanese_chin_121,18,334,500,1,0,1,0,0.64251497,0.432312012,1
train,japanese_chin_173,18,375,500,2,0,2,0,0.383941333,0.286499023,1
train,japanese_chin_176,18,500,375,4,0,5,0,0.241797333,0.181518555,0
train,japanese_chin_13,18,500,436,1,1,1,1,0.772165138,0.676269531,1
train,japanese_chin_174,18,500,395,3,0,3,0,0.543817722,0.430419922,1
train,japanese_chin_179,18,375,500,2,0,1,5,0.425546667,0.317382812,0
train,japanese_chin_135,18,334,500,1,1,1,0,0.164694611,0.110351562,0
train,japanese_chin_128,18,500,375,1,0,1,0,0.615770667,0.461730957,1
train,japanese_chin_146,18,375,500,1,1,1,1,0.276789333,0.208007812,1
train,japanese_chin_109,18,444,500,1,0,1,0,0.609693694,0.542480469,1
train,japanese_chin_178,18,375,500,2,0,1,0,0.121914667,0.0910644531,0
train,japanese_chin_149,18,323,500,1,0,1,0,0.821851393,0.532897949,1
train,japanese_chin_157,18,375,500,2,0,1,2,0.530512,0.396789551,0
train,japanese_chin_187,18,375,500,1,0,1,1,0.469189333,0.352233887,0
train,japanese_chin_107,18,333,500,1,0,1,0,0.765987988,0.509033203,1
train,japanese_chin_124,18,375,500,1,0,1,0,0.394053333,0.295532227,1
train,japanese_chin_153,18,430,500,1,0,1,0,0.287706977,0.247558594,1
train,japanese_chin_103,18,390,500,1,0,1,0,0.709379487,0.554382324,1
train,japanese_chin_150,18,333,500,2,0,2,0,0.546858859,0.362243652,1
train,japanese_chin_125,18,500,377,1,0,1,0,0.658960212,0.499633789,1
train,japanese_chin_166,18,375,500,1,0,1,0,0.608325333,0.456420898,1
train,japanese_chin_12,18,500,332,1,0,1,0,0.451783133,0.300537109,1
train,japanese_chin_144,18,375,500,2,0,2,0,0.654794667,0.490966797,1
train,japanese_chin_139,18,375,500,3,0,3,0,0.186437333,0.140686035,1
train,japanese_chin_180,18,375,500,2,0,1,0,0.313504,0.234375,0
train,japanese_chin_123,18,500,378,1,0,1,0,0.493608466,0.374206543,1
train,japanese_chin_158,18,375,500,2,0,2,0,0.418634667,0.311828613,1
train,japanese_chin_18,18,375,500,1,0,1,0,0.656650667,0.492126465,1
train,japanese_chin_120,18,368,500,1,0,1,0,0.705701087,0.518127441,1
train,japanese_chin_159,18,354,500,2,0,2,0,0.377248588,0.268981934,1
train,japanese_chin_15,18,500,493,1,0,1,0,0.41178499,0.406433105,1
train,japanese_chin_134,18,500,429,1,5,1,3,0.389286713,0.335205078,0
train,keeshond_116,19,500,333,1,5,1,1,0.480354354,0.319274902,0
train,keeshond_13,19,500,375,1,0,1,0,0.118672,0.0889282227,1
train,keeshond_129,19,375,500,1,0,1,0,0.373642667,0.280395508,1
train,keeshond_184,19,500,483,2,0,2,0,0.611022774,0.591247559,1
train,keeshond_122,19,375,500,1,0,1,0,0.603365333,0.452880859,1
train,keeshond_117,19,375,500,2,1,1,0,0.345392,0.25970459,0
train,keeshond_10,19,480,320,1,0,1,0,0.680670573,0.452514648,1
train,keeshond_101,19,500,375,1,0,1,0,0.406325333,0.305053711,1
train,keeshond_111,19,333,500,2,0,1,0,0.680510511,0.450073242,0
train,keeshond_147,19,372,500,2,0,1,0,0.650763441,0.48223877,0
train,keeshond_164,19,400,500,1,0,1,0,0.38515,0.30657959,1
train,keeshond_178,19,400,500,3,3,1,2,0.269485,0.213439941,0
train,keeshond_124,19,500,333,1,0,1,0,0.666966967,0.441833496,1
train,keeshond_143,19,373,500,2,0,2,0,0.157399464,0.116638184,1
train,keeshond_12,19,500,333,1,0,1,0,0.461933934,0.306945801,1
train,keeshond_15,19,500,375,1,0,1,0,0.378090667,0.283630371,1
train,keeshond_177,19,500,375,2,0,2,0,0.3408,0.255493164,1
train,keeshond_162,19,500,375,1,2,1,2,0.368314667,0.276672363,1
train,keeshond_186,19,428,500,2,0,2,0,0.534873832,0.459899902,1
train,keeshond_148,19,349,500,1,0,1,1,0.549421203,0.381958008,0
train,keeshond_131,19,333,500,1,0,1,0,0.615693694,0.408569336,1
train,keeshond_14,19,375,500,2,0,2,0,0.447808,0.336364746,1
train,keeshond_159,19,375,500,1,0,1,0,0.203082667,0.152282715,1
train,keeshond_152,19,375,500,2,0,2,0,0.428490667,0.32043457,1
train,keeshond_105,19,500,375,1,0,1,0,0.419050667,0.313476562,1
train,keeshond_153,19,375,500,2,0,1,0,0.315082667,0.235229492,0
train,keeshond_126,19,333,500,2,0,2,0,0.707747748,0.470825195,1
train,keeshond_144,19,375,500,2,0,1,0,0.366901333,0.275390625,0
train,keeshond_160,19,500,361,2,2,2,2,0.879462604,0.632446289,1
train,keeshond_140,19,375,500,1,1,1,0,0.511264,0.383972168,0
train,keeshond_176,19,375,500,2,0,1,0,0.327792,0.245849609,0
train,keeshond_109,19,500,375,1,0,1,0,0.446469333,0.335144043,1
train,keeshond_113,19,500,333,1,0,1,1,0.472312312,0.314086914,0
train,keeshond_167,19,401,500,2,0,2,0,0.413660848,0.331848145,1
train,keeshond_171,19,375,500,2,0,1,0,0.466725333,0.350280762,0
train,keeshond_114,19,334,500,2,0,1,0,0.619197605,0.415527344,0
train,keeshond_139,19,375,500,2,0,1,0,0.471088,0.352172852,0
train,keeshond_168,19,375,500,2,0,1,1,0.4832,0.362060547,0
train,keeshond_180,19,500,319,1,0,1,0,0.647266458,0.414916992,1
train,keeshond_155,19,500,375,2,1,2,1,0.265157333,0.198730469,1
train,keeshond_102,19,449,500,1,0,1,0,0.222587973,0.200012207,1
train,keeshond_127,19,333,500,2,0,1,0,0.307147147,0.204284668,0
train,keeshond_174,19,333,500,2,4,1,1,0.459027027,0.304931641,0
train,keeshond_145,19,500,333,2,0,1,0,0.580666667,0.38458252,0
train,keeshond_108,19,500,375,1,0,1,0,0.4076,0.305541992,1
train,keeshond_163,19,500,344,1,0,1,0,0.818261628,0.562683105,1
train,keeshond_154,19,375,500,1,1,1,0,0.185909333,0.139465332,0
train,keeshond_157,19,375,500,1,0,1,0,0.296496,0.222351074,1
train,keeshond_169,19,375,500,2,0,2,0,0.40088,0.300292969,1
train,keeshond_112,19,375,500,2,0,2,0,0.418058667,0.313964844,1
train,leonberger_121,20,375,500,1,0,1,0,0.352186667,0.264282227,1
train,leonberger_113,20,375,500,1,0,1,0,0.491696,0.367614746,1
train,leonberger_103,20,333,500,1,5,1,0,0.294156156,0.195129395,0
train,leonberger_128,20,500,427,2,0,1,0,0.214838407,0.182006836,0
train,leonberger_18,20,500,263,0,0,0,0,0,0,1
train,leonberger_150,20,352,500,2,1,1,0,0.588482955,0.414428711,0
train,leonberger_175,20,334,500,1,0,1,0,0.269497006,0.180297852,1
train,leonberger_152,20,500,388,1,0,1,0,0.723170103,0.559020996,1
train,leonberger_12,20,333,500,1,0,1,0,0.641207207,0.425354004,1
train,leonberger_119,20,332,500,1,0,1,0,0.653518072,0.434631348,1
train,leonberger_129,20,500,333,2,1,1,0,0.224876877,0.149780273,0
train,leonberger_141,20,375,500,1,0,1,0,0.366832,0.274536133,1
train,leonberger_148,20,333,500,2,0,1,0,0.305807808,0.202209473,0
train,leonberger_176,20,375,500,1,1,1,1,0.342688,0.256896973,1
train,leonberger_138,20,333,500,1,0,1,0,0.286492492,0.189880371,1
train,leonberger_105,20,500,333,1,0,1,0,0.511423423,0.340393066,1
train,leonberger_101,20,333,500,1,0,1,0,0.137147147,0.0912475586,1
train,leonberger_135,20,393,500,1,0,1,0,0.613491094,0.483642578,1
train,leonberger_157,20,372,500,1,0,1,0,0.233774194,0.173828125,1
train,leonberger_166,20,362,500,2,0,1,0,0.72601105,0.52734375,0
train,leonberger_188,20,474,500,1,0,1,0,0.722367089,0.683044434,1
train,leonberger_179,20,500,459,1,0,1,0,0.848431373,0.781494141,1
train,leonberger_160,20,500,375,1,0,1,0,0.642096,0.480957031,1
train,leonberger_104,20,460,500,1,0,1,0,0.204934783,0.188781738,1
train,leonberger_156,20,500,363,1,0,1,0,0.800242424,0.581359863,1
train,leonberger_118,20,333,500,1,0,1,0,0.590462462,0.39239502,1
train,leonberger_112,20,375,500,1,0,1,0,0.736421333,0.552490234,1
train,leonberger_158,20,375,500,3,0,2,0,0.415930667,0.312561035,0
train,leonberger_167,20,500,481,2,1,1,0,0.2362079,0.226013184,0
train,leonberger_162,20,340,500,1,0,1,0,0.7167,0.486206055,1
train,leonberger_174,20,334,500,1,0,1,0,0.444838323,0.298706055,1
train,leonberger_142,20,333,500,1,0,1,0,0.41957958,0.278076172,1
train,leonberger_147,20,333,500,1,0,1,0,0.433603604,0.288574219,1
train,leonberger_17,20,375,500,1,0,1,0,0.106981333,0.0805664062,1
train,leonberger_168,20,375,500,3,0,1,0,0.378693333,0.283447266,0
train,leonberger_143,20,375,500,2,0,2,0,0.454341333,0.340881348,1
train,leonberger_163,20,500,333,1,0,1,0,0.695897898,0.461975098,1
train,leonberger_126,20,398,500,1,0,1,0,0.475663317,0.379455566,1
train,leonberger_14,20,427,500,1,0,1,0,0.923803279,0.787109375,1
train,leonberger_189,20,334,500,1,0,1,0,0.514934132,0.346496582,1
train,leonberger_161,20,500,375,1,1,1,1,0.449114667,0.336914062,1
train,leonberger_134,20,333,500,1,1,1,1,0.662684685,0.439758301,1
train,leonberger_111,20,375,500,1,0,1,0,0.471552,0.353393555,1
train,leonberger_184,20,332,500,2,0,1,0,0.209451807,0.139099121,0
train,leonberger_171,20,349,500,1,0,1,0,0.841908309,0.585083008,1
train,leonberger_153,20,500,353,1,0,1,0,0.69811898,0.490905762,1
train,leonberger_165,20,240,500,2,0,1,0,0.501158333,0.239196777,0
train,leonberger_133,20,333,500,1,0,1,0,0.264252252,0.174865723,1
train,leonberger_151,20,500,412,1,0,1,0,0.597257282,0.489074707,1
train,leonberger_110,20,333,500,1,0,1,0,0.776204204,0.515563965,1
train,Maine_Coon_171,21,375,500,1,1,1,1,0.319088,0.239501953,1
train,Maine_Coon_121,21,354,500,1,0,1,0,0.224581921,0.159362793,1
train,Maine_Coon_142,21,375,500,1,0,1,0,0.218170667,0.164123535,1
train,Maine_Coon_109,21,333,500,1,0,1,0,0.641117117,0.426208496,1
train,Maine_Coon_161,21,333,500,1,0,1,0,0.315981982,0.210388184,1
train,Maine_Coon_108,21,375,500,1,0,1,0,0.497248,0.372802734,1
train,Maine_Coon_157,21,500,333,1,0,1,0,0.5203003,0.34576416,1
train,Maine_Coon_184,21,500,333,1,0,1,0,0.660822823,0.438720703,1
train,Maine_Coon_16,21,313,500,1,0,1,0,0.277738019,0.172607422,1
train,Maine_Coon_124,21,500,333,1,0,1,0,0.630708709,0.418884277,1
train,Maine_Coon_203,21,500,327,1,0,1,0,0.489131498,0.320983887,1
train,Maine_Coon_176,21,500,375,1,0,1,0,0.492533333,0.369567871,1
train,Maine_Coon_143,21,500,332,1,0,1,0,0.634560241,0.420776367,1
train,Maine_Coon_217,21,300,296,1,0,1,0,0.593772523,0.584411621,1
train,Maine_Coon_194,21,500,375,2,4,2,4,0.282426667,0.210266113,1
train,Maine_Coon_167,21,375,500,1,0,1,0,0.532122667,0.398803711,1
train,Maine_Coon_164,21,375,500,1,0,1,0,0.234650667,0.175109863,1
train,Maine_Coon_106,21,333,500,1,0,1,0,0.37642042,0.249328613,1
train,Maine_Coon_140,21,375,500,1,0,1,0,0.132672,0.100219727,1
train,Maine_Coon_150,21,333,500,1,0,1,0,0.142474474,0.0944824219,1
train,Maine_Coon_210,21,333,500,1,0,1,0,0.57033033,0.379272461,1
train,Maine_Coon_145,21,500,333,1,0,1,0,0.398702703,0.263366699,1
train,Maine_Coon_14,21,287,500,1,0,1,0,0.254404181,0.144836426,1
train,Maine_Coon_162,21,500,500,1,0,1,0,0.502508,0.502868652,1
train,Maine_Coon_155,21,333,500,1,0,1,0,0.376606607,0.249084473,1
train,Maine_Coon_153,21,333,500,1,0,1,0,0.324414414,0.21472168,1
train,Maine_Coon_134,21,500,333,1,0,1,0,0.393399399,0.260681152,1
train,Maine_Coon_135,21,332,500,1,1,1,0,0.639445783,0.425170898,0
train,Maine_Coon_219,21,236,300,1,0,1,0,0.330918079,0.261535645,1
train,Maine_Coon_110,21,500,424,1,0,1,0,0.600084906,0.511169434,1
train,Maine_Coon_144,21,500,473,1,0,1,0,0.71159408,0.672241211,1
train,Maine_Coon_115,21,500,334,1,2,1,0,0.835221557,0.560668945,0
train,Maine_Coon_107,21,333,500,1,0,1,0,0.274486486,0.182556152,1
train,Maine_Coon_137,21,333,500,1,0,1,0,0.268708709,0.179382324,1
train,Maine_Coon_147,21,333,500,1,0,1,0,0.272540541,0.181030273,1
train,Maine_Coon_192,21,229,500,2,0,2,0,0.454707424,0.209106445,1
train,Maine_Coon_132,21,332,500,1,0,1,0,0.617981928,0.411071777,1
train,Maine_Coon_151,21,500,355,1,0,1,0,0.463825352,0.329162598,1
train,Maine_Coon_173,21,500,375,1,0,1,0,0.756112,0.567138672,1
train,Maine_Coon_170,21,500,406,1,0,1,0,0.691896552,0.56262207,1
train,Maine_Coon_141,21,375,500,1,0,1,0,0.274618667,0.205749512,1
train,Maine_Coon_117,21,375,500,1,0,1,0,0.17936,0.133850098,1
train,Maine_Coon_126,21,500,379,1,0,1,0,0.657044855,0.498718262,1
train,Maine_Coon_17,21,376,500,1,1,1,0,0.556994681,0.418273926,0
train,Maine_Coon_128,21,500,375,1,3,1,1,0.43896,0.329162598,0
train,Maine_Coon_193,21,333,500,1,0,1,0,0.505615616,0.33581543,1
train,Maine_Coon_10,21,900,600,1,1,1,3,0.543012963,0.360229492,0
train,Maine_Coon_102,21,500,320,1,0,1,0,0.4032,0.257873535,1
train,Maine_Coon_119,21,333,500,1,0,1,0,0.364132132,0.241699219,1
train,Maine_Coon_201,21,500,333,1,0,1,0,0.37166967,0.246520996,1
train,miniature_pinscher_168,22,225,300,2,0,1,0,0.469703704,0.350219727,0
train,miniature_pinscher_185,22,300,277,1,0,1,0,0.332803851,0.304321289,1
train,miniature_pinscher_152,22,225,300,2,0,1,0,0.312474074,0.233703613,0
train,miniature_pinscher_104,22,333,500,1,0,1,0,0.187057057,0.124633789,1
train,miniature_pinscher_143,22,230,300,2,0,1,0,0.469231884,0.356445312,0
train,miniature_pinscher_122,22,262,300,1,1,1,3,0.262442748,0.229431152,0
train,miniature_pinscher_102,22,333,500,1,0,1,0,0.334108108,0.22277832,1
train,miniature_pinscher_12,22,375,500,1,0,1,0,0.281509333,0.211242676,1
train,miniature_pinscher_18,22,500,294,1,0,1,2,0.297312925,0.173034668,0
train,miniature_pinscher_127,22,225,300,1,0,1,0,0.275081481,0.206604004,1
train,miniature_pinscher_115,22,210,300,2,0,1,0,0.584349206,0.409973145,0
train,miniature_pinscher_11,22,375,500,1,0,1,0,0.508122667,0.38067627,1
train,miniature_pinscher_140,22,220,300,2,7,1,4,0.487424242,0.356140137,0
train,miniature_pinscher_175,22,225,300,3,0,1,0,0.244177778,0.179992676,0
train,miniature_pinscher_190,22,225,300,2,0,2,0,0.32362963,0.241516113,1
train,miniature_pinscher_160,22,225,300,2,0,1,0,0.337985185,0.250976562,0
train,miniature_pinscher_158,22,225,300,1,0,1,0,0.538118519,0.402160645,1
train,miniature_pinscher_14,22,500,375,0,0,0,0,0,0,1
train,miniature_pinscher_181,22,191,300,1,0,1,0,0.438010471,0.276611328,1
train,miniature_pinscher_179,22,224,300,1,0,1,0,0.386666667,0.289489746,1
train,miniature_pinscher_125,22,225,300,1,0,1,0,0.0957925926,0.0720825195,1
train,miniature_pinscher_101,22,492,500,1,0,1,0,0.323813008,0.31829834,1
train,miniature_pinscher_174,22,225,300,2,0,1,0,0.251807407,0.187072754,0
train,miniature_pinscher_138,22,201,300,1,1,1,1,0.564344942,0.377502441,1
train,miniature_pinscher_173,22,300,234,1,0,1,0,0.364230769,0.283203125,1
train,miniature_pinscher_187,22,225,300,1,0,1,0,0.733748148,0.54901123,1
train,miniature_pinscher_15,22,375,500,1,0,1,0,0.36504,0.273010254,1
train,miniature_pinscher_124,22,200,133,1,0,1,0,0.32112782,0.212463379,1
train,miniature_pinscher_189,22,300,225,1,0,1,0,0.607377778,0.455444336,1
train,miniature_pinscher_184,22,225,300,2,1,1,0,0.263837037,0.19329834,0
train,miniature_pinscher_159,22,225,300,2,0,1,0,0.3112,0.23223877,0
train,miniature_pinscher_120,22,225,300,1,0,1,0,0.304,0.228149414,1
train,miniature_pinscher_108,22,333,500,1,1,1,0,0.369213213,0.245666504,0
train,miniature_pinscher_169,22,225,300,2,0,1,0,0.145718519,0.108154297,0
train,miniature_pinscher_16,22,500,333,1,0,1,1,0.159129129,0.106262207,0
train,miniature_pinscher_118,22,225,300,2,0,1,0,0.333318519,0.248657227,0
train,miniature_pinscher_142,22,300,225,2,7,1,2,0.366385185,0.273925781,0
train,miniature_pinscher_109,22,375,500,1,0,1,0,0.304138667,0.228088379,1
train,miniature_pinscher_111,22,320,341,1,0,1,0,0.368200147,0.344116211,1
train,miniature_pinscher_17,22,500,333,1,0,1,0,0.196156156,0.130004883,1
train,miniature_pinscher_151,22,225,300,2,0,1,0,0.438977778,0.329162598,0
train,miniature_pinscher_177,22,300,184,2,0,1,0,0.391195652,0.241699219,0
train,miniature_pinscher_119,22,300,246,1,0,1,0,0.288753388,0.236999512,1
train,miniature_pinscher_134,22,225,300,2,0,1,0,0.449140741,0.332702637,0
train,miniature_pinscher_130,22,225,300,2,0,1,1,0.16802963,0.124084473,0
train,miniature_pinscher_136,22,225,300,2,0,1,0,0.13082963,0.0972900391,0
train,miniature_pinscher_144,22,225,300,1,3,1,3,0.39277037,0.293395996,1
train,miniature_pinscher_10,22,375,500,1,0,1,0,0.353418667,0.263916016,1
train,miniature_pinscher_149,22,225,300,3,0,2,0,0.136518519,0.0994873047,0
train,miniature_pinscher_170,22,225,300,2,0,1,0,0.231659259,0.173278809,0
train,newfoundland_145,23,333,500,2,0,1,0,0.51433033,0.340026855,0
train,newfoundland_131,23,375,500,1,0,1,0,0.394805333,0.296142578,1
train,newfoundland_162,23,500,333,2,0,2,0,0.510126126,0.33795166,1
train,newfoundland_13,23,500,333,1,0,1,0,0.300900901,0.200134277,1
train,newfoundland_17,23,500,375,1,0,1,0,0.313285333,0.234130859,1
train,newfoundland_182,23,375,500,2,0,1,0,0.679994667,0.50982666,0
train,newfoundland_134,23,375,500,2,0,2,0,0.284394667,0.212646484,1
train,newfoundland_10,23,500,335,1,0,1,0,0.73441791,0.493591309,1
train,newfoundland_119,23,500,375,1,0,1,0,0.363930667,0.2734375,1
train,newfoundland_141,23,335,500,1,0,1,0,0.3844,0.2578125,1
train,newfoundland_168,23,375,500,1,0,1,0,0.234037333,0.175292969,1
train,newfoundland_174,23,375,500,1,0,1,0,0.451109333,0.338012695,1
train,newfoundland_188,23,375,500,2,0,1,0,0.485829333,0.364501953,0
train,newfoundland_135,23,500,333,1,0,1,0,0.683051051,0.453552246,1
train,newfoundland_183,23,500,479,1,0,1,0,0.721185804,0.692687988,1
train,newfoundland_163,23,333,500,1,0,1,0,0.250486486,0.16619873,1
train,newfoundland_137,23,333,500,1,0,1,0,0.569993994,0.378356934,1
train,newfoundland_156,23,375,500,1,0,1,0,0.322432,0.242431641,1
train,newfoundland_118,23,500,403,1,0,1,0,0.541875931,0.435180664,1
train,newfoundland_111,23,334,500,1,0,1,0,0.688592814,0.462158203,1
train,newfoundland_106,23,500,333,1,0,1,0,0.467231231,0.310424805,1
train,newfoundland_110,23,375,500,1,0,1,0,0.482368,0.362121582,1
train,newfoundland_171,23,333,500,2,0,1,0,0.671309309,0.445556641,0
train,newfoundland_129,23,500,500,2,0,1,0,0.366688,0.366455078,0
train,newfoundland_143,23,375,500,1,0,1,0,0.302357333,0.227050781,1
train,newfoundland_116,23,375,500,1,0,1,0,0.538949333,0.403808594,1
train,newfoundland_12,23,375,500,1,0,1,0,0.245616,0.184265137,1
train,newfoundland_109,23,334,500,1,0,1,0,0.33557485,0.225769043,1
train,newfoundland_121,23,500,462,1,0,1,0,0.384177489,0.354003906,1
train,newfoundland_172,23,333,500,1,1,1,1,0.359237237,0.238891602,1
train,newfoundland_15,23,333,500,1,0,1,0,0.651213213,0.432373047,1
train,newfoundland_140,23,500,335,1,0,1,1,0.339337313,0.228881836,0
train,newfoundland_190,23,500,500,1,0,1,0,0.418748,0.418640137,1
train,newfoundland_159,23,375,500,1,0,1,0,0.496085333,0.372314453,1
train,newfoundland_114,23,375,500,1,0,1,0,0.608144,0.455566406,1
train,newfoundland_128,23,500,400,1,0,1,0,0.52563,0.420288086,1
train,newfoundland_181,23,333,500,1,0,1,0,0.631447447,0.418579102,1
train,newfoundland_132,23,500,375,1,0,1,0,0.381888,0.286682129,1
train,newfoundland_127,23,333,500,2,0,1,0,0.4296997,0.285461426,0
train,newfoundland_16,23,375,500,1,0,1,0,0.467968,0.350891113,1
train,newfoundland_124,23,333,500,2,1,2,1,0.352510511,0.232971191,1
train,newfoundland_180,23,500,500,3,0,1,0,0.457424,0.457580566,0
train,newfoundland_149,23,333,500,3,0,1,0,0.378384384,0.250061035,0
train,newfoundland_169,23,333,500,1,0,1,0,0.274930931,0.182739258,1
train,newfoundland_133,23,375,500,1,1,1,0,0.205301333,0.153930664,0
train,newfoundland_14,23,379,500,1,0,1,0,0.524580475,0.397399902,1
train,newfoundland_146,23,500,375,1,0,1,0,0.423909333,0.317749023,1
train,newfoundland_175,23,333,500,1,0,1,0,0.535081081,0.354980469,1
train,Persian_147,24,333,500,1,0,1,0,0.321033033,0.213745117,1
train,Persian_134,24,375,500,2,0,2,0,0.680624,0.511474609,1
train,Persian_183,24,437,500,1,0,1,0,0.483482838,0.423278809,1
train,Persian_136,24,410,500,1,0,1,0,0.451731707,0.370666504,1
train,Persian_117,24,375,500,1,0,1,0,0.622981333,0.467224121,1
train,Persian_170,24,334,500,1,0,1,0,0.43048503,0.289306641,1
train,Persian_152,24,500,333,1,0,1,0,0.602462462,0.398498535,1
train,Persian_100,24,334,500,1,0,1,0,0.881275449,0.591918945,1
train,Persian_171,24,500,500,1,0,1,0,0.413464,0.414001465,1
train,Persian_189,24,393,500,1,0,1,0,0.759740458,0.597045898,1
train,Persian_174,24,500,386,1,0,1,0,0.819305699,0.633605957,1
train,Persian_201,24,348,500,1,0,1,0,0.612867816,0.425842285,1
train,Persian_13,24,375,500,1,0,1,0,0.804629333,0.603820801,1
train,Persian_180,24,500,334,1,0,1,0,0.529982036,0.356445312,1
train,Persian_144,24,333,500,1,0,1,0,0.185717718,0.123596191,1
train,Persian_156,24,500,333,1,0,1,0,0.750168168,0.497497559,1
train,Persian_197,24,333,500,1,0,1,0,0.681075075,0.452148438,1
train,Persian_17,24,500,375,1,0,1,0,0.84112,0.63092041,1
train,Persian_166,24,500,350,1,0,1,0,0.739068571,0.51953125,1
train,Persian_132,24,500,333,1,0,1,0,0.772984985,0.513305664,1
train,Persian_169,24,500,376,1,0,1,0,0.662760638,0.496948242,1
train,Persian_115,24,375,500,1,0,1,0,0.433946667,0.324707031,1
train,Persian_135,24,352,500,1,0,1,0,0.669477273,0.471740723,1
train,Persian_125,24,333,500,1,0,1,0,0.595861862,0.395935059,1
train,Persian_126,24,450,500,1,0,1,0,0.380946667,0.342407227,1
train,Persian_107,24,402,500,1,0,1,0,0.649562189,0.521972656,1
train,Persian_122,24,480,320,1,0,1,0,0.866692708,0.576171875,1
train,Persian_121,24,500,333,1,0,1,0,0.831753754,0.552307129,1
train,Persian_114,24,439,500,1,0,1,0,0.583594533,0.51159668,1
train,Persian_18,24,375,500,1,0,1,0,0.54776,0.410827637,1
train,Persian_193,24,436,500,1,1,1,0,0.477555046,0.417236328,0
train,Persian_20,24,375,500,1,0,1,0,0.343221333,0.257263184,1
train,Persian_133,24,313,500,1,0,1,0,0.723699681,0.451660156,1
train,Persian_143,24,333,500,1,0,1,0,0.235051051,0.156616211,1
train,Persian_175,24,500,375,1,0,1,0,0.750592,0.56262207,1
train,Persian_185,24,500,375,1,0,1,0,0.326672,0.244140625,1
train,Persian_160,24,500,375,1,0,1,0,0.304517333,0.228393555,1
train,Persian_131,24,375,500,1,0,1,0,0.609952,0.457458496,1
train,Persian_140,24,500,358,1,0,1,0,0.715357542,0.513977051,1
train,Persian_128,24,334,500,1,0,1,0,0.470580838,0.316650391,1
train,Persian_11,24,500,375,1,0,1,0,0.851370667,0.63873291,1
train,Persian_10,24,500,375,1,0,1,0,0.957168,0.717651367,1
train,Persian_116,24,500,375,1,0,1,0,0.19392,0.145263672,1
train,Persian_182,24,334,500,1,0,1,0,0.191616766,0.129638672,1
train,Persian_165,24,333,500,1,0,1,0,0.894864865,0.594726562,1
train,Persian_104,24,332,500,1,0,1,0,0.554343373,0.368591309,1
train,Persian_141,24,396,500,1,0,1,0,0.605409091,0.477294922,1
train,Persian_161,24,395,500,1,0,1,0,0.560703797,0.442932129,1
train,Persian_14,24,500,375,1,0,1,0,0.887205333,0.665405273,1
train,Persian_158,24,482,500,1,0,1,0,0.400510373,0.385375977,1
train,pomeranian_137,25,225,300,1,0,1,0,0.579837037,0.434448242,1
train,pomeranian_133,25,291,300,1,0,1,0,0.416872852,0.403076172,1
train,pomeranian_120,25,236,300,2,0,1,3,0.463177966,0.364440918,0
train,pomeranian_108,25,375,500,1,0,1,0,0.514602667,0.386352539,1
train,pomeranian_16,25,348,500,2,0,2,0,0.316172414,0.220275879,1
train,pomeranian_18,25,375,500,1,0,1,0,0.166453333,0.124328613,1
train,pomeranian_127,25,300,225,2,0,1,0,0.270918519,0.202514648,0
train,pomeranian_134,25,248,300,3,0,2,0,0.517123656,0.425964355,0
train,pomeranian_176,25,225,300,2,0,1,0,0.253718519,0.189086914,0
train,pomeranian_118,25,266,300,2,0,1,0,0.327844612,0.287963867,0
train,pomeranian_179,25,225,300,2,0,1,0,0.703496296,0.526733398,0
train,pomeranian_170,25,300,225,1,0,1,0,0.576903704,0.43170166,1
train,pomeranian_143,25,225,300,2,0,1,0,0.325155556,0.239746094,0
train,pomeranian_125,25,280,216,3,0,1,0,0.460367063,0.354125977,0
train,pomeranian_154,25,216,288,2,0,1,0,0.38901749,0.289855957,0
train,pomeranian_186,25,225,300,3,0,1,0,0.314148148,0.230712891,0
train,pomeranian_141,25,225,300,1,0,1,0,0.233525926,0.174255371,1
train,pomeranian_144,25,300,200,1,0,1,0,0.591483333,0.391845703,1
train,pomeranian_139,25,300,225,2,0,1,0,0.410459259,0.307006836,0
train,pomeranian_114,25,300,198,1,0,1,0,0.291228956,0.191833496,1
train,pomeranian_115,25,233,300,1,0,1,0,0.569556509,0.437988281,1
train,pomeranian_147,25,300,297,2,2,1,2,0.434971942,0.428344727,0
train,pomeranian_172,25,150,200,2,0,1,0,0.475833333,0.357666016,0
train,pomeranian_158,25,300,236,2,0,1,0,0.470677966,0.368408203,0
train,pomeranian_183,25,225,300,2,0,1,0,0.374711111,0.279541016,0
train,pomeranian_123,25,225,300,2,0,1,0,0.469896296,0.350769043,0
train,pomeranian_126,25,225,300,2,0,1,0,0.269555556,0.199645996,0
train,pomeranian_130,25,300,271,1,1,1,0,0.395867159,0.358337402,0
train,pomeranian_145,25,300,225,2,0,1,0,0.679925926,0.50604248,0
train,pomeranian_182,25,276,250,2,0,1,0,0.662057971,0.598388672,0
train,pomeranian_174,25,225,300,2,0,1,0,0.44482963,0.329406738,0
train,pomeranian_171,25,300,225,1,0,1,0,0.45717037,0.343383789,1
train,pomeranian_185,25,225,300,2,0,1,0,0.530251852,0.395996094,0
train,pomeranian_178,25,269,208,2,0,1,0,0.469795539,0.361633301,0
train,pomeranian_122,25,294,300,2,0,1,0,0.310714286,0.301086426,0
train,pomeranian_109,25,332,500,1,0,1,0,0.224680723,0.149230957,1
train,pomeranian_166,25,300,189,1,0,1,0,0.783580247,0.495361328,1
train,pomeranian_180,25,300,203,1,0,1,0,0.455500821,0.309753418,1
train,pomeranian_149,25,225,300,2,0,1,0,0.225703704,0.167907715,0
train,pomeranian_15,25,375,500,1,0,1,0,0.352101333,0.26385498,1
train,pomeranian_187,25,287,300,3,0,1,0,0.345609756,0.327514648,0
train,pomeranian_160,25,274,300,2,0,1,0,0.488588808,0.443237305,0
train,pomeranian_138,25,203,300,2,0,1,0,0.441116585,0.298950195,0
train,pomeranian_181,25,225,300,2,0,1,0,0.664207407,0.497741699,0
train,pomeranian_124,25,225,300,2,0,1,0,0.427837037,0.320007324,0
train,pomeranian_17,25,375,500,1,0,1,0,0.522458667,0.391113281,1
train,pomeranian_12,25,375,500,1,0,1,0,0.653994667,0.490783691,1
train,pomeranian_119,25,225,300,2,0,1,0,0.366444444,0.274414062,0
train,pomeranian_188,25,225,300,1,0,1,0,0.234044444,0.175476074,1
train,pomeranian_151,25,225,300,2,0,1,0,0.314177778,0.234130859,0
train,pug_127,26,269,300,1,0,1,0,0.570384139,0.511962891,1
train,pug_148,26,200,300,2,0,1,0,0.412416667,0.271728516,0
train,pug_117,26,333,500,1,0,1,0,0.148918919,0.098815918,1
train,pug_146,26,224,300,2,0,2,0,0.424107143,0.315795898,1
train,pug_114,26,500,375,1,0,1,0,0.352938667,0.264526367,1
train,pug_176,26,227,300,2,0,1,0,0.3030837,0.229858398,0
train,pug_183,26,300,279,2,2,1,1,0.41051374,0.380004883,0
train,pug_180,26,214,300,2,0,1,0,0.468161994,0.333618164,0
train,pug_112,26,500,333,1,0,1,0,0.433345345,0.287658691,1
train,pug_159,26,225,300,1,0,1,0,0.391614815,0.293151855,1
train,pug_16,26,375,500,1,0,1,0,0.468618667,0.351196289,1
train,pug_124,26,300,225,1,0,1,0,0.401703704,0.300476074,1
train,pug_18,26,375,500,1,1,1,0,0.332101333,0.249572754,0
train,pug_13,26,375,500,1,0,1,0,0.6176,0.463256836,1
train,pug_119,26,500,375,1,0,1,0,0.220544,0.166625977,1
train,pug_142,26,225,300,1,0,1,0,0.538325926,0.40246582,1
train,pug_100,26,500,333,1,0,1,0,0.45824024,0.304504395,1
train,pug_111,26,500,445,1,0,1,0,0.592966292,0.528076172,1
train,pug_132,26,300,240,2,1,1,0,0.581319444,0.462890625,0
train,pug_190,26,300,274,1,0,1,0,0.589184915,0.537719727,1
train,pug_121,26,222,300,1,0,1,0,0.548738739,0.407165527,1
train,pug_166,26,300,225,1,0,1,0,0.610266667,0.457519531,1
train,pug_118,26,500,332,1,0,1,0,0.313608434,0.208251953,1
train,pug_186,26,300,261,1,0,1,0,0.391621967,0.339904785,1
train,pug_139,26,235,300,2,0,1,0,0.577134752,0.450378418,0
train,pug_126,26,300,203,2,0,1,0,0.51635468,0.347229004,0
train,pug_133,26,300,199,3,0,1,0,0.511423786,0.336730957,0
train,pug_189,26,225,300,1,1,1,0,0.376681481,0.282775879,0
train,pug_145,26,225,300,1,0,1,0,0.484888889,0.361816406,1
train,pug_177,26,225,300,2,1,1,0,0.289111111,0.21270752,0
train,pug_143,26,225,300,2,0,1,0,0.350237037,0.262084961,0
train,pug_155,26,225,300,2,1,1,2,0.430503704,0.32019043,0
train,pug_151,26,300,198,2,0,1,0,0.632777778,0.414245605,0
train,pug_128,26,225,300,1,0,1,0,0.302948148,0.226623535,1
train,pug_108,26,500,375,1,0,1,0,0.2168,0.162536621,1
train,pug_122,26,296,300,1,0,1,0,0.784864865,0.772521973,1
train,pug_109,26,500,375,1,0,1,1,0.291429333,0.218444824,0
train,pug_137,26,300,199,1,0,1,1,0.609849246,0.404418945,0
train,pug_107,26,500,375,1,0,1,0,0.103504,0.0766601562,1
train,pug_115,26,500,375,1,0,1,0,0.209173333,0.156921387,1
train,pug_173,26,300,287,2,0,1,0,0.408072009,0.386779785,0
train,pug_17,26,375,500,1,0,1,0,0.406954667,0.305419922,1
train,pug_150,26,185,300,1,0,1,0,0.404468468,0.249389648,1
train,pug_116,26,333,500,1,0,1,0,0.569855856,0.377929688,1
train,pug_164,26,300,230,1,0,1,0,0.386289855,0.29699707,1
train,pug_147,26,224,300,1,0,1,0,0.480863095,0.359191895,1
train,pug_102,26,500,375,1,0,1,0,0.769861333,0.577453613,1
train,pug_181,26,300,209,2,0,1,0,0.444641148,0.309143066,0
train,pug_149,26,253,300,2,0,1,0,0.513913043,0.43182373,0
train,pug_105,26,500,375,1,0,1,0,0.289514667,0.21697998,1
train,Ragdoll_141,27,500,300,1,0,1,0,0.946806667,0.569396973,1
train,Ragdoll_179,27,333,500,1,0,1,0,0.357783784,0.237243652,1
train,Ragdoll_153,27,415,500,1,0,1,0,0.655990361,0.543029785,1
train,Ragdoll_13,27,500,291,1,0,1,0,0.606412371,0.350585938,1
train,Ragdoll_188,27,500,375,1,0,1,0,0.468506667,0.352111816,1
train,Ragdoll_161,27,309,500,1,1,1,1,0.478142395,0.295227051,1
train,Ragdoll_171,27,500,334,1,0,1,0,0.568640719,0.381347656,1
train,Ragdoll_156,27,500,418,1,0,1,0,0.285287081,0.238525391,1
train,Ragdoll_106,27,409,500,1,0,1,0,0.384376528,0.316894531,1
train,Ragdoll_107,27,395,500,1,0,1,0,0.54843038,0.432312012,1
train,Ragdoll_159,27,423,500,1,1,1,1,0.494316785,0.416809082,1
train,Ragdoll_152,27,375,500,1,0,1,0,0.334325333,0.250549316,1
train,Ragdoll_178,27,500,333,1,0,1,0,0.335345345,0.223327637,1
train,Ragdoll_186,27,500,334,1,0,1,0,0.633712575,0.42565918,1
train,Ragdoll_175,27,333,500,1,2,1,1,0.33039039,0.219787598,0
train,Ragdoll_122,27,375,500,1,0,1,0,0.655029333,0.490600586,1
train,Ragdoll_176,27,307,500,1,0,1,0,0.331667752,0.204956055,1
train,Ragdoll_196,27,412,500,1,0,1,0,0.65931068,0.541687012,1
train,Ragdoll_174,27,500,332,1,0,1,0,0.586216867,0.389099121,1
train,Ragdoll_118,27,353,500,1,0,1,0,0.648045326,0.456420898,1
train,Ragdoll_138,27,464,500,1,0,1,0,0.339573276,0.315856934,1
train,Ragdoll_140,27,375,500,1,0,1,0,0.513546667,0.385620117,1
train,Ragdoll_165,27,500,332,1,0,1,0,0.24560241,0.163208008,1
train,Ragdoll_111,27,500,332,1,0,1,0,0.861975904,0.572937012,1
train,Ragdoll_136,27,449,500,1,0,1,0,0.499991091,0.448486328,1
train,Ragdoll_154,27,500,371,1,0,1,0,0.501892183,0.372131348,1
train,Ragdoll_190,27,333,500,1,0,1,0,0.360510511,0.239135742,1
train,Ragdoll_129,27,500,335,1,0,1,0,0.367946269,0.246948242,1
train,Ragdoll_168,27,500,422,1,0,1,0,0.538194313,0.454345703,1
train,Ragdoll_114,27,500,333,1,0,1,0,0.579891892,0.385009766,1
train,Ragdoll_121,27,484,500,1,0,1,0,0.627669421,0.607543945,1
train,Ragdoll_189,27,319,425,1,0,1,0,0.613704592,0.460021973,1
train,Ragdoll_183,27,436,500,1,0,1,0,0.740651376,0.64855957,1
train,Ragdoll_192,27,500,334,1,0,1,0,0.227353293,0.15222168,1
train,Ragdoll_202,27,375,500,1,0,1,0,0.474853333,0.35546875,1
train,Ragdoll_150,27,213,320,1,0,1,0,0.5467723,0.363037109,1
train,Ragdoll_185,27,500,333,1,0,1,0,0.0884744745,0.059387207,1
train,Ragdoll_137,27,479,500,1,2,1,2,0.672546973,0.646728516,1
train,Ragdoll_130,27,335,500,1,0,1,0,0.418185075,0.280883789,1
train,Ragdoll_182,27,380,500,1,0,1,0,0.438478947,0.332519531,1
train,Ragdoll_126,27,500,334,1,0,1,0,0.684419162,0.459594727,1
train,Ragdoll_145,27,213,320,1,0,1,0,0.204841549,0.136047363,1
train,Ragdoll_139,27,386,500,1,0,1,0,0.645626943,0.499511719,1
train,Ragdoll_104,27,483,500,1,0,1,0,0.451296066,0.437316895,1
train,Ragdoll_124,27,375,500,1,0,1,0,0.508586667,0.381774902,1
train,Ragdoll_181,27,333,500,1,0,1,0,0.196204204,0.130493164,1
train,Ragdoll_199,27,375,500,1,1,1,1,0.527093333,0.395202637,1
train,Ragdoll_116,27,333,500,1,0,1,0,0.517237237,0.343444824,1
train,Ragdoll_187,27,333,500,1,0,1,0,0.675933934,0.448913574,1
train,Ragdoll_133,27,375,500,1,0,1,0,0.731509333,0.547790527,1
train,Russian_Blue_180,28,356,500,1,1,1,0,0.750258427,0.53326416,0
train,Russian_Blue_154,28,500,334,1,0,1,0,0.285377246,0.191650391,1
train,Russian_Blue_129,28,323,500,1,0,1,0,0.416959752,0.270263672,1
train,Russian_Blue_143,28,334,500,1,0,1,0,0.560712575,0.375305176,1
train,Russian_Blue_145,28,500,375,1,0,1,0,0.329306667,0.246398926,1
train,Russian_Blue_142,28,500,333,1,0,1,0,0.201441441,0.133911133,1
train,Russian_Blue_19,28,500,332,1,3,1,3,0.795753012,0.527832031,1
train,Russian_Blue_191,28,500,335,1,0,1,0,0.607247761,0.408691406,1
train,Russian_Blue_110,28,333,500,1,0,1,0,0.574666667,0.380981445,1
train,Russian_Blue_103,28,375,500,1,0,1,0,0.0818453333,0.0609741211,1
train,Russian_Blue_131,28,500,375,1,0,1,0,0.329402667,0.246398926,1
train,Russian_Blue_127,28,500,333,1,0,1,0,0.6003003,0.398193359,1
train,Russian_Blue_107,28,500,281,1,0,1,0,0.862192171,0.48425293,1
train,Russian_Blue_104,28,375,500,1,0,1,0,0.106149333,0.0794677734,1
train,Russian_Blue_199,28,333,500,1,0,1,0,0.429327327,0.285705566,1
train,Russian_Blue_188,28,335,500,1,0,1,0,0.214441791,0.144470215,1
train,Russian_Blue_153,28,267,400,1,0,1,0,0.577668539,0.383117676,1
train,Russian_Blue_182,28,335,500,1,0,1,0,0.590967164,0.396972656,1
train,Russian_Blue_151,28,375,500,1,0,1,0,0.657365333,0.492980957,1
train,Russian_Blue_106,28,500,325,1,0,1,0,0.470867692,0.305175781,1
train,Russian_Blue_109,28,334,500,1,0,1,0,0.378706587,0.253356934,1
train,Russian_Blue_118,28,500,281,1,0,1,0,0.86969395,0.489929199,1
train,Russian_Blue_160,28,500,375,1,0,1,0,0.377493333,0.28302002,1
train,Russian_Blue_125,28,375,500,1,0,1,0,0.589509333,0.442382812,1
train,Russian_Blue_139,28,333,500,1,0,1,0,0.905957958,0.601379395,1
train,Russian_Blue_177,28,281,500,1,0,1,0,0.350676157,0.197387695,1
train,Russian_Blue_113,28,500,333,1,0,1,0,0.278522523,0.184692383,1
train,Russian_Blue_102,28,332,500,1,0,1,0,0.353987952,0.235534668,1
train,Russian_Blue_193,28,500,375,1,1,1,0,0.249466667,0.187011719,0
train,Russian_Blue_128,28,500,375,1,0,1,0,0.727157333,0.545898438,1
train,Russian_Blue_197,28,442,500,1,1,1,0,0.227705882,0.201171875,0
train,Russian_Blue_173,28,427,500,1,0,1,0,0.496740047,0.422485352,1
train,Russian_Blue_150,28,333,500,1,0,1,0,0.360930931,0.239318848,1
train,Russian_Blue_117,28,375,500,1,0,1,0,0.128992,0.0967407227,1
train,Russian_Blue_162,28,500,333,1,1,1,1,0.606144144,0.402282715,1
train,Russian_Blue_178,28,500,375,1,0,1,0,0.446693333,0.334960938,1
train,Russian_Blue_124,28,375,500,1,0,1,0,0.450666667,0.337280273,1
train,Russian_Blue_165,28,375,500,1,0,1,0,0.379856,0.283081055,1
train,Russian_Blue_185,28,500,355,1,0,1,0,0.689447887,0.489990234,1
train,Russian_Blue_164,28,333,500,1,0,1,0,0.258312312,0.171630859,1
train,Russian_Blue_101,28,400,500,1,0,1,0,0.39458,0.315490723,1
train,Russian_Blue_132,28,333,500,1,0,1,0,0.316228228,0.209533691,1
train,Russian_Blue_114,28,375,500,1,0,1,0,0.281594667,0.211914062,1
train,Russian_Blue_116,28,334,500,1,0,1,0,0.521107784,0.34967041,1
train,Russian_Blue_136,28,423,500,1,1,1,1,0.295049645,0.248596191,1
train,Russian_Blue_171,28,333,500,1,0,1,0,0.55781982,0.371154785,1
train,Russian_Blue_115,28,500,332,1,0,1,0,0.329843373,0.220153809,1
train,Russian_Blue_187,28,333,500,1,0,1,0,0.338024024,0.22467041,1
train,Russian_Blue_176,28,375,500,1,0,1,0,0.375365333,0.28137207,1
train,Russian_Blue_170,28,333,500,1,1,1,1,0.300486486,0.198852539,1
train,saint_bernard_153,29,335,500,2,1,1,0,0.474764179,0.318481445,0
train,saint_bernard_142,29,375,500,2,4,1,0,0.306576,0.230285645,0
train,saint_bernard_112,29,500,332,1,1,1,1,0.502084337,0.333007812,1
train,saint_bernard_115,29,330,500,1,0,1,0,0.202490909,0.132751465,1
train,saint_bernard_178,29,500,500,3,0,1,0,0.587112,0.586669922,0
train,saint_bernard_176,29,375,500,2,2,1,2,0.260613333,0.1953125,0
train,saint_bernard_135,29,321,500,4,0,1,0,0.310903427,0.19708252,0
train,saint_bernard_151,29,375,500,2,2,1,0,0.345813333,0.257629395,0
train,saint_bernard_121,29,500,375,1,0,1,0,0.520629333,0.390319824,1
train,saint_bernard_183,29,333,500,2,0,2,0,0.245897898,0.164245605,1
train,saint_bernard_155,29,423,500,3,0,2,0,0.58541844,0.49230957,0
train,saint_bernard_106,29,333,500,1,0,1,0,0.295339339,0.195922852,1
train,saint_bernard_111,29,426,500,1,0,1,0,0.0811877934,0.0684814453,1
train,saint_bernard_161,29,500,375,2,1,2,1,0.296197333,0.223388672,1
train,saint_bernard_109,29,332,500,1,0,1,0,0.11660241,0.0776367188,1
train,saint_bernard_141,29,375,500,2,0,2,0,0.289370667,0.219299316,1
train,saint_bernard_150,29,333,500,2,0,3,1,0.107747748,0.0729370117,0
train,saint_bernard_187,29,500,333,2,0,2,0,0.369717718,0.244689941,1
train,saint_bernard_168,29,500,375,1,0,1,1,0.526757333,0.394714355,0
train,saint_bernard_174,29,333,500,2,0,1,0,0.474972973,0.315246582,0
train,saint_bernard_147,29,335,500,2,0,1,0,0.383337313,0.254699707,0
train,saint_bernard_160,29,500,375,2,0,2,0,0.486442667,0.365661621,1
train,saint_bernard_100,29,375,500,1,0,1,0,0.418944,0.313476562,1
train,saint_bernard_102,29,262,500,1,0,1,0,0.510267176,0.267944336,1
train,saint_bernard_132,29,375,500,1,1,1,0,0.387568,0.291625977,0
train,saint_bernard_146,29,375,500,1,1,1,0,0.298986667,0.225280762,0
train,saint_bernard_188,29,500,333,4,0,2,0,0.317705706,0.209106445,0
train,saint_bernard_122,29,334,500,1,0,1,0,0.732538922,0.491638184,1
train,saint_bernard_105,29,375,500,1,0,1,0,0.587877333,0.440063477,1
train,saint_bernard_170,29,500,330,2,4,1,2,0.247454545,0.161560059,0
train,saint_bernard_167,29,333,500,2,0,1,0,0.415447447,0.27520752,0
train,saint_bernard_189,29,500,333,2,0,1,0,0.310084084,0.205322266,0
train,saint_bernard_139,29,500,333,2,3,1,4,0.205753754,0.135192871,0
train,saint_bernard_118,29,451,500,1,0,1,0,0.519875831,0.467712402,1
train,saint_bernard_179,29,500,375,2,2,2,2,0.226346667,0.169799805,1
train,saint_bernard_140,29,500,450,3,0,2,0,0.370773333,0.332641602,0
train,saint_bernard_126,29,375,500,1,10,1,6,0.268618667,0.201477051,0
train,saint_bernard_175,29,375,500,2,5,2,3,0.274986667,0.205749512,0
train,saint_bernard_119,29,333,500,1,0,1,0,0.102474474,0.0674438477,1
train,saint_bernard_15,29,375,500,0,0,0,0,0,0,1
train,saint_bernard_173,29,333,500,2,0,1,0,0.44612012,0.295898438,0
train,saint_bernard_117,29,500,367,1,2,1,1,0.569297003,0.416381836,0
train,saint_bernard_120,29,331,500,1,0,1,0,0.0771963746,0.0514526367,1
train,saint_bernard_133,29,375,500,1,0,1,0,0.486464,0.365234375,1
train,saint_bernard_166,29,329,500,1,0,2,0,0.268753799,0.176635742,0
train,saint_bernard_125,29,500,392,1,0,1,0,0.469612245,0.367126465,1
train,saint_bernard_158,29,500,307,2,2,2,1,0.41580456,0.257507324,0
train,saint_bernard_156,29,333,500,2,0,2,0,0.280102102,0.185058594,1
train,saint_bernard_165,29,375,500,2,1,1,0,0.34864,0.259460449,0
train,saint_bernard_127,29,334,500,1,0,1,0,0.603826347,0.405700684,1
train,samoyed_172,30,375,500,1,0,1,0,0.509909333,0.383117676,1
train,samoyed_183,30,334,500,1,0,1,0,0.195413174,0.131408691,1
train,samoyed_178,30,334,500,2,0,1,0,0.158419162,0.104919434,0
train,samoyed_107,30,375,500,1,0,1,0,0.773477333,0.57989502,1
train,samoyed_134,30,500,375,2,0,1,0,0.358090667,0.267883301,0
train,samoyed_163,30,333,500,2,1,2,0,0.237507508,0.157531738,0
train,samoyed_180,30,334,500,2,0,1,0,0.267784431,0.178955078,0
train,samoyed_109,30,333,500,1,0,1,0,0.531153153,0.352661133,1
train,samoyed_168,30,500,333,1,1,1,0,0.395525526,0.262817383,0
train,samoyed_131,30,375,500,2,0,2,0,0.453850667,0.339660645,1
train,samoyed_125,30,476,500,1,0,1,0,0.51405042,0.489440918,1
train,samoyed_155,30,333,500,3,0,2,1,0.221087087,0.145202637,0
train,samoyed_11,30,500,325,1,0,1,0,0.509409231,0.33026123,1
train,samoyed_141,30,351,500,2,0,2,0,0.127105413,0.0883789062,1
train,samoyed_15,30,500,377,1,0,1,0,0.497984085,0.377624512,1
train,samoyed_110,30,333,500,1,0,1,0,0.398576577,0.264282227,1
train,samoyed_167,30,335,500,2,0,1,0,0.423062687,0.282165527,0
train,samoyed_106,30,500,327,1,0,1,0,0.525137615,0.343688965,1
train,samoyed_123,30,332,500,1,0,1,0,0.238716867,0.158325195,1
train,samoyed_188,30,500,375,2,0,2,0,0.180485333,0.135620117,1
train,samoyed_177,30,334,500,2,0,1,0,0.21011976,0.13873291,0
train,samoyed_16,30,500,375,1,0,1,0,0.63992,0.481323242,1
train,samoyed_108,30,500,333,1,1,1,2,0.474972973,0.315307617,0
train,samoyed_149,30,375,500,1,0,1,0,0.249824,0.187255859,1
train,samoyed_143,30,333,500,2,0,2,0,0.254468468,0.16973877,1
train,samoyed_17,30,479,500,1,0,1,0,0.58325261,0.559631348,1
train,samoyed_190,30,500,375,3,0,2,1,0.203589333,0.151489258,0
train,samoyed_186,30,500,334,2,1,2,0,0.371131737,0.248779297,0
train,samoyed_152,30,500,334,2,0,2,0,0.52857485,0.353942871,1
train,samoyed_122,30,375,500,1,1,1,0,0.155877333,0.116760254,0
train,samoyed_170,30,333,500,2,0,1,0,0.172540541,0.113464355,0
train,samoyed_104,30,333,500,1,2,1,1,0.257855856,0.170959473,0
train,samoyed_129,30,500,333,2,1,1,0,0.518252252,0.343994141,0
train,samoyed_164,30,333,500,3,0,1,0,0.278858859,0.184631348,0
train,samoyed_154,30,333,500,2,0,1,0,0.23978979,0.159301758,0
train,samoyed_144,30,375,500,2,0,2,0,0.187904,0.140930176,1
train,samoyed_133,30,333,500,1,1,1,2,0.546246246,0.362243652,0
train,samoyed_132,30,500,333,2,0,1,0,0.73618018,0.486999512,0
train,samoyed_158,30,333,500,1,0,1,0,0.369987988,0.245788574,1
train,samoyed_101,30,375,500,1,0,1,0,0.123152,0.092590332,1
train,samoyed_124,30,344,500,1,0,1,0,0.374755814,0.258117676,1
train,samoyed_100,30,334,500,1,0,1,0,0.662778443,0.445678711,1
train,samoyed_120,30,500,375,1,0,1,0,0.367973333,0.275634766,1
train,samoyed_139,30,455,500,2,1,1,2,0.516320879,0.466552734,0
train,samoyed_140,30,375,500,2,0,2,0,0.143642667,0.106384277,1
train,samoyed_115,30,333,500,1,0,1,0,0.309675676,0.205383301,1
train,samoyed_159,30,333,500,1,0,1,0,0.204744745,0.133850098,1
train,samoyed_138,30,375,500,2,1,2,0,0.287941333,0.215454102,0
train,samoyed_174,30,334,500,2,0,1,0,0.442874251,0.298400879,0
train,samoyed_182,30,334,500,1,0,1,0,0.317694611,0.213623047,1
train,scottish_terrier_143,31,442,463,1,0,1,0,0.329696158,0.314025879,1
train,scottish_terrier_177,31,333,500,2,0,2,0,0.507657658,0.336242676,1
train,scottish_terrier_154,31,500,429,1,0,1,0,0.222214452,0.191345215,1
train,scottish_terrier_16,31,432,500,1,0,1,0,0.550310185,0.476806641,1
train,scottish_terrier_182,31,333,500,2,0,1,0,0.537177177,0.35736084,0
train,scottish_terrier_148,31,500,381,2,0,2,0,0.44015748,0.336791992,1
train,scottish_terrier_141,31,500,375,2,0,2,0,0.366512,0.274353027,1
train,scottish_terrier_129,31,335,500,3,0,2,0,0.519958209,0.348693848,0
train,scottish_terrier_142,31,454,500,1,0,1,0,0.404114537,0.365783691,1
train,scottish_terrier_10,31,335,500,1,0,1,0,0.16839403,0.113037109,1
train,scottish_terrier_112,31,500,375,1,0,1,0,0.244986667,0.183044434,1
train,scottish_terrier_14,31,500,375,1,0,1,0,0.115082667,0.0866699219,1
train,scottish_terrier_127,31,500,375,2,0,2,0,0.627504,0.471374512,1
train,scottish_terrier_133,31,358,500,2,0,2,0,0.394994413,0.282775879,1
train,scottish_terrier_140,31,500,338,1,0,1,0,0.553295858,0.375488281,1
train,scottish_terrier_173,31,375,500,2,0,1,0,0.451829333,0.337341309,0
train,scottish_terrier_185,31,433,500,1,0,1,0,0.782397229,0.678222656,1
train,scottish_terrier_108,31,375,500,1,0,1,0,0.333552,0.249633789,1
train,scottish_terrier_155,31,332,500,2,0,2,0,0.309180723,0.204040527,1
train,scottish_terrier_109,31,375,500,1,0,1,0,0.0863786667,0.0643920898,1
train,scottish_terrier_115,31,500,442,2,0,2,0,0.512760181,0.449645996,1
train,scottish_terrier_163,31,363,500,2,0,1,0,0.362325069,0.263427734,0
train,scottish_terrier_120,31,500,416,2,0,1,1,0.505552885,0.418884277,0
train,scottish_terrier_172,31,500,375,2,0,1,0,0.526602667,0.39465332,0
train,scottish_terrier_136,31,500,413,2,1,2,0,0.543641646,0.449707031,0
train,scottish_terrier_170,31,375,500,2,0,1,0,0.605168,0.454223633,0
train,scottish_terrier_116,31,500,422,1,0,1,0,0.584146919,0.49206543,1
train,scottish_terrier_187,31,500,333,1,0,1,0,0.555255255,0.367980957,1
train,scottish_terrier_144,31,375,500,2,0,2,0,0.359648,0.269348145,1
train,scottish_terrier_101,31,375,500,4,0,3,2,0.159776,0.11920166,0
train,scottish_terrier_165,31,375,500,2,0,1,0,0.2696,0.202270508,0
train,scottish_terrier_189,31,500,424,2,1,2,0,0.307235849,0.262084961,0
train,scottish_terrier_102,31,332,500,1,0,1,0,0.0677228916,0.0453491211,1
train,scottish_terrier_188,31,333,500,1,0,1,1,0.333657658,0.222045898,0
train,scottish_terrier_167,31,333,500,1,0,1,0,0.324222222,0.215515137,1
train,scottish_terrier_18,31,333,500,1,0,1,0,0.193159159,0.128295898,1
train,scottish_terrier_114,31,500,391,2,1,1,1,0.62170844,0.485961914,0
train,scottish_terrier_176,31,500,375,1,0,1,0,0.702714667,0.526367188,1
train,scottish_terrier_113,31,375,500,2,1,2,0,0.358592,0.268188477,0
train,scottish_terrier_122,31,439,449,1,0,1,0,0.359431995,0.351013184,1
train,scottish_terrier_178,31,333,500,1,0,1,0,0.160528529,0.106628418,1
train,scottish_terrier_137,31,500,348,1,1,1,0,0.520706897,0.362060547,0
train,scottish_terrier_132,31,375,500,2,0,1,0,0.338656,0.254089355,0
train,scottish_terrier_179,31,336,500,2,0,1,0,0.192583333,0.127807617,0
train,scottish_terrier_153,31,500,332,1,1,1,0,0.723915663,0.480529785,0
train,scottish_terrier_131,31,500,358,2,0,2,0,0.434217877,0.311767578,1
train,scottish_terrier_106,31,442,332,1,0,1,0,0.479086027,0.35925293,1
train,scottish_terrier_15,31,500,400,1,0,1,0,0.528355,0.42010498,1
train,scottish_terrier_126,31,375,500,1,0,1,0,0.297930667,0.221130371,1
train,scottish_terrier_107,31,375,500,1,2,1,4,0.132122667,0.0992431641,0
train,shiba_inu_117,32,342,500,1,0,1,0,0.215426901,0.147827148,1
train,shiba_inu_110,32,375,500,1,0,1,0,0.420037333,0.316101074,1
train,shiba_inu_142,32,334,500,1,0,1,0,0.34745509,0.233337402,1
train,shiba_inu_11,32,334,500,1,0,1,0,0.442353293,0.296875,1
train,shiba_inu_112,32,375,500,1,0,1,0,0.0895146667,0.0679321289,1
train,shiba_inu_108,32,500,333,1,0,1,0,0.600252252,0.39855957,1
train,shiba_inu_183,32,460,500,2,5,1,2,0.226186957,0.20880127,0
train,shiba_inu_126,32,332,500,1,0,1,0,0.202439759,0.134338379,1
train,shiba_inu_163,32,375,500,1,0,1,0,0.243674667,0.182983398,1
train,shiba_inu_150,32,500,377,1,0,1,0,0.431543767,0.326599121,1
train,shiba_inu_152,32,500,335,1,0,1,0,0.352316418,0.237365723,1
train,shiba_inu_180,32,375,500,2,0,1,1,0.221413333,0.164855957,0
train,shiba_inu_10,32,375,500,1,0,1,0,0.241264,0.180664062,1
train,shiba_inu_177,32,500,333,4,0,2,1,0.342876877,0.226928711,0
train,shiba_inu_187,32,500,333,2,0,1,0,0.385267267,0.254577637,0
train,shiba_inu_172,32,365,500,3,0,2,0,0.487484932,0.354064941,0
train,shiba_inu_198,32,334,500,2,0,2,0,0.359862275,0.240356445,1
train,shiba_inu_16,32,500,333,1,0,1,0,0.61445045,0.407226562,1
train,shiba_inu_178,32,333,500,2,0,2,0,0.426306306,0.282104492,1
train,shiba_inu_14,32,362,500,1,0,1,0,0.117524862,0.0850219727,1
train,shiba_inu_19,32,333,500,1,0,1,0,0.40951952,0.271972656,1
train,shiba_inu_107,32,375,500,1,0,1,0,0.353690667,0.264892578,1
train,shiba_inu_118,32,500,371,1,0,1,0,0.231752022,0.171386719,1
train,shiba_inu_101,32,500,375,1,0,1,0,0.151669333,0.113464355,1
train,shiba_inu_125,32,332,500,1,0,1,0,0.235512048,0.155761719,1
train,shiba_inu_122,32,500,327,1,0,1,0,0.58853211,0.386962891,1
train,shiba_inu_146,32,375,500,3,0,3,0,0.171642667,0.128723145,1
train,shiba_inu_12,32,375,500,1,0,1,0,0.326266667,0.244262695,1
train,shiba_inu_145,32,375,500,3,0,3,0,0.139477333,0.104492188,1
train,shiba_inu_133,32,375,500,1,4,1,2,0.2004,0.150634766,0
train,shiba_inu_194,32,333,500,1,0,1,0,0.484846847,0.322021484,1
train,shiba_inu_199,32,500,432,2,0,2,0,0.55487963,0.481506348,1
train,shiba_inu_15,32,333,500,1,0,1,0,0.588096096,0.390991211,1
train,shiba_inu_103,32,400,500,1,0,1,0,0.123165,0.0979614258,1
train,shiba_inu_181,32,333,500,1,0,1,0,0.497483483,0.329223633,1
train,shiba_inu_182,32,444,500,1,0,1,0,0.591806306,0.527160645,1
train,shiba_inu_18,32,500,333,1,0,1,0,0.329261261,0.218383789,1
train,shiba_inu_109,32,500,375,1,0,1,0,0.200304,0.150146484,1
train,shiba_inu_139,32,500,329,1,0,1,0,0.388431611,0.254821777,1
train,shiba_inu_153,32,416,500,1,0,1,0,0.4548125,0.376037598,1
train,shiba_inu_196,32,333,500,2,0,1,0,0.287027027,0.190124512,0
train,shiba_inu_140,32,395,500,1,0,1,0,0.191898734,0.152832031,1
train,shiba_inu_131,32,409,500,1,0,1,0,0.409418093,0.336120605,1
train,shiba_inu_154,32,500,364,1,0,1,0,0.600736264,0.434875488,1
train,shiba_inu_176,32,333,500,1,0,1,0,0.673183183,0.446472168,1
train,shiba_inu_115,32,375,500,1,2,1,1,0.223546667,0.167114258,0
train,shiba_inu_155,32,335,500,2,0,1,0,0.271408955,0.182800293,0
train,shiba_inu_165,32,500,333,1,0,1,0,0.41648048,0.276000977,1
train,shiba_inu_13,32,281,500,1,0,1,0,0.172455516,0.0972290039,1
train,shiba_inu_147,32,500,375,1,0,1,0,0.515466667,0.386901855,1
train,Siamese_159,33,375,500,1,0,1,0,0.505136,0.378967285,1
train,Siamese_129,33,375,500,1,0,1,0,0.636085333,0.476501465,1
train,Siamese_205,33,333,500,1,0,1,0,0.485489489,0.32220459,1
train,Siamese_193,33,500,333,1,1,1,2,0.401243243,0.266723633,0
train,Siamese_154,33,375,500,1,0,1,0,0.483344,0.362365723,1
train,Siamese_139,33,500,333,1,0,1,0,0.606324324,0.403686523,1
train,Siamese_208,33,333,500,1,0,1,0,0.381387387,0.253173828,1
train,Siamese_140,33,500,367,1,0,1,0,0.571307902,0.419311523,1
train,Siamese_17,33,500,500,1,0,1,0,0.651408,0.651184082,1
train,Siamese_104,33,393,500,1,0,1,0,0.50605598,0.399108887,1
train,Siamese_176,33,400,500,1,0,1,0,0.582135,0.462463379,1
train,Siamese_127,33,334,500,1,0,1,0,0.399449102,0.269714355,1
train,Siamese_143,33,375,500,1,0,1,0,0.29832,0.22467041,1
train,Siamese_128,33,444,500,1,0,1,0,0.529157658,0.471069336,1
train,Siamese_163,33,375,500,1,0,1,0,0.561797333,0.421264648,1
train,Siamese_201,33,270,235,1,0,1,0,0.411268716,0.356445312,1
train,Siamese_136,33,354,500,1,0,1,0,0.397711864,0.282836914,1
train,Siamese_141,33,375,500,1,0,1,0,0.465477333,0.349121094,1
train,Siamese_101,33,500,375,1,0,1,0,0.12888,0.0971069336,1
train,Siamese_198,33,333,500,2,0,2,0,0.265189189,0.176635742,1
train,Siamese_189,33,500,334,1,0,1,0,0.544449102,0.365539551,1
train,Siamese_112,33,375,500,1,0,1,0,0.452512,0.339782715,1
train,Siamese_122,33,500,333,1,0,1,0,0.799987988,0.531311035,1
train,Siamese_109,33,399,500,1,0,1,0,0.552927318,0.441162109,1
train,Siamese_113,33,375,500,1,0,1,0,0.328266667,0.246398926,1
train,Siamese_137,33,500,345,1,0,1,0,0.292869565,0.200866699,1
train,Siamese_185,33,500,331,1,0,1,0,0.134126888,0.0888671875,1
train,Siamese_181,33,375,500,1,0,1,0,0.500565333,0.375244141,1
train,Siamese_117,33,333,500,1,0,1,0,0.562462462,0.373168945,1
train,Siamese_194,33,333,500,1,0,1,0,0.429663664,0.285217285,1
train,Siamese_157,33,375,500,1,0,1,0,0.622010667,0.466003418,1
train,Siamese_130,33,375,500,1,1,1,1,0.516432,0.388244629,1
train,Siamese_148,33,437,500,1,0,1,0,0.238897025,0.209472656,1
train,Siamese_161,33,375,500,1,0,1,0,0.545376,0.409118652,1
train,Siamese_202,33,500,451,1,2,1,0,0.739019956,0.663269043,0
train,Siamese_151,33,500,333,1,0,1,0,0.952462462,0.631835938,1
train,Siamese_178,33,400,500,1,0,1,0,0.37776,0.301330566,1
train,Siamese_116,33,500,334,1,0,1,0,0.289664671,0.194335938,1
train,Siamese_183,33,346,500,1,0,1,0,0.239075145,0.16595459,1
train,Siamese_172,33,375,500,1,0,1,0,0.242378667,0.181762695,1
train,Siamese_146,33,375,500,1,0,1,0,0.373818667,0.27947998,1
train,Siamese_171,33,375,500,1,0,1,0,0.183578667,0.136535645,1
train,Siamese_158,33,375,500,1,0,1,0,0.581989333,0.436340332,1
train,Siamese_125,33,334,500,1,0,1,0,0.483227545,0.324707031,1
train,Siamese_169,33,375,500,1,0,1,0,0.508832,0.381958008,1
train,Siamese_126,33,500,375,1,0,1,0,0.509093333,0.381958008,1
train,Siamese_110,33,500,375,1,0,1,1,0.547328,0.408569336,0
train,Siamese_200,33,500,375,1,0,1,0,0.416074667,0.312072754,1
train,Siamese_119,33,335,500,1,0,1,0,0.129671642,0.0872802734,1
train,Sphynx_185,34,500,375,1,0,1,0,0.292090667,0.218994141,1
train,Sphynx_195,34,333,500,1,0,1,0,0.508570571,0.337097168,1
train,Sphynx_127,34,500,332,1,1,1,0,0.269873494,0.178955078,0
train,Sphynx_111,34,500,332,1,0,1,0,0.690174699,0.458618164,1
train,Sphynx_12,34,333,500,1,0,1,0,0.419183183,0.278930664,1
train,Sphynx_205,34,333,500,1,0,1,0,0.306048048,0.203063965,1
train,Sphynx_196,34,500,375,1,0,1,0,0.265104,0.199157715,1
train,Sphynx_1,34,275,183,1,0,1,0,0.529041232,0.350646973,1
train,Sphynx_192,34,333,500,1,0,1,0,0.277405405,0.184143066,1
train,Sphynx_191,34,454,500,1,1,1,1,0.461171806,0.418518066,1
train,Sphynx_143,34,366,500,1,1,1,1,0.462956284,0.33996582,1
train,Sphynx_18,34,375,500,1,0,1,0,0.202538667,0.151306152,1
train,Sphynx_173,34,375,500,1,0,1,0,0.542629333,0.407836914,1
train,Sphynx_181,34,327,500,1,0,1,0,0.481107034,0.316345215,1
train,Sphynx_203,34,500,332,1,2,1,1,0.191439759,0.127197266,0
train,Sphynx_112,34,500,375,1,0,1,0,0.320954667,0.241088867,1
train,Sphynx_197,34,500,498,1,0,1,0,0.300188755,0.297546387,1
train,Sphynx_144,34,500,333,1,0,1,0,0.414612613,0.274414062,1
train,Sphynx_108,34,334,500,1,0,1,0,0.109263473,0.0734863281,1
train,Sphynx_164,34,500,500,1,0,1,0,0.329412,0.329040527,1
train,Sphynx_122,34,500,375,1,2,1,3,0.383866667,0.287353516,0
train,Sphynx_198,34,500,333,1,0,1,0,0.455369369,0.302307129,1
train,Sphynx_11,34,332,500,1,3,1,2,0.204361446,0.136230469,0
train,Sphynx_179,34,500,460,1,0,1,0,0.512778261,0.472045898,1
train,Sphynx_160,34,372,500,1,0,1,0,0.288747312,0.21472168,1
train,Sphynx_134,34,332,500,1,0,1,0,0.407325301,0.270080566,1
train,Sphynx_200,34,500,375,1,0,1,0,0.505184,0.379333496,1
train,Sphynx_104,34,334,500,1,0,1,0,0.144275449,0.0974121094,1
train,Sphynx_157,34,354,500,1,2,1,2,0.196141243,0.139648438,1
train,Sphynx_129,34,332,500,1,1,1,1,0.242168675,0.160400391,1
train,Sphynx_119,34,500,500,1,0,1,1,0.328284,0.328186035,0
train,Sphynx_114,34,332,500,1,0,1,0,0.500240964,0.332702637,1
train,Sphynx_178,34,500,333,1,0,1,0,0.332348348,0.22064209,1
train,Sphynx_158,34,500,500,1,0,1,0,0.32122,0.320922852,1
train,Sphynx_145,34,333,500,1,0,1,0,0.250504505,0.166381836,1
train,Sphynx_142,34,332,500,1,1,1,1,0.648771084,0.431152344,1
train,Sphynx_159,34,500,364,1,0,1,0,0.412335165,0.299682617,1
train,Sphynx_151,34,388,500,1,0,1,0,0.269216495,0.209228516,1
train,Sphynx_174,34,401,500,1,0,1,0,0.674528678,0.542053223,1
train,Sphynx_139,34,444,500,1,0,1,0,0.32859009,0.291809082,1
train,Sphynx_132,34,375,500,1,0,1,0,0.576768,0.432617188,1
train,Sphynx_14,34,333,500,1,0,1,0,0.580900901,0.385559082,1
train,Sphynx_153,34,500,332,1,0,1,0,0.34239759,0.226806641,1
train,Sphynx_17,34,500,500,1,0,1,0,0.584588,0.585510254,1
train,Sphynx_166,34,375,500,1,0,1,0,0.327024,0.244934082,1
train,Sphynx_136,34,335,500,1,0,1,0,0.320531343,0.215454102,1
train,Sphynx_156,34,333,500,1,0,1,0,0.603225225,0.400634766,1
train,Sphynx_15,34,349,500,1,0,1,0,0.435782235,0.303039551,1
train,Sphynx_137,34,312,500,1,0,1,0,0.330948718,0.206542969,1
train,Sphynx_193,34,366,500,1,0,1,0,0.387125683,0.284240723,1
train,staffordshire_bull_terrier_150,35,375,500,2,0,2,0,0.149125333,0.110656738,1
train,staffordshire_bull_terrier_143,35,375,500,2,0,1,0,0.545178667,0.408813477,0
train,staffordshire_bull_terrier_126,35,375,500,2,0,1,0,0.213157333,0.159057617,0
train,staffordshire_bull_terrier_167,35,375,500,2,0,1,0,0.378106667,0.282531738,0
train,staffordshire_bull_terrier_120,35,500,333,2,1,1,1,0.218582583,0.144042969,0
train,staffordshire_bull_terrier_15,35,500,469,1,0,1,0,0.336012793,0.314331055,1
train,staffordshire_bull_terrier_113,35,375,500,2,0,1,0,0.70776,0.529968262,0
train,staffordshire_bull_terrier_159,35,375,500,3,0,2,0,0.549333333,0.411376953,0
train,staffordshire_bull_terrier_188,35,375,500,2,0,1,0,0.538709333,0.403503418,0
train,staffordshire_bull_terrier_152,35,375,500,2,0,2,0,0.200122667,0.149414062,1
train,staffordshire_bull_terrier_117,35,375,500,2,0,1,0,0.369322667,0.276977539,0
train,staffordshire_bull_terrier_151,35,375,500,2,0,2,0,0.476138667,0.356994629,1
train,staffordshire_bull_terrier_197,35,375,500,2,0,1,0,0.385994667,0.289428711,0
train,staffordshire_bull_terrier_108,35,375,500,1,1,1,1,0.268266667,0.200500488,1
train,staffordshire_bull_terrier_123,35,375,500,2,0,2,0,0.394074667,0.29510498,1
train,staffordshire_bull_terrier_155,35,375,500,1,0,1,0,0.52232,0.392028809,1
train,staffordshire_bull_terrier_100,35,500,412,1,0,1,0,0.287271845,0.234863281,1
train,staffordshire_bull_terrier_114,35,375,500,2,0,2,0,0.31312,0.235107422,1
train,staffordshire_bull_terrier_195,35,375,500,1,0,1,0,0.559152,0.419067383,1
train,staffordshire_bull_terrier_141,35,375,500,2,1,1,2,0.327818667,0.245239258,0
train,staffordshire_bull_terrier_105,35,429,500,1,0,1,0,0.556937063,0.479003906,1
train,staffordshire_bull_terrier_14,35,500,351,1,0,1,0,0.303002849,0.21282959,1
train,staffordshire_bull_terrier_1,35,500,299,1,0,1,0,0.336428094,0.202636719,1
train,staffordshire_bull_terrier_185,35,375,500,2,0,2,0,0.107584,0.0841674805,1
train,staffordshire_bull_terrier_16,35,400,500,1,0,1,0,0.64582,0.513244629,1
train,staffordshire_bull_terrier_190,35,375,500,2,0,2,0,0.575184,0.431091309,1
train,staffordshire_bull_terrier_138,35,375,500,2,0,1,0,0.387946667,0.290100098,0
train,staffordshire_bull_terrier_169,35,375,500,2,0,1,0,0.274426667,0.205505371,0
train,staffordshire_bull_terrier_162,35,375,500,2,0,2,0,0.400922667,0.301208496,1
train,staffordshire_bull_terrier_132,35,333,500,2,0,2,0,0.191531532,0.127258301,1
train,staffordshire_bull_terrier_160,35,333,500,2,0,1,0,0.356084084,0.234680176,0
train,staffordshire_bull_terrier_130,35,375,500,2,0,2,0,0.0957013333,0.0713500977,1
train,staffordshire_bull_terrier_102,35,500,333,1,9,1,0,0.401411411,0.266906738,0
train,staffordshire_bull_terrier_181,35,375,500,2,0,1,1,0.292949333,0.219055176,0
train,staffordshire_bull_terrier_121,35,375,500,1,0,1,0,0.481216,0.361633301,1
train,staffordshire_bull_terrier_125,35,500,333,3,1,1,1,0.306876877,0.203735352,0
train,staffordshire_bull_terrier_129,35,433,500,1,0,1,0,0.207330254,0.180358887,1
train,staffordshire_bull_terrier_13,35,352,500,1,2,1,0,0.230045455,0.16204834,0
train,staffordshire_bull_terrier_101,35,500,333,1,0,1,0,0.322516517,0.213317871,1
train,staffordshire_bull_terrier_116,35,375,500,2,0,1,0,0.343365333,0.256408691,0
train,staffordshire_bull_terrier_171,35,375,500,2,0,1,0,0.25632,0.192565918,0
train,staffordshire_bull_terrier_166,35,500,333,2,0,2,0,0.357825826,0.237426758,1
train,staffordshire_bull_terrier_128,35,500,333,3,0,1,0,0.514768769,0.34161377,0
train,staffordshire_bull_terrier_118,35,375,500,2,0,2,0,0.161994667,0.121643066,1
train,staffordshire_bull_terrier_194,35,375,500,2,0,1,0,0.374768,0.28112793,0
train,staffordshire_bull_terrier_168,35,375,500,1,0,1,0,0.434170667,0.325683594,1
train,staffordshire_bull_terrier_110,35,334,500,2,0,1,0,0.359670659,0.241821289,0
train,staffordshire_bull_terrier_173,35,375,500,2,0,1,0,0.451770667,0.338500977,0
train,staffordshire_bull_terrier_119,35,375,500,2,0,2,1,0.268245333,0.200622559,0
train,staffordshire_bull_terrier_12,35,500,350,1,6,1,2,0.374171429,0.262512207,0
train,wheaten_terrier_131,36,500,375,2,0,1,0,0.645813333,0.484191895,0
train,wheaten_terrier_165,36,500,375,1,0,1,2,0.58272,0.4375,0
train,wheaten_terrier_154,36,375,500,2,0,2,0,0.46464,0.348388672,1
train,wheaten_terrier_126,36,333,500,1,0,1,0,0.114984985,0.0764160156,1
train,wheaten_terrier_157,36,375,500,2,0,2,0,0.388256,0.291625977,1
train,wheaten_terrier_102,36,333,500,1,0,1,0,0.20433033,0.135498047,1
train,wheaten_terrier_12,36,333,500,1,0,1,0,0.557171171,0.370056152,1
train,wheaten_terrier_159,36,375,500,2,0,1,0,0.378096,0.283081055,0
train,wheaten_terrier_167,36,375,500,1,0,1,1,0.666378667,0.499938965,0
train,wheaten_terrier_139,36,375,500,2,0,1,0,0.290122667,0.217407227,0
train,wheaten_terrier_175,36,330,500,1,0,1,0,0.550072727,0.360290527,1
train,wheaten_terrier_160,36,375,500,2,5,1,1,0.244768,0.182800293,0
train,wheaten_terrier_151,36,500,375,2,1,1,2,0.651877333,0.489624023,0
train,wheaten_terrier_168,36,330,500,2,0,2,0,0.292109091,0.19128418,1
train,wheaten_terrier_143,36,500,375,2,0,1,0,0.291018667,0.218811035,0
train,wheaten_terrier_147,36,500,333,2,0,2,0,0.390726727,0.258972168,1
train,wheaten_terrier_11,36,333,500,2,0,2,0,0.381273273,0.252807617,1
train,wheaten_terrier_152,36,375,500,1,0,1,0,0.296154667,0.221923828,1
train,wheaten_terrier_141,36,375,500,2,0,2,0,0.322608,0.241760254,1
train,wheaten_terrier_113,36,500,375,1,5,1,2,0.172373333,0.128662109,0
train,wheaten_terrier_122,36,492,500,1,0,1,0,0.268939024,0.264038086,1
train,wheaten_terrier_124,36,500,464,1,0,1,0,0.386840517,0.360473633,1
train,wheaten_terrier_130,36,375,500,1,0,1,0,0.491850667,0.368774414,1
train,wheaten_terrier_145,36,375,500,2,2,1,4,0.28848,0.214477539,0
train,wheaten_terrier_106,36,500,333,1,0,1,0,0.639141141,0.424438477,1
train,wheaten_terrier_173,36,500,330,2,0,1,0,0.21050303,0.137268066,0
train,wheaten_terrier_111,36,375,500,1,0,1,1,0.282128,0.211364746,0
train,wheaten_terrier_184,36,500,330,1,0,1,0,0.280030303,0.184875488,1
train,wheaten_terrier_180,36,330,500,2,0,1,0,0.234078788,0.152709961,0
train,wheaten_terrier_108,36,500,333,1,0,1,0,0.687885886,0.457885742,1
train,wheaten_terrier_162,36,375,500,2,0,1,1,0.219829333,0.164367676,0
train,wheaten_terrier_172,36,500,330,2,0,1,0,0.756993939,0.495483398,0
train,wheaten_terrier_174,36,500,375,2,0,2,0,0.244576,0.182434082,1
train,wheaten_terrier_178,36,330,500,3,1,1,0,0.503593939,0.33026123,0
train,wheaten_terrier_103,36,500,333,1,0,1,0,0.788816817,0.523925781,1
train,wheaten_terrier_163,36,500,375,2,0,2,0,0.234330667,0.174499512,1
train,wheaten_terrier_117,36,375,500,1,0,1,0,0.0921653333,0.0689697266,1
train,wheaten_terrier_125,36,375,500,1,0,1,0,0.546656,0.409790039,1
train,wheaten_terrier_133,36,375,500,2,0,1,0,0.260293333,0.195068359,0
train,wheaten_terrier_120,36,348,432,2,1,2,0,0.341149159,0.273254395,0
train,wheaten_terrier_181,36,330,500,2,0,1,0,0.607860606,0.398254395,0
train,wheaten_terrier_187,36,330,500,1,0,1,0,0.468460606,0.305908203,1
train,wheaten_terrier_161,36,375,500,2,0,1,0,0.397621333,0.298034668,0
train,wheaten_terrier_190,36,330,500,2,0,2,2,0.395509091,0.258300781,0
train,wheaten_terrier_189,36,333,500,2,0,1,0,0.210492492,0.137268066,0
train,wheaten_terrier_136,36,375,500,2,0,1,0,0.228469333,0.171813965,0
train,wheaten_terrier_132,36,500,375,2,3,2,1,0.219898667,0.164245605,0
train,wheaten_terrier_182,36,500,330,2,0,1,0,0.265921212,0.175048828,0
train,wheaten_terrier_156,36,375,500,2,0,2,0,0.268384,0.199707031,1
train,wheaten_terrier_135,36,500,375,2,0,2,1,0.553610667,0.413452148,0
train,yorkshire_terrier_169,37,333,500,2,0,2,0,0.161897898,0.107299805,1
train,yorkshire_terrier_156,37,225,300,1,0,1,0,0.480696296,0.360839844,1
train,yorkshire_terrier_164,37,375,500,2,0,1,0,0.40752,0.305603027,0
train,yorkshire_terrier_149,37,225,300,1,0,1,0,0.258562963,0.194152832,1
train,yorkshire_terrier_162,37,375,500,2,0,2,0,0.383765333,0.28729248,1
train,yorkshire_terrier_114,37,225,300,1,0,1,0,0.286014815,0.214538574,1
train,yorkshire_terrier_132,37,225,300,2,0,1,0,0.263081481,0.196044922,0
train,yorkshire_terrier_103,37,500,326,1,1,1,1,0.269398773,0.174560547,1
train,yorkshire_terrier_109,37,471,500,1,0,1,0,0.734738854,0.694396973,1
train,yorkshire_terrier_118,37,300,240,1,0,1,0,0.554041667,0.442321777,1
train,yorkshire_terrier_173,37,375,500,1,0,1,0,0.357722667,0.267333984,1
train,yorkshire_terrier_187,37,334,500,2,0,2,0,0.158844311,0.105651855,1
train,yorkshire_terrier_183,37,500,375,2,0,2,0,0.356421333,0.267150879,1
train,yorkshire_terrier_159,37,375,500,2,0,1,0,0.23616,0.176574707,0
train,yorkshire_terrier_11,37,373,499,1,0,1,0,0.341035959,0.25604248,1
train,yorkshire_terrier_123,37,225,300,1,0,1,0,0.300651852,0.225952148,1
train,yorkshire_terrier_141,37,300,214,1,0,1,0,0.325031153,0.232299805,1
train,yorkshire_terrier_179,37,375,500,2,0,1,0,0.410272,0.305175781,0
train,yorkshire_terrier_150,37,199,300,1,0,1,0,0.124706868,0.0825195312,1
train,yorkshire_terrier_171,37,375,500,2,0,1,0,0.205504,0.153259277,0
train,yorkshire_terrier_180,37,500,375,2,0,2,0,0.389866667,0.292053223,1
train,yorkshire_terrier_190,37,500,406,2,0,1,0,0.443546798,0.358703613,0
train,yorkshire_terrier_116,37,247,300,1,0,1,0,0.619703104,0.508361816,1
train,yorkshire_terrier_133,37,225,300,2,0,2,0,0.338474074,0.252441406,1
train,yorkshire_terrier_131,37,191,300,1,2,1,3,0.421396161,0.266601562,0
train,yorkshire_terrier_14,37,500,356,1,2,1,1,0.340151685,0.242004395,0
train,yorkshire_terrier_152,37,201,300,2,0,2,0,0.317180763,0.213195801,1
train,yorkshire_terrier_110,37,500,378,1,0,1,0,0.335301587,0.253479004,1
train,yorkshire_terrier_161,37,333,500,2,0,1,0,0.401243243,0.266357422,0
train,yorkshire_terrier_146,37,225,300,2,0,1,0,0.221125926,0.163757324,0
train,yorkshire_terrier_155,37,225,300,1,0,1,0,0.359748148,0.269897461,1
train,yorkshire_terrier_163,37,375,500,2,0,1,0,0.3396,0.253479004,0
train,yorkshire_terrier_121,37,300,225,1,0,1,0,0.470088889,0.352600098,1
train,yorkshire_terrier_135,37,225,300,2,0,1,0,0.231985185,0.172302246,0
train,yorkshire_terrier_129,37,225,300,1,0,1,0,0.387244444,0.289978027,1
train,yorkshire_terrier_13,37,375,500,1,2,1,1,0.208581333,0.156982422,0
train,yorkshire_terrier_115,37,300,225,1,0,1,0,0.531585185,0.399353027,1
train,yorkshire_terrier_125,37,150,200,2,0,2,0,0.183966667,0.13848877,1
train,yorkshire_terrier_166,37,375,500,1,0,1,0,0.436901333,0.32611084,1
train,yorkshire_terrier_186,37,375,500,2,1,2,0,0.255114667,0.189880371,0
train,yorkshire_terrier_178,37,500,375,2,0,1,0,0.176128,0.13104248,0
train,yorkshire_terrier_122,37,245,300,1,0,1,0,0.428612245,0.35168457,1
train,yorkshire_terrier_18,37,375,500,1,0,1,0,0.466165333,0.34979248,1
train,yorkshire_terrier_151,37,225,300,2,0,1,0,0.626725926,0.469421387,0
train,yorkshire_terrier_184,37,500,375,2,0,1,0,0.432981333,0.323791504,0
train,yorkshire_terrier_10,37,500,333,1,0,1,0,0.544906907,0.361633301,1
train,yorkshire_terrier_182,37,375,500,2,0,2,0,0.321269333,0.241882324,1
train,yorkshire_terrier_124,37,225,300,1,0,1,0,0.582962963,0.437561035,1
train,yorkshire_terrier_120,37,200,133,1,0,1,0,0.446428571,0.295654297,1
train,yorkshire_terrier_145,37,225,300,1,0,1,0,0.426681481,0.319885254,1
val,Abyssinian_156,1,348,500,1,0,1,0,0.39462069,0.273803711,1
val,Abyssinian_166,1,223,300,1,0,1,0,0.373751868,0.27746582,1
val,Abyssinian_131,1,320,311,1,0,1,0,0.626637862,0.607177734,1
val,Abyssinian_193,1,225,300,1,0,1,1,0.547496296,0.410644531,0
val,Abyssinian_152,1,500,424,1,0,1,0,0.374481132,0.317138672,1
val,Abyssinian_135,1,500,333,1,0,1,0,0.55187988,0.366638184,1
val,Abyssinian_127,1,400,266,1,0,1,0,0.130592105,0.0869140625,1
val,Abyssinian_165,1,353,500,1,0,1,0,0.496934844,0.34967041,1
val,Abyssinian_168,1,272,400,1,0,1,0,0.493226103,0.334594727,1
val,Abyssinian_108,1,404,500,1,0,1,0,0.53179703,0.427978516,1
val,Abyssinian_173,1,267,400,1,0,1,0,0.324466292,0.215820312,1
val,Abyssinian_154,1,426,500,1,0,1,0,0.364530516,0.31048584,1
val,Abyssinian_155,1,371,581,1,0,1,0,0.397567165,0.255126953,1
val,Abyssinian_120,1,400,267,1,0,1,0,0.332322097,0.219421387,1
val,Abyssinian_115,1,367,500,1,0,1,0,0.413940054,0.304931641,1
val,Abyssinian_118,1,500,333,1,0,1,0,0.490198198,0.325134277,1
val,Abyssinian_169,1,300,300,1,0,1,0,0.614288889,0.615600586,1
val,Abyssinian_114,1,423,640,1,0,1,0,0.212802896,0.141845703,1
val,Abyssinian_14,1,500,335,1,0,1,0,0.383623881,0.256652832,1
val,Abyssinian_140,1,333,500,1,2,1,1,0.234636637,0.155456543,0
val,Abyssinian_196,1,225,300,1,0,1,0,0.146237037,0.110961914,1
val,Abyssinian_175,1,234,600,1,0,1,0,0.406923077,0.159790039,1
val,Abyssinian_197,1,300,190,1,0,1,0,0.830649123,0.526062012,1
val,Abyssinian_17,1,411,275,1,0,1,0,0.363892944,0.242919922,1
val,Abyssinian_112,1,500,490,1,0,1,1,0.64182449,0.626159668,0
val,Abyssinian_15,1,422,477,1,2,1,0,0.72264449,0.637817383,0
val,Abyssinian_191,1,224,300,1,0,1,0,0.470089286,0.351196289,1
val,Abyssinian_157,1,375,500,1,0,1,0,0.571626667,0.428100586,1
val,Abyssinian_177,1,320,214,1,0,1,0,0.270531542,0.182678223,1
val,Abyssinian_119,1,297,300,1,0,1,0,0.417957351,0.414550781,1
val,Abyssinian_184,1,300,378,1,0,1,0,0.303985891,0.242858887,1
val,Abyssinian_153,1,263,500,1,1,1,1,0.34513308,0.180725098,1
val,Abyssinian_121,1,233,242,1,0,1,0,0.510516795,0.490234375,1
val,Abyssinian_183,1,300,400,1,0,1,0,0.433658333,0.325317383,1
val,Abyssinian_107,1,448,500,1,0,1,0,0.507294643,0.455749512,1
val,Abyssinian_100,1,500,394,1,0,1,0,0.417020305,0.329223633,1
val,Abyssinian_111,1,402,500,1,2,1,1,0.339935323,0.2734375,0
val,Abyssinian_104,1,363,600,1,0,1,0,0.333250689,0.201049805,1
val,Abyssinian_102,1,465,500,1,1,1,6,0.679462366,0.632446289,0
val,Abyssinian_185,1,225,300,1,0,1,0,0.525125926,0.39453125,1
val,Abyssinian_144,1,359,500,1,0,1,0,0.468395543,0.336853027,1
val,Abyssinian_122,1,278,300,1,0,1,0,0.428021583,0.398010254,1
val,Abyssinian_178,1,400,400,1,0,1,0,0.592525,0.593017578,1
val,Abyssinian_174,1,246,317,1,0,1,0,0.503090457,0.389099121,1
val,Abyssinian_142,1,433,500,1,0,1,0,0.328397229,0.284484863,1
val,Abyssinian_137,1,1200,1600,1,1,1,0,0.225117708,0.168579102,0
val,Abyssinian_132,1,333,500,1,0,1,0,0.0995675676,0.065612793,1
val,Abyssinian_141,1,500,461,1,0,1,0,0.49413449,0.454345703,1
val,Abyssinian_161,1,480,640,1,0,1,0,0.363759766,0.272827148,1
val,Abyssinian_103,1,351,500,1,0,1,0,0.279253561,0.196228027,1
val,american_bulldog_123,2,500,332,1,0,1,0,0.109307229,0.0726928711,1
val,american_bulldog_172,2,500,375,1,0,1,0,0.815072,0.611633301,1
val,american_bulldog_115,2,333,500,1,0,1,0,0.241225225,0.159484863,1
val,american_bulldog_124,2,500,375,1,0,1,1,0.311242667,0.233825684,0
val,american_bulldog_161,2,333,500,1,0,1,0,0.75372973,0.500427246,1
val,american_bulldog_109,2,500,335,1,0,1,0,0.188835821,0.126953125,1
val,american_bulldog_100,2,333,500,1,0,1,0,0.109813814,0.0729980469,1
val,american_bulldog_141,2,500,333,1,0,1,0,0.594006006,0.393310547,1
val,american_bulldog_182,2,375,500,1,0,1,0,0.492944,0.370239258,1
val,american_bulldog_187,2,333,500,1,0,1,0,0.258564565,0.17199707,1
val,american_bulldog_16,2,334,500,1,0,1,0,0.172143713,0.115539551,1
val,american_bulldog_186,2,500,375,1,8,1,3,0.334661333,0.250732422,0
val,american_bulldog_107,2,500,376,1,0,1,0,0.420771277,0.315124512,1
val,american_bulldog_151,2,334,500,2,0,1,0,0.471401198,0.316223145,0
val,american_bulldog_138,2,500,333,1,0,1,0,0.462702703,0.30657959,1
val,american_bulldog_122,2,333,500,1,0,1,0,0.322846847,0.21472168,1
val,american_bulldog_140,2,333,500,1,6,1,1,0.700894895,0.465026855,0
val,american_bulldog_14,2,376,500,1,0,1,0,0.486994681,0.365356445,1
val,american_bulldog_173,2,333,500,1,0,1,0,0.432054054,0.287414551,1
val,american_bulldog_103,2,500,375,1,0,1,1,0.196453333,0.147399902,0
val,american_bulldog_198,2,338,500,2,1,1,0,0.617023669,0.419189453,0
val,american_bulldog_143,2,333,500,1,2,1,1,0.83560961,0.554321289,0
val,american_bulldog_193,2,335,500,1,0,1,0,0.769826866,0.516967773,1
val,american_bulldog_132,2,500,375,1,0,1,0,0.676394667,0.507202148,1
val,american_bulldog_158,2,333,500,1,0,1,0,0.640294294,0.425231934,1
val,american_bulldog_119,2,500,334,1,1,1,0,0.317562874,0.212463379,0
val,american_bulldog_134,2,334,500,1,1,1,2,0.309988024,0.208435059,0
val,american_bulldog_136,2,500,333,1,0,1,0,0.440504505,0.29284668,1
val,american_bulldog_19,2,333,500,1,0,1,0,0.666396396,0.442260742,1
val,american_bulldog_11,2,375,500,1,0,1,0,0.353189333,0.26550293,1
val,american_bulldog_188,2,500,500,1,0,1,0,0.31614,0.316162109,1
val,american_bulldog_153,2,384,500,1,0,1,0,0.696244792,0.533569336,1
val,american_bulldog_137,2,333,500,1,0,1,0,0.154732733,0.102722168,1
val,american_bulldog_131,2,376,500,1,0,1,0,0.371654255,0.278442383,1
val,american_bulldog_116,2,500,375,1,0,1,0,0.418133333,0.313476562,1
val,american_bulldog_104,2,332,500,1,0,1,0,0.448487952,0.29888916,1
val,american_bulldog_105,2,332,500,1,0,1,0,0.351710843,0.233154297,1
val,american_bulldog_169,2,333,500,2,0,1,0,0.682144144,0.452453613,0
val,american_bulldog_150,2,334,500,1,0,1,0,0.424538922,0.286071777,1
val,american_bulldog_171,2,500,394,1,0,1,0,0.344431472,0.271728516,1
val,american_bulldog_191,2,333,500,2,0,2,0,0.239873874,0.159484863,1
val,american_bulldog_181,2,334,500,1,0,1,0,0.665898204,0.447570801,1
val,american_bulldog_18,2,374,500,1,0,1,0,0.191668449,0.143615723,1
val,american_bulldog_176,2,333,500,1,0,1,0,0.251465465,0.167419434,1
val,american_bulldog_190,2,375,500,1,1,1,3,0.681717333,0.51184082,0
val,american_bulldog_167,2,375,500,1,1,1,0,0.108032,0.0805053711,0
val,american_bulldog_185,2,333,500,1,0,1,0,0.512288288,0.340393066,1
val,american_bulldog_126,2,500,353,1,2,1,1,0.510764873,0.358520508,0
val,american_bulldog_202,2,500,412,2,2,1,2,0.404893204,0.331787109,0
val,american_bulldog_130,2,500,420,1,0,1,0,0.780942857,0.657775879,1
val,american_pit_bull_terrier_110,3,300,263,2,0,1,0,0.291837769,0.255310059,0
val,american_pit_bull_terrier_159,3,300,291,2,0,2,0,0.697468499,0.675354004,1
val,american_pit_bull_terrier_163,3,225,300,1,0,1,0,0.623481481,0.467651367,1
val,american_pit_bull_terrier_11,3,500,375,1,0,1,0,0.438378667,0.327941895,1
val,american_pit_bull_terrier_104,3,333,500,1,0,1,1,0.641915916,0.427185059,0
val,american_pit_bull_terrier_125,3,225,300,2,1,1,1,0.622059259,0.463500977,0
val,american_pit_bull_terrier_145,3,225,300,2,0,1,0,0.361792593,0.269042969,0
val,american_pit_bull_terrier_165,3,225,300,2,0,1,0,0.422325926,0.316162109,0
val,american_pit_bull_terrier_102,3,383,350,1,0,1,0,0.620596792,0.567993164,1
val,american_pit_bull_terrier_146,3,300,246,2,1,1,0,0.200067751,0.163208008,0
val,american_pit_bull_terrier_135,3,225,300,2,0,1,0,0.225481481,0.16796875,0
val,american_pit_bull_terrier_189,3,229,300,2,2,1,1,0.399243086,0.305480957,0
val,american_pit_bull_terrier_152,3,300,236,1,1,1,1,0.547655367,0.43182373,1
val,american_pit_bull_terrier_14,3,475,500,1,0,1,1,0.291701053,0.278076172,0
val,american_pit_bull_terrier_179,3,300,216,2,0,1,0,0.341404321,0.244873047,0
val,american_pit_bull_terrier_141,3,300,225,2,0,1,0,0.579762963,0.433288574,0
val,american_pit_bull_terrier_190,3,225,300,2,1,1,0,0.447111111,0.330932617,0
val,american_pit_bull_terrier_180,3,245,300,1,0,1,0,0.676204082,0.555175781,1
val,american_pit_bull_terrier_120,3,292,300,2,0,2,0,0.308664384,0.298828125,1
val,american_pit_bull_terrier_162,3,225,300,1,0,1,0,0.52282963,0.391113281,1
val,american_pit_bull_terrier_109,3,300,246,1,3,1,0,0.397452575,0.326782227,0
val,american_pit_bull_terrier_138,3,300,237,2,0,1,0,0.377257384,0.298217773,0
val,american_pit_bull_terrier_17,3,333,500,1,0,1,0,0.475525526,0.315673828,1
val,american_pit_bull_terrier_186,3,225,300,2,3,1,2,0.210992593,0.156860352,0
val,american_pit_bull_terrier_175,3,300,223,2,0,1,0,0.372137519,0.275146484,0
val,american_pit_bull_terrier_154,3,226,300,2,0,2,0,0.219469027,0.164245605,1
val,american_pit_bull_terrier_176,3,240,300,1,0,1,0,0.363708333,0.290405273,1
val,american_pit_bull_terrier_128,3,300,202,2,0,1,0,0.294686469,0.196044922,0
val,american_pit_bull_terrier_130,3,300,237,2,1,1,1,0.698101266,0.551574707,0
val,american_pit_bull_terrier_111,3,225,300,2,0,2,0,0.25317037,0.189025879,1
val,american_pit_bull_terrier_174,3,300,223,1,0,1,0,0.348505232,0.259460449,1
val,american_pit_bull_terrier_166,3,225,300,1,0,1,0,0.393362963,0.294494629,1
val,american_pit_bull_terrier_100,3,500,333,1,2,1,1,0.250804805,0.165222168,0
val,american_pit_bull_terrier_131,3,257,300,2,0,1,0,0.280648508,0.239624023,0
val,american_pit_bull_terrier_129,3,300,214,1,1,1,1,0.39953271,0.283752441,1
val,american_pit_bull_terrier_127,3,225,300,2,0,1,0,0.459466667,0.343933105,0
val,american_pit_bull_terrier_123,3,300,243,1,0,1,0,0.24175583,0.195739746,1
val,american_pit_bull_terrier_133,3,300,230,2,0,1,0,0.535463768,0.409545898,0
val,american_pit_bull_terrier_164,3,300,225,1,0,1,0,0.384725926,0.288208008,1
val,american_pit_bull_terrier_188,3,225,300,2,0,1,0,0.226681481,0.168762207,0
val,american_pit_bull_terrier_121,3,300,299,2,0,1,0,0.348918618,0.348876953,0
val,american_pit_bull_terrier_158,3,300,190,2,0,1,0,0.523701754,0.330444336,0
val,american_pit_bull_terrier_172,3,300,239,2,0,1,0,0.420934449,0.334777832,0
val,american_pit_bull_terrier_183,3,300,225,1,0,1,0,0.550948148,0.414001465,1
val,american_pit_bull_terrier_103,3,333,500,1,0,1,0,0.557147147,0.370300293,1
val,american_pit_bull_terrier_157,3,300,267,2,1,1,1,0.412509363,0.366760254,0
val,american_pit_bull_terrier_185,3,276,300,2,0,1,0,0.406654589,0.375366211,0
val,american_pit_bull_terrier_132,3,300,228,1,1,1,0,0.469093567,0.355895996,0
val,american_pit_bull_terrier_140,3,291,300,2,3,1,1,0.374513173,0.359436035,0
val,american_pit_bull_terrier_181,3,300,300,1,0,1,0,0.476588889,0.477172852,1
val,basset_hound_189,4,338,500,1,0,1,0,0.638142012,0.433837891,1
val,basset_hound_136,4,375,500,1,0,1,0,0.326085333,0.24432373,1
val,basset_hound_116,4,375,500,1,0,1,0,0.162485333,0.121520996,1
val,basset_hound_173,4,333,500,1,0,1,1,0.326456456,0.216430664,0
val,basset_hound_104,4,327,500,1,1,1,1,0.29848318,0.194885254,1
val,basset_hound_15,4,332,500,1,2,1,1,0.337307229,0.224060059,0
val,basset_hound_161,4,333,500,1,1,1,0,0.286078078,0.190795898,0
val,basset_hound_168,4,333,500,1,0,1,0,0.614744745,0.408325195,1
val,basset_hound_163,4,333,500,1,0,1,0,0.211225225,0.140625,1
val,basset_hound_17,4,333,500,1,1,1,0,0.510576577,0.339050293,0
val,basset_hound_172,4,333,500,1,2,1,0,0.328810811,0.217163086,0
val,basset_hound_111,4,332,500,1,0,1,0,0.164343373,0.108947754,1
val,basset_hound_182,4,500,357,1,0,1,0,0.595142857,0.423217773,1
val,basset_hound_139,4,335,500,1,1,1,0,0.261671642,0.175048828,0
val,basset_hound_157,4,500,333,1,0,1,0,0.479063063,0.31842041,1
val,basset_hound_176,4,375,500,1,0,1,0,0.287754667,0.215942383,1
val,basset_hound_174,4,500,333,1,0,1,0,0.586384384,0.388549805,1
val,basset_hound_155,4,333,500,1,0,1,0,0.391027027,0.25994873,1
val,basset_hound_130,4,375,500,1,0,1,0,0.742394667,0.557617188,1
val,basset_hound_178,4,375,500,1,0,1,0,0.178448,0.133789062,1
val,basset_hound_149,4,360,288,1,1,1,1,0.301282793,0.240356445,1
val,basset_hound_117,4,333,500,1,0,1,0,0.397255255,0.263916016,1
val,basset_hound_166,4,333,500,1,0,1,0,0.388294294,0.257568359,1
val,basset_hound_185,4,333,500,1,1,1,0,0.178798799,0.118469238,0
val,basset_hound_105,4,500,375,1,0,1,0,0.585973333,0.439453125,1
val,basset_hound_16,4,500,333,1,0,1,0,0.417477477,0.277099609,1
val,basset_hound_150,4,333,500,1,0,1,0,0.57393994,0.38079834,1
val,basset_hound_147,4,333,500,1,2,1,3,0.174024024,0.115661621,0
val,basset_hound_112,4,500,374,1,0,1,0,0.322748663,0.241027832,1
val,basset_hound_156,4,333,500,1,0,1,0,0.334654655,0.222167969,1
val,basset_hound_115,4,332,500,1,0,1,0,0.389120482,0.25793457,1
val,basset_hound_123,4,333,500,1,0,1,0,0.361585586,0.239990234,1
val,basset_hound_169,4,333,500,1,0,1,0,0.274036036,0.18157959,1
val,basset_hound_188,4,375,500,1,0,1,0,0.373034667,0.280212402,1
val,basset_hound_158,4,333,500,1,0,1,0,0.18757958,0.124084473,1
val,basset_hound_102,4,332,500,1,0,1,0,0.940114458,0.624450684,1
val,basset_hound_128,4,500,333,1,0,1,0,0.794408408,0.527526855,1
val,basset_hound_190,4,375,500,1,2,1,4,0.451562667,0.338256836,0
val,basset_hound_153,4,375,500,1,0,1,0,0.378554667,0.28326416,1
val,basset_hound_164,4,333,500,1,0,1,0,0.376774775,0.250427246,1
val,basset_hound_129,4,500,333,1,0,1,0,0.784234234,0.521179199,1
val,basset_hound_162,4,333,500,1,0,1,0,0.296318318,0.196655273,1
val,basset_hound_10,4,375,500,1,0,1,4,0.405008,0.304138184,0
val,basset_hound_137,4,375,500,1,0,1,0,0.073568,0.0551757812,1
val,basset_hound_151,4,288,288,1,0,1,0,0.899377894,0.899047852,1
val,basset_hound_125,4,333,500,1,0,1,1,0.566714715,0.37689209,0
val,basset_hound_113,4,332,500,1,0,1,0,0.282813253,0.187927246,1
val,basset_hound_124,4,333,500,1,1,1,1,0.453243243,0.301452637,1
val,basset_hound_14,4,333,500,1,0,1,0,0.593741742,0.393554688,1
val,basset_hound_159,4,500,333,1,0,1,0,0.289303303,0.191589355,1
val,beagle_153,5,378,500,1,28,1,6,0.174873016,0.132446289,0
val,beagle_108,5,500,333,1,0,1,0,0.534006006,0.354736328,1
val,beagle_115,5,343,500,1,0,1,0,0.300087464,0.20703125,1
val,beagle_174,5,375,500,2,0,1,0,0.240208,0.179382324,0
val,beagle_146,5,281,500,1,0,1,0,0.516775801,0.290222168,1
val,beagle_148,5,333,500,2,36,1,18,0.570780781,0.377197266,0
val,beagle_127,5,500,329,3,0,3,0,0.544601824,0.356750488,1
val,beagle_189,5,500,345,5,0,1,0,0.0894782609,0.0610351562,0
val,beagle_15,5,334,500,1,0,1,0,0.0863592814,0.0584106445,1
val,beagle_113,5,500,333,1,0,1,0,0.552774775,0.367492676,1
val,beagle_105,5,395,500,1,2,1,1,0.237782278,0.187744141,0
val,beagle_13,5,375,500,1,0,1,0,0.292602667,0.219604492,1
val,beagle_124,5,333,500,1,0,1,0,0.420792793,0.279724121,1
val,beagle_114,5,500,424,1,0,1,0,0.338122642,0.288269043,1
val,beagle_177,5,375,500,1,0,1,0,0.619648,0.464294434,1
val,beagle_188,5,500,333,2,0,2,0,0.527381381,0.348937988,1
val,beagle_168,5,375,500,2,0,1,0,0.696837333,0.522460938,0
val,beagle_194,5,333,500,1,1,1,0,0.381429429,0.253479004,0
val,beagle_192,5,334,500,3,0,3,0,0.207005988,0.139526367,1
val,beagle_183,5,400,500,1,0,1,0,0.144305,0.114562988,1
val,beagle_193,5,375,500,2,0,1,0,0.254208,0.190979004,0
val,beagle_172,5,375,500,1,0,1,0,0.379786667,0.284362793,1
val,beagle_120,5,500,333,1,0,1,0,0.552228228,0.366271973,1
val,beagle_184,5,375,500,3,3,2,1,0.182752,0.13482666,0
val,beagle_167,5,375,500,2,0,1,0,0.214677333,0.160522461,0
val,beagle_144,5,375,500,1,4,1,1,0.593792,0.444946289,0
val,beagle_187,5,500,334,1,0,1,0,0.575329341,0.385192871,1
val,beagle_170,5,375,500,3,0,1,0,0.255349333,0.189880371,0
val,beagle_145,5,500,334,1,11,1,3,0.0725209581,0.0481567383,0
val,beagle_14,5,500,334,1,0,1,0,0.873113772,0.586303711,1
val,beagle_179,5,500,494,2,0,1,0,0.359688259,0.352722168,0
val,beagle_109,5,329,500,1,0,1,0,0.382534954,0.251342773,1
val,beagle_165,5,375,500,1,0,1,0,0.227061333,0.170410156,1
val,beagle_100,5,500,333,1,0,1,0,0.709513514,0.471130371,1
val,beagle_161,5,333,500,3,0,1,0,0.159027027,0.105285645,0
val,beagle_186,5,334,500,2,2,1,0,0.343467066,0.229919434,0
val,beagle_10,5,334,500,1,0,1,0,0.536640719,0.359619141,1
val,beagle_157,5,500,453,1,0,1,0,0.745766004,0.674743652,1
val,beagle_128,5,333,500,1,0,1,0,0.462,0.30657959,1
val,beagle_141,5,500,334,2,1,2,0,0.232694611,0.156433105,0
val,beagle_169,5,375,500,3,0,1,0,0.440618667,0.33001709,0
val,beagle_185,5,500,334,1,0,1,0,0.323017964,0.215820312,1
val,beagle_133,5,375,500,1,13,1,6,0.404650667,0.30267334,0
val,beagle_136,5,375,500,1,0,1,0,0.460149333,0.344909668,1
val,beagle_163,5,375,500,2,1,1,0,0.251130667,0.187805176,0
val,beagle_164,5,375,500,2,3,1,2,0.156768,0.117126465,0
val,beagle_140,5,375,500,2,93,1,30,0.249344,0.187194824,0
val,beagle_166,5,375,500,1,0,1,0,0.206592,0.154907227,1
val,beagle_139,5,500,375,1,26,1,15,0.276725333,0.207580566,0
val,beagle_178,5,375,500,1,0,1,0,0.536394667,0.402526855,1
val,Bengal_125,6,332,500,1,0,1,0,0.477945783,0.317077637,1
val,Bengal_164,6,225,300,1,5,1,3,0.553525926,0.415344238,0
val,Bengal_122,6,333,500,1,0,1,0,0.535261261,0.355957031,1
val,Bengal_166,6,300,225,1,0,1,0,0.286755556,0.215209961,1
val,Bengal_113,6,500,500,1,3,1,1,0.212348,0.211791992,0
val,Bengal_156,6,263,300,1,0,1,0,0.611267427,0.53503418,1
val,Bengal_179,6,225,300,1,0,1,0,0.563866667,0.422729492,1
val,Bengal_173,6,182,300,1,1,1,1,0.327307692,0.199523926,1
val,Bengal_102,6,500,334,1,0,1,0,0.400736527,0.269042969,1
val,Bengal_150,6,179,200,1,0,1,0,0.785865922,0.705688477,1
val,Bengal_188,6,325,450,1,0,1,0,0.802536752,0.576782227,1
val,Bengal_136,6,200,300,1,0,1,0,0.210916667,0.139587402,1
val,Bengal_107,6,335,500,1,1,1,2,0.290352239,0.195129395,0
val,Bengal_106,6,320,500,1,1,1,1,0.303675,0.195007324,1
val,Bengal_159,6,225,300,1,0,1,0,0.139718519,0.104309082,1
val,Bengal_104,6,463,500,1,0,1,0,0.422280778,0.392456055,1
val,Bengal_174,6,300,271,2,0,2,0,0.182533825,0.165405273,1
val,Bengal_177,6,300,225,1,0,1,0,0.169259259,0.126831055,1
val,Bengal_14,6,333,500,1,0,1,0,0.516906907,0.344055176,1
val,Bengal_105,6,466,500,2,0,2,1,0.233124464,0.215759277,0
val,Bengal_126,6,374,500,1,0,1,0,0.346219251,0.260192871,1
val,Bengal_17,6,375,500,1,0,1,0,0.219269333,0.164123535,1
val,Bengal_169,6,225,300,1,1,1,1,0.412577778,0.308227539,1
val,Bengal_131,6,202,300,1,0,1,0,0.082640264,0.0559082031,1
val,Bengal_10,6,375,500,1,2,1,2,0.300922667,0.225708008,1
val,Bengal_189,6,240,320,1,0,1,0,0.311601562,0.233764648,1
val,Bengal_116,6,230,500,1,1,1,0,0.392086957,0.180664062,0
val,Bengal_123,6,335,500,1,0,1,0,0.171361194,0.115112305,1
val,Bengal_15,6,333,500,1,0,1,0,0.412198198,0.272521973,1
val,Bengal_155,6,300,225,1,0,1,0,0.546414815,0.408630371,1
val,Bengal_112,6,436,500,1,0,1,1,0.483866972,0.42364502,0
val,Bengal_145,6,225,300,1,0,1,2,0.265333333,0.198913574,0
val,Bengal_109,6,334,500,1,0,1,0,0.509293413,0.341552734,1
val,Bengal_134,6,225,300,1,0,1,0,0.473985185,0.355712891,1
val,Bengal_187,6,258,387,1,0,1,0,0.482332793,0.320068359,1
val,Bengal_108,6,375,500,1,0,1,0,0.362565333,0.271850586,1
val,Bengal_162,6,225,300,1,0,1,0,0.278355556,0.20892334,1
val,Bengal_135,6,145,300,1,0,1,1,0.447172414,0.215637207,0
val,Bengal_172,6,269,300,1,0,1,0,0.26826518,0.241149902,1
val,Bengal_163,6,225,300,2,0,2,0,0.185125926,0.139160156,1
val,Bengal_149,6,225,300,1,0,1,0,0.468074074,0.350891113,1
val,Bengal_180,6,238,300,1,0,1,0,0.243697479,0.194396973,1
val,Bengal_147,6,300,225,1,0,1,0,0.690651852,0.517150879,1
val,Bengal_103,6,371,500,1,0,1,0,0.52909973,0.392211914,1
val,Bengal_184,6,306,398,1,0,1,0,0.251395868,0.192260742,1
val,Bengal_127,6,372,500,1,0,1,0,0.341994624,0.253967285,1
val,Bengal_121,6,375,500,1,0,1,0,0.324746667,0.243896484,1
val,Bengal_132,6,300,300,1,3,1,3,0.434966667,0.435424805,1
val,Bengal_138,6,297,300,1,0,1,0,0.515679012,0.510925293,1
val,Bengal_161,6,225,300,1,0,1,0,0.208148148,0.155944824,1
val,Birman_187,7,334,500,1,0,1,0,0.490263473,0.328857422,1
val,Birman_153,7,407,500,1,0,1,0,0.758943489,0.6171875,1
val,Birman_143,7,333,500,1,2,1,1,0.328594595,0.218566895,0
val,Birman_140,7,333,500,1,1,1,1,0.655225225,0.435058594,1
val,Birman_149,7,500,332,1,0,1,0,0.656963855,0.435913086,1
val,Birman_138,7,500,332,1,0,1,0,0.739915663,0.491882324,1
val,Birman_176,7,333,500,1,0,1,0,0.291891892,0.193481445,1
val,Birman_142,7,333,500,1,0,1,0,0.454756757,0.301879883,1
val,Birman_184,7,375,500,1,0,1,0,0.666805333,0.500244141,1
val,Birman_141,7,333,500,1,0,1,0,0.335027027,0.222717285,1
val,Birman_157,7,500,500,1,0,1,0,0.838572,0.83807373,1
val,Birman_165,7,375,500,1,0,1,0,0.685104,0.514343262,1
val,Birman_167,7,375,500,1,0,1,0,0.352789333,0.264404297,1
val,Birman_123,7,333,500,1,0,1,0,0.524192192,0.34777832,1
val,Birman_148,7,320,500,1,0,1,0,0.69188125,0.442626953,1
val,Birman_12,7,334,500,1,0,1,0,0.691916168,0.464904785,1
val,Birman_145,7,375,500,1,0,1,0,0.162138667,0.121948242,1
val,Birman_119,7,375,500,1,0,1,0,0.524410667,0.392822266,1
val,Birman_174,7,375,500,1,0,1,0,0.242970667,0.182128906,1
val,Birman_172,7,375,500,1,0,1,0,0.454848,0.341003418,1
val,Birman_105,7,333,500,1,0,1,0,0.314624625,0.209106445,1
val,Birman_144,7,375,500,1,0,1,0,0.469141333,0.352661133,1
val,Birman_16,7,333,500,1,0,1,0,0.663129129,0.440002441,1
val,Birman_101,7,375,500,1,0,1,0,0.383893333,0.288085938,1
val,Birman_181,7,333,500,1,0,1,0,0.684222222,0.454711914,1
val,Birman_170,7,332,500,1,0,1,0,0.561578313,0.372131348,1
val,Birman_175,7,334,500,1,0,1,0,0.592413174,0.397460938,1
val,Birman_136,7,379,500,1,0,1,1,0.31605277,0.239562988,0
val,Birman_107,7,334,500,1,0,1,0,0.588497006,0.395812988,1
val,Birman_139,7,500,362,1,0,1,0,0.761513812,0.553405762,1
val,Birman_129,7,375,500,1,0,1,0,0.253386667,0.190490723,1
val,Birman_109,7,500,355,1,0,1,0,0.731402817,0.51940918,1
val,Birman_117,7,383,500,1,0,1,0,0.623806789,0.477294922,1
val,Birman_177,7,375,500,1,0,1,0,0.212858667,0.160217285,1
val,Birman_11,7,375,500,1,0,1,0,0.378298667,0.283447266,1
val,Birman_132,7,343,500,1,0,1,0,0.760886297,0.523803711,1
val,Birman_135,7,500,375,1,0,1,0,0.486250667,0.365539551,1
val,Birman_121,7,333,500,1,0,1,0,0.567981982,0.377807617,1
val,Birman_186,7,333,500,1,0,1,0,0.388750751,0.258361816,1
val,Birman_118,7,500,375,1,0,1,0,0.782149333,0.58581543,1
val,Birman_100,7,334,500,1,1,1,0,0.621083832,0.417114258,0
val,Birman_18,7,408,500,1,0,1,1,0.583446078,0.473876953,0
val,Birman_125,7,500,334,1,0,1,0,0.760401198,0.511657715,1
val,Birman_113,7,376,500,1,0,1,0,0.49843617,0.373840332,1
val,Birman_178,7,500,375,1,0,1,0,0.243381333,0.182067871,1
val,Birman_158,7,500,362,1,0,1,0,0.0637403315,0.0459594727,1
val,Birman_163,7,334,500,1,0,1,0,0.429670659,0.288574219,1
val,Birman_13,7,333,500,1,0,1,0,0.485801802,0.322753906,1
val,Birman_128,7,375,500,1,0,1,0,0.331477333,0.248779297,1
val,Birman_106,7,375,500,1,0,1,0,0.251914667,0.18939209,1
val,Bombay_100,8,284,300,1,0,1,0,0.676619718,0.640014648,1
val,Bombay_173,8,500,334,1,0,1,0,0.321287425,0.215881348,1
val,Bombay_10,8,375,500,1,0,1,0,0.356112,0.267150879,1
val,Bombay_109,8,208,292,1,1,1,0,0.448827713,0.319458008,0
val,Bombay_167,8,486,500,1,0,1,0,0.643670782,0.624816895,1
val,Bombay_16,8,343,500,1,0,1,0,0.670139942,0.461120605,1
val,Bombay_130,8,271,310,1,0,1,0,0.368563266,0.323181152,1
val,Bombay_177,8,202,157,1,0,1,0,0.432490383,0.333496094,1
val,Bombay_144,8,250,321,1,0,1,0,0.426267913,0.333435059,1
val,Bombay_169,8,333,500,1,0,1,0,0.610990991,0.403991699,1
val,Bombay_164,8,300,297,1,0,1,0,0.646666667,0.641662598,1
val,Bombay_18,8,380,254,1,0,1,0,0.1988707,0.133789062,1
val,Bombay_183,8,333,500,1,0,1,0,0.538696697,0.35736084,1
val,Bombay_137,8,375,500,1,1,1,1,0.360794667,0.270202637,1
val,Bombay_157,8,849,704,1,0,1,0,0.479136551,0.396179199,1
val,Bombay_132,8,450,600,1,0,1,0,0.443085185,0.332946777,1
val,Bombay_133,8,305,360,1,1,1,0,0.351821494,0.297058105,0
val,Bombay_176,8,500,438,1,0,1,0,0.642,0.561401367,1
val,Bombay_146,8,165,220,1,1,1,2,0.373168044,0.280883789,0
val,Bombay_174,8,500,404,1,0,1,2,0.501014851,0.403869629,0
val,Bombay_151,8,600,800,1,0,1,0,0.587845833,0.441040039,1
val,Bombay_175,8,864,1152,1,0,1,0,0.255385159,0.191589355,1
val,Bombay_107,8,225,300,1,0,1,0,0.429185185,0.32244873,1
val,Bombay_104,8,250,167,1,0,1,0,0.585389222,0.392272949,1
val,Bombay_194,8,282,300,1,0,1,0,0.668427896,0.626159668,1
val,Bombay_131,8,293,300,1,0,1,0,0.648668942,0.633666992,1
val,Bombay_171,8,108,144,1,0,1,0,0.53587963,0.401977539,1
val,Bombay_184,8,425,500,1,0,1,0,0.279764706,0.238708496,1
val,Bombay_108,8,267,400,1,2,1,1,0.324269663,0.215087891,0
val,Bombay_158,8,479,500,1,0,1,0,0.577411273,0.556091309,1
val,Bombay_155,8,200,300,1,0,1,0,0.2842,0.188964844,1
val,Bombay_181,8,225,300,1,0,1,0,0.509955556,0.382263184,1
val,Bombay_123,8,269,360,1,0,1,0,0.585574143,0.439025879,1
val,Bombay_170,8,287,519,1,0,1,0,0.313333736,0.173583984,1
val,Bombay_120,8,134,140,1,0,1,0,0.578411514,0.55670166,1
val,Bombay_152,8,439,640,1,0,1,0,0.3117668,0.215148926,1
val,Bombay_140,8,1600,1725,1,0,1,0,0.523292391,0.486694336,1
val,Bombay_143,8,385,500,1,0,1,0,0.584690909,0.451843262,1
val,Bombay_126,8,225,297,1,1,1,0,0.449068462,0.33972168,0
val,Bombay_186,8,292,250,1,0,1,0,0.535890411,0.460754395,1
val,Bombay_139,8,297,450,1,0,1,0,0.249158249,0.163879395,1
val,Bombay_153,8,290,400,1,0,1,0,0.318310345,0.231140137,1
val,Bombay_14,8,172,200,1,0,1,0,0.355901163,0.30657959,1
val,Bombay_111,8,453,604,1,0,1,0,0.264765434,0.199462891,1
val,Bombay_168,8,375,500,1,0,1,0,0.304821333,0.228210449,1
val,Bombay_136,8,182,200,1,0,1,0,0.597582418,0.540649414,1
val,Bombay_106,8,250,167,1,0,1,0,0.455329341,0.304382324,1
val,Bombay_15,8,248,260,1,0,1,0,0.663477047,0.631530762,1
val,boxer_14,9,333,500,2,0,2,0,0.271513514,0.179077148,1
val,boxer_157,9,500,333,1,1,1,1,0.514012012,0.341064453,1
val,boxer_186,9,281,500,1,0,1,0,0.245871886,0.137878418,1
val,boxer_142,9,375,500,1,0,1,0,0.222794667,0.166564941,1
val,boxer_179,9,333,500,1,0,1,0,0.585621622,0.389526367,1
val,boxer_121,9,333,500,1,0,1,0,0.0328768769,0.0218505859,1
val,boxer_174,9,333,500,2,0,2,0,0.547345345,0.363586426,1
val,boxer_152,9,500,375,2,0,1,0,0.758058667,0.56652832,0
val,boxer_161,9,385,500,1,0,1,0,0.0386285714,0.0299072266,1
val,boxer_127,9,333,500,1,1,1,0,0.285441441,0.188171387,0
val,boxer_156,9,500,358,2,0,2,0,0.523251397,0.376281738,1
val,boxer_117,9,333,500,1,0,1,1,0.229507508,0.152770996,0
val,boxer_118,9,375,500,1,0,1,0,0.113546667,0.0848388672,1
val,boxer_175,9,333,500,1,1,1,1,0.194552553,0.129394531,1
val,boxer_158,9,500,333,2,1,2,1,0.767825826,0.508544922,1
val,boxer_167,9,328,500,1,4,1,3,0.633067073,0.415649414,0
val,boxer_119,9,333,500,2,0,1,0,0.0958918919,0.0628051758,0
val,boxer_189,9,500,386,2,0,1,0,0.426880829,0.330322266,0
val,boxer_162,9,500,400,2,0,1,0,0.14489,0.115356445,0
val,boxer_146,9,333,500,1,0,1,0,0.503855856,0.334899902,1
val,boxer_163,9,375,500,2,4,1,0,0.211205333,0.157958984,0
val,boxer_154,9,500,333,1,0,1,0,0.255297297,0.16973877,1
val,boxer_17,9,500,400,1,0,1,0,0.585275,0.466247559,1
val,boxer_148,9,333,500,2,0,2,0,0.310786787,0.206542969,1
val,boxer_116,9,346,500,1,0,1,0,0.169745665,0.118041992,1
val,boxer_168,9,334,500,3,1,1,0,0.45754491,0.307800293,0
val,boxer_178,9,333,500,2,0,1,0,0.48803003,0.322875977,0
val,boxer_155,9,333,500,1,0,1,0,0.548006006,0.363647461,1
val,boxer_15,9,333,500,1,1,1,0,0.414882883,0.275268555,0
val,boxer_132,9,309,500,1,0,1,0,0.534472492,0.329772949,1
val,boxer_122,9,333,500,1,0,1,0,0.0687327327,0.0451049805,1
val,boxer_110,9,500,375,1,0,1,0,0.443402667,0.331481934,1
val,boxer_139,9,375,500,1,0,1,0,0.163402667,0.121520996,1
val,boxer_109,9,500,375,1,0,1,0,0.374586667,0.281311035,1
val,boxer_124,9,333,500,1,1,1,0,0.0286906907,0.018737793,0
val,boxer_125,9,333,500,1,1,1,1,0.15584985,0.103271484,1
val,boxer_126,9,309,500,1,0,1,0,0.594472492,0.366455078,1
val,boxer_134,9,500,375,1,0,1,0,0.504096,0.379394531,1
val,boxer_102,9,375,500,1,0,1,1,0.525930667,0.394287109,0
val,boxer_115,9,375,500,1,0,1,0,0.370730667,0.277709961,1
val,boxer_120,9,333,500,1,1,1,1,0.0703843844,0.0474853516,1
val,boxer_165,9,500,334,2,0,2,0,0.191832335,0.12878418,1
val,boxer_150,9,375,500,1,0,1,0,0.112352,0.0837402344,1
val,boxer_176,9,323,500,1,0,1,0,0.527306502,0.341796875,1
val,boxer_10,9,375,500,1,0,1,0,0.576117333,0.431640625,1
val,boxer_173,9,500,375,2,0,1,0,0.0619466667,0.0461425781,0
val,boxer_13,9,500,333,1,0,1,0,0.255483483,0.169128418,1
val,boxer_106,9,375,500,1,0,1,1,0.125850667,0.0948486328,0
val,boxer_140,9,375,500,1,0,1,0,0.34008,0.25567627,1
val,boxer_164,9,333,500,2,0,1,0,0.196732733,0.130310059,0
val,British_Shorthair_196,10,500,333,1,0,1,0,0.495993994,0.329956055,1
val,British_Shorthair_127,10,500,322,1,0,1,0,0.564236025,0.36151123,1
val,British_Shorthair_199,10,375,500,1,0,1,0,0.432085333,0.323242188,1
val,British_Shorthair_176,10,375,500,1,0,1,0,0.481749333,0.361877441,1
val,British_Shorthair_121,10,500,375,1,0,1,0,0.199226667,0.149414062,1
val,British_Shorthair_114,10,500,328,1,0,1,0,0.609469512,0.399963379,1
val,British_Shorthair_165,10,332,500,1,0,1,0,0.347156627,0.231079102,1
val,British_Shorthair_134,10,375,500,1,0,1,0,0.506405333,0.379943848,1
val,British_Shorthair_155,10,500,375,1,0,1,0,0.346730667,0.260253906,1
val,British_Shorthair_139,10,444,500,1,0,1,0,0.694698198,0.618835449,1
val,British_Shorthair_123,10,375,500,1,0,1,0,0.362874667,0.271789551,1
val,British_Shorthair_205,10,500,385,1,0,1,0,0.90681039,0.702026367,1
val,British_Shorthair_125,10,334,500,1,0,1,0,0.344047904,0.231811523,1
val,British_Shorthair_113,10,500,457,1,0,1,0,0.249452954,0.227905273,1
val,British_Shorthair_135,10,500,465,1,0,1,0,0.644283871,0.599304199,1
val,British_Shorthair_140,10,333,500,1,0,1,0,0.352324324,0.233459473,1
val,British_Shorthair_15,10,434,600,1,2,1,3,0.448890169,0.326416016,0
val,British_Shorthair_195,10,375,500,1,0,1,0,0.454981333,0.341308594,1
val,British_Shorthair_186,10,375,500,1,0,1,0,0.500757333,0.376220703,1
val,British_Shorthair_120,10,375,500,1,0,1,0,0.404992,0.304077148,1
val,British_Shorthair_159,10,333,500,1,0,1,0,0.411423423,0.272705078,1
val,British_Shorthair_207,10,375,500,1,0,1,0,0.459354667,0.344909668,1
val,British_Shorthair_16,10,500,375,1,0,1,0,0.986368,0.739440918,1
val,British_Shorthair_137,10,500,333,1,0,1,0,0.489009009,0.32409668,1
val,British_Shorthair_198,10,375,500,1,0,1,0,0.485024,0.363525391,1
val,British_Shorthair_18,10,332,500,1,0,1,0,0.740162651,0.492431641,1
val,British_Shorthair_160,10,333,500,1,0,1,0,0.374858859,0.24822998,1
val,British_Shorthair_193,10,332,500,1,0,1,0,0.296355422,0.196472168,1
val,British_Shorthair_117,10,375,500,1,0,1,0,0.202021333,0.151245117,1
val,British_Shorthair_169,10,333,500,2,1,2,0,0.200762763,0.133056641,0
val,British_Shorthair_145,10,500,375,1,0,1,0,0.546,0.409606934,1
val,British_Shorthair_119,10,375,500,1,0,1,0,0.405525333,0.304260254,1
val,British_Shorthair_163,10,365,500,1,0,1,0,0.186520548,0.135498047,1
val,British_Shorthair_111,10,500,375,1,0,1,0,0.7936,0.594482422,1
val,British_Shorthair_100,10,332,500,1,1,1,0,0.27163253,0.180297852,0
val,British_Shorthair_106,10,375,500,2,0,2,0,0.338896,0.25390625,1
val,British_Shorthair_10,10,350,233,1,0,1,0,0.498185162,0.32989502,1
val,British_Shorthair_209,10,419,500,1,0,1,0,0.466429594,0.390319824,1
val,British_Shorthair_149,10,375,500,1,0,1,0,0.386917333,0.290344238,1
val,British_Shorthair_108,10,500,333,1,0,1,0,0.470066066,0.311279297,1
val,British_Shorthair_105,10,333,500,1,0,1,0,0.651615616,0.432678223,1
val,British_Shorthair_158,10,332,500,1,0,1,0,0.488216867,0.323669434,1
val,British_Shorthair_107,10,333,500,1,0,1,0,0.29987988,0.198364258,1
val,British_Shorthair_130,10,333,500,1,0,1,0,0.466732733,0.310791016,1
val,British_Shorthair_102,10,333,500,1,0,1,0,0.409705706,0.271911621,1
val,British_Shorthair_122,10,346,500,1,0,1,0,0.332479769,0.23034668,1
val,British_Shorthair_173,10,332,500,1,1,1,1,0.262457831,0.174194336,1
val,British_Shorthair_197,10,375,500,1,0,1,0,0.614448,0.46105957,1
val,British_Shorthair_116,10,500,500,1,0,1,0,0.41508,0.415405273,1
val,British_Shorthair_124,10,375,500,1,0,1,0,0.396256,0.297058105,1
val,chihuahua_164,11,300,214,2,0,1,0,0.17665109,0.123779297,0
val,chihuahua_130,11,225,300,2,1,1,1,0.308325926,0.23046875,0
val,chihuahua_182,11,224,300,1,0,1,0,0.236622024,0.177856445,1
val,chihuahua_17,11,281,500,1,0,1,1,0.117871886,0.0667114258,0
val,chihuahua_150,11,300,287,1,1,1,4,0.502752613,0.479248047,0
val,chihuahua_100,11,375,500,1,0,1,0,0.644704,0.483581543,1
val,chihuahua_123,11,200,300,2,0,1,0,0.1767,0.116943359,0
val,chihuahua_156,11,225,300,3,0,3,0,0.338207407,0.252868652,1
val,chihuahua_120,11,225,300,2,0,1,0,0.348059259,0.260742188,0
val,chihuahua_10,11,333,500,1,0,1,0,0.571459459,0.379638672,1
val,chihuahua_179,11,225,300,2,0,1,0,0.172133333,0.128540039,0
val,chihuahua_128,11,225,300,2,0,1,0,0.269659259,0.202087402,0
val,chihuahua_131,11,173,300,2,0,1,1,0.216666667,0.123962402,0
val,chihuahua_155,11,300,225,2,0,1,0,0.251540741,0.18927002,0
val,chihuahua_148,11,258,300,1,0,1,0,0.219909561,0.188598633,1
val,chihuahua_172,11,222,300,2,0,2,1,0.174984985,0.12902832,0
val,chihuahua_11,11,500,500,1,0,1,0,0.683108,0.683166504,1
val,chihuahua_185,11,218,300,2,1,1,1,0.310397554,0.224365234,0
val,chihuahua_159,11,287,300,1,0,1,0,0.395760743,0.377380371,1
val,chihuahua_189,11,200,300,2,0,1,0,0.276583333,0.182312012,0
val,chihuahua_142,11,300,221,1,0,1,0,0.39785822,0.292114258,1
val,chihuahua_129,11,300,273,1,0,1,0,0.381306471,0.344177246,1
val,chihuahua_104,11,200,300,1,0,1,0,0.5235,0.348083496,1
val,chihuahua_169,11,225,300,1,0,1,0,0.270148148,0.202453613,1
val,chihuahua_157,11,200,117,1,1,1,1,0.560769231,0.330444336,1
val,chihuahua_118,11,289,300,2,0,1,0,0.40011534,0.379821777,0
val,chihuahua_170,11,225,300,2,0,1,0,0.444814815,0.333251953,0
val,chihuahua_127,11,225,300,2,1,1,1,0.259955556,0.192565918,0
val,chihuahua_149,11,286,300,1,0,1,0,0.246911422,0.234802246,1
val,chihuahua_139,11,300,283,2,0,1,0,0.20548881,0.193786621,0
val,chihuahua_138,11,225,300,1,0,1,0,0.198533333,0.149291992,1
val,chihuahua_190,11,199,300,2,0,1,0,0.392864322,0.257080078,0
val,chihuahua_141,11,300,231,2,0,1,0,0.372640693,0.28729248,0
val,chihuahua_163,11,225,300,2,0,1,0,0.397333333,0.297790527,0
val,chihuahua_16,11,500,405,1,1,1,0,0.488158025,0.39666748,0
val,chihuahua_106,11,225,300,1,0,1,0,0.0868148148,0.0645751953,1
val,chihuahua_117,11,212,300,1,0,1,0,0.277625786,0.194702148,1
val,chihuahua_171,11,280,300,1,1,1,1,0.421666667,0.391296387,1
val,chihuahua_151,11,300,239,1,0,1,0,0.45790795,0.364746094,1
val,chihuahua_113,11,225,300,3,0,2,2,0.177111111,0.132751465,0
val,chihuahua_112,11,300,225,1,0,1,0,0.328918519,0.246887207,1
val,chihuahua_183,11,300,288,1,0,1,2,0.392638889,0.37701416,0
val,chihuahua_146,11,225,300,1,0,1,0,0.109451852,0.0817871094,1
val,chihuahua_121,11,245,250,1,0,1,0,0.365273469,0.356201172,1
val,chihuahua_187,11,300,200,2,0,1,0,0.667783333,0.441162109,0
val,chihuahua_116,11,300,219,1,4,1,3,0.299254186,0.216918945,0
val,chihuahua_13,11,500,480,1,0,1,1,0.509925,0.490478516,0
val,chihuahua_161,11,300,199,2,0,1,0,0.514522613,0.340454102,0
val,chihuahua_110,11,225,300,1,1,1,3,0.114444444,0.0864257812,0
val,chihuahua_184,11,300,204,2,0,1,0,0.430359477,0.29119873,0
val,Egyptian_Mau_144,12,550,366,1,1,1,1,0.250640835,0.166259766,1
val,Egyptian_Mau_164,12,336,448,1,0,1,0,0.408196482,0.306152344,1
val,Egyptian_Mau_142,12,270,360,1,0,1,0,0.304032922,0.227661133,1
val,Egyptian_Mau_106,12,280,400,1,0,1,0,0.298080357,0.208679199,1
val,Egyptian_Mau_12,12,370,354,1,0,1,0,0.312139258,0.298095703,1
val,Egyptian_Mau_121,12,375,500,1,1,1,1,0.277056,0.208068848,1
val,Egyptian_Mau_101,12,360,480,1,0,1,0,0.207476852,0.155822754,1
val,Egyptian_Mau_115,12,417,386,1,0,1,0,0.327449957,0.302062988,1
val,Egyptian_Mau_147,12,202,249,1,0,1,0,0.438983657,0.356628418,1
val,Egyptian_Mau_125,12,267,300,1,0,1,0,0.357940075,0.317932129,1
val,Egyptian_Mau_163,12,330,500,1,3,1,1,0.431836364,0.283569336,0
val,Egyptian_Mau_141,12,332,500,1,0,1,0,0.300704819,0.198913574,1
val,Egyptian_Mau_179,12,768,1024,1,2,1,0,0.414756775,0.310852051,0
val,Egyptian_Mau_104,12,188,191,1,5,1,6,0.660744124,0.65234375,0
val,Egyptian_Mau_175,12,180,272,1,1,1,1,0.280453431,0.18548584,1
val,Egyptian_Mau_155,12,333,500,1,0,1,0,0.388192192,0.257751465,1
val,Egyptian_Mau_165,12,1920,2560,0,0,0,0,0,0,1
val,Egyptian_Mau_118,12,225,225,1,0,1,0,0.629254321,0.629211426,1
val,Egyptian_Mau_113,12,477,636,1,0,1,0,0.365653389,0.274902344,1
val,Egyptian_Mau_116,12,354,450,1,0,1,0,0.28735091,0.226928711,1
val,Egyptian_Mau_173,12,210,280,1,0,1,0,0.344166667,0.257568359,1
val,Egyptian_Mau_168,12,245,300,1,2,1,2,0.340598639,0.280578613,1
val,Egyptian_Mau_120,12,768,1024,1,0,1,0,0.335479736,0.251586914,1
val,Egyptian_Mau_110,12,194,240,1,0,1,0,0.354402921,0.28503418,1
val,Egyptian_Mau_133,12,300,400,1,0,1,0,0.292466667,0.218811035,1
val,Egyptian_Mau_157,12,500,330,1,0,1,0,0.572757576,0.376586914,1
val,Egyptian_Mau_117,12,500,375,1,0,1,0,0.236826667,0.17791748,1
val,Egyptian_Mau_11,12,500,334,1,1,1,1,0.704461078,0.472961426,1
val,Egyptian_Mau_131,12,240,300,1,0,1,0,0.570833333,0.455322266,1
val,Egyptian_Mau_176,12,270,360,1,1,1,0,0.300216049,0.224975586,0
val,Egyptian_Mau_161,12,360,480,1,0,1,0,0.470983796,0.353210449,1
val,Egyptian_Mau_160,12,482,720,1,1,1,0,0.310477178,0.208679199,0
val,Egyptian_Mau_149,12,150,200,1,0,1,0,0.372233333,0.278503418,1
val,Egyptian_Mau_190,12,354,500,1,0,1,0,0.444949153,0.316345215,1
val,Egyptian_Mau_122,12,112,150,1,0,1,0,0.509761905,0.381225586,1
val,Egyptian_Mau_108,12,500,375,1,0,1,0,0.446154667,0.335754395,1
val,Egyptian_Mau_174,12,700,525,1,0,1,0,0.232345578,0.174255371,1
val,Egyptian_Mau_128,12,300,225,1,0,1,0,0.341837037,0.255187988,1
val,Egyptian_Mau_130,12,374,500,1,0,1,0,0.302197861,0.226501465,1
val,Egyptian_Mau_156,12,265,400,1,0,1,0,0.408509434,0.271057129,1
val,Egyptian_Mau_162,12,2448,3264,0,0,0,0,0,0,1
val,Egyptian_Mau_112,12,375,500,1,0,1,0,0.565989333,0.423950195,1
val,Egyptian_Mau_16,12,200,241,1,0,1,0,0.42406639,0.351074219,1
val,Egyptian_Mau_102,12,384,576,1,0,1,0,0.252888997,0.167602539,1
val,Egyptian_Mau_140,12,375,500,1,0,1,0,0.190330667,0.141906738,1
val,Egyptian_Mau_13,12,500,334,1,1,1,1,0.495538922,0.333251953,1
val,english_cocker_spaniel_136,13,500,332,1,0,1,1,0.637861446,0.423461914,0
val,english_cocker_spaniel_18,13,500,392,1,0,1,0,0.762260204,0.594604492,1
val,english_cocker_spaniel_14,13,333,500,1,2,1,1,0.486684685,0.322937012,0
val,english_cocker_spaniel_102,13,375,500,1,0,1,0,0.419984,0.315063477,1
val,english_cocker_spaniel_176,13,393,500,2,0,1,0,0.589185751,0.463562012,0
val,english_cocker_spaniel_10,13,500,333,1,0,1,0,0.549075075,0.364135742,1
val,english_cocker_spaniel_13,13,500,333,1,0,1,0,0.78015015,0.517578125,1
val,english_cocker_spaniel_183,13,451,373,2,0,1,0,0.625170161,0.516723633,0
val,english_cocker_spaniel_128,13,375,500,1,0,1,0,0.085424,0.0645141602,1
val,english_cocker_spaniel_184,13,375,500,1,0,1,0,0.204192,0.153869629,1
val,english_cocker_spaniel_169,13,375,500,2,0,1,0,0.172266667,0.129455566,0
val,english_cocker_spaniel_115,13,333,500,1,1,1,0,0.354408408,0.235534668,0
val,english_cocker_spaniel_134,13,500,333,2,1,2,1,0.299111111,0.198242188,1
val,english_cocker_spaniel_100,13,375,500,1,0,1,0,0.309989333,0.232543945,1
val,english_cocker_spaniel_132,13,500,358,2,0,1,0,0.811547486,0.583312988,0
val,english_cocker_spaniel_112,13,500,369,1,2,1,0,0.484628726,0.355407715,0
val,english_cocker_spaniel_148,13,281,500,1,0,1,0,0.189501779,0.106506348,1
val,english_cocker_spaniel_131,13,333,500,1,0,1,0,0.297645646,0.197875977,1
val,english_cocker_spaniel_174,13,500,352,2,0,2,0,0.413744318,0.29107666,1
val,english_cocker_spaniel_141,13,500,333,2,1,1,0,0.607279279,0.403015137,0
val,english_cocker_spaniel_106,13,333,500,1,0,1,0,0.30751952,0.20501709,1
val,english_cocker_spaniel_157,13,485,500,1,1,1,0,0.416197938,0.403259277,0
val,english_cocker_spaniel_150,13,500,402,2,0,1,0,0.456233831,0.366516113,0
val,english_cocker_spaniel_108,13,500,375,1,0,1,0,0.164890667,0.123596191,1
val,english_cocker_spaniel_107,13,380,500,1,0,1,0,0.197363158,0.149536133,1
val,english_cocker_spaniel_111,13,320,426,1,0,1,0,0.543405223,0.407775879,1
val,english_cocker_spaniel_158,13,500,372,2,0,1,0,0.42988172,0.317993164,0
val,english_cocker_spaniel_186,13,500,500,2,0,2,0,0.496948,0.497192383,1
val,english_cocker_spaniel_123,13,302,403,2,0,1,0,0.560621498,0.419067383,0
val,english_cocker_spaniel_173,13,375,500,2,5,2,1,0.585381333,0.438781738,0
val,english_cocker_spaniel_152,13,500,368,1,0,1,0,0.389255435,0.28515625,1
val,english_cocker_spaniel_12,13,333,500,1,0,1,0,0.430882883,0.286132812,1
val,english_cocker_spaniel_156,13,375,500,2,0,1,0,0.237344,0.177124023,0
val,english_cocker_spaniel_126,13,500,375,2,0,1,0,0.314234667,0.23425293,0
val,english_cocker_spaniel_124,13,500,375,2,0,1,0,0.363706667,0.272460938,0
val,english_cocker_spaniel_129,13,500,281,3,0,2,0,0.256989324,0.144042969,0
val,english_cocker_spaniel_190,13,375,500,1,0,1,0,0.218186667,0.163391113,1
val,english_cocker_spaniel_153,13,281,500,1,0,1,0,0.263843416,0.148986816,1
val,english_cocker_spaniel_116,13,375,500,1,0,1,0,0.427082667,0.320129395,1
val,english_cocker_spaniel_144,13,500,340,2,0,2,0,0.438994118,0.297790527,1
val,english_cocker_spaniel_120,13,375,500,2,0,1,0,0.384570667,0.28729248,0
val,english_cocker_spaniel_118,13,281,500,1,0,1,0,0.277928826,0.15625,1
val,english_cocker_spaniel_181,13,500,362,2,0,1,0,0.422624309,0.307373047,0
val,english_cocker_spaniel_182,13,443,500,2,0,2,0,0.186,0.163208008,1
val,english_cocker_spaniel_140,13,500,401,2,0,2,0,0.701261845,0.563171387,1
val,english_cocker_spaniel_15,13,333,500,1,0,1,0,0.555135135,0.36920166,1
val,english_cocker_spaniel_145,13,500,391,1,0,1,0,0.200189258,0.156555176,1
val,english_cocker_spaniel_146,13,335,500,1,0,1,0,0.367492537,0.246704102,1
val,english_setter_184,14,333,500,2,0,2,0,0.201537538,0.133361816,1
val,english_setter_115,14,333,500,3,0,1,0,0.415411411,0.275390625,0
val,english_setter_126,14,375,500,2,0,2,0,0.358762667,0.268432617,1
val,english_setter_151,14,500,334,2,1,2,1,0.580724551,0.390808105,1
val,english_setter_131,14,500,375,2,0,2,1,0.339365333,0.253417969,0
val,english_setter_168,14,375,500,1,0,1,0,0.117237333,0.0881958008,1
val,english_setter_15,14,333,500,1,0,1,0,0.314528529,0.208435059,1
val,english_setter_11,14,363,500,1,0,1,0,0.475614325,0.34564209,1
val,english_setter_190,14,375,500,2,0,1,0,0.426666667,0.318969727,0
val,english_setter_170,14,375,500,2,0,1,0,0.147797333,0.109924316,0
val,english_setter_157,14,364,500,2,0,1,0,0.396175824,0.287597656,0
val,english_setter_150,14,500,334,1,2,1,0,0.564269461,0.379394531,0
val,english_setter_177,14,479,500,2,0,2,0,0.374730689,0.358886719,1
val,english_setter_101,14,500,333,1,0,1,0,0.34815015,0.231140137,1
val,english_setter_128,14,375,500,2,0,2,0,0.454298667,0.33770752,1
val,english_setter_108,14,375,500,2,1,1,0,0.109482667,0.081237793,0
val,english_setter_189,14,375,500,1,0,1,0,0.626229333,0.469116211,1
val,english_setter_161,14,375,500,2,0,2,0,0.191888,0.143615723,1
val,english_setter_125,14,387,500,2,2,1,0,0.256263566,0.197387695,0
val,english_setter_112,14,500,335,2,0,1,0,0.40000597,0.268676758,0
val,english_setter_169,14,375,500,2,0,1,0,0.21712,0.162231445,0
val,english_setter_127,14,331,500,1,0,1,0,0.488271903,0.324035645,1
val,english_setter_129,14,375,500,1,0,1,0,0.630101333,0.469665527,1
val,english_setter_158,14,500,333,2,0,1,0,0.552720721,0.366943359,0
val,english_setter_185,14,333,500,2,0,2,0,0.118294294,0.0785522461,1
val,english_setter_117,14,333,500,1,1,2,0,0.445195195,0.295776367,0
val,english_setter_154,14,352,317,1,1,1,2,0.423483654,0.380126953,0
val,english_setter_116,14,333,500,1,0,1,0,0.306174174,0.202514648,1
val,english_setter_10,14,500,375,1,0,1,0,0.486906667,0.36541748,1
val,english_setter_113,14,335,500,2,0,1,0,0.503379104,0.337890625,0
val,english_setter_188,14,500,375,3,1,2,1,0.193813333,0.145568848,0
val,english_setter_173,14,333,500,3,0,1,0,0.170996997,0.113525391,0
val,english_setter_122,14,333,500,2,0,2,0,0.415201201,0.274353027,1
val,english_setter_149,14,375,500,1,0,1,0,0.259557333,0.1953125,1
val,english_setter_176,14,342,500,2,1,1,0,0.355327485,0.24407959,0
val,english_setter_138,14,375,500,2,0,2,0,0.301045333,0.223449707,1
val,english_setter_148,14,354,500,3,0,2,0,0.550677966,0.39050293,0
val,english_setter_142,14,500,333,1,1,2,0,0.417039039,0.277770996,0
val,english_setter_100,14,500,334,1,0,1,0,0.434676647,0.291137695,1
val,english_setter_175,14,333,500,3,0,2,0,0.209099099,0.138427734,0
val,english_setter_167,14,375,500,2,0,1,0,0.477312,0.356689453,0
val,english_setter_144,14,332,500,2,0,1,0,0.30776506,0.203430176,0
val,english_setter_160,14,500,375,1,0,1,0,0.248448,0.185668945,1
val,english_setter_119,14,349,500,2,0,2,0,0.273071633,0.189758301,1
val,english_setter_156,14,333,500,1,0,1,0,0.446288288,0.296630859,1
val,english_setter_140,14,375,500,2,1,1,0,0.341541333,0.254089355,0
val,english_setter_114,14,500,335,2,0,2,0,0.442764179,0.296813965,1
val,english_setter_120,14,500,310,1,0,1,1,0.454554839,0.280700684,0
val,english_setter_141,14,375,500,2,0,2,0,0.101216,0.0751953125,1
val,english_setter_110,14,375,500,2,5,2,2,0.188746667,0.142333984,0
val,german_shorthaired_106,15,500,375,1,0,1,0,0.39376,0.295288086,1
val,german_shorthaired_127,15,500,357,1,0,1,0,0.331137255,0.235961914,1
val,german_shorthaired_144,15,500,354,2,2,1,0,0.267926554,0.18951416,0
val,german_shorthaired_100,15,333,500,1,2,1,1,0.180342342,0.11895752,0
val,german_shorthaired_136,15,500,391,1,0,1,0,0.664608696,0.518676758,1
val,german_shorthaired_148,15,306,500,2,0,1,0,0.063379085,0.0387573242,0
val,german_shorthaired_153,15,500,333,1,2,1,0,0.252594595,0.167297363,0
val,german_shorthaired_125,15,375,500,1,1,1,1,0.170842667,0.127990723,1
val,german_shorthaired_155,15,294,500,1,0,1,0,0.294707483,0.17175293,1
val,german_shorthaired_115,15,375,500,1,0,1,0,0.540544,0.405151367,1
val,german_shorthaired_101,15,500,340,1,0,1,0,0.526629412,0.359130859,1
val,german_shorthaired_139,15,500,400,1,0,1,0,0.80872,0.644226074,1
val,german_shorthaired_168,15,375,500,2,0,2,0,0.407541333,0.305664062,1
val,german_shorthaired_135,15,333,500,1,0,1,0,0.299771772,0.198608398,1
val,german_shorthaired_141,15,500,333,1,0,1,0,0.393525526,0.261047363,1
val,german_shorthaired_181,15,375,500,1,0,1,0,0.685066667,0.513122559,1
val,german_shorthaired_171,15,500,478,2,1,2,2,0.223050209,0.211791992,0
val,german_shorthaired_162,15,341,500,3,0,2,0,0.158005865,0.106323242,0
val,german_shorthaired_124,15,500,375,2,1,1,4,0.518752,0.389160156,0
val,german_shorthaired_114,15,264,500,1,1,1,2,0.646916667,0.342712402,0
val,german_shorthaired_175,15,417,500,1,0,1,1,0.744268585,0.622009277,0
val,german_shorthaired_185,15,500,333,2,0,1,0,0.211561562,0.140441895,0
val,german_shorthaired_160,15,375,500,2,0,2,0,0.278544,0.207702637,1
val,german_shorthaired_157,15,500,333,1,0,1,0,0.615357357,0.408630371,1
val,german_shorthaired_12,15,375,500,1,1,1,1,0.349770667,0.263000488,1
val,german_shorthaired_112,15,500,375,1,4,1,0,0.294496,0.220275879,0
val,german_shorthaired_123,15,500,375,1,0,1,0,0.268917333,0.199951172,1
val,german_shorthaired_111,15,500,375,1,0,1,0,0.5516,0.413696289,1
val,german_shorthaired_172,15,375,500,2,0,1,0,0.140042667,0.105041504,0
val,german_shorthaired_109,15,335,500,1,0,1,0,0.217116418,0.146240234,1
val,german_shorthaired_126,15,333,500,1,0,1,0,0.27175976,0.17980957,1
val,german_shorthaired_145,15,500,335,2,2,1,1,0.349068657,0.233703613,0
val,german_shorthaired_146,15,500,375,2,0,1,0,0.174906667,0.131225586,0
val,german_shorthaired_117,15,375,500,1,0,1,0,0.617232,0.463317871,1
val,german_shorthaired_178,15,500,375,1,1,1,0,0.159104,0.119995117,0
val,german_shorthaired_187,15,500,375,2,0,1,0,0.2152,0.160705566,0
val,german_shorthaired_120,15,500,333,1,0,1,0,0.323687688,0.214599609,1
val,german_shorthaired_15,15,333,500,1,0,1,0,0.397339339,0.263183594,1
val,german_shorthaired_177,15,333,500,2,0,2,0,0.506216216,0.33581543,1
val,german_shorthaired_189,15,375,500,2,0,1,0,0.330901333,0.247497559,0
val,german_shorthaired_186,15,500,375,4,1,4,0,0.322005333,0.241638184,0
val,german_shorthaired_158,15,375,500,2,0,1,0,0.408314667,0.304626465,0
val,german_shorthaired_14,15,371,500,1,0,1,0,0.316657682,0.235412598,1
val,german_shorthaired_119,15,500,500,1,0,1,0,0.215672,0.215515137,1
val,german_shorthaired_10,15,500,320,1,0,1,0,0.60235,0.386047363,1
val,german_shorthaired_110,15,500,363,1,0,1,0,0.355410468,0.258178711,1
val,german_shorthaired_142,15,375,500,1,2,1,3,0.0988693333,0.0744018555,0
val,german_shorthaired_137,15,500,332,1,0,1,0,0.520716867,0.345031738,1
val,german_shorthaired_182,15,500,375,1,0,1,0,0.306149333,0.230285645,1
val,german_shorthaired_105,15,500,334,1,0,1,0,0.303682635,0.204284668,1
val,great_pyrenees_169,16,375,500,2,0,2,0,0.677712,0.510192871,1
val,great_pyrenees_123,16,400,500,2,4,2,2,0.43692,0.348571777,0
val,great_pyrenees_110,16,360,480,1,10,1,2,0.439265046,0.329406738,0
val,great_pyrenees_187,16,375,500,1,0,1,0,0.191541333,0.143554688,1
val,great_pyrenees_158,16,375,500,2,0,2,0,0.245578667,0.183898926,1
val,great_pyrenees_163,16,357,500,1,0,1,0,0.387691877,0.276550293,1
val,great_pyrenees_185,16,333,500,1,0,2,0,0.629303303,0.417724609,0
val,great_pyrenees_172,16,375,500,2,0,2,0,0.253258667,0.190246582,1
val,great_pyrenees_10,16,480,415,1,0,1,0,0.160737952,0.138793945,1
val,great_pyrenees_189,16,470,500,2,0,1,0,0.515744681,0.483093262,0
val,great_pyrenees_119,16,345,500,2,0,2,1,0.525669565,0.359924316,0
val,great_pyrenees_174,16,381,500,3,0,1,0,0.338425197,0.256713867,0
val,great_pyrenees_161,16,381,500,2,0,2,0,0.482099738,0.371032715,1
val,great_pyrenees_113,16,375,500,1,2,1,0,0.304021333,0.227661133,0
val,great_pyrenees_145,16,333,500,2,0,1,0,0.549981982,0.36529541,0
val,great_pyrenees_131,16,405,500,2,1,1,2,0.386320988,0.313659668,0
val,great_pyrenees_101,16,375,500,1,0,1,0,0.547424,0.410339355,1
val,great_pyrenees_152,16,500,333,2,0,1,0,0.409231231,0.271484375,0
val,great_pyrenees_133,16,333,500,2,0,2,0,0.393507508,0.260864258,1
val,great_pyrenees_111,16,334,500,1,0,1,0,0.553856287,0.371887207,1
val,great_pyrenees_128,16,333,500,2,0,1,0,0.469681682,0.311950684,0
val,great_pyrenees_18,16,372,480,1,0,1,0,0.194500448,0.15020752,1
val,great_pyrenees_106,16,500,391,1,0,1,1,0.290373402,0.227111816,0
val,great_pyrenees_16,16,368,480,1,0,1,0,0.342759284,0.262451172,1
val,great_pyrenees_170,16,375,500,2,0,2,1,0.325072,0.243530273,0
val,great_pyrenees_121,16,410,500,2,1,2,2,0.399604878,0.327514648,0
val,great_pyrenees_177,16,333,500,3,0,1,0,0.19151952,0.126831055,0
val,great_pyrenees_149,16,333,500,1,0,1,0,0.186156156,0.123596191,1
val,great_pyrenees_159,16,479,500,2,0,2,0,0.404267223,0.387634277,1
val,great_pyrenees_11,16,480,383,1,0,1,0,0.200772411,0.160644531,1
val,great_pyrenees_12,16,480,398,1,0,1,0,0.136311767,0.112854004,1
val,great_pyrenees_112,16,375,500,1,0,1,0,0.487701333,0.365905762,1
val,great_pyrenees_117,16,375,500,1,0,1,0,0.141253333,0.10546875,1
val,great_pyrenees_154,16,375,500,2,0,1,0,0.319205333,0.238464355,0
val,great_pyrenees_126,16,375,500,2,0,2,0,0.145146667,0.108032227,1
val,great_pyrenees_120,16,419,500,1,0,1,4,0.577813842,0.482421875,0
val,great_pyrenees_148,16,375,500,2,1,1,1,0.263888,0.197631836,0
val,great_pyrenees_183,16,333,500,2,0,2,0,0.177591592,0.118652344,1
val,great_pyrenees_116,16,500,384,2,0,1,0,0.49809375,0.38092041,0
val,great_pyrenees_122,16,500,330,2,0,2,0,0.154618182,0.101074219,1
val,great_pyrenees_13,16,360,480,1,0,1,0,0.308686343,0.231994629,1
val,great_pyrenees_155,16,333,500,2,0,2,0,0.230384384,0.152282715,1
val,great_pyrenees_160,16,384,500,2,0,2,0,0.35878125,0.274902344,1
val,great_pyrenees_142,16,333,500,1,0,1,0,0.451465465,0.299743652,1
val,great_pyrenees_14,16,333,480,1,0,1,0,0.516604104,0.359069824,1
val,great_pyrenees_118,16,375,500,4,0,1,0,0.178986667,0.132507324,0
val,great_pyrenees_17,16,333,500,1,0,1,0,0.441375375,0.293212891,1
val,great_pyrenees_127,16,375,500,2,0,1,0,0.153914667,0.114074707,0
val,great_pyrenees_125,16,500,333,2,0,1,0,0.446906907,0.294921875,0
val,great_pyrenees_135,16,315,420,3,0,1,0,0.217966742,0.162109375,0
val,havanese_173,17,375,500,2,0,1,0,0.160469333,0.117370605,0
val,havanese_148,17,375,500,2,0,2,0,0.373749333,0.280395508,1
val,havanese_153,17,375,500,2,0,1,0,0.738533333,0.553955078,0
val,havanese_115,17,375,500,1,0,1,0,0.60544,0.453186035,1
val,havanese_188,17,478,500,2,1,1,0,0.429330544,0.40814209,0
val,havanese_166,17,332,500,2,0,1,0,0.312475904,0.207092285,0
val,havanese_175,17,500,429,1,1,1,1,0.800899767,0.686035156,1
val,havanese_104,17,500,416,1,0,1,0,0.337966346,0.280090332,1
val,havanese_105,17,500,375,1,0,1,0,0.920544,0.690307617,1
val,havanese_149,17,375,500,3,1,1,0,0.357381333,0.266784668,0
val,havanese_110,17,500,375,1,0,1,0,0.299712,0.225280762,1
val,havanese_176,17,500,333,2,0,1,0,0.224720721,0.14855957,0
val,havanese_16,17,333,500,1,1,1,0,0.449993994,0.297912598,0
val,havanese_100,17,459,500,1,0,1,0,0.227106754,0.208435059,1
val,havanese_15,17,500,357,1,0,1,0,0.542773109,0.386535645,1
val,havanese_179,17,420,500,2,0,2,0,0.64377619,0.541748047,1
val,havanese_133,17,408,500,1,0,1,0,0.280171569,0.227539062,1
val,havanese_117,17,367,500,1,0,1,0,0.435716621,0.320617676,1
val,havanese_150,17,375,500,1,0,1,0,0.394229333,0.295349121,1
val,havanese_161,17,500,333,3,0,1,6,0.674660661,0.448425293,0
val,havanese_17,17,333,500,1,2,1,1,0.39218018,0.261047363,0
val,havanese_186,17,333,500,1,0,1,0,0.865705706,0.575195312,1
val,havanese_118,17,333,500,1,0,1,0,0.51957958,0.344665527,1
val,havanese_103,17,500,375,1,0,1,0,0.974714667,0.731079102,1
val,havanese_106,17,500,362,1,0,1,0,0.270259669,0.196472168,1
val,havanese_168,17,375,500,1,0,1,0,0.636810667,0.477416992,1
val,havanese_172,17,500,375,3,0,3,0,0.162117333,0.120605469,1
val,havanese_146,17,379,500,2,0,1,0,0.541751979,0.409301758,0
val,havanese_130,17,375,500,2,0,1,0,0.617146667,0.462524414,0
val,havanese_155,17,387,500,2,1,1,0,0.44678553,0.345031738,0
val,havanese_183,17,500,334,2,0,2,0,0.550916168,0.370178223,1
val,havanese_181,17,334,500,2,0,1,0,0.200311377,0.132263184,0
val,havanese_134,17,334,500,2,0,2,0,0.267419162,0.179260254,1
val,havanese_138,17,339,500,2,0,1,0,0.117292035,0.0783691406,0
val,havanese_127,17,375,500,2,0,2,0,0.254698667,0.190795898,1
val,havanese_139,17,476,500,3,0,3,0,0.495063025,0.473144531,1
val,havanese_184,17,419,500,2,0,1,0,0.751040573,0.625671387,0
val,havanese_120,17,375,500,1,0,1,0,0.482069333,0.361633301,1
val,havanese_189,17,333,500,1,0,1,0,0.413129129,0.274047852,1
val,havanese_162,17,333,500,2,0,1,0,0.445963964,0.295898438,0
val,havanese_132,17,400,500,2,0,1,0,0.48091,0.382629395,0
val,havanese_151,17,333,500,3,0,2,0,0.117585586,0.0771484375,0
val,havanese_157,17,375,500,2,1,1,1,0.360176,0.268371582,0
val,havanese_159,17,373,500,2,1,1,0,0.629217158,0.466430664,0
val,havanese_101,17,500,333,1,0,1,0,0.791249249,0.524963379,1
val,havanese_185,17,486,500,2,0,2,0,0.617547325,0.597473145,1
val,havanese_119,17,307,500,1,0,1,0,0.329576547,0.202453613,1
val,havanese_136,17,375,500,2,0,2,0,0.321877333,0.241394043,1
val,havanese_13,17,333,500,1,0,1,0,0.391489489,0.260131836,1
val,havanese_126,17,333,500,2,0,1,0,0.274162162,0.182250977,0
val,japanese_chin_108,18,374,500,1,0,1,0,0.212625668,0.158630371,1
val,japanese_chin_189,18,334,500,1,0,1,0,0.734964072,0.49432373,1
val,japanese_chin_147,18,500,375,3,0,1,0,0.348858667,0.25970459,0
val,japanese_chin_181,18,500,394,2,0,1,0,0.202350254,0.157714844,0
val,japanese_chin_182,18,375,500,2,0,2,0,0.329632,0.246154785,1
val,japanese_chin_101,18,500,338,1,0,1,0,0.11316568,0.0770263672,1
val,japanese_chin_140,18,375,500,1,0,1,0,0.288010667,0.215759277,1
val,japanese_chin_169,18,375,500,1,0,1,0,0.564133333,0.422485352,1
val,japanese_chin_142,18,410,500,1,0,1,0,0.55237561,0.453552246,1
val,japanese_chin_141,18,334,500,1,0,1,0,0.22608982,0.152893066,1
val,japanese_chin_122,18,375,500,1,0,1,0,0.231477333,0.172790527,1
val,japanese_chin_14,18,332,500,1,0,1,0,0.451463855,0.299438477,1
val,japanese_chin_154,18,500,375,3,0,1,0,0.444885333,0.333374023,0
val,japanese_chin_161,18,500,375,2,0,1,0,0.628090667,0.469116211,0
val,japanese_chin_190,18,500,333,2,0,3,1,0.555813814,0.368591309,0
val,japanese_chin_129,18,375,500,1,0,1,0,0.628144,0.471069336,1
val,japanese_chin_164,18,375,500,2,2,1,1,0.365856,0.273010254,0
val,japanese_chin_165,18,334,500,1,0,1,0,0.546946108,0.36730957,1
val,japanese_chin_162,18,333,500,2,0,1,0,0.558666667,0.369873047,0
val,japanese_chin_170,18,333,500,2,0,1,0,0.535591592,0.35546875,0
val,japanese_chin_111,18,332,500,1,0,1,0,0.370198795,0.245910645,1
val,japanese_chin_136,18,375,500,1,0,1,2,0.443264,0.333496094,0
val,japanese_chin_112,18,333,500,1,0,1,0,0.220726727,0.146118164,1
val,japanese_chin_10,18,500,410,1,5,1,3,0.629663415,0.516052246,0
val,japanese_chin_175,18,375,500,2,0,2,0,0.280624,0.209411621,1
val,japanese_chin_115,18,375,500,1,0,1,0,0.159114667,0.119445801,1
val,japanese_chin_163,18,500,375,3,1,3,0,0.413264,0.309814453,0
val,japanese_chin_114,18,334,500,1,0,1,0,0.220994012,0.14855957,1
val,japanese_chin_130,18,500,379,1,0,1,0,0.663825858,0.502441406,1
val,japanese_chin_116,18,500,386,1,1,1,1,0.428145078,0.332275391,1
val,japanese_chin_188,18,375,500,2,0,1,0,0.469130667,0.351196289,0
val,japanese_chin_17,18,377,500,1,0,1,0,0.354201592,0.26776123,1
val,japanese_chin_113,18,225,255,1,0,1,0,0.481254902,0.422058105,1
val,japanese_chin_183,18,485,500,1,0,1,0,0.646057732,0.625976562,1
val,japanese_chin_148,18,375,500,1,0,1,0,0.881002667,0.661254883,1
val,japanese_chin_100,18,375,500,1,0,1,0,0.555936,0.417053223,1
val,japanese_chin_177,18,375,500,6,0,3,0,0.225344,0.167236328,0
val,japanese_chin_184,18,419,500,2,0,1,0,0.522677804,0.437438965,0
val,japanese_chin_11,18,500,357,1,0,1,0,0.435142857,0.309143066,1
val,japanese_chin_151,18,500,467,2,2,2,0,0.49435546,0.463378906,0
val,japanese_chin_171,18,500,409,1,1,1,0,0.637760391,0.52355957,0
val,japanese_chin_138,18,500,333,1,0,1,0,0.367363363,0.24407959,1
val,japanese_chin_16,18,500,338,1,0,1,0,0.517023669,0.350646973,1
val,japanese_chin_167,18,375,500,2,0,2,0,0.244933333,0.183959961,1
val,japanese_chin_168,18,500,334,1,0,1,0,0.582407186,0.391418457,1
val,japanese_chin_117,18,375,500,1,0,1,0,0.303456,0.227844238,1
val,japanese_chin_172,18,392,500,2,0,1,0,0.493260204,0.383911133,0
val,japanese_chin_126,18,358,500,1,0,1,0,0.15650838,0.112976074,1
val,japanese_chin_132,18,371,500,1,0,1,0,0.472215633,0.350158691,1
val,japanese_chin_133,18,333,500,1,0,1,0,0.313093093,0.209289551,1
val,keeshond_188,19,375,500,1,1,1,0,0.568906667,0.426940918,0
val,keeshond_165,19,375,500,2,0,1,0,0.298837333,0.224121094,0
val,keeshond_146,19,333,500,1,0,1,0,0.721285285,0.47869873,1
val,keeshond_181,19,500,333,1,0,1,0,0.503417417,0.334289551,1
val,keeshond_141,19,375,500,2,0,2,0,0.469210667,0.350219727,1
val,keeshond_142,19,375,500,1,4,1,1,0.48664,0.364990234,0
val,keeshond_138,19,375,500,1,0,1,0,0.493296,0.369445801,1
val,keeshond_130,19,500,333,1,2,1,0,0.403051051,0.267211914,0
val,keeshond_100,19,500,369,1,0,1,0,0.746547425,0.547241211,1
val,keeshond_182,19,500,500,2,0,1,0,0.950004,0.94934082,0
val,keeshond_190,19,500,375,2,0,1,0,0.564208,0.422485352,0
val,keeshond_119,19,333,500,1,0,1,0,0.523159159,0.347106934,1
val,keeshond_107,19,500,473,1,0,1,0,0.648435518,0.613098145,1
val,keeshond_170,19,426,500,2,0,1,0,0.337112676,0.286987305,0
val,keeshond_150,19,500,375,2,0,2,0,0.433936,0.325195312,1
val,keeshond_123,19,333,500,1,0,1,0,0.680906907,0.45098877,1
val,keeshond_175,19,375,500,2,0,2,0,0.408656,0.306152344,1
val,keeshond_187,19,375,500,1,0,1,0,0.298026667,0.223510742,1
val,keeshond_135,19,375,500,1,0,1,0,0.658261333,0.49395752,1
val,keeshond_183,19,500,375,2,0,1,0,0.168085333,0.12677002,0
val,keeshond_185,19,440,459,1,0,1,0,0.913685878,0.878723145,1
val,keeshond_151,19,375,500,2,0,1,0,0.434917333,0.326049805,0
val,keeshond_115,19,333,500,1,0,1,0,0.55421021,0.368225098,1
val,keeshond_158,19,375,500,2,0,1,0,0.522586667,0.391357422,0
val,keeshond_137,19,500,489,2,0,1,0,0.748421268,0.731506348,0
val,keeshond_156,19,375,500,2,0,2,0,0.287525333,0.216430664,1
val,keeshond_104,19,426,500,1,0,1,0,0.354953052,0.302368164,1
val,keeshond_179,19,500,375,2,0,1,0,0.528805333,0.39654541,0
val,keeshond_149,19,464,500,1,1,1,0,0.758077586,0.705322266,0
val,keeshond_125,19,354,500,2,0,1,0,0.742971751,0.527709961,0
val,keeshond_132,19,375,500,1,0,1,0,0.633904,0.475219727,1
val,keeshond_110,19,333,500,1,0,1,0,0.578276276,0.384155273,1
val,keeshond_106,19,500,332,1,0,1,0,0.224012048,0.148986816,1
val,keeshond_133,19,500,375,1,0,1,0,0.231424,0.17388916,1
val,keeshond_128,19,333,500,1,0,1,0,0.288834835,0.191467285,1
val,keeshond_18,19,500,375,1,0,1,0,0.868954667,0.651672363,1
val,keeshond_11,19,480,320,1,0,1,0,0.592376302,0.392578125,1
val,keeshond_136,19,423,500,1,0,1,0,0.269130024,0.226806641,1
val,keeshond_161,19,500,391,1,10,1,12,0.732342711,0.571838379,0
val,keeshond_120,19,333,500,1,0,1,0,0.552114114,0.366638184,1
val,keeshond_172,19,333,500,2,0,1,0,0.344276276,0.227355957,0
val,keeshond_189,19,375,500,1,0,1,0,0.612426667,0.459960938,1
val,keeshond_103,19,401,500,1,0,1,0,0.462543641,0.371704102,1
val,keeshond_17,19,375,500,1,1,1,1,0.293093333,0.219970703,1
val,keeshond_134,19,333,500,1,0,1,0,0.505861862,0.336425781,1
val,keeshond_118,19,333,500,1,0,1,0,0.623453453,0.41418457,1
val,keeshond_166,19,500,357,2,2,1,0,0.516369748,0.366088867,0
val,keeshond_173,19,333,500,2,0,1,0,0.705147147,0.468139648,0
val,keeshond_16,19,375,500,1,0,1,0,0.108426667,0.0814819336,1
val,keeshond_121,19,333,500,2,0,1,0,0.515345345,0.340515137,0
val,leonberger_178,20,500,334,1,1,1,0,0.360035928,0.241271973,0
val,leonberger_181,20,500,333,2,1,1,0,0.25963964,0.17199707,0
val,leonberger_100,20,500,332,1,0,1,0,0.517307229,0.343261719,1
val,leonberger_137,20,333,500,1,0,1,0,0.576642643,0.382995605,1
val,leonberger_117,20,500,333,1,0,1,0,0.622084084,0.412475586,1
val,leonberger_140,20,375,500,2,0,2,0,0.373354667,0.279968262,1
val,leonberger_145,20,333,500,2,0,2,0,0.216960961,0.144470215,1
val,leonberger_13,20,500,334,2,1,2,1,0.526502994,0.352783203,1
val,leonberger_106,20,500,333,1,0,1,0,0.692618619,0.460083008,1
val,leonberger_146,20,333,500,2,0,1,5,0.295081081,0.195800781,0
val,leonberger_149,20,343,500,2,0,1,0,0.551026239,0.378173828,0
val,leonberger_122,20,379,500,1,0,1,0,0.456807388,0.346557617,1
val,leonberger_180,20,500,333,1,0,1,1,0.313363363,0.208496094,0
val,leonberger_187,20,500,396,1,0,1,1,0.764474747,0.60369873,0
val,leonberger_102,20,500,370,1,1,1,1,0.141897297,0.105041504,1
val,leonberger_139,20,333,500,1,0,1,0,0.56584985,0.375488281,1
val,leonberger_120,20,375,500,1,0,1,0,0.316736,0.237487793,1
val,leonberger_172,20,334,500,1,0,1,0,0.508113772,0.34185791,1
val,leonberger_170,20,375,500,1,2,1,1,0.274266667,0.205871582,0
val,leonberger_155,20,375,500,3,0,1,0,0.392304,0.293579102,0
val,leonberger_115,20,500,375,1,0,1,0,0.528069333,0.396728516,1
val,leonberger_173,20,334,500,1,0,1,0,0.425532934,0.285217285,1
val,leonberger_15,20,414,500,1,0,1,0,0.297971014,0.247253418,1
val,leonberger_190,20,500,375,1,0,1,1,0.406245333,0.30480957,0
val,leonberger_11,20,334,500,1,0,1,0,0.0598982036,0.0406494141,1
val,leonberger_131,20,333,500,2,0,1,0,0.540384384,0.359008789,0
val,leonberger_132,20,333,500,2,0,1,0,0.413039039,0.274475098,0
val,leonberger_116,20,500,489,1,0,1,0,0.541165644,0.528076172,1
val,leonberger_159,20,424,500,1,0,1,1,0.792198113,0.674621582,0
val,leonberger_127,20,425,500,1,0,1,0,0.659990588,0.562011719,1
val,leonberger_182,20,476,500,1,0,1,0,0.659798319,0.629394531,1
val,leonberger_125,20,426,500,3,0,1,0,0.443629108,0.378723145,0
val,leonberger_124,20,375,500,1,0,1,0,0.415034667,0.311218262,1
val,leonberger_114,20,375,500,1,0,1,0,0.40472,0.303344727,1
val,leonberger_144,20,375,500,2,0,1,0,0.1876,0.141113281,0
val,leonberger_16,20,411,500,1,0,1,0,0.584987835,0.480041504,1
val,leonberger_123,20,403,500,1,0,1,0,0.462704715,0.37310791,1
val,leonberger_164,20,384,500,2,0,1,0,0.703166667,0.538146973,0
val,leonberger_183,20,375,500,1,0,1,0,0.394709333,0.296813965,1
val,leonberger_107,20,500,333,1,0,1,0,0.192678679,0.127746582,1
val,leonberger_130,20,333,500,2,0,1,0,0.372870871,0.246582031,0
val,leonberger_109,20,334,500,1,0,1,0,0.396377246,0.266174316,1
val,leonberger_185,20,375,500,1,0,1,0,0.442496,0.331787109,1
val,leonberger_186,20,375,500,3,1,1,0,0.373653333,0.278686523,0
val,leonberger_177,20,375,500,1,0,1,0,0.356565333,0.267883301,1
val,leonberger_10,20,333,500,1,0,1,0,0.374894895,0.248046875,1
val,leonberger_154,20,375,500,2,1,1,0,0.497957333,0.373474121,0
val,leonberger_108,20,462,500,1,0,1,0,0.93038961,0.857543945,1
val,leonberger_169,20,375,500,2,2,1,2,0.341765333,0.256591797,0
val,leonberger_136,20,423,500,1,0,1,0,0.400335697,0.337890625,1
val,Maine_Coon_169,21,347,500,1,0,1,0,0.520893372,0.361328125,1
val,Maine_Coon_182,21,500,334,1,0,1,1,0.700305389,0.469543457,0
val,Maine_Coon_116,21,333,500,1,0,1,0,0.212138138,0.141296387,1
val,Maine_Coon_213,21,300,220,1,0,1,0,0.672181818,0.492919922,1
val,Maine_Coon_204,21,500,389,1,0,1,0,0.928946015,0.725524902,1
val,Maine_Coon_129,21,333,500,1,0,1,1,0.541813814,0.359558105,0
val,Maine_Coon_146,21,500,380,1,0,1,0,0.275705263,0.208374023,1
val,Maine_Coon_104,21,375,500,2,0,1,2,0.227114667,0.170532227,0
val,Maine_Coon_187,21,500,375,1,0,1,0,0.358752,0.268676758,1
val,Maine_Coon_103,21,412,500,1,0,1,0,0.627699029,0.514770508,1
val,Maine_Coon_152,21,375,500,1,0,1,0,0.464490667,0.349304199,1
val,Maine_Coon_131,21,375,500,1,0,1,0,0.276176,0.206115723,1
val,Maine_Coon_180,21,333,500,1,0,1,0,0.380618619,0.252624512,1
val,Maine_Coon_123,21,375,500,1,0,1,0,0.292837333,0.219177246,1
val,Maine_Coon_206,21,500,387,2,0,2,0,0.369297158,0.284362793,1
val,Maine_Coon_197,21,500,333,1,0,1,0,0.586444444,0.388916016,1
val,Maine_Coon_207,21,333,500,1,0,1,0,0.403045045,0.267089844,1
val,Maine_Coon_105,21,333,500,1,0,1,0,0.930804805,0.617858887,1
val,Maine_Coon_175,21,500,375,1,0,1,0,0.515621333,0.38671875,1
val,Maine_Coon_136,21,500,403,1,0,1,0,0.413965261,0.332214355,1
val,Maine_Coon_138,21,500,334,1,0,1,0,0.759526946,0.508911133,1
val,Maine_Coon_148,21,375,500,1,0,1,0,0.332997333,0.25,1
val,Maine_Coon_211,21,300,246,1,0,1,0,0.743888889,0.60949707,1
val,Maine_Coon_191,21,500,493,1,0,1,0,0.496182556,0.488586426,1
val,Maine_Coon_158,21,333,500,1,0,1,0,0.686336336,0.456359863,1
val,Maine_Coon_168,21,375,500,1,0,1,0,0.519664,0.390625,1
val,Maine_Coon_196,21,500,324,1,0,1,0,0.417561728,0.270202637,1
val,Maine_Coon_18,21,500,323,1,0,1,0,0.590712074,0.382385254,1
val,Maine_Coon_205,21,500,330,1,0,1,0,0.423678788,0.27734375,1
val,Maine_Coon_19,21,397,500,1,0,1,0,0.227375315,0.18145752,1
val,Maine_Coon_174,21,500,375,1,0,1,0,0.378976,0.284729004,1
val,Maine_Coon_13,21,388,500,1,1,1,1,0.62592268,0.485168457,1
val,Maine_Coon_208,21,334,500,1,0,1,0,0.495209581,0.332519531,1
val,Maine_Coon_163,21,500,420,1,0,1,0,0.508861905,0.428894043,1
val,Maine_Coon_101,21,500,444,1,0,1,0,0.56481982,0.502441406,1
val,Maine_Coon_1,21,226,174,1,0,1,0,0.551749568,0.427490234,1
val,Maine_Coon_112,21,500,401,1,0,1,0,0.270468828,0.21875,1
val,Maine_Coon_214,21,225,300,1,0,1,0,0.263659259,0.197265625,1
val,Maine_Coon_133,21,500,497,1,0,1,0,0.490519115,0.487121582,1
val,Maine_Coon_111,21,500,299,1,0,1,0,0.855264214,0.514892578,1
val,Maine_Coon_189,21,333,500,1,1,1,0,0.887033033,0.589294434,0
val,Maine_Coon_195,21,388,500,1,1,1,0,0.354304124,0.274047852,0
val,Maine_Coon_139,21,364,500,1,0,1,0,0.252450549,0.183532715,1
val,Maine_Coon_154,21,333,500,1,0,1,0,0.487927928,0.323791504,1
val,Maine_Coon_127,21,334,500,1,0,1,0,0.316125749,0.21282959,1
val,Maine_Coon_186,21,500,327,1,0,1,0,0.648954128,0.426208496,1
val,Maine_Coon_159,21,375,500,1,0,1,0,0.346010667,0.260131836,1
val,Maine_Coon_149,21,500,333,1,0,1,0,0.502174174,0.33380127,1
val,Maine_Coon_160,21,333,500,1,0,1,0,0.356870871,0.237976074,1
val,Maine_Coon_100,21,357,500,1,0,1,0,0.603910364,0.428100586,1
val,miniature_pinscher_135,22,199,300,2,0,1,0,0.399346734,0.264770508,0
val,miniature_pinscher_145,22,220,300,2,0,1,0,0.368121212,0.270751953,0
val,miniature_pinscher_163,22,240,300,2,0,1,1,0.433972222,0.344543457,0
val,miniature_pinscher_162,22,255,300,2,0,1,0,0.414732026,0.352355957,0
val,miniature_pinscher_157,22,300,215,1,0,1,0,0.687953488,0.49432373,1
val,miniature_pinscher_131,22,225,300,3,0,1,0,0.219125926,0.161560059,0
val,miniature_pinscher_167,22,300,225,1,0,1,0,0.415718519,0.311279297,1
val,miniature_pinscher_100,22,375,500,1,0,1,1,0.411077333,0.307983398,0
val,miniature_pinscher_112,22,375,500,1,0,1,0,0.112981333,0.0841674805,1
val,miniature_pinscher_147,22,225,300,1,1,1,1,0.275585185,0.205993652,1
val,miniature_pinscher_186,22,300,211,2,1,1,2,0.375624013,0.262390137,0
val,miniature_pinscher_116,22,226,300,2,1,1,1,0.197418879,0.146118164,0
val,miniature_pinscher_146,22,268,300,1,0,1,0,0.812027363,0.722045898,1
val,miniature_pinscher_148,22,225,300,2,0,1,0,0.210459259,0.156799316,0
val,miniature_pinscher_106,22,411,500,1,0,1,0,0.48556691,0.398254395,1
val,miniature_pinscher_117,22,150,200,1,0,1,0,0.347566667,0.261962891,1
val,miniature_pinscher_153,22,300,216,1,0,1,0,0.454228395,0.327697754,1
val,miniature_pinscher_182,22,225,300,1,0,1,0,0.356844444,0.268798828,1
val,miniature_pinscher_114,22,225,300,1,0,1,0,0.257481481,0.192504883,1
val,miniature_pinscher_172,22,202,300,2,0,2,0,0.279372937,0.185913086,1
val,miniature_pinscher_110,22,333,500,1,0,1,0,0.335807808,0.222473145,1
val,miniature_pinscher_103,22,333,500,1,0,1,1,0.264960961,0.176696777,0
val,miniature_pinscher_155,22,149,200,1,1,1,1,0.654060403,0.485229492,1
val,miniature_pinscher_164,22,270,229,2,0,1,0,0.497024098,0.420715332,0
val,miniature_pinscher_139,22,200,150,2,0,2,0,0.344333333,0.25982666,1
val,miniature_pinscher_161,22,225,300,1,0,1,0,0.376148148,0.281677246,1
val,miniature_pinscher_107,22,500,333,1,0,1,0,0.0936096096,0.0625610352,1
val,miniature_pinscher_176,22,200,277,2,0,1,0,0.364241877,0.260803223,0
val,miniature_pinscher_154,22,225,300,2,0,1,0,0.278859259,0.207275391,0
val,miniature_pinscher_178,22,225,300,1,1,1,0,0.53002963,0.397277832,0
val,miniature_pinscher_13,22,500,375,1,0,1,0,0.184021333,0.138000488,1
val,miniature_pinscher_150,22,225,300,2,0,1,0,0.239955556,0.178649902,0
val,miniature_pinscher_156,22,225,300,2,0,1,0,0.331762963,0.247924805,0
val,miniature_pinscher_129,22,225,300,2,0,1,0,0.13762963,0.102355957,0
val,miniature_pinscher_180,22,245,300,2,1,1,2,0.542054422,0.443115234,0
val,miniature_pinscher_137,22,300,240,1,0,1,0,0.565027778,0.450378418,1
val,miniature_pinscher_166,22,201,300,2,0,1,0,0.308888889,0.205810547,0
val,miniature_pinscher_121,22,225,300,1,3,1,4,0.284474074,0.21472168,0
val,miniature_pinscher_126,22,300,211,1,0,1,0,0.396271722,0.279846191,1
val,miniature_pinscher_188,22,300,225,1,0,1,0,0.459392593,0.345275879,1
val,miniature_pinscher_128,22,197,300,1,0,1,0,0.128544839,0.0842285156,1
val,miniature_pinscher_113,22,150,200,1,0,1,0,0.335333333,0.252319336,1
val,miniature_pinscher_105,22,333,500,1,0,1,0,0.374582583,0.248352051,1
val,miniature_pinscher_133,22,225,300,2,1,1,2,0.618548148,0.462219238,0
val,miniature_pinscher_132,22,200,300,2,0,1,0,0.417983333,0.276245117,0
val,miniature_pinscher_123,22,300,225,1,0,1,0,0.450311111,0.338500977,1
val,miniature_pinscher_165,22,225,300,2,0,1,0,0.427792593,0.317382812,0
val,miniature_pinscher_141,22,300,201,3,1,1,2,0.232570481,0.153991699,0
val,miniature_pinscher_171,22,300,254,2,1,1,0,0.514055118,0.431091309,0
val,miniature_pinscher_183,22,225,300,1,0,1,0,0.757111111,0.566894531,1
val,newfoundland_166,23,333,500,2,0,1,0,0.441531532,0.293273926,0
val,newfoundland_178,23,357,500,1,0,1,0,0.674106443,0.476745605,1
val,newfoundland_136,23,500,334,1,0,1,0,0.374161677,0.251342773,1
val,newfoundland_107,23,500,333,1,0,1,0,0.682264264,0.452453613,1
val,newfoundland_125,23,333,500,1,0,1,0,0.391687688,0.260620117,1
val,newfoundland_113,23,500,372,1,0,1,0,0.490247312,0.364746094,1
val,newfoundland_158,23,500,375,1,0,1,0,0.724016,0.543029785,1
val,newfoundland_126,23,500,443,2,0,1,0,0.546266366,0.483276367,0
val,newfoundland_123,23,333,500,2,1,2,0,0.296438438,0.196838379,0
val,newfoundland_104,23,375,500,1,1,1,0,0.257568,0.193481445,0
val,newfoundland_138,23,333,500,1,0,1,0,0.633171171,0.421142578,1
val,newfoundland_184,23,500,333,3,0,2,0,0.397981982,0.263305664,0
val,newfoundland_186,23,500,500,1,0,1,0,0.55402,0.553894043,1
val,newfoundland_164,23,333,500,2,0,1,0,0.457093093,0.302856445,0
val,newfoundland_122,23,400,500,2,0,1,0,0.556685,0.44329834,0
val,newfoundland_167,23,375,500,1,0,1,0,0.22872,0.171875,1
val,newfoundland_117,23,375,500,1,1,1,1,0.47288,0.354125977,1
val,newfoundland_100,23,333,500,1,1,1,1,0.184960961,0.122924805,1
val,newfoundland_147,23,334,500,4,0,1,0,0.635107784,0.425964355,0
val,newfoundland_150,23,500,377,2,0,2,1,0.480790451,0.364257812,0
val,newfoundland_130,23,500,334,2,0,1,0,0.374982036,0.250976562,0
val,newfoundland_176,23,333,500,1,0,1,0,0.373615616,0.248840332,1
val,newfoundland_105,23,375,500,1,0,1,0,0.407749333,0.304992676,1
val,newfoundland_189,23,375,500,1,0,1,0,0.328416,0.246826172,1
val,newfoundland_142,23,375,500,1,0,1,0,0.217536,0.163146973,1
val,newfoundland_144,23,375,500,1,0,1,0,0.213882667,0.16015625,1
val,newfoundland_173,23,375,500,2,0,1,0,0.501274667,0.376464844,0
val,newfoundland_151,23,333,500,2,0,1,0,0.554774775,0.366699219,0
val,newfoundland_18,23,375,500,1,0,1,0,0.503744,0.377685547,1
val,newfoundland_177,23,500,333,2,0,2,0,0.840378378,0.55657959,1
val,newfoundland_120,23,333,500,1,0,1,0,0.280792793,0.186645508,1
val,newfoundland_101,23,333,500,1,0,1,0,0.250186186,0.165588379,1
val,newfoundland_179,23,333,500,3,0,1,0,0.224876877,0.149902344,0
val,newfoundland_112,23,500,489,1,1,1,0,0.592969325,0.579528809,0
val,newfoundland_148,23,375,500,1,0,1,0,0.587594667,0.440551758,1
val,newfoundland_115,23,500,375,1,0,1,0,0.561632,0.421325684,1
val,newfoundland_187,23,375,500,2,0,1,0,0.762346667,0.571228027,0
val,newfoundland_170,23,375,500,1,0,1,0,0.451984,0.338195801,1
val,newfoundland_108,23,500,333,1,0,1,0,0.848264264,0.563110352,1
val,newfoundland_139,23,333,500,1,0,1,0,0.705249249,0.468139648,1
val,newfoundland_165,23,333,500,1,0,1,0,0.334636637,0.221435547,1
val,newfoundland_161,23,378,500,2,0,1,0,0.456714286,0.34588623,0
val,newfoundland_11,23,375,500,1,0,1,0,0.552032,0.414855957,1
val,newfoundland_157,23,333,500,1,0,2,0,0.364966967,0.241638184,0
val,newfoundland_185,23,375,500,2,0,1,0,0.667536,0.499633789,0
val,newfoundland_103,23,375,500,1,0,1,0,0.265861333,0.198730469,1
val,newfoundland_102,23,375,500,1,0,1,0,0.305216,0.229431152,1
val,newfoundland_160,23,410,500,1,0,1,0,0.487443902,0.399902344,1
val,Persian_106,24,500,398,1,0,1,0,0.648427136,0.517150879,1
val,Persian_200,24,333,500,1,0,1,0,0.395873874,0.260986328,1
val,Persian_111,24,500,375,1,0,1,0,0.463984,0.347900391,1
val,Persian_184,24,375,500,1,0,1,0,0.607653333,0.454956055,1
val,Persian_102,24,500,376,1,0,1,0,0.698606383,0.523742676,1
val,Persian_1,24,196,275,1,0,1,0,0.62903525,0.448974609,1
val,Persian_101,24,500,377,1,0,1,0,0.542445623,0.410827637,1
val,Persian_137,24,375,500,1,0,1,0,0.388736,0.290710449,1
val,Persian_163,24,500,500,1,0,1,0,0.81822,0.818664551,1
val,Persian_105,24,500,500,1,0,1,0,0.733692,0.733154297,1
val,Persian_176,24,369,500,1,0,1,0,0.279414634,0.206115723,1
val,Persian_129,24,333,500,1,0,1,0,0.353189189,0.234191895,1
val,Persian_162,24,500,258,1,0,1,0,0.593263566,0.306396484,1
val,Persian_192,24,333,500,1,0,1,0,0.803675676,0.53338623,1
val,Persian_12,24,500,375,1,0,1,0,0.931376,0.697937012,1
val,Persian_206,24,225,300,1,0,1,0,0.594933333,0.4453125,1
val,Persian_186,24,500,375,1,0,1,0,0.627509333,0.470336914,1
val,Persian_191,24,333,500,1,0,1,0,0.306594595,0.204833984,1
val,Persian_103,24,375,500,1,0,1,0,0.472586667,0.355163574,1
val,Persian_139,24,500,334,1,0,1,0,0.544371257,0.366088867,1
val,Persian_187,24,375,500,1,0,1,0,0.780341333,0.584655762,1
val,Persian_181,24,376,500,1,0,1,0,0.292398936,0.218688965,1
val,Persian_120,24,500,375,1,0,1,0,0.2492,0.186706543,1
val,Persian_196,24,350,500,1,0,1,0,0.876502857,0.616455078,1
val,Persian_15,24,500,375,1,0,1,0,0.714069333,0.534851074,1
val,Persian_16,24,500,375,1,0,1,0,0.546442667,0.409057617,1
val,Persian_195,24,500,484,1,0,1,0,0.480752066,0.466247559,1
val,Persian_168,24,333,500,1,0,1,0,0.406936937,0.269348145,1
val,Persian_217,24,226,300,1,1,1,0,0.709277286,0.531738281,0
val,Persian_138,24,500,403,1,0,1,0,0.433215881,0.348388672,1
val,Persian_172,24,333,500,1,0,1,0,0.440996997,0.293151855,1
val,Persian_179,24,500,463,1,0,1,0,0.651796976,0.606018066,1
val,Persian_149,24,375,500,1,0,1,0,0.625045333,0.469177246,1
val,Persian_118,24,456,500,1,0,1,0,0.541460526,0.494934082,1
val,Persian_188,24,500,375,1,0,1,0,0.537205333,0.403137207,1
val,Persian_123,24,375,500,1,0,1,0,0.882432,0.662109375,1
val,Persian_108,24,500,434,1,0,1,0,0.466774194,0.404602051,1
val,Persian_164,24,500,427,1,0,1,0,0.679850117,0.579101562,1
val,Persian_19,24,500,375,1,0,1,0,0.749274667,0.562316895,1
val,Persian_153,24,500,375,1,0,1,0,0.316330667,0.237060547,1
val,Persian_145,24,333,500,1,0,1,0,0.340816817,0.226867676,1
val,Persian_150,24,500,333,1,0,1,0,0.391123123,0.259094238,1
val,Persian_202,24,333,500,1,0,1,0,0.649003003,0.430603027,1
val,Persian_190,24,500,333,1,0,1,0,0.615465465,0.408691406,1
val,Persian_155,24,389,500,1,0,1,0,0.284663239,0.222106934,1
val,Persian_112,24,400,433,1,0,1,0,0.9798903,0.903320312,1
val,Persian_194,24,335,500,1,0,1,0,0.712692537,0.480163574,1
val,Persian_173,24,500,333,1,0,1,0,0.164960961,0.109680176,1
val,Persian_159,24,500,500,1,0,1,0,0.365828,0.365783691,1
val,Persian_213,24,300,218,1,0,1,0,0.850504587,0.617248535,1
val,pomeranian_173,25,300,225,3,0,1,0,0.348622222,0.259460449,0
val,pomeranian_10,25,333,500,1,0,1,0,0.316012012,0.209106445,1
val,pomeranian_132,25,249,300,2,0,1,0,0.314270415,0.259460449,0
val,pomeranian_157,25,300,200,1,0,1,0,0.645683333,0.428649902,1
val,pomeranian_161,25,200,300,1,0,1,0,0.452483333,0.300109863,1
val,pomeranian_184,25,243,281,2,0,1,0,0.47191834,0.40838623,0
val,pomeranian_159,25,225,300,2,0,1,0,0.441066667,0.328369141,0
val,pomeranian_148,25,225,300,2,0,1,0,0.338474074,0.251586914,0
val,pomeranian_177,25,203,300,2,0,1,0,0.288259442,0.193359375,0
val,pomeranian_168,25,203,300,2,0,1,0,0.302906404,0.203796387,0
val,pomeranian_102,25,375,500,1,0,1,0,0.336213333,0.25213623,1
val,pomeranian_189,25,225,300,2,0,1,0,0.37962963,0.282714844,0
val,pomeranian_150,25,300,225,2,0,1,0,0.502962963,0.376525879,0
val,pomeranian_128,25,300,204,2,0,1,0,0.740637255,0.501831055,0
val,pomeranian_110,25,333,500,1,2,1,1,0.222078078,0.147094727,0
val,pomeranian_104,25,375,500,1,0,1,0,0.314010667,0.235900879,1
val,pomeranian_146,25,225,300,2,0,1,0,0.572074074,0.427612305,0
val,pomeranian_140,25,225,300,1,0,1,0,0.514222222,0.385803223,1
val,pomeranian_162,25,300,222,3,0,1,0,0.647627628,0.477722168,0
val,pomeranian_167,25,300,274,2,0,1,1,0.4836618,0.438659668,0
val,pomeranian_135,25,300,218,1,0,1,0,0.694449541,0.504760742,1
val,pomeranian_103,25,357,500,1,3,1,0,0.13172549,0.0933227539,0
val,pomeranian_117,25,300,255,1,0,1,0,0.466849673,0.39630127,1
val,pomeranian_190,25,296,300,2,0,1,0,0.434808559,0.425720215,0
val,pomeranian_107,25,333,500,1,0,1,0,0.121795796,0.0811157227,1
val,pomeranian_155,25,225,300,2,1,1,2,0.308414815,0.230407715,0
val,pomeranian_164,25,224,300,1,0,1,0,0.604255952,0.453613281,1
val,pomeranian_136,25,299,295,2,0,1,0,0.647344255,0.634155273,0
val,pomeranian_152,25,225,300,2,0,1,0,0.384281481,0.287780762,0
val,pomeranian_175,25,282,288,2,0,1,0,0.537763495,0.525695801,0
val,pomeranian_163,25,214,290,1,0,1,0,0.476957783,0.350219727,1
val,pomeranian_116,25,300,225,3,0,1,0,0.287111111,0.213623047,0
val,pomeranian_100,25,375,500,1,0,1,0,0.476666667,0.356994629,1
val,pomeranian_111,25,253,300,1,0,1,0,0.480052701,0.405090332,1
val,pomeranian_129,25,267,300,2,0,1,0,0.544981273,0.484863281,0
val,pomeranian_112,25,199,300,1,0,1,0,0.663450586,0.439880371,1
val,pomeranian_11,25,332,500,1,0,1,0,0.480704819,0.319152832,1
val,pomeranian_169,25,300,217,2,0,1,0,0.394654378,0.285400391,0
val,pomeranian_105,25,500,375,1,0,1,0,0.753669333,0.565368652,1
val,pomeranian_131,25,225,300,2,0,1,0,0.31317037,0.233520508,0
val,pomeranian_13,25,375,500,1,0,1,0,0.301290667,0.225708008,1
val,pomeranian_153,25,225,300,2,0,1,0,0.433822222,0.321960449,0
val,pomeranian_113,25,225,300,2,0,1,0,0.200414815,0.148742676,0
val,pomeranian_106,25,333,500,1,0,1,0,0.0884504505,0.0588378906,1
val,pomeranian_142,25,225,300,2,0,1,0,0.313051852,0.231262207,0
val,pomeranian_156,25,225,300,2,0,2,0,0.459303704,0.342956543,1
val,pomeranian_165,25,222,290,2,0,1,0,0.515796831,0.394897461,0
val,pomeranian_121,25,300,289,2,0,1,0,0.567623991,0.546081543,0
val,pomeranian_14,25,375,500,1,0,1,0,0.807424,0.604919434,1
val,pomeranian_101,25,375,500,1,0,1,0,0.476197333,0.357421875,1
val,pug_162,26,225,300,1,0,1,0,0.629688889,0.471435547,1
val,pug_123,26,300,223,1,0,1,0,0.498370703,0.369689941,1
val,pug_161,26,281,300,1,0,1,0,0.397639383,0.372924805,1
val,pug_136,26,210,300,1,0,1,0,0.532285714,0.373291016,1
val,pug_171,26,219,300,2,0,1,0,0.475418569,0.344909668,0
val,pug_141,26,224,299,1,0,1,0,0.411819159,0.308166504,1
val,pug_140,26,225,300,2,0,1,2,0.540651852,0.405029297,0
val,pug_187,26,225,300,2,0,2,0,0.532725926,0.397949219,1
val,pug_192,26,255,300,2,2,1,0,0.488169935,0.415893555,0
val,pug_165,26,225,300,1,0,1,0,0.219081481,0.164672852,1
val,pug_153,26,225,300,2,0,1,0,0.640814815,0.480041504,0
val,pug_103,26,375,500,1,0,1,0,0.453189333,0.340026855,1
val,pug_144,26,300,197,2,1,1,0,0.632402707,0.413879395,0
val,pug_14,26,334,500,1,0,1,0,0.42802994,0.287963867,1
val,pug_12,26,333,500,1,0,1,0,0.737033033,0.489135742,1
val,pug_156,26,225,300,2,0,1,0,0.456755556,0.340759277,0
val,pug_168,26,300,225,1,0,1,0,0.70517037,0.52911377,1
val,pug_110,26,500,342,1,0,1,0,0.643438596,0.442565918,1
val,pug_184,26,225,300,2,0,1,0,0.228325926,0.16796875,0
val,pug_15,26,500,500,1,0,1,0,0.613548,0.613037109,1
val,pug_174,26,225,300,3,0,2,0,0.243437037,0.181884766,0
val,pug_10,26,500,333,1,0,1,0,0.41978979,0.279418945,1
val,pug_131,26,200,300,1,0,1,0,0.258883333,0.171630859,1
val,pug_182,26,300,176,2,1,1,1,0.662784091,0.385742188,0
val,pug_129,26,225,300,2,0,1,0,0.434844444,0.324829102,0
val,pug_125,26,195,300,1,1,1,0,0.446957265,0.290527344,0
val,pug_160,26,225,300,2,0,1,0,0.403051852,0.301330566,0
val,pug_120,26,375,500,1,0,1,0,0.396661333,0.297607422,1
val,pug_170,26,201,300,2,1,1,0,0.389170813,0.25970459,0
val,pug_167,26,205,300,1,0,1,0,0.305902439,0.20880127,1
val,pug_169,26,300,256,1,0,1,1,0.653046875,0.556335449,0
val,pug_130,26,225,300,1,0,1,0,0.536281481,0.401123047,1
val,pug_135,26,300,208,2,0,1,0,0.319679487,0.221801758,0
val,pug_172,26,300,225,2,0,1,0,0.443244444,0.330078125,0
val,pug_134,26,225,300,3,0,1,0,0.307362963,0.228515625,0
val,pug_185,26,225,300,2,0,1,0,0.482340741,0.359680176,0
val,pug_175,26,224,300,2,0,1,0,0.384375,0.288024902,0
val,pug_101,26,333,500,1,0,1,0,0.344354354,0.227783203,1
val,pug_163,26,300,275,2,0,1,0,0.437393939,0.399963379,0
val,pug_104,26,394,500,1,0,1,0,0.388060914,0.307128906,1
val,pug_178,26,233,300,1,0,1,0,0.528955651,0.409545898,1
val,pug_106,26,500,375,1,0,1,0,0.130752,0.0975341797,1
val,pug_138,26,262,300,1,0,1,0,0.626399491,0.549072266,1
val,pug_158,26,225,300,2,0,1,0,0.592637037,0.44128418,0
val,pug_157,26,267,300,3,0,1,0,0.594881398,0.527893066,0
val,pug_191,26,225,300,2,1,2,0,0.362340741,0.269897461,0
val,pug_179,26,225,300,1,1,1,1,0.474474074,0.355834961,1
val,pug_154,26,225,300,2,0,1,0,0.443037037,0.329223633,0
val,pug_11,26,333,500,1,0,1,0,0.475495495,0.317077637,1
val,pug_188,26,215,300,1,0,1,0,0.361302326,0.25994873,1
val,Ragdoll_1,27,275,183,1,0,1,0,0.593641331,0.395324707,1
val,Ragdoll_128,27,333,500,1,0,1,0,0.884258258,0.587402344,1
val,Ragdoll_151,27,500,404,1,0,1,0,0.325762376,0.262268066,1
val,Ragdoll_103,27,309,500,1,1,1,0,0.221928803,0.13659668,0
val,Ragdoll_173,27,500,400,1,0,1,0,0.645915,0.513305664,1
val,Ragdoll_12,27,333,500,1,0,1,0,0.431987988,0.286865234,1
val,Ragdoll_195,27,334,500,1,0,1,0,0.435233533,0.292724609,1
val,Ragdoll_155,27,350,500,1,0,1,0,0.390074286,0.274841309,1
val,Ragdoll_16,27,333,500,1,1,1,3,0.553111111,0.367492676,0
val,Ragdoll_142,27,433,500,1,0,1,0,0.707810624,0.613525391,1
val,Ragdoll_147,27,333,500,1,0,1,0,0.598444444,0.397033691,1
val,Ragdoll_105,27,395,500,1,0,1,0,0.603422785,0.476257324,1
val,Ragdoll_198,27,500,332,1,1,1,1,0.630807229,0.41986084,1
val,Ragdoll_101,27,500,333,1,1,1,0,0.545147147,0.361999512,0
val,Ragdoll_193,27,500,332,1,0,1,0,0.724626506,0.480773926,1
val,Ragdoll_158,27,378,500,1,0,1,0,0.458746032,0.348266602,1
val,Ragdoll_110,27,375,500,1,0,1,0,0.535984,0.401306152,1
val,Ragdoll_194,27,500,334,1,0,1,0,0.703628743,0.472412109,1
val,Ragdoll_170,27,332,500,1,0,1,0,0.654927711,0.435180664,1
val,Ragdoll_132,27,375,500,1,0,1,0,0.749882667,0.562744141,1
val,Ragdoll_162,27,375,500,1,2,1,2,0.159994667,0.119140625,1
val,Ragdoll_177,27,333,500,1,0,1,0,0.403813814,0.268737793,1
val,Ragdoll_184,27,500,334,1,0,1,0,0.437676647,0.292724609,1
val,Ragdoll_10,27,375,500,1,0,1,0,0.309770667,0.231506348,1
val,Ragdoll_135,27,480,412,1,0,1,1,0.510168892,0.43939209,0
val,Ragdoll_18,27,333,500,1,1,1,0,0.655393393,0.435668945,0
val,Ragdoll_112,27,481,500,1,0,1,0,0.500877339,0.481079102,1
val,Ragdoll_149,27,500,375,1,0,1,0,0.731776,0.548217773,1
val,Ragdoll_125,27,500,375,1,0,1,0,0.584357333,0.437805176,1
val,Ragdoll_201,27,375,500,1,1,1,0,0.387866667,0.290344238,0
val,Ragdoll_163,27,333,500,1,0,1,0,0.212870871,0.141723633,1
val,Ragdoll_148,27,443,450,1,0,1,0,0.560090293,0.550720215,1
val,Ragdoll_119,27,375,500,1,0,1,0,0.152128,0.113891602,1
val,Ragdoll_113,27,375,500,1,0,1,0,0.673157333,0.505004883,1
val,Ragdoll_164,27,333,500,1,0,1,0,0.210558559,0.139709473,1
val,Ragdoll_146,27,375,500,1,0,1,0,0.153296,0.114685059,1
val,Ragdoll_131,27,366,500,1,0,1,0,0.41915847,0.308349609,1
val,Ragdoll_172,27,333,500,1,8,1,4,0.577945946,0.383911133,0
val,Ragdoll_117,27,375,500,1,0,1,0,0.435312,0.325866699,1
val,Ragdoll_143,27,383,500,1,0,1,0,0.737430809,0.564453125,1
val,Ragdoll_191,27,375,500,1,0,1,0,0.215061333,0.161254883,1
val,Ragdoll_197,27,500,354,1,0,1,0,0.65959887,0.468505859,1
val,Ragdoll_115,27,333,500,1,0,1,0,0.510714715,0.339660645,1
val,Ragdoll_166,27,382,500,1,0,1,0,0.340848168,0.260253906,1
val,Ragdoll_160,27,304,500,1,3,1,2,0.486763158,0.296936035,0
val,Ragdoll_169,27,500,333,1,0,1,0,0.685153153,0.454406738,1
val,Ragdoll_134,27,500,334,1,0,1,0,0.780197605,0.525024414,1
val,Ragdoll_127,27,375,500,1,0,1,0,0.736848,0.552185059,1
val,Ragdoll_100,27,364,461,1,1,1,0,0.745429191,0.587890625,0
val,Ragdoll_180,27,500,375,1,0,1,0,0.440853333,0.331787109,1
val,Russian_Blue_147,28,375,500,1,0,1,0,0.378314667,0.28302002,1
val,Russian_Blue_122,28,375,500,1,0,1,0,0.508058667,0.381774902,1
val,Russian_Blue_183,28,332,500,1,0,1,0,0.332951807,0.221008301,1
val,Russian_Blue_175,28,484,500,1,0,1,0,0.42072314,0.407653809,1
val,Russian_Blue_12,28,900,600,1,0,1,0,0.57937963,0.38494873,1
val,Russian_Blue_119,28,375,500,1,0,1,0,0.133472,0.100158691,1
val,Russian_Blue_172,28,500,333,1,0,1,0,0.17239039,0.114013672,1
val,Russian_Blue_18,28,342,500,1,0,1,0,0.488619883,0.335510254,1
val,Russian_Blue_157,28,500,333,1,0,1,0,0.414522523,0.27520752,1
val,Russian_Blue_111,28,375,500,1,0,1,0,0.781754667,0.587341309,1
val,Russian_Blue_17,28,375,500,1,0,1,1,0.605317333,0.454101562,0
val,Russian_Blue_156,28,352,500,1,0,1,0,0.419397727,0.29510498,1
val,Russian_Blue_184,28,314,500,1,0,1,0,0.234847134,0.14666748,1
val,Russian_Blue_152,28,333,500,1,0,1,0,0.716750751,0.476379395,1
val,Russian_Blue_13,28,900,600,1,0,1,0,0.270812963,0.180358887,1
val,Russian_Blue_198,28,333,500,1,0,1,0,0.42839039,0.283874512,1
val,Russian_Blue_168,28,500,333,1,0,1,0,0.358192192,0.237731934,1
val,Russian_Blue_194,28,375,500,1,0,1,0,0.288362667,0.216308594,1
val,Russian_Blue_200,28,334,500,1,0,1,0,0.0745449102,0.0502319336,1
val,Russian_Blue_181,28,332,500,1,0,1,0,0.536198795,0.355163574,1
val,Russian_Blue_130,28,323,500,1,0,1,0,0.619195046,0.400878906,1
val,Russian_Blue_144,28,500,374,1,0,1,0,0.447,0.336242676,1
val,Russian_Blue_14,28,333,500,1,0,1,0,0.467591592,0.310058594,1
val,Russian_Blue_149,28,375,500,1,0,1,0,0.612997333,0.458984375,1
val,Russian_Blue_108,28,500,281,1,0,1,0,0.558775801,0.314697266,1
val,Russian_Blue_159,28,334,500,1,0,1,0,0.344538922,0.231384277,1
val,Russian_Blue_135,28,421,500,1,0,1,0,0.307657957,0.259338379,1
val,Russian_Blue_140,28,333,500,1,0,1,0,0.66636036,0.442871094,1
val,Russian_Blue_169,28,334,500,1,1,1,0,0.449221557,0.302185059,0
val,Russian_Blue_166,28,500,333,1,0,1,0,0.290372372,0.192871094,1
val,Russian_Blue_186,28,500,355,1,0,1,0,0.530569014,0.37713623,1
val,Russian_Blue_192,28,500,334,1,0,1,0,0.62091018,0.418395996,1
val,Russian_Blue_137,28,375,500,1,0,1,0,0.681792,0.510986328,1
val,Russian_Blue_10,28,350,233,1,0,1,0,0.331833231,0.219360352,1
val,Russian_Blue_1,28,239,200,1,2,1,2,0.462719665,0.38848877,1
val,Russian_Blue_174,28,333,500,1,0,1,0,0.198828829,0.132568359,1
val,Russian_Blue_196,28,500,334,1,0,1,0,0.497538922,0.334838867,1
val,Russian_Blue_195,28,500,335,1,0,1,0,0.271785075,0.183410645,1
val,Russian_Blue_158,28,333,500,1,0,1,0,0.327405405,0.217773438,1
val,Russian_Blue_155,28,500,334,1,0,1,0,0.393964072,0.264465332,1
val,Russian_Blue_123,28,375,500,1,0,1,0,0.1948,0.146179199,1
val,Russian_Blue_146,28,500,293,1,0,1,0,0.254627986,0.149108887,1
val,Russian_Blue_100,28,500,375,1,0,1,0,0.662208,0.496887207,1
val,Russian_Blue_112,28,375,500,1,0,1,0,0.591754667,0.443969727,1
val,Russian_Blue_120,28,375,500,1,0,1,0,0.570154667,0.428405762,1
val,Russian_Blue_161,28,500,361,1,0,1,0,0.342686981,0.246154785,1
val,Russian_Blue_148,28,333,500,1,1,1,0,0.53245045,0.353210449,0
val,Russian_Blue_179,28,332,500,1,0,1,0,0.231198795,0.153137207,1
val,Russian_Blue_16,28,374,500,1,0,1,0,0.494582888,0.370239258,1
val,Russian_Blue_133,28,333,500,1,0,1,0,0.871453453,0.578674316,1
val,saint_bernard_107,29,332,500,1,1,1,1,0.30160241,0.200378418,1
val,saint_bernard_130,29,500,334,1,0,1,0,0.892275449,0.598815918,1
val,saint_bernard_104,29,500,412,1,0,1,0,0.288825243,0.236633301,1
val,saint_bernard_13,29,375,500,1,0,1,0,0.349973333,0.263916016,1
val,saint_bernard_185,29,500,333,1,0,1,0,0.250864865,0.166503906,1
val,saint_bernard_129,29,375,500,1,0,1,0,0.0407466667,0.0307006836,1
val,saint_bernard_169,29,388,500,2,0,1,0,0.42907732,0.33215332,0
val,saint_bernard_182,29,375,500,2,0,2,0,0.293237333,0.219909668,1
val,saint_bernard_162,29,500,375,2,0,2,0,0.463450667,0.347106934,1
val,saint_bernard_172,29,348,500,2,0,2,0,0.686844828,0.477600098,1
val,saint_bernard_149,29,500,405,2,0,2,0,0.608760494,0.494750977,1
val,saint_bernard_128,29,375,500,1,2,1,1,0.463098667,0.348266602,0
val,saint_bernard_18,29,333,500,1,0,1,0,0.688768769,0.457214355,1
val,saint_bernard_181,29,328,500,2,0,1,0,0.57225,0.375549316,0
val,saint_bernard_10,29,375,500,1,0,1,0,0.658458667,0.493408203,1
val,saint_bernard_103,29,334,500,1,1,1,0,0.701323353,0.472167969,0
val,saint_bernard_184,29,375,500,2,1,1,3,0.343237333,0.256591797,0
val,saint_bernard_152,29,332,500,1,0,1,0,0.417409639,0.277038574,1
val,saint_bernard_144,29,375,500,2,0,1,0,0.328602667,0.24621582,0
val,saint_bernard_101,29,375,500,1,0,1,0,0.3504,0.262451172,1
val,saint_bernard_16,29,375,500,1,0,1,0,0.165866667,0.124206543,1
val,saint_bernard_114,29,375,500,1,0,1,0,0.515674667,0.38671875,1
val,saint_bernard_108,29,333,500,0,0,0,0,0,0,1
val,saint_bernard_131,29,333,500,1,0,1,0,0.39427027,0.261413574,1
val,saint_bernard_137,29,375,500,1,0,1,0,0.739946667,0.554321289,1
val,saint_bernard_14,29,375,500,1,0,1,0,0.265146667,0.198791504,1
val,saint_bernard_110,29,334,500,1,0,1,0,0.310293413,0.208862305,1
val,saint_bernard_17,29,375,500,1,0,1,0,0.583226667,0.43762207,1
val,saint_bernard_12,29,375,500,1,0,1,0,0.588528,0.440673828,1
val,saint_bernard_159,29,336,500,1,0,2,0,0.582017857,0.390197754,0
val,saint_bernard_171,29,462,500,3,0,2,0,0.389658009,0.358642578,0
val,saint_bernard_164,29,411,500,2,0,2,0,0.728321168,0.596191406,1
val,saint_bernard_116,29,338,500,1,0,1,0,0.720550296,0.49029541,1
val,saint_bernard_157,29,500,334,2,1,1,1,0.28660479,0.19317627,0
val,saint_bernard_145,29,377,500,2,1,1,0,0.225644562,0.169189453,0
val,saint_bernard_186,29,333,500,1,0,1,0,0.273087087,0.181213379,1
val,saint_bernard_190,29,500,375,2,1,2,1,0.280938667,0.210998535,1
val,saint_bernard_113,29,500,332,1,0,1,1,0.345361446,0.229553223,0
val,saint_bernard_123,29,331,500,1,0,1,0,0.0964229607,0.0640869141,1
val,saint_bernard_143,29,500,333,2,0,2,0,0.224606607,0.149169922,1
val,saint_bernard_148,29,340,500,1,0,1,0,0.520135294,0.354064941,1
val,saint_bernard_180,29,375,500,2,0,1,0,0.279504,0.208435059,0
val,saint_bernard_163,29,375,500,2,1,1,2,0.286981333,0.212158203,0
val,saint_bernard_134,29,500,333,4,0,4,0,0.144234234,0.0949707031,1
val,saint_bernard_177,29,375,500,1,3,1,2,0.21464,0.159912109,0
val,saint_bernard_11,29,500,300,1,0,1,0,0.571873333,0.344970703,1
val,saint_bernard_154,29,500,284,2,2,2,2,0.182739437,0.103942871,1
val,saint_bernard_136,29,500,358,3,0,1,0,0.18349162,0.13092041,0
val,saint_bernard_138,29,375,500,2,0,1,0,0.318912,0.236328125,0
val,saint_bernard_124,29,375,500,1,0,1,0,0.397818667,0.298461914,1
val,samoyed_137,30,500,375,2,2,1,0,0.333946667,0.25012207,0
val,samoyed_165,30,500,317,2,0,2,0,0.55370347,0.350036621,1
val,samoyed_14,30,357,500,1,1,1,2,0.457787115,0.325622559,0
val,samoyed_114,30,375,500,1,0,1,0,0.220368,0.165649414,1
val,samoyed_150,30,375,500,1,0,1,0,0.231568,0.17388916,1
val,samoyed_102,30,408,500,1,0,1,0,0.274063725,0.222595215,1
val,samoyed_118,30,375,500,1,0,1,0,0.163088,0.122619629,1
val,samoyed_142,30,375,500,2,0,2,0,0.247648,0.185791016,1
val,samoyed_10,30,357,500,1,0,1,0,0.357042017,0.254577637,1
val,samoyed_187,30,500,334,2,0,2,0,0.523598802,0.351379395,1
val,samoyed_112,30,366,500,1,0,1,0,0.532879781,0.392456055,1
val,samoyed_130,30,333,500,2,0,2,0,0.384822823,0.254638672,1
val,samoyed_189,30,500,375,2,0,1,0,0.210368,0.158081055,0
val,samoyed_175,30,334,500,2,0,1,0,0.240323353,0.159790039,0
val,samoyed_166,30,333,500,2,0,1,0,0.202510511,0.134887695,0
val,samoyed_121,30,400,500,1,0,1,0,0.42156,0.3359375,1
val,samoyed_176,30,334,500,2,0,1,0,0.296173653,0.198059082,0
val,samoyed_128,30,375,500,2,0,1,0,0.509008,0.381103516,0
val,samoyed_181,30,334,500,2,0,1,0,0.353982036,0.237060547,0
val,samoyed_113,30,375,500,1,0,1,3,0.259178667,0.194519043,0
val,samoyed_136,30,375,500,1,1,1,0,0.0795626667,0.0595092773,0
val,samoyed_105,30,454,500,1,0,1,0,0.741207048,0.671630859,1
val,samoyed_162,30,333,500,2,0,1,0,0.262510511,0.172912598,0
val,samoyed_157,30,333,500,2,0,1,0,0.193447447,0.126342773,0
val,samoyed_153,30,375,500,2,0,1,0,0.814704,0.610717773,0
val,samoyed_135,30,375,500,2,0,1,0,0.264101333,0.196472168,0
val,samoyed_148,30,375,500,2,0,1,0,0.388362667,0.291015625,0
val,samoyed_184,30,334,500,2,0,1,0,0.20388024,0.13684082,0
val,samoyed_111,30,333,500,1,0,1,0,0.447933934,0.297851562,1
val,samoyed_179,30,334,500,1,0,1,0,0.208952096,0.140136719,1
val,samoyed_151,30,335,500,2,0,1,0,0.391008955,0.263366699,0
val,samoyed_103,30,375,500,1,0,1,0,0.445205333,0.33392334,1
val,samoyed_12,30,500,375,1,0,1,0,0.522197333,0.391357422,1
val,samoyed_156,30,333,500,1,0,1,0,0.678582583,0.448974609,1
val,samoyed_169,30,333,500,1,0,1,0,0.553405405,0.367004395,1
val,samoyed_126,30,333,500,1,0,1,0,0.37409009,0.248840332,1
val,samoyed_127,30,374,500,2,0,1,0,0.351475936,0.263122559,0
val,samoyed_117,30,500,292,1,0,1,0,0.553815068,0.323669434,1
val,samoyed_13,30,500,333,1,0,1,0,0.522648649,0.347473145,1
val,samoyed_119,30,375,500,1,0,1,0,0.401573333,0.301391602,1
val,samoyed_171,30,333,500,2,0,1,0,0.41412012,0.273864746,0
val,samoyed_116,30,400,500,1,0,1,0,0.18325,0.145996094,1
val,samoyed_146,30,375,500,2,0,1,0,0.320218667,0.239135742,0
val,samoyed_18,30,333,500,1,0,1,0,0.651345345,0.43157959,1
val,samoyed_185,30,500,374,2,0,2,1,0.453700535,0.340576172,0
val,samoyed_145,30,375,500,2,0,2,0,0.289413333,0.216552734,1
val,samoyed_173,30,334,500,2,0,1,0,0.234323353,0.155578613,0
val,samoyed_161,30,333,500,1,0,1,1,0.224648649,0.14855957,0
val,samoyed_160,30,333,500,1,0,1,0,0.241375375,0.160644531,1
val,samoyed_147,30,375,500,2,0,2,0,0.34336,0.257263184,1
val,scottish_terrier_149,31,375,500,2,0,1,0,0.284896,0.212768555,0
val,scottish_terrier_147,31,375,500,2,0,1,0,0.278944,0.208557129,0
val,scottish_terrier_13,31,500,431,1,0,1,0,0.510236659,0.439025879,1
val,scottish_terrier_151,31,375,500,2,0,1,0,0.25272,0.189453125,0
val,scottish_terrier_124,31,500,375,1,1,2,1,0.436730667,0.327941895,0
val,scottish_terrier_160,31,500,333,1,0,1,0,0.761465465,0.505554199,1
val,scottish_terrier_164,31,375,500,2,0,2,0,0.191712,0.143493652,1
val,scottish_terrier_190,31,500,309,2,0,2,0,0.577417476,0.356140137,1
val,scottish_terrier_168,31,417,500,2,0,1,0,0.163266187,0.135498047,0
val,scottish_terrier_139,31,360,500,2,0,1,0,0.507166667,0.364135742,0
val,scottish_terrier_156,31,375,500,2,0,1,0,0.193978667,0.144775391,0
val,scottish_terrier_100,31,375,500,1,0,1,0,0.295061333,0.221191406,1
val,scottish_terrier_128,31,375,500,1,0,1,0,0.596474667,0.448242188,1
val,scottish_terrier_181,31,375,500,1,1,1,1,0.602304,0.452026367,1
val,scottish_terrier_123,31,375,500,3,0,1,0,0.537248,0.403259277,0
val,scottish_terrier_111,31,376,500,1,0,1,0,0.184260638,0.137939453,1
val,scottish_terrier_118,31,500,484,1,0,1,0,0.662309917,0.641174316,1
val,scottish_terrier_146,31,375,500,1,0,1,0,0.382288,0.28527832,1
val,scottish_terrier_186,31,333,500,2,0,1,0,0.249057057,0.164916992,0
val,scottish_terrier_161,31,375,500,3,1,1,0,0.350426667,0.262817383,0
val,scottish_terrier_125,31,375,500,2,0,2,0,0.437136,0.327453613,1
val,scottish_terrier_158,31,333,500,1,0,1,0,0.406684685,0.269165039,1
val,scottish_terrier_12,31,500,500,1,0,1,1,0.560576,0.560974121,0
val,scottish_terrier_159,31,500,380,1,0,1,0,0.613626316,0.462890625,1
val,scottish_terrier_103,31,365,500,1,1,1,1,0.143813699,0.104064941,1
val,scottish_terrier_150,31,375,500,2,0,1,0,0.238944,0.179077148,0
val,scottish_terrier_169,31,396,500,1,0,1,0,0.555419192,0.437866211,1
val,scottish_terrier_134,31,500,400,2,0,2,0,0.71842,0.57232666,1
val,scottish_terrier_180,31,500,424,3,0,2,0,0.366976415,0.311645508,0
val,scottish_terrier_138,31,375,500,1,0,1,0,0.464752,0.348205566,1
val,scottish_terrier_17,31,333,500,1,0,1,0,0.39996997,0.266479492,1
val,scottish_terrier_130,31,375,500,2,0,1,0,0.669024,0.501831055,0
val,scottish_terrier_184,31,333,500,2,0,1,0,0.286012012,0.187988281,0
val,scottish_terrier_110,31,333,500,1,0,1,0,0.469597598,0.311767578,1
val,scottish_terrier_157,31,375,500,2,0,1,0,0.426912,0.32043457,0
val,scottish_terrier_105,31,375,500,2,1,2,1,0.222709333,0.167297363,1
val,scottish_terrier_162,31,375,500,2,0,1,0,0.244858667,0.183166504,0
val,scottish_terrier_104,31,360,480,4,0,4,0,0.116186343,0.0875244141,1
val,scottish_terrier_119,31,416,500,2,0,2,0,0.394235577,0.326171875,1
val,scottish_terrier_175,31,375,500,2,0,1,0,0.482826667,0.362121582,0
val,scottish_terrier_183,31,500,500,2,0,2,0,0.210108,0.210693359,1
val,scottish_terrier_152,31,375,500,1,0,1,0,0.455632,0.34173584,1
val,scottish_terrier_171,31,375,500,2,0,1,0,0.419605333,0.312866211,0
val,scottish_terrier_145,31,375,500,2,0,2,0,0.180405333,0.135070801,1
val,scottish_terrier_174,31,499,500,4,0,2,0,0.406,0.405883789,0
val,scottish_terrier_117,31,480,381,2,0,2,0,0.502952756,0.400512695,1
val,scottish_terrier_135,31,332,500,1,0,1,0,0.371487952,0.246520996,1
val,scottish_terrier_121,31,500,344,3,0,3,0,0.571255814,0.393432617,1
val,scottish_terrier_166,31,333,500,1,0,1,0,0.33981982,0.226196289,1
val,scottish_terrier_11,31,375,500,1,0,1,0,0.299312,0.223937988,1
val,shiba_inu_104,32,333,500,1,0,1,0,0.529207207,0.351318359,1
val,shiba_inu_129,32,333,500,1,1,1,1,0.214396396,0.142883301,1
val,shiba_inu_136,32,375,500,1,3,1,1,0.207024,0.154907227,0
val,shiba_inu_143,32,334,500,1,0,1,0,0.258886228,0.174133301,1
val,shiba_inu_185,32,500,333,2,0,1,0,0.786504505,0.520324707,0
val,shiba_inu_127,32,500,332,1,0,1,0,0.0923915663,0.061706543,1
val,shiba_inu_161,32,375,500,1,0,1,0,0.186016,0.138671875,1
val,shiba_inu_102,32,375,500,1,0,1,0,0.2444,0.183349609,1
val,shiba_inu_159,32,333,500,1,0,1,0,0.777051051,0.515563965,1
val,shiba_inu_124,32,500,375,1,0,1,0,0.179216,0.133789062,1
val,shiba_inu_168,32,375,500,1,0,1,0,0.627125333,0.471069336,1
val,shiba_inu_179,32,333,500,2,0,2,0,0.389255255,0.258117676,1
val,shiba_inu_105,32,375,500,1,0,1,0,0.249904,0.187011719,1
val,shiba_inu_156,32,500,333,1,0,1,0,0.656048048,0.436035156,1
val,shiba_inu_173,32,375,500,3,1,3,0,0.0806666667,0.0603637695,0
val,shiba_inu_192,32,333,500,1,0,1,0,0.629075075,0.417480469,1
val,shiba_inu_141,32,333,500,1,1,1,1,0.129957958,0.0858154297,1
val,shiba_inu_164,32,333,500,2,0,2,0,0.189687688,0.126281738,1
val,shiba_inu_132,32,500,334,1,0,1,0,0.55139521,0.37121582,1
val,shiba_inu_193,32,500,356,2,0,1,0,0.460814607,0.327697754,0
val,shiba_inu_191,32,333,500,2,0,1,0,0.544192192,0.360534668,0
val,shiba_inu_119,32,500,333,1,1,1,1,0.679195195,0.450805664,1
val,shiba_inu_128,32,500,332,1,0,1,0,0.111861446,0.0748291016,1
val,shiba_inu_189,32,500,375,2,0,2,0,0.256901333,0.192626953,1
val,shiba_inu_195,32,500,333,1,0,1,0,0.303531532,0.201171875,1
val,shiba_inu_170,32,422,500,2,0,2,0,0.407554502,0.344726562,1
val,shiba_inu_190,32,500,333,2,1,1,0,0.25809009,0.170776367,0
val,shiba_inu_100,32,375,500,1,0,1,0,0.373653333,0.280395508,1
val,shiba_inu_160,32,333,500,1,1,1,2,0.540948949,0.357299805,0
val,shiba_inu_121,32,500,332,1,0,1,0,0.512487952,0.340332031,1
val,shiba_inu_114,32,447,500,1,0,1,0,0.069606264,0.0623168945,1
val,shiba_inu_130,32,374,500,1,3,1,1,0.145737968,0.109313965,0
val,shiba_inu_144,32,500,334,1,0,1,0,0.137808383,0.0924072266,1
val,shiba_inu_166,32,375,500,1,0,1,0,0.715093333,0.53692627,1
val,shiba_inu_174,32,500,375,1,2,1,1,0.259376,0.194458008,0
val,shiba_inu_111,32,500,375,1,0,1,0,0.571946667,0.428771973,1
val,shiba_inu_162,32,335,500,1,0,1,0,0.138602985,0.0928955078,1
val,shiba_inu_123,32,306,221,1,0,1,0,0.391609736,0.282470703,1
val,shiba_inu_137,32,500,333,1,0,1,0,0.0701441441,0.0462646484,1
val,shiba_inu_186,32,456,500,2,0,2,0,0.22997807,0.210571289,1
val,shiba_inu_116,32,500,333,1,0,1,0,0.28996997,0.193115234,1
val,shiba_inu_134,32,500,334,1,0,1,0,0.370526946,0.24822998,1
val,shiba_inu_113,32,500,375,3,0,3,0,0.160656,0.120483398,1
val,shiba_inu_175,32,500,374,2,0,1,0,0.657663102,0.493408203,0
val,shiba_inu_158,32,500,333,1,0,1,0,0.514792793,0.342407227,1
val,shiba_inu_171,32,500,375,1,0,1,0,0.620074667,0.463806152,1
val,shiba_inu_157,32,500,333,1,1,1,1,0.267117117,0.177429199,1
val,shiba_inu_106,32,375,500,1,0,1,0,0.26296,0.197875977,1
val,shiba_inu_135,32,375,500,1,0,1,0,0.337232,0.252197266,1
val,shiba_inu_120,32,437,500,1,0,1,1,0.0456384439,0.0397949219,0
val,Siamese_120,33,500,375,2,0,2,0,0.411957333,0.308105469,1
val,Siamese_18,33,333,500,1,0,1,0,0.204540541,0.135864258,1
val,Siamese_155,33,333,500,1,0,1,0,0.479627628,0.318115234,1
val,Siamese_115,33,335,500,1,0,1,0,0.45961791,0.309387207,1
val,Siamese_191,33,500,317,1,0,1,0,0.807905363,0.511413574,1
val,Siamese_145,33,375,500,1,0,1,0,0.543045333,0.407897949,1
val,Siamese_131,33,423,500,1,0,1,0,0.683182033,0.576721191,1
val,Siamese_102,33,413,500,1,1,1,0,0.349365617,0.288330078,0
val,Siamese_180,33,367,500,1,0,1,0,0.286234332,0.210021973,1
val,Siamese_206,33,500,375,1,0,1,0,0.277690667,0.207824707,1
val,Siamese_173,33,500,354,1,0,1,0,0.429621469,0.305175781,1
val,Siamese_195,33,333,500,1,0,1,0,0.353531532,0.235473633,1
val,Siamese_160,33,375,500,1,2,1,3,0.352032,0.264160156,0
val,Siamese_188,33,375,500,1,0,1,0,0.332949333,0.250610352,1
val,Siamese_135,33,334,500,1,2,1,2,0.451664671,0.302978516,1
val,Siamese_204,33,500,375,1,0,1,0,0.462362667,0.345947266,1
val,Siamese_144,33,335,500,1,0,1,0,0.500626866,0.336181641,1
val,Siamese_182,33,350,500,1,0,1,0,0.194714286,0.136657715,1
val,Siamese_199,33,332,500,1,0,1,0,0.169283133,0.113098145,1
val,Siamese_106,33,375,500,1,0,1,0,0.388437333,0.292785645,1
val,Siamese_179,33,439,500,1,0,1,0,0.24566287,0.214233398,1
val,Siamese_147,33,374,500,1,0,1,0,0.519053476,0.388122559,1
val,Siamese_175,33,375,500,1,0,1,0,0.41536,0.310852051,1
val,Siamese_149,33,333,500,1,0,1,0,0.450282282,0.29888916,1
val,Siamese_187,33,375,500,1,0,1,0,0.460666667,0.346313477,1
val,Siamese_150,33,333,500,1,0,1,0,0.363231231,0.240783691,1
val,Siamese_156,33,334,500,1,0,1,0,0.37408982,0.25177002,1
val,Siamese_138,33,500,333,1,0,1,0,0.174876877,0.115966797,1
val,Siamese_165,33,375,500,1,0,1,0,0.472693333,0.354553223,1
val,Siamese_196,33,334,500,1,0,1,0,0.414215569,0.277160645,1
val,Siamese_186,33,500,333,1,2,1,0,0.110672673,0.0732421875,0
val,Siamese_100,33,375,500,1,0,1,0,0.253610667,0.19140625,1
val,Siamese_162,33,375,500,1,0,1,0,0.421264,0.315917969,1
val,Siamese_103,33,310,500,1,0,1,0,0.345580645,0.21282959,1
val,Siamese_14,33,333,500,1,0,1,0,0.410462462,0.272644043,1
val,Siamese_108,33,378,500,1,0,1,0,0.288582011,0.218383789,1
val,Siamese_184,33,375,500,1,1,1,1,0.11776,0.0883178711,1
val,Siamese_168,33,375,500,1,0,1,0,0.470794667,0.352966309,1
val,Siamese_19,33,324,432,1,0,1,0,0.350487254,0.262695312,1
val,Siamese_174,33,334,500,1,0,1,0,0.30405988,0.204040527,1
val,Siamese_164,33,375,500,1,0,1,0,0.284138667,0.212158203,1
val,Siamese_170,33,375,500,1,0,1,0,0.617989333,0.463623047,1
val,Siamese_142,33,439,500,1,1,1,1,0.712095672,0.62322998,1
val,Siamese_133,33,500,334,1,0,1,0,0.460664671,0.309997559,1
val,Siamese_153,33,333,500,1,0,1,0,0.21221021,0.141052246,1
val,Siamese_152,33,500,333,1,0,1,1,0.69766967,0.462219238,0
val,Siamese_207,33,333,500,1,0,1,0,0.371567568,0.248168945,1
val,Siamese_111,33,500,375,1,1,1,0,0.505226667,0.377746582,0
val,Siamese_114,33,500,362,1,0,1,0,0.346104972,0.251342773,1
val,Siamese_167,33,375,500,1,0,1,0,0.272688,0.204833984,1
val,Sphynx_150,34,500,332,1,0,1,0,0.410909639,0.274230957,1
val,Sphynx_138,34,500,375,1,0,1,0,0.637386667,0.477661133,1
val,Sphynx_169,34,333,500,1,0,1,0,0.372198198,0.246948242,1
val,Sphynx_131,34,500,334,1,0,1,0,0.189760479,0.128356934,1
val,Sphynx_121,34,500,334,1,0,1,0,0.38139521,0.256835938,1
val,Sphynx_202,34,332,500,1,0,1,0,0.162216867,0.10748291,1
val,Sphynx_141,34,332,500,1,0,1,0,0.360216867,0.239257812,1
val,Sphynx_170,34,333,500,1,0,1,0,0.253537538,0.168334961,1
val,Sphynx_182,34,450,300,1,1,1,1,0.342525926,0.226867676,1
val,Sphynx_206,34,500,345,1,0,1,0,0.606243478,0.416748047,1
val,Sphynx_167,34,332,500,1,0,1,0,0.287951807,0.190734863,1
val,Sphynx_175,34,500,375,1,0,1,0,0.257194667,0.192077637,1
val,Sphynx_105,34,500,481,1,0,1,0,0.751829522,0.721557617,1
val,Sphynx_107,34,500,334,1,0,1,0,0.310700599,0.208129883,1
val,Sphynx_187,34,500,333,1,2,1,1,0.520174174,0.346008301,0
val,Sphynx_177,34,333,500,1,0,1,0,0.172918919,0.115112305,1
val,Sphynx_130,34,332,500,1,0,1,0,0.158783133,0.105834961,1
val,Sphynx_184,34,500,358,1,0,1,0,0.227893855,0.163879395,1
val,Sphynx_19,34,472,500,1,0,1,0,0.44,0.415527344,1
val,Sphynx_194,34,375,500,1,0,1,0,0.213050667,0.160461426,1
val,Sphynx_171,34,333,500,1,1,1,0,0.279705706,0.185546875,0
val,Sphynx_204,34,500,279,1,0,1,0,0.10427957,0.0574951172,1
val,Sphynx_155,34,429,500,1,0,1,0,0.426634033,0.366821289,1
val,Sphynx_199,34,500,446,1,0,1,0,0.517484305,0.461425781,1
val,Sphynx_110,34,500,376,1,0,1,0,0.440856383,0.330749512,1
val,Sphynx_116,34,500,332,2,0,2,0,0.397487952,0.264099121,1
val,Sphynx_180,34,500,356,1,0,1,1,0.572404494,0.407409668,0
val,Sphynx_190,34,500,333,1,1,1,0,0.185471471,0.12322998,0
val,Sphynx_176,34,500,330,1,0,1,0,0.684072727,0.448669434,1
val,Sphynx_152,34,480,500,1,0,1,1,0.376175,0.361572266,0
val,Sphynx_115,34,500,332,1,0,1,0,0.259240964,0.171325684,1
val,Sphynx_186,34,375,500,1,0,1,0,0.279477333,0.208129883,1
val,Sphynx_133,34,500,333,1,1,1,1,0.462246246,0.306884766,1
val,Sphynx_128,34,281,500,1,0,1,0,0.173060498,0.0969238281,1
val,Sphynx_125,34,500,333,1,0,1,0,0.778324324,0.516723633,1
val,Sphynx_172,34,340,500,1,0,1,0,0.257894118,0.176879883,1
val,Sphynx_168,34,500,333,1,0,1,0,0.312966967,0.208312988,1
val,Sphynx_126,34,334,500,1,0,1,0,0.204802395,0.137695312,1
val,Sphynx_201,34,375,500,1,0,1,0,0.293557333,0.22052002,1
val,Sphynx_183,34,500,375,1,0,1,0,0.318213333,0.238037109,1
val,Sphynx_162,34,351,500,1,0,1,0,0.189965812,0.13458252,1
val,Sphynx_148,34,281,500,1,0,1,0,0.408199288,0.229431152,1
val,Sphynx_146,34,500,380,1,0,1,0,0.475063158,0.359191895,1
val,Sphynx_165,34,375,500,1,0,1,0,0.425504,0.318359375,1
val,Sphynx_103,34,334,500,1,0,1,0,0.34597006,0.232543945,1
val,Sphynx_188,34,375,500,1,0,1,0,0.296074667,0.222412109,1
val,Sphynx_102,34,334,500,1,0,1,0,0.25211976,0.169067383,1
val,Sphynx_189,34,500,333,1,0,1,0,0.565645646,0.374450684,1
val,Sphynx_124,34,375,500,1,0,1,0,0.416437333,0.311828613,1
val,Sphynx_117,34,500,334,1,0,1,0,0.252401198,0.16998291,1
val,staffordshire_bull_terrier_106,35,500,333,1,0,1,0,0.275873874,0.182434082,1
val,staffordshire_bull_terrier_122,35,375,500,2,0,1,0,0.368869333,0.275634766,0
val,staffordshire_bull_terrier_199,35,311,500,2,0,1,0,0.281697749,0.173706055,0
val,staffordshire_bull_terrier_156,35,375,500,2,1,1,1,0.273472,0.202941895,0
val,staffordshire_bull_terrier_158,35,375,500,1,0,1,0,0.415808,0.311767578,1
val,staffordshire_bull_terrier_10,35,375,500,1,0,1,0,0.58712,0.440002441,1
val,staffordshire_bull_terrier_149,35,375,500,2,0,2,0,0.368197333,0.276672363,1
val,staffordshire_bull_terrier_135,35,375,500,2,1,1,0,0.127189333,0.0948486328,0
val,staffordshire_bull_terrier_183,35,375,500,2,1,2,1,0.150837333,0.114135742,1
val,staffordshire_bull_terrier_179,35,333,500,1,3,1,0,0.249987988,0.165100098,0
val,staffordshire_bull_terrier_186,35,458,500,1,0,1,0,0.768213974,0.701416016,1
val,staffordshire_bull_terrier_174,35,375,500,1,0,1,0,0.553973333,0.415344238,1
val,staffordshire_bull_terrier_136,35,375,500,2,0,2,0,0.537525333,0.403259277,1
val,staffordshire_bull_terrier_134,35,375,500,2,0,1,0,0.261733333,0.195983887,0
val,staffordshire_bull_terrier_189,35,375,500,2,0,1,0,0.559728,0.419067383,0
val,staffordshire_bull_terrier_145,35,375,500,2,0,1,0,0.537098667,0.403137207,0
val,staffordshire_bull_terrier_107,35,432,500,2,0,2,0,0.32537963,0.282897949,1
val,staffordshire_bull_terrier_111,35,376,500,1,0,1,0,0.517489362,0.387573242,1
val,staffordshire_bull_terrier_115,35,375,500,2,0,1,0,0.429546667,0.3203125,0
val,staffordshire_bull_terrier_176,35,375,500,2,1,2,1,0.348069333,0.260620117,1
val,staffordshire_bull_terrier_124,35,375,500,2,1,1,1,0.186634667,0.139587402,0
val,staffordshire_bull_terrier_127,35,375,500,1,0,1,0,0.304373333,0.227416992,1
val,staffordshire_bull_terrier_198,35,330,500,2,0,1,0,0.220466667,0.144470215,0
val,staffordshire_bull_terrier_17,35,340,500,1,0,1,0,0.230711765,0.156433105,1
val,staffordshire_bull_terrier_184,35,375,500,2,0,1,0,0.452245333,0.340026855,0
val,staffordshire_bull_terrier_133,35,471,500,2,0,1,0,0.348212314,0.327880859,0
val,staffordshire_bull_terrier_139,35,375,500,2,0,1,1,0.490613333,0.366333008,0
val,staffordshire_bull_terrier_18,35,333,500,1,0,1,0,0.58406006,0.387268066,1
val,staffordshire_bull_terrier_192,35,333,500,2,0,1,1,0.238174174,0.158447266,0
val,staffordshire_bull_terrier_147,35,333,500,2,0,1,0,0.399417417,0.264404297,0
val,staffordshire_bull_terrier_163,35,375,500,3,0,1,0,0.480266667,0.35925293,0
val,staffordshire_bull_terrier_175,35,500,333,2,1,1,1,0.504720721,0.334594727,0
val,staffordshire_bull_terrier_103,35,480,360,1,0,1,0,0.676475694,0.507263184,1
val,staffordshire_bull_terrier_104,35,500,333,1,0,1,0,0.465255255,0.309265137,1
val,staffordshire_bull_terrier_180,35,333,500,1,0,1,0,0.202318318,0.134399414,1
val,staffordshire_bull_terrier_131,35,500,474,2,2,2,4,0.434059072,0.409667969,0
val,staffordshire_bull_terrier_109,35,500,466,1,0,1,0,0.400399142,0.372253418,1
val,staffordshire_bull_terrier_196,35,375,500,2,0,1,0,0.543536,0.407043457,0
val,staffordshire_bull_terrier_154,35,375,500,2,1,1,1,0.192218667,0.144042969,0
val,staffordshire_bull_terrier_140,35,375,500,1,1,1,0,0.626789333,0.47088623,0
val,staffordshire_bull_terrier_19,35,352,500,1,0,1,0,0.0351704545,0.024597168,1
val,staffordshire_bull_terrier_137,35,375,500,2,0,1,0,0.588544,0.44128418,0
val,staffordshire_bull_terrier_170,35,375,500,2,0,1,0,0.327424,0.244567871,0
val,staffordshire_bull_terrier_177,35,375,500,2,0,2,0,0.179642667,0.132263184,1
val,staffordshire_bull_terrier_11,35,364,500,1,4,1,1,0.552532967,0.401000977,0
val,staffordshire_bull_terrier_172,35,375,500,2,0,1,0,0.247984,0.18572998,0
val,staffordshire_bull_terrier_165,35,375,500,2,0,1,0,0.310058667,0.232055664,0
val,staffordshire_bull_terrier_144,35,375,500,2,0,2,0,0.239946667,0.180114746,1
val,staffordshire_bull_terrier_112,35,375,500,2,0,1,0,0.493978667,0.368774414,0
val,staffordshire_bull_terrier_191,35,375,500,2,0,2,0,0.461397333,0.34552002,1
val,wheaten_terrier_188,36,330,500,2,0,1,0,0.203206061,0.132568359,0
val,wheaten_terrier_144,36,375,500,2,0,1,0,0.169754667,0.126708984,0
val,wheaten_terrier_176,36,330,500,2,0,1,0,0.320327273,0.210083008,0
val,wheaten_terrier_128,36,375,500,1,0,1,0,0.261898667,0.196289062,1
val,wheaten_terrier_148,36,333,500,2,0,2,0,0.400996997,0.263427734,1
val,wheaten_terrier_100,36,500,333,1,0,1,0,0.163375375,0.108581543,1
val,wheaten_terrier_164,36,375,500,2,0,1,0,0.0946986667,0.0707397461,0
val,wheaten_terrier_149,36,500,333,2,0,2,0,0.306600601,0.202514648,1
val,wheaten_terrier_138,36,375,500,2,1,1,1,0.305402667,0.229003906,0
val,wheaten_terrier_112,36,375,500,1,0,1,0,0.434912,0.326416016,1
val,wheaten_terrier_114,36,375,500,1,0,1,0,0.17936,0.13470459,1
val,wheaten_terrier_179,36,330,500,1,0,1,0,0.591921212,0.389221191,1
val,wheaten_terrier_109,36,500,333,1,0,1,0,0.837225225,0.556518555,1
val,wheaten_terrier_134,36,375,500,2,0,1,0,0.289882667,0.215576172,0
val,wheaten_terrier_118,36,500,375,1,0,1,0,0.308058667,0.230529785,1
val,wheaten_terrier_18,36,500,332,1,2,1,1,0.283753012,0.188537598,0
val,wheaten_terrier_17,36,332,500,1,1,1,0,0.106246988,0.0703735352,0
val,wheaten_terrier_13,36,334,500,1,0,1,0,0.236820359,0.159606934,1
val,wheaten_terrier_142,36,375,500,1,0,1,0,0.193541333,0.145629883,1
val,wheaten_terrier_121,36,333,500,1,0,1,0,0.675339339,0.448303223,1
val,wheaten_terrier_14,36,334,500,1,0,1,0,0.219748503,0.147460938,1
val,wheaten_terrier_169,36,330,500,1,0,1,0,0.314787879,0.20526123,1
val,wheaten_terrier_115,36,500,375,1,0,1,0,0.207114667,0.155029297,1
val,wheaten_terrier_129,36,375,500,2,0,2,0,0.219925333,0.163269043,1
val,wheaten_terrier_10,36,500,339,1,0,1,0,0.315616519,0.214477539,1
val,wheaten_terrier_166,36,375,500,2,0,2,0,0.268496,0.20123291,1
val,wheaten_terrier_183,36,330,500,2,1,1,0,0.120521212,0.0787963867,0
val,wheaten_terrier_170,36,330,500,2,0,2,0,0.16869697,0.110717773,1
val,wheaten_terrier_150,36,375,500,1,0,1,0,0.245818667,0.184570312,1
val,wheaten_terrier_123,36,500,459,1,1,1,0,0.482165577,0.444702148,0
val,wheaten_terrier_140,36,375,500,2,0,1,0,0.564272,0.423339844,0
val,wheaten_terrier_177,36,330,500,3,0,1,0,0.202090909,0.131469727,0
val,wheaten_terrier_158,36,375,500,1,0,1,0,0.645712,0.484375,1
val,wheaten_terrier_146,36,333,500,1,2,1,0,0.435927928,0.289794922,0
val,wheaten_terrier_153,36,375,500,2,0,1,0,0.481594667,0.360717773,0
val,wheaten_terrier_186,36,330,500,2,2,2,1,0.299454545,0.195922852,0
val,wheaten_terrier_127,36,442,500,1,0,1,0,0.307552036,0.272155762,1
val,wheaten_terrier_171,36,330,500,1,0,1,0,0.60309697,0.396179199,1
val,wheaten_terrier_110,36,500,333,1,0,1,0,0.755339339,0.501586914,1
val,wheaten_terrier_116,36,375,500,1,0,1,0,0.111333333,0.0837402344,1
val,wheaten_terrier_107,36,374,500,1,0,1,0,0.272614973,0.204345703,1
val,wheaten_terrier_155,36,375,500,2,0,1,0,0.184341333,0.137023926,0
val,wheaten_terrier_137,36,375,500,2,0,2,0,0.273728,0.202941895,1
val,wheaten_terrier_16,36,332,500,1,0,1,0,0.261078313,0.173339844,1
val,wheaten_terrier_105,36,333,500,1,0,1,0,0.269291291,0.177978516,1
val,wheaten_terrier_15,36,400,500,1,0,1,0,0.442385,0.352355957,1
val,wheaten_terrier_119,36,500,375,1,0,1,0,0.374917333,0.280578613,1
val,wheaten_terrier_101,36,500,334,1,0,1,0,0.243778443,0.163574219,1
val,wheaten_terrier_104,36,357,500,1,0,1,0,0.3112493,0.22088623,1
val,wheaten_terrier_185,36,330,500,1,0,1,1,0.56689697,0.372131348,0
val,yorkshire_terrier_167,37,500,354,2,1,1,0,0.587474576,0.417480469,0
val,yorkshire_terrier_157,37,242,300,1,2,1,1,0.229118457,0.183837891,0
val,yorkshire_terrier_175,37,375,500,2,0,2,0,0.311898667,0.233825684,1
val,yorkshire_terrier_168,37,500,397,1,0,1,0,0.290523929,0.23236084,1
val,yorkshire_terrier_117,37,225,300,1,0,1,0,0.537303704,0.403076172,1
val,yorkshire_terrier_128,37,225,300,1,0,1,0,0.4836,0.362915039,1
val,yorkshire_terrier_153,37,183,300,1,0,1,0,0.748324226,0.456115723,1
val,yorkshire_terrier_113,37,237,237,2,0,2,0,0.331499582,0.331420898,1
val,yorkshire_terrier_140,37,187,300,1,0,1,0,0.4257041,0.265380859,1
val,yorkshire_terrier_181,37,500,375,2,0,2,0,0.433146667,0.324951172,1
val,yorkshire_terrier_16,37,375,500,1,0,1,0,0.200005333,0.150024414,1
val,yorkshire_terrier_139,37,200,300,2,0,1,0,0.270533333,0.177734375,0
val,yorkshire_terrier_119,37,199,300,1,0,1,0,0.303969849,0.202026367,1
val,yorkshire_terrier_100,37,375,500,1,1,1,1,0.542021333,0.40637207,1
val,yorkshire_terrier_147,37,300,225,1,1,1,1,0.5084,0.381591797,1
val,yorkshire_terrier_148,37,225,300,1,0,1,0,0.25242963,0.188415527,1
val,yorkshire_terrier_111,37,500,333,1,0,1,0,0.294516517,0.194824219,1
val,yorkshire_terrier_154,37,226,300,1,0,1,0,0.391460177,0.291320801,1
val,yorkshire_terrier_105,37,333,500,1,0,1,0,0.265129129,0.176086426,1
val,yorkshire_terrier_136,37,225,300,1,0,1,0,0.32882963,0.246337891,1
val,yorkshire_terrier_130,37,200,173,1,0,1,0,0.716791908,0.620361328,1
val,yorkshire_terrier_174,37,375,500,2,0,2,0,0.475189333,0.35559082,1
val,yorkshire_terrier_101,37,375,500,1,0,1,0,0.693749333,0.520263672,1
val,yorkshire_terrier_138,37,211,300,1,0,1,0,0.539889415,0.379516602,1
val,yorkshire_terrier_143,37,300,220,2,0,1,0,0.284515152,0.206054688,0
val,yorkshire_terrier_15,37,500,480,1,0,1,0,0.7003,0.672851562,1
val,yorkshire_terrier_106,37,500,500,1,0,1,0,0.234428,0.234741211,1
val,yorkshire_terrier_160,37,382,500,2,0,1,0,0.376764398,0.288024902,0
val,yorkshire_terrier_144,37,300,163,2,1,1,1,0.649243354,0.351806641,0
val,yorkshire_terrier_170,37,333,500,1,0,1,0,0.128690691,0.0850219727,1
val,yorkshire_terrier_188,37,334,500,2,0,1,0,0.555646707,0.372009277,0
val,yorkshire_terrier_104,37,332,500,1,0,1,0,0.341210843,0.225585938,1
val,yorkshire_terrier_185,37,500,375,2,0,1,0,0.322090667,0.241088867,0
val,yorkshire_terrier_107,37,500,333,1,1,1,0,0.624894895,0.414001465,0
val,yorkshire_terrier_158,37,225,300,1,0,1,0,0.504296296,0.378234863,1
val,yorkshire_terrier_126,37,300,206,1,0,1,0,0.481699029,0.331176758,1
val,yorkshire_terrier_12,37,375,500,1,1,1,1,0.264704,0.198181152,1
val,yorkshire_terrier_127,37,300,251,1,0,1,0,0.616932271,0.515441895,1
val,yorkshire_terrier_142,37,225,300,1,0,1,0,0.347437037,0.259765625,1
val,yorkshire_terrier_189,37,334,500,2,0,1,0,0.306988024,0.205383301,0
val,yorkshire_terrier_108,37,500,478,1,0,1,0,0.450004184,0.428588867,1
val,yorkshire_terrier_177,37,500,375,2,0,2,0,0.384250667,0.287536621,1
val,yorkshire_terrier_165,37,375,500,1,0,1,0,0.509344,0.382568359,1
val,yorkshire_terrier_112,37,500,483,1,3,1,2,0.564132505,0.546142578,0
val,yorkshire_terrier_134,37,224,300,1,0,1,0,0.233422619,0.175354004,1
val,yorkshire_terrier_17,37,332,500,1,0,1,0,0.605656627,0.402770996,1
val,yorkshire_terrier_172,37,375,500,1,0,1,0,0.351050667,0.262939453,1
val,yorkshire_terrier_137,37,225,300,2,0,2,0,0.145481481,0.106567383,1
val,yorkshire_terrier_176,37,375,500,1,0,1,0,0.321701333,0.241088867,1
val,yorkshire_terrier_102,37,500,385,1,0,1,0,0.46147013,0.356567383,1
test,Abyssinian_63,1,116,150,1,0,1,0,0.622413793,0.481811523,1
test,Abyssinian_67,1,282,366,1,0,1,0,0.371885052,0.28729248,1
test,Abyssinian_226,1,225,300,1,0,1,0,0.220014815,0.164855957,1
test,Abyssinian_232,1,300,277,1,0,1,0,0.328134777,0.303466797,1
test,Abyssinian_30,1,500,335,1,0,1,0,0.306161194,0.205810547,1
test,Abyssinian_76,1,500,288,1,0,1,0,0.0949097222,0.0545654297,1
test,Abyssinian_204,1,300,229,1,0,1,0,0.341179039,0.262451172,1
test,Abyssinian_72,1,500,335,1,0,1,0,0.561164179,0.37701416,1
test,Abyssinian_4,1,500,335,1,0,1,0,0.432167164,0.290100098,1
test,Abyssinian_95,1,500,375,1,0,1,0,0.597728,0.448120117,1
test,Abyssinian_58,1,500,335,1,0,1,0,0.506620896,0.340209961,1
test,Abyssinian_57,1,500,375,1,0,1,0,0.719498667,0.538879395,1
test,Abyssinian_2,1,473,600,1,1,1,0,0.272135307,0.215332031,0
test,Abyssinian_202,1,225,300,1,0,1,0,0.237437037,0.178894043,1
test,Abyssinian_31,1,400,300,1,0,1,0,0.4918,0.36907959,1
test,Abyssinian_88,1,357,500,1,0,1,0,0.36810084,0.260803223,1
test,Abyssinian_71,1,539,833,1,0,1,0,0.241142839,0.155883789,1
test,Abyssinian_80,1,800,1280,1,1,1,0,0.337446289,0.211303711,0
test,Abyssinian_92,1,500,400,1,0,1,0,0.60882,0.485595703,1
test,Abyssinian_36,1,360,480,1,0,1,0,0.217476852,0.163146973,1
test,Abyssinian_5,1,150,200,1,0,1,0,0.866466667,0.65032959,1
test,Abyssinian_60,1,335,500,1,0,1,0,0.376650746,0.253356934,1
test,Abyssinian_7,1,266,250,1,0,1,0,0.330270677,0.309326172,1
test,Abyssinian_83,1,500,393,1,1,1,0,0.24983715,0.197265625,0
test,Abyssinian_81,1,375,500,1,0,1,0,0.638272,0.478942871,1
test,Abyssinian_212,1,240,240,1,1,1,1,0.325746528,0.326293945,1
test,Abyssinian_206,1,279,300,1,0,1,0,0.619749104,0.57623291,1
test,Abyssinian_94,1,500,375,1,0,1,0,0.272661333,0.204406738,1
test,Abyssinian_225,1,300,225,1,1,1,1,0.693911111,0.520935059,1
test,Abyssinian_68,1,500,335,1,0,1,0,0.76478209,0.513183594,1
test,Abyssinian_29,1,1600,1200,1,0,1,0,0.199525521,0.150085449,1
test,Abyssinian_6,1,500,414,1,0,1,0,0.72131401,0.597106934,1
test,Abyssinian_56,1,188,250,1,0,1,0,0.351680851,0.263671875,1
test,Abyssinian_32,1,1200,1600,1,0,1,0,0.170188542,0.127624512,1
test,Abyssinian_84,1,400,266,1,1,1,1,0.51387218,0.340759277,1
test,Abyssinian_21,1,375,500,1,0,1,0,0.702858667,0.527709961,1
test,Abyssinian_55,1,275,275,1,1,1,0,0.678968595,0.678283691,0
test,Abyssinian_37,1,1200,1600,1,1,1,0,0.246305208,0.185668945,0
test,Abyssinian_20,1,383,400,1,0,1,0,0.250424282,0.240478516,1
test,Abyssinian_224,1,300,225,1,0,1,0,0.467422222,0.351196289,1
test,Abyssinian_98,1,386,500,1,6,1,8,0.618497409,0.478515625,0
test,Abyssinian_48,1,448,299,1,0,1,0,0.685805363,0.455627441,1
test,Abyssinian_43,1,500,335,1,0,1,0,0.191719403,0.12878418,1
test,Abyssinian_221,1,248,300,1,5,1,2,0.605604839,0.501098633,0
test,Abyssinian_217,1,244,241,1,0,1,0,0.544333719,0.535644531,1
test,Abyssinian_96,1,500,375,1,1,1,1,0.2188,0.164672852,1
test,Abyssinian_8,1,335,500,1,0,1,0,0.469576119,0.316040039,1
test,Abyssinian_70,1,500,335,1,0,1,0,0.555373134,0.372619629,1
test,Abyssinian_228,1,225,300,1,0,1,0,0.862044444,0.646606445,1
test,Abyssinian_51,1,597,728,1,0,1,0,0.370163547,0.303527832,1
test,Abyssinian_54,1,442,500,1,0,1,0,0.384515837,0.339233398,1
test,Abyssinian_33,1,300,450,1,0,1,1,0.24042963,0.158996582,0
test,Abyssinian_220,1,225,300,1,9,1,6,0.353792593,0.264526367,0
test,Abyssinian_61,1,842,1000,1,0,1,0,0.445273159,0.375671387,1
test,Abyssinian_49,1,500,335,1,0,1,0,0.758119403,0.50994873,1
test,Abyssinian_74,1,500,335,1,0,1,0,0.484065672,0.323669434,1
test,Abyssinian_89,1,400,500,1,0,1,0,0.5594,0.445129395,1
test,Abyssinian_205,1,300,240,2,0,2,0,0.356319444,0.285339355,1
test,Abyssinian_46,1,500,335,1,0,1,0,0.230704478,0.154418945,1
test,Abyssinian_77,1,375,500,1,0,1,0,0.384746667,0.288757324,1
test,Abyssinian_27,1,286,400,1,0,1,0,0.567674825,0.408081055,1
test,Abyssinian_91,1,262,260,1,0,1,0,0.398678802,0.396606445,1
test,Abyssinian_44,1,962,990,1,0,1,0,0.382025032,0.369567871,1
test,Abyssinian_24,1,600,800,1,0,1,0,0.340660417,0.255249023,1
test,Abyssinian_52,1,335,500,1,0,1,0,0.564226866,0.378845215,1
test,Abyssinian_85,1,449,500,1,0,1,0,0.386334076,0.347045898,1
test,Abyssinian_25,1,500,335,1,0,1,0,0.290435821,0.195007324,1
test,Abyssinian_230,1,256,300,1,0,1,0,0.521914063,0.444152832,1
test,Abyssinian_97,1,500,375,1,0,1,0,0.164746667,0.123718262,1
test,Abyssinian_69,1,500,335,1,0,1,0,0.363134328,0.24395752,1
test,Abyssinian_93,1,375,500,1,2,1,1,0.803477333,0.602783203,0
test,Abyssinian_219,1,300,207,1,0,1,0,0.487616747,0.334350586,1
test,Abyssinian_207,1,278,208,2,0,2,0,0.273830935,0.205627441,1
test,Abyssinian_90,1,500,401,1,1,1,1,0.770837905,0.61932373,1
test,Abyssinian_50,1,500,335,1,0,1,0,0.477367164,0.3203125,1
test,Abyssinian_213,1,300,224,1,1,1,0,0.475639881,0.355651855,0
test,Abyssinian_3,1,869,600,1,0,1,0,0.194556962,0.133422852,1
test,Abyssinian_45,1,168,190,1,0,1,0,0.448088972,0.395446777,1
test,Abyssinian_9,1,385,450,1,0,1,0,0.398556999,0.342468262,1
test,Abyssinian_40,1,1278,1646,1,0,1,0,0.580878005,0.449645996,1
test,Abyssinian_87,1,300,400,1,0,1,0,0.86285,0.647521973,1
test,Abyssinian_210,1,300,241,1,0,1,0,0.578561549,0.465942383,1
test,Abyssinian_79,1,300,400,1,0,1,0,0.444633333,0.332519531,1
test,Abyssinian_201,1,225,300,1,0,1,0,0.265614815,0.198547363,1
test,Abyssinian_26,1,369,500,1,0,1,0,0.320926829,0.235473633,1
test,Abyssinian_47,1,335,500,1,0,1,0,0.560716418,0.376037598,1
test,Abyssinian_223,1,225,300,1,0,1,0,0.354088889,0.266052246,1
test,Abyssinian_86,1,500,333,1,1,1,0,0.452324324,0.299865723,0
test,Abyssinian_216,1,225,300,1,0,1,0,0.613437037,0.459655762,1
test,Abyssinian_99,1,299,450,1,0,1,0,0.196016351,0.129333496,1
test,Abyssinian_75,1,380,275,1,0,1,0,0.36476555,0.265441895,1
test,Abyssinian_62,1,335,500,1,0,1,0,0.41281194,0.277648926,1
test,Abyssinian_22,1,373,500,1,0,1,0,0.412268097,0.305969238,1
test,Abyssinian_215,1,225,300,1,0,1,0,0.348444444,0.261779785,1
test,Abyssinian_73,1,267,400,1,0,1,0,0.235552434,0.156555176,1
test,Abyssinian_66,1,480,320,1,0,1,0,0.483411458,0.322387695,1
test,Abyssinian_65,1,267,400,1,0,1,1,0.210449438,0.140136719,0
test,Abyssinian_78,1,450,300,1,0,1,0,0.390392593,0.259643555,1
test,american_bulldog_89,2,336,500,1,2,1,0,0.19697619,0.132568359,0
test,american_bulldog_6,2,376,500,1,0,1,0,0.287898936,0.215698242,1
test,american_bulldog_2,2,333,500,1,0,1,0,0.349441441,0.231811523,1
test,american_bulldog_214,2,500,420,2,1,1,2,0.482738095,0.404052734,0
test,american_bulldog_60,2,376,500,1,1,1,1,0.430265957,0.32244873,1
test,american_bulldog_73,2,500,375,1,0,1,0,0.353610667,0.264831543,1
test,american_bulldog_46,2,500,333,1,0,1,0,0.411339339,0.272644043,1
test,american_bulldog_79,2,396,500,1,1,1,1,0.373252525,0.294372559,1
test,american_bulldog_218,2,500,449,2,1,1,1,0.440890869,0.395507812,0
test,american_bulldog_56,2,500,332,1,0,1,0,0.659789157,0.438354492,1
test,american_bulldog_39,2,375,500,1,0,1,0,0.420592,0.31463623,1
test,american_bulldog_47,2,500,376,1,1,1,1,0.36518617,0.274291992,1
test,american_bulldog_74,2,500,332,1,0,1,0,0.569614458,0.377868652,1
test,american_bulldog_32,2,500,376,1,0,1,0,0.480611702,0.360717773,1
test,american_bulldog_81,2,375,500,1,0,1,0,0.611573333,0.458557129,1
test,american_bulldog_24,2,500,334,1,0,1,0,0.657437126,0.440795898,1
test,american_bulldog_209,2,500,446,2,4,1,3,0.452004484,0.402526855,0
test,american_bulldog_28,2,500,334,1,0,1,0,0.242371257,0.163879395,1
test,american_bulldog_207,2,335,500,3,0,1,0,0.265343284,0.177368164,0
test,american_bulldog_57,2,334,500,1,0,1,0,0.396389222,0.266357422,1
test,american_bulldog_36,2,500,334,1,0,1,0,0.340808383,0.229370117,1
test,american_bulldog_87,2,376,500,1,0,1,0,0.616882979,0.462036133,1
test,american_bulldog_203,2,500,334,2,0,1,0,0.349916168,0.234741211,0
test,american_bulldog_27,2,500,376,1,0,1,0,0.287930851,0.216491699,1
test,american_bulldog_50,2,500,334,1,1,1,0,0.548916168,0.36920166,0
test,american_bulldog_25,2,500,334,1,0,1,0,0.579814371,0.389099121,1
test,american_bulldog_76,2,333,500,1,0,1,0,0.226756757,0.15057373,1
test,american_bulldog_37,2,343,500,1,0,1,0,0.670390671,0.461242676,1
test,american_bulldog_26,2,334,500,1,0,1,0,0.480023952,0.32220459,1
test,american_bulldog_40,2,375,500,1,0,1,0,0.205194667,0.154052734,1
test,american_bulldog_77,2,333,500,1,0,1,0,0.48366967,0.321289062,1
test,american_bulldog_22,2,500,334,1,0,1,0,0.399185629,0.268798828,1
test,american_bulldog_3,2,287,500,1,0,1,0,0.109010453,0.0624389648,1
test,american_bulldog_35,2,375,500,1,0,1,0,0.464213333,0.348022461,1
test,american_bulldog_67,2,333,500,1,2,1,2,0.138990991,0.0916137695,1
test,american_bulldog_70,2,376,500,1,1,1,0,0.459941489,0.344543457,0
test,american_bulldog_29,2,500,334,1,0,1,0,0.442083832,0.296447754,1
test,american_bulldog_45,2,500,333,1,3,1,2,0.368198198,0.244934082,0
test,american_bulldog_65,2,333,500,1,5,1,1,0.207711712,0.138366699,0
test,american_bulldog_86,2,500,376,1,0,1,0,0.382170213,0.287353516,1
test,american_bulldog_33,2,500,334,2,1,2,0,0.386155689,0.258728027,0
test,american_bulldog_205,2,335,500,3,3,3,0,0.328334328,0.22076416,0
test,american_bulldog_224,2,333,500,1,1,1,1,0.789717718,0.524475098,1
test,american_bulldog_84,2,376,500,1,0,1,0,0.419734043,0.314575195,1
test,american_bulldog_211,2,335,500,2,0,1,0,0.629229851,0.422241211,0
test,american_bulldog_64,2,376,500,1,0,1,0,0.566170213,0.424621582,1
test,american_bulldog_93,2,500,335,1,1,1,0,0.442931343,0.297912598,0
test,american_bulldog_221,2,317,500,3,0,1,0,0.288113565,0.181030273,0
test,american_bulldog_41,2,375,500,1,0,1,0,0.862272,0.647583008,1
test,american_bulldog_68,2,400,500,1,0,1,0,0.20789,0.165588379,1
test,american_bulldog_61,2,333,500,1,0,1,0,0.245123123,0.162475586,1
test,american_bulldog_52,2,500,365,1,0,1,0,0.562383562,0.407592773,1
test,american_bulldog_98,2,500,375,1,1,1,1,0.299498667,0.224243164,1
test,american_bulldog_38,2,500,359,1,0,1,0,0.486941504,0.34954834,1
test,american_bulldog_54,2,500,334,1,0,1,0,0.408161677,0.272949219,1
test,american_bulldog_96,2,337,500,2,0,2,0,0.51148368,0.343566895,1
test,american_bulldog_21,2,500,334,1,1,1,1,0.322479042,0.215942383,1
test,american_bulldog_66,2,334,500,1,0,1,0,0.472077844,0.317016602,1
test,american_bulldog_44,2,500,334,1,0,1,1,0.474916168,0.318664551,0
test,american_bulldog_9,2,334,500,1,0,1,0,0.775928144,0.521728516,1
test,american_bulldog_83,2,500,375,1,4,1,0,0.520096,0.390258789,0
test,american_bulldog_43,2,403,500,1,0,1,0,0.29155335,0.234558105,1
test,american_bulldog_23,2,333,500,1,0,1,0,0.721411411,0.47833252,1
test,american_bulldog_8,2,333,500,1,1,1,0,0.507093093,0.336486816,0
test,american_bulldog_80,2,333,500,1,0,1,0,0.0838618619,0.0559082031,1
test,american_bulldog_55,2,500,334,1,0,1,0,0.307467066,0.207092285,1
test,american_bulldog_49,2,500,376,1,0,1,0,0.479398936,0.358398438,1
test,american_bulldog_59,2,376,500,1,1,1,1,0.492265957,0.368469238,1
test,american_bulldog_99,2,500,333,1,0,1,0,0.854144144,0.566345215,1
test,american_bulldog_30,2,500,334,1,0,1,0,0.666449102,0.447937012,1
test,american_bulldog_63,2,376,500,1,0,1,0,0.249287234,0.187866211,1
test,american_bulldog_94,2,332,500,1,0,1,0,0.521012048,0.346923828,1
test,american_bulldog_208,2,334,500,1,0,1,0,0.288610778,0.193725586,1
test,american_bulldog_90,2,500,375,2,0,2,1,0.545285333,0.408752441,0
test,american_bulldog_69,2,500,400,1,0,1,0,0.40721,0.325500488,1
test,american_bulldog_72,2,500,334,1,0,1,0,0.265287425,0.17956543,1
test,american_bulldog_58,2,334,500,1,0,1,0,0.430203593,0.288818359,1
test,american_bulldog_71,2,500,375,1,0,1,0,0.33176,0.249328613,1
test,american_bulldog_51,2,333,500,1,0,1,0,0.288564565,0.19140625,1
test,american_bulldog_5,2,500,375,1,0,1,0,0.180416,0.135253906,1
test,american_bulldog_31,2,500,351,1,0,1,0,0.66168661,0.465637207,1
test,american_bulldog_216,2,335,500,2,0,1,0,0.434220896,0.290161133,0
test,american_bulldog_48,2,376,500,1,0,1,0,0.375632979,0.281555176,1
test,american_bulldog_42,2,375,500,1,0,1,0,0.760608,0.569824219,1
test,american_bulldog_53,2,500,333,1,0,1,0,0.535333333,0.355957031,1
test,american_bulldog_91,2,333,500,1,2,1,1,0.142018018,0.0942993164,0
test,american_bulldog_75,2,500,375,1,0,1,0,0.559514667,0.419189453,1
test,american_bulldog_97,2,333,500,1,0,1,0,0.223225225,0.1484375,1
test,american_bulldog_78,2,333,500,1,5,1,1,0.559429429,0.371398926,0
test,american_bulldog_92,2,500,335,1,0,1,0,0.410119403,0.275817871,1
test,american_bulldog_62,2,500,375,1,0,1,0,0.120282667,0.0900878906,1
test,american_bulldog_217,2,434,500,1,0,1,0,0.378147465,0.32635498,1
test,american_bulldog_34,2,500,334,1,0,1,0,0.480347305,0.322509766,1
test,american_bulldog_7,2,500,333,1,0,1,0,0.245807808,0.163146973,1
test,american_bulldog_220,2,335,500,2,0,1,0,0.543253731,0.364440918,0
test,american_bulldog_85,2,376,500,1,0,1,0,0.456925532,0.341674805,1
test,american_bulldog_20,2,500,376,1,0,1,0,0.444728723,0.333618164,1
test,american_bulldog_212,2,376,500,2,0,1,0,0.704851064,0.52722168,0
test,american_bulldog_95,2,332,500,1,0,1,0,0.649409639,0.432556152,1
test,american_bulldog_82,2,500,334,1,0,1,0,0.370682635,0.247619629,1
test,american_pit_bull_terrier_64,3,333,500,1,0,1,1,0.446312312,0.296020508,0
test,american_pit_bull_terrier_77,3,375,500,1,0,1,0,0.892693333,0.670532227,1
test,american_pit_bull_terrier_45,3,333,500,1,0,1,0,0.173387387,0.115234375,1
test,american_pit_bull_terrier_67,3,500,375,1,0,1,0,0.431829333,0.323486328,1
test,american_pit_bull_terrier_7,3,334,500,1,0,1,0,0.445287425,0.298339844,1
test,american_pit_bull_terrier_47,3,500,375,1,0,1,0,0.688336,0.515319824,1
test,american_pit_bull_terrier_98,3,500,333,1,0,1,0,0.301369369,0.200195312,1
test,american_pit_bull_terrier_84,3,379,500,1,1,1,0,0.554701847,0.420166016,0
test,american_pit_bull_terrier_58,3,500,375,1,0,1,0,0.837136,0.627441406,1
test,american_pit_bull_terrier_95,3,500,299,1,2,1,1,0.497913043,0.299621582,0
test,american_pit_bull_terrier_197,3,269,250,2,0,1,0,0.451851301,0.418029785,0
test,american_pit_bull_terrier_75,3,500,375,1,1,1,1,0.321722667,0.241271973,1
test,american_pit_bull_terrier_1,3,333,500,1,0,1,0,0.297417417,0.197814941,1
test,american_pit_bull_terrier_202,3,225,300,2,0,1,0,0.165274074,0.121459961,0
test,american_pit_bull_terrier_86,3,500,375,1,0,1,0,0.536858667,0.403015137,1
test,american_pit_bull_terrier_56,3,335,500,1,0,1,0,0.122083582,0.0821533203,1
test,american_pit_bull_terrier_23,3,500,417,1,0,1,0,0.61311271,0.513122559,1
test,american_pit_bull_terrier_54,3,375,500,1,0,1,0,0.269146667,0.201538086,1
test,american_pit_bull_terrier_66,3,347,500,1,0,1,0,0.171573487,0.119812012,1
test,american_pit_bull_terrier_42,3,363,500,1,0,1,0,0.463559229,0.336364746,1
test,american_pit_bull_terrier_200,3,257,300,2,0,1,1,0.227315175,0.194458008,0
test,american_pit_bull_terrier_70,3,500,375,1,0,1,0,0.444021333,0.332519531,1
test,american_pit_bull_terrier_5,3,462,456,1,0,1,0,0.135893712,0.133605957,1
test,american_pit_bull_terrier_36,3,500,375,1,0,1,1,0.370154667,0.276977539,0
test,american_pit_bull_terrier_35,3,379,500,1,11,1,1,0.323197889,0.245178223,0
test,american_pit_bull_terrier_191,3,300,300,1,0,1,0,0.626211111,0.625305176,1
test,american_pit_bull_terrier_41,3,460,500,1,2,1,0,0.448526087,0.414306641,0
test,american_pit_bull_terrier_201,3,300,199,2,0,1,0,0.476934673,0.315551758,0
test,american_pit_bull_terrier_204,3,207,300,2,0,1,0,0.211916264,0.144042969,0
test,american_pit_bull_terrier_44,3,334,500,1,0,1,0,0.17197006,0.115966797,1
test,american_pit_bull_terrier_55,3,500,337,1,1,1,0,0.432047478,0.291015625,0
test,american_pit_bull_terrier_9,3,333,500,1,0,1,0,0.657285285,0.435424805,1
test,american_pit_bull_terrier_69,3,375,500,1,0,1,0,0.923413333,0.692138672,1
test,american_pit_bull_terrier_71,3,375,500,1,1,1,1,0.242218667,0.181640625,1
test,american_pit_bull_terrier_79,3,500,374,1,0,1,0,0.527791444,0.39630127,1
test,american_pit_bull_terrier_40,3,500,332,1,0,1,0,0.177138554,0.117248535,1
test,american_pit_bull_terrier_6,3,375,500,1,0,1,0,0.219968,0.165283203,1
test,american_pit_bull_terrier_198,3,225,300,2,0,1,0,0.372237037,0.278808594,0
test,american_pit_bull_terrier_68,3,334,500,1,0,1,0,0.332137725,0.222839355,1
test,american_pit_bull_terrier_49,3,375,500,1,0,1,0,0.573498667,0.429504395,1
test,american_pit_bull_terrier_93,3,500,335,1,1,1,0,0.254991045,0.171691895,0
test,american_pit_bull_terrier_32,3,489,500,1,0,1,0,0.573411043,0.559936523,1
test,american_pit_bull_terrier_203,3,300,225,2,2,1,3,0.234325926,0.174194336,0
test,american_pit_bull_terrier_82,3,354,500,1,0,1,0,0.55879661,0.396850586,1
test,american_pit_bull_terrier_195,3,300,291,2,0,1,0,0.159873998,0.152832031,0
test,american_pit_bull_terrier_73,3,375,500,1,0,1,0,0.188464,0.141967773,1
test,american_pit_bull_terrier_4,3,332,500,1,0,1,0,0.298542169,0.198364258,1
test,american_pit_bull_terrier_196,3,257,300,2,0,1,0,0.532347601,0.457519531,0
test,american_pit_bull_terrier_72,3,375,500,1,0,1,0,0.151728,0.113586426,1
test,american_pit_bull_terrier_192,3,300,234,2,0,1,0,0.702122507,0.547058105,0
test,american_pit_bull_terrier_74,3,375,500,1,0,1,0,0.310474667,0.233032227,1
test,american_pit_bull_terrier_81,3,333,500,1,0,1,0,0.493033033,0.327636719,1
test,american_pit_bull_terrier_8,3,500,333,1,0,1,0,0.517891892,0.344543457,1
test,american_pit_bull_terrier_53,3,375,500,1,0,1,0,0.234874667,0.17578125,1
test,american_pit_bull_terrier_78,3,375,500,1,1,1,1,0.597162667,0.447753906,1
test,american_pit_bull_terrier_28,3,333,500,1,0,1,0,0.293489489,0.194458008,1
test,american_pit_bull_terrier_46,3,500,333,1,2,1,1,0.586474474,0.389282227,0
test,american_pit_bull_terrier_60,3,258,258,1,0,1,0,0.160762574,0.161010742,1
test,american_pit_bull_terrier_30,3,500,375,1,0,1,0,0.253482667,0.190185547,1
test,american_pit_bull_terrier_19,3,500,333,1,0,1,0,0.482216216,0.320739746,1
test,american_pit_bull_terrier_59,3,500,375,1,1,1,1,0.484224,0.364746094,1
test,american_pit_bull_terrier_89,3,283,500,1,0,1,0,0.117590106,0.0664672852,1
test,american_pit_bull_terrier_87,3,333,500,2,0,2,0,0.142858859,0.0950927734,1
test,american_pit_bull_terrier_27,3,357,500,1,0,1,0,0.33994958,0.241333008,1
test,american_pit_bull_terrier_91,3,334,500,1,0,1,0,0.230802395,0.155029297,1
test,american_pit_bull_terrier_194,3,225,300,2,0,1,0,0.392222222,0.292602539,0
test,american_pit_bull_terrier_99,3,379,500,1,0,1,0,0.592596306,0.448547363,1
test,american_pit_bull_terrier_199,3,225,300,1,0,1,0,0.52717037,0.395141602,1
test,american_pit_bull_terrier_24,3,401,500,1,2,1,2,0.177102244,0.141967773,1
test,american_pit_bull_terrier_26,3,332,500,1,0,1,0,0.520626506,0.347167969,1
test,american_pit_bull_terrier_80,3,333,500,1,0,1,0,0.293567568,0.19543457,1
test,american_pit_bull_terrier_193,3,300,225,2,0,1,0,0.592533333,0.443054199,0
test,american_pit_bull_terrier_25,3,332,500,1,3,1,2,0.384240964,0.25604248,0
test,american_pit_bull_terrier_37,3,374,500,2,0,2,0,0.344668449,0.25769043,1
test,american_pit_bull_terrier_22,3,332,500,1,1,1,1,0.239536145,0.157897949,1
test,american_pit_bull_terrier_96,3,500,375,1,0,1,0,0.234010667,0.175537109,1
test,american_pit_bull_terrier_29,3,379,500,1,0,1,0,0.361282322,0.273498535,1
test,american_pit_bull_terrier_52,3,375,500,1,0,1,0,0.416282667,0.31237793,1
test,american_pit_bull_terrier_50,3,500,375,1,2,1,1,0.196122667,0.147033691,0
test,american_pit_bull_terrier_43,3,500,375,1,0,1,0,0.429418667,0.321777344,1
test,american_pit_bull_terrier_92,3,333,500,1,0,1,0,0.208294294,0.138366699,1
test,american_pit_bull_terrier_65,3,375,500,1,0,1,0,0.344485333,0.259277344,1
test,american_pit_bull_terrier_63,3,500,333,1,3,1,3,0.582828829,0.387084961,1
test,american_pit_bull_terrier_21,3,379,500,1,0,1,0,0.112010554,0.0845336914,1
test,american_pit_bull_terrier_61,3,334,500,1,1,1,0,0.477431138,0.32043457,0
test,american_pit_bull_terrier_94,3,333,500,1,1,1,0,0.265063063,0.17565918,0
test,american_pit_bull_terrier_51,3,500,375,1,0,1,0,0.211866667,0.160583496,1
test,american_pit_bull_terrier_88,3,500,336,1,0,1,0,0.129994048,0.0872192383,1
test,american_pit_bull_terrier_57,3,500,334,1,1,1,0,0.247616766,0.166381836,0
test,american_pit_bull_terrier_2,3,333,500,1,0,1,0,0.570138138,0.378967285,1
test,american_pit_bull_terrier_90,3,500,337,1,0,1,0,0.673667656,0.453125,1
test,american_pit_bull_terrier_62,3,333,500,1,0,1,0,0.329555556,0.219482422,1
test,american_pit_bull_terrier_48,3,387,500,1,0,1,0,0.293426357,0.226318359,1
test,american_pit_bull_terrier_38,3,332,500,1,0,1,0,0.501837349,0.333190918,1
test,american_pit_bull_terrier_76,3,375,500,1,1,1,2,0.251232,0.188049316,0
test,american_pit_bull_terrier_33,3,375,500,1,1,1,0,0.253450667,0.18939209,0
test,american_pit_bull_terrier_31,3,414,500,1,1,1,0,0.280584541,0.23223877,0
test,american_pit_bull_terrier_39,3,379,500,1,0,1,0,0.542955145,0.411193848,1
test,american_pit_bull_terrier_20,3,434,491,1,0,1,0,0.548649892,0.484802246,1
test,american_pit_bull_terrier_97,3,375,500,1,0,1,1,0.378453333,0.283935547,0
test,basset_hound_43,4,500,333,1,0,1,0,0.406864865,0.269714355,1
test,basset_hound_35,4,500,333,1,0,1,0,0.0818438438,0.0534667969,1
test,basset_hound_69,4,500,332,1,2,1,1,0.291024096,0.192871094,0
test,basset_hound_19,4,500,375,1,0,1,0,0.392842667,0.294494629,1
test,basset_hound_61,4,332,500,1,0,1,0,0.22660241,0.15045166,1
test,basset_hound_44,4,375,500,1,1,1,1,0.208229333,0.15637207,1
test,basset_hound_21,4,333,500,1,0,1,0,0.461387387,0.306030273,1
test,basset_hound_30,4,332,500,1,0,1,0,0.22889759,0.151733398,1
test,basset_hound_71,4,333,500,1,0,1,0,0.406870871,0.270080566,1
test,basset_hound_76,4,444,500,1,0,1,1,0.255108108,0.227722168,0
test,basset_hound_194,4,500,333,1,0,1,0,0.568528529,0.378051758,1
test,basset_hound_95,4,333,500,1,0,1,0,0.666612613,0.442382812,1
test,basset_hound_80,4,500,333,1,0,1,0,0.171831832,0.114074707,1
test,basset_hound_199,4,332,500,1,1,1,3,0.454475904,0.301757812,0
test,basset_hound_25,4,500,434,1,2,1,1,0.288940092,0.250183105,0
test,basset_hound_83,4,333,500,1,0,1,0,0.191615616,0.127319336,1
test,basset_hound_38,4,500,332,1,0,1,0,0.48463253,0.321716309,1
test,basset_hound_93,4,333,500,1,0,1,0,0.300768769,0.199584961,1
test,basset_hound_66,4,336,500,1,1,1,1,0.111642857,0.0756835938,1
test,basset_hound_8,4,332,500,1,0,1,0,0.429524096,0.285461426,1
test,basset_hound_81,4,500,362,1,0,1,0,0.707491713,0.513793945,1
test,basset_hound_28,4,329,500,1,2,1,2,0.20987234,0.137390137,1
test,basset_hound_51,4,500,333,1,1,1,0,0.45242042,0.299194336,0
test,basset_hound_92,4,500,332,1,2,1,1,0.389728916,0.25958252,0
test,basset_hound_27,4,447,500,1,0,1,0,0.643458613,0.572265625,1
test,basset_hound_192,4,322,500,1,0,1,0,0.637385093,0.40826416,1
test,basset_hound_65,4,403,500,1,0,1,0,0.151066998,0.121643066,1
test,basset_hound_26,4,500,334,1,0,1,0,0.244838323,0.164794922,1
test,basset_hound_198,4,500,333,1,1,1,2,0.439603604,0.292480469,0
test,basset_hound_31,4,500,375,1,0,1,0,0.4404,0.329711914,1
test,basset_hound_45,4,500,375,1,0,1,0,0.770853333,0.577575684,1
test,basset_hound_42,4,500,375,1,0,1,0,0.634634667,0.476318359,1
test,basset_hound_54,4,375,500,1,0,1,1,0.213344,0.16027832,0
test,basset_hound_1,4,333,500,1,0,1,0,0.362108108,0.24005127,1
test,basset_hound_58,4,375,500,1,0,1,0,0.0880746667,0.0663452148,1
test,basset_hound_32,4,350,500,1,0,1,0,0.144582857,0.102233887,1
test,basset_hound_41,4,500,332,1,0,1,0,0.350963855,0.233215332,1
test,basset_hound_97,4,332,500,1,0,1,0,0.527253012,0.34967041,1
test,basset_hound_23,4,500,500,1,0,1,0,0.799276,0.799438477,1
test,basset_hound_62,4,332,500,1,0,1,0,0.238710843,0.158447266,1
test,basset_hound_5,4,375,500,1,0,1,0,0.304666667,0.227783203,1
test,basset_hound_59,4,500,375,1,0,1,0,0.350810667,0.263366699,1
test,basset_hound_9,4,375,500,1,0,1,0,0.396058667,0.297424316,1
test,basset_hound_34,4,500,375,1,1,1,0,0.472565333,0.354431152,0
test,basset_hound_191,4,375,500,1,0,1,0,0.329717333,0.246704102,1
test,basset_hound_29,4,356,500,1,0,1,0,0.525853933,0.374389648,1
test,basset_hound_39,4,333,500,1,0,1,0,0.732306306,0.48626709,1
test,basset_hound_70,4,375,500,1,0,1,0,0.530885333,0.3984375,1
test,basset_hound_55,4,375,500,1,0,1,0,0.178826667,0.133972168,1
test,basset_hound_40,4,333,500,1,0,1,0,0.554348348,0.367614746,1
test,basset_hound_94,4,333,500,1,0,1,0,0.194078078,0.129638672,1
test,basset_hound_86,4,346,500,1,1,1,3,0.103456647,0.0723266602,0
test,basset_hound_99,4,498,500,1,1,1,0,0.23797992,0.235839844,0
test,basset_hound_72,4,500,333,1,0,1,0,0.468018018,0.31048584,1
test,basset_hound_196,4,333,500,1,0,1,0,0.0792312312,0.0523681641,1
test,basset_hound_24,4,333,500,1,0,1,1,0.28642042,0.190002441,0
test,basset_hound_75,4,383,500,1,0,1,0,0.30551436,0.234313965,1
test,basset_hound_53,4,500,500,1,0,1,0,0.718572,0.718322754,1
test,basset_hound_85,4,375,500,1,0,1,0,0.309157333,0.232849121,1
test,basset_hound_90,4,333,500,3,0,3,0,0.196216216,0.13067627,1
test,basset_hound_4,4,500,334,1,4,1,8,0.432083832,0.29107666,0
test,basset_hound_98,4,500,473,1,1,1,1,0.688663848,0.651611328,1
test,basset_hound_2,4,333,500,1,0,1,0,0.430696697,0.286010742,1
test,basset_hound_96,4,333,500,1,0,1,1,0.652510511,0.433105469,0
test,basset_hound_64,4,500,400,1,2,1,1,0.402685,0.320800781,0
test,basset_hound_89,4,500,401,1,1,1,0,0.420089776,0.337341309,0
test,basset_hound_73,4,500,375,1,0,1,0,0.687765333,0.515808105,1
test,basset_hound_79,4,375,500,1,0,1,1,0.240106667,0.180480957,0
test,basset_hound_195,4,500,333,1,0,1,0,0.658108108,0.436767578,1
test,basset_hound_87,4,500,348,1,0,1,0,0.447867816,0.311523438,1
test,basset_hound_57,4,331,500,1,0,1,0,0.343274924,0.228149414,1
test,basset_hound_60,4,332,500,1,0,1,0,0.193909639,0.128356934,1
test,basset_hound_37,4,500,375,1,1,1,1,0.481413333,0.360900879,1
test,basset_hound_52,4,313,500,1,0,1,0,0.354485623,0.220825195,1
test,basset_hound_78,4,500,416,1,0,1,0,0.609889423,0.504882812,1
test,basset_hound_36,4,333,500,1,0,1,0,0.388114114,0.257324219,1
test,basset_hound_74,4,445,500,1,0,1,1,0.284849438,0.254333496,0
test,basset_hound_46,4,375,500,1,0,1,1,0.279370667,0.209289551,0
test,basset_hound_193,4,332,500,1,1,1,1,0.279319277,0.186279297,1
test,basset_hound_91,4,341,500,1,0,1,0,0.170785924,0.115966797,1
test,basset_hound_49,4,375,500,1,0,1,0,0.251418667,0.188537598,1
test,basset_hound_20,4,375,500,1,0,1,0,0.276682667,0.20690918,1
test,basset_hound_50,4,332,500,1,0,1,0,0.35923494,0.23828125,1
test,basset_hound_47,4,500,332,1,0,1,0,0.587993976,0.390441895,1
test,basset_hound_88,4,333,500,1,0,1,0,0.37209009,0.246887207,1
test,basset_hound_3,4,481,500,1,0,1,0,0.351879418,0.338317871,1
test,basset_hound_33,4,500,415,1,1,1,1,0.529956627,0.43927002,1
test,basset_hound_56,4,331,500,1,0,1,0,0.159891239,0.105712891,1
test,basset_hound_6,4,332,500,1,0,1,0,0.499385542,0.331726074,1
test,basset_hound_84,4,375,500,1,0,1,0,0.171050667,0.128479004,1
test,basset_hound_200,4,333,500,1,0,1,0,0.545777778,0.362915039,1
test,basset_hound_68,4,375,500,1,0,1,0,0.124522667,0.0935058594,1
test,basset_hound_7,4,332,500,1,0,1,0,0.373259036,0.24822998,1
test,basset_hound_77,4,375,500,1,1,1,1,0.233834667,0.176391602,1
test,basset_hound_48,4,500,375,1,0,1,0,0.717152,0.537963867,1
test,basset_hound_63,4,333,500,1,0,1,0,0.255027027,0.169372559,1
test,basset_hound_197,4,402,500,1,0,1,0,0.0308706468,0.0247192383,1
test,basset_hound_82,4,400,500,1,0,1,0,0.659555,0.525817871,1
test,basset_hound_67,4,333,500,1,1,1,1,0.301303303,0.200439453,1
test,basset_hound_22,4,500,500,1,0,1,0,0.706048,0.706054688,1
test,beagle_42,5,400,500,1,2,1,2,0.42523,0.339416504,1
test,beagle_78,5,334,500,2,0,1,0,0.17342515,0.116577148,0
test,beagle_86,5,334,500,1,0,1,0,0.252742515,0.170227051,1
test,beagle_60,5,500,334,1,3,1,4,0.313622754,0.21105957,0
test,beagle_43,5,375,500,1,0,1,0,0.278746667,0.209655762,1
test,beagle_24,5,314,500,1,2,1,3,0.144980892,0.0908203125,0
test,beagle_53,5,280,500,1,0,1,1,0.161164286,0.0903320312,0
test,beagle_76,5,500,333,1,0,1,0,0.47181982,0.313842773,1
test,beagle_33,5,309,500,1,0,1,0,0.0945436893,0.0587768555,1
test,beagle_9,5,500,357,1,0,1,0,0.575064426,0.409179688,1
test,beagle_89,5,333,500,1,2,1,4,0.207543544,0.138305664,0
test,beagle_73,5,381,500,1,0,1,0,0.550871391,0.421569824,1
test,beagle_8,5,500,475,1,0,1,0,0.863052632,0.82208252,1
test,beagle_71,5,334,500,1,0,1,0,0.248383234,0.166625977,1
test,beagle_64,5,500,374,1,2,1,2,0.244352941,0.183349609,1
test,beagle_198,5,500,334,5,72,4,42,0.347898204,0.234130859,0
test,beagle_25,5,375,500,1,1,1,1,0.249648,0.187011719,1
test,beagle_200,5,333,500,3,0,2,0,0.4303003,0.285461426,0
test,beagle_2,5,332,500,1,0,1,0,0.699608434,0.464355469,1
test,beagle_69,5,249,500,1,0,1,0,0.399646586,0.199645996,1
test,beagle_44,5,333,500,1,0,1,0,0.468882883,0.312255859,1
test,beagle_50,5,335,500,1,0,1,0,0.175952239,0.118225098,1
test,beagle_37,5,500,408,1,0,1,0,0.688833333,0.559387207,1
test,beagle_197,5,333,500,2,0,2,0,0.346282282,0.230102539,1
test,beagle_67,5,375,500,1,0,1,0,0.633754667,0.475219727,1
test,beagle_32,5,333,500,1,0,1,0,0.553399399,0.367736816,1
test,beagle_5,5,375,500,1,0,1,0,0.175962667,0.131896973,1
test,beagle_35,5,333,500,1,0,1,0,0.714006006,0.474731445,1
test,beagle_1,5,400,500,1,2,1,2,0.348435,0.276306152,1
test,beagle_94,5,334,500,1,0,1,0,0.127766467,0.0857543945,1
test,beagle_97,5,317,500,1,2,1,0,0.594006309,0.375854492,0
test,beagle_75,5,333,500,1,0,1,0,0.691705706,0.458740234,1
test,beagle_4,5,335,500,1,0,1,0,0.0921910448,0.0615844727,1
test,beagle_26,5,333,500,1,0,1,0,0.67821021,0.449584961,1
test,beagle_46,5,328,500,1,0,1,0,0.586268293,0.384460449,1
test,beagle_29,5,331,500,1,0,1,1,0.347480363,0.230102539,0
test,beagle_40,5,375,500,1,0,1,0,0.585301333,0.439453125,1
test,beagle_77,5,334,500,1,3,1,0,0.261017964,0.175476074,0
test,beagle_204,5,309,500,1,0,1,0,0.540142395,0.332580566,1
test,beagle_38,5,379,500,1,0,1,0,0.513989446,0.389038086,1
test,beagle_61,5,333,500,1,0,1,0,0.34045045,0.225769043,1
test,beagle_3,5,335,500,1,0,1,0,0.464937313,0.312438965,1
test,beagle_79,5,333,500,1,0,1,0,0.10793994,0.0716552734,1
test,beagle_27,5,500,334,1,3,1,1,0.198335329,0.133300781,0
test,beagle_47,5,391,500,1,0,1,0,0.886608696,0.692321777,1
test,beagle_22,5,335,500,1,0,1,0,0.488471642,0.32800293,1
test,beagle_201,5,400,500,2,2,1,2,0.15166,0.120849609,0
test,beagle_7,5,375,500,1,0,1,0,0.221829333,0.16607666,1
test,beagle_58,5,500,334,1,0,1,0,0.386389222,0.260192871,1
test,beagle_92,5,375,500,1,0,1,0,0.172250667,0.128967285,1
test,beagle_65,5,333,500,1,0,1,0,0.319831832,0.212341309,1
test,beagle_203,5,333,500,1,6,1,0,0.324228228,0.215332031,0
test,beagle_196,5,500,375,2,1,1,0,0.439930667,0.329833984,0
test,beagle_62,5,334,500,1,0,1,0,0.614101796,0.412719727,1
test,beagle_202,5,333,500,1,1,1,0,0.0950570571,0.0635375977,0
test,beagle_49,5,428,500,1,1,1,1,0.372046729,0.319091797,1
test,beagle_30,5,500,333,1,2,1,3,0.266990991,0.176513672,0
test,beagle_55,5,500,335,1,1,1,1,0.169414925,0.113891602,1
test,beagle_63,5,375,500,1,0,1,1,0.312122667,0.234069824,0
test,beagle_74,5,375,500,1,0,1,0,0.498896,0.373596191,1
test,beagle_95,5,487,500,1,0,1,0,0.0966078029,0.0947265625,1
test,beagle_54,5,333,500,1,0,1,0,0.085045045,0.0559692383,1
test,beagle_20,5,391,500,1,1,1,2,0.364557545,0.284973145,0
test,beagle_81,5,500,375,1,0,1,0,0.277973333,0.20880127,1
test,beagle_82,5,500,375,1,0,1,0,0.439146667,0.329162598,1
test,beagle_59,5,500,334,1,0,1,0,0.22760479,0.153259277,1
test,beagle_41,5,333,500,1,0,1,0,0.456972973,0.302856445,1
test,beagle_31,5,449,500,2,1,2,1,0.412044543,0.370727539,1
test,beagle_70,5,294,500,1,0,1,0,0.267034014,0.156005859,1
test,beagle_72,5,333,500,1,0,1,0,0.334192192,0.221862793,1
test,beagle_90,5,500,335,1,0,1,0,0.656155224,0.440124512,1
test,beagle_91,5,375,500,1,1,1,2,0.232352,0.174560547,0
test,beagle_88,5,334,500,1,0,1,0,0.0826946108,0.0555419922,1
test,beagle_45,5,333,500,1,0,1,1,0.193309309,0.127746582,0
test,beagle_57,5,500,334,1,0,1,0,0.448257485,0.301147461,1
test,beagle_23,5,335,500,1,0,1,0,0.63120597,0.424316406,1
test,beagle_48,5,365,500,1,2,1,2,0.456126027,0.332092285,1
test,beagle_21,5,318,500,1,0,1,0,0.316522013,0.200195312,1
test,beagle_85,5,355,500,1,0,1,0,0.442394366,0.314941406,1
test,beagle_87,5,334,500,1,0,1,0,0.320928144,0.216064453,1
test,beagle_39,5,375,500,1,0,1,0,0.274549333,0.205932617,1
test,beagle_195,5,500,335,4,0,2,0,0.373402985,0.252197266,0
test,beagle_199,5,333,500,1,0,1,0,0.663279279,0.438537598,1
test,beagle_19,5,334,500,1,0,1,0,0.284928144,0.191345215,1
test,beagle_36,5,500,333,1,0,1,0,0.392900901,0.260986328,1
test,beagle_83,5,375,500,1,1,1,1,0.607546667,0.455993652,1
test,beagle_84,5,334,500,1,0,1,0,0.335982036,0.226013184,1
test,beagle_93,5,333,500,1,0,1,0,0.379513514,0.252197266,1
test,beagle_96,5,375,500,2,0,1,6,0.309146667,0.231628418,0
test,beagle_98,5,442,500,1,1,1,1,0.166628959,0.14666748,1
test,beagle_28,5,500,333,1,1,1,1,0.703105105,0.467407227,1
test,beagle_56,5,333,500,1,0,1,0,0.184516517,0.122924805,1
test,beagle_34,5,396,500,1,1,1,0,0.417515152,0.328125,0
test,beagle_80,5,500,453,1,0,1,0,0.679664459,0.616394043,1
test,beagle_99,5,500,375,1,3,1,2,0.33792,0.252685547,0
test,beagle_52,5,280,500,1,0,1,0,0.217878571,0.122680664,1
test,beagle_66,5,500,357,1,0,1,0,0.353445378,0.25189209,1
test,beagle_6,5,385,500,1,0,1,0,0.123397403,0.095703125,1
test,beagle_68,5,500,500,1,1,1,0,0.576128,0.57611084,0
test,beagle_51,5,333,500,1,0,1,0,0.413627628,0.274841309,1
test,Bengal_97,6,374,500,1,1,1,0,0.413513369,0.309936523,0
test,Bengal_33,6,400,500,1,0,1,0,0.380455,0.303283691,1
test,Bengal_71,6,377,500,1,0,1,0,0.50266313,0.379943848,1
test,Bengal_192,6,233,301,1,0,1,1,0.357064435,0.276123047,0
test,Bengal_39,6,324,500,1,0,1,1,0.311907407,0.201599121,0
test,Bengal_73,6,375,500,1,0,1,0,0.318597333,0.237731934,1
test,Bengal_193,6,288,289,1,0,1,0,0.465734333,0.465515137,1
test,Bengal_26,6,333,500,1,0,1,0,0.211645646,0.14074707,1
test,Bengal_58,6,333,500,1,3,1,2,0.0752672673,0.0499267578,0
test,Bengal_6,6,281,500,1,0,1,0,0.227274021,0.128112793,1
test,Bengal_95,6,375,500,1,0,1,0,0.449514667,0.336975098,1
test,Bengal_41,6,500,500,1,0,1,0,0.180528,0.17956543,1
test,Bengal_90,6,333,500,1,1,1,2,0.418636637,0.277160645,0
test,Bengal_62,6,334,500,1,0,1,0,0.264311377,0.17755127,1
test,Bengal_45,6,375,500,1,0,1,0,0.47488,0.35559082,1
test,Bengal_87,6,375,500,1,0,1,0,0.133706667,0.100402832,1
test,Bengal_55,6,333,500,1,3,1,1,0.222294294,0.147460938,0
test,Bengal_61,6,373,500,1,0,1,0,0.551646113,0.409179688,1
test,Bengal_27,6,500,500,1,0,1,0,0.599488,0.598632812,1
test,Bengal_8,6,333,500,1,1,1,1,0.281861862,0.187133789,1
test,Bengal_31,6,333,500,1,0,1,0,0.499807808,0.33215332,1
test,Bengal_32,6,333,500,1,0,1,0,0.488942943,0.325439453,1
test,Bengal_67,6,500,375,1,1,1,0,0.184629333,0.13873291,0
test,Bengal_3,6,412,500,1,2,1,1,0.528601942,0.433166504,0
test,Bengal_92,6,500,375,1,1,1,3,0.141141333,0.106201172,0
test,Bengal_81,6,332,500,1,0,1,0,0.163036145,0.107849121,1
test,Bengal_50,6,500,375,1,0,1,0,0.474261333,0.355163574,1
test,Bengal_199,6,204,247,1,0,1,0,0.659105343,0.545837402,1
test,Bengal_93,6,375,500,1,0,1,0,0.274426667,0.206054688,1
test,Bengal_56,6,375,500,1,0,1,0,0.191232,0.143005371,1
test,Bengal_25,6,364,500,1,0,1,0,0.129895604,0.0941162109,1
test,Bengal_196,6,313,399,1,0,1,0,0.460896651,0.359191895,1
test,Bengal_34,6,357,500,1,0,1,0,0.337193277,0.239624023,1
test,Bengal_65,6,333,500,1,0,1,0,0.364336336,0.240661621,1
test,Bengal_20,6,500,458,1,0,1,0,0.148886463,0.136169434,1
test,Bengal_94,6,322,500,1,0,1,0,0.453018634,0.290771484,1
test,Bengal_75,6,500,358,1,0,1,0,0.304877095,0.219482422,1
test,Bengal_22,6,500,375,1,0,1,0,0.186746667,0.140319824,1
test,Bengal_85,6,434,500,1,0,1,0,0.356290323,0.310119629,1
test,Bengal_82,6,500,500,2,0,2,3,0.279976,0.279541016,0
test,Bengal_49,6,333,500,1,0,1,0,0.12218018,0.0814819336,1
test,Bengal_2,6,505,600,1,0,1,0,0.377052805,0.317687988,1
test,Bengal_86,6,500,316,1,0,1,0,0.472278481,0.29901123,1
test,Bengal_46,6,375,500,1,0,1,0,0.529157333,0.396850586,1
test,Bengal_30,6,500,333,1,0,1,0,0.064048048,0.0424194336,1
test,Bengal_4,6,375,500,1,3,1,0,0.312912,0.234741211,0
test,Bengal_43,6,357,500,1,0,1,1,0.436633053,0.309509277,0
test,Bengal_89,6,500,333,1,0,1,0,0.669825826,0.444335938,1
test,Bengal_28,6,500,333,1,0,1,0,0.366624625,0.242797852,1
test,Bengal_59,6,375,500,1,0,1,0,0.392965333,0.293884277,1
test,Bengal_51,6,333,500,1,0,1,0,0.16018018,0.106323242,1
test,Bengal_194,6,240,210,1,1,1,0,0.396805556,0.347900391,0
test,Bengal_5,6,327,500,1,0,1,0,0.318079511,0.208740234,1
test,Bengal_201,6,166,250,1,0,1,0,0.45139759,0.299987793,1
test,Bengal_79,6,387,500,1,0,1,0,0.407338501,0.314941406,1
test,Bengal_21,6,333,500,1,0,1,0,0.397189189,0.264038086,1
test,Bengal_23,6,290,500,1,1,1,1,0.560951724,0.32421875,1
test,Bengal_80,6,500,500,1,1,1,1,0.33988,0.339233398,1
test,Bengal_88,6,335,500,1,0,1,0,0.304507463,0.204589844,1
test,Bengal_69,6,500,375,1,0,1,0,0.189589333,0.142211914,1
test,Bengal_35,6,375,500,1,0,1,0,0.260016,0.195678711,1
test,Bengal_70,6,500,375,1,0,1,0,0.274725333,0.205566406,1
test,Bengal_24,6,375,500,1,0,1,0,0.148288,0.111877441,1
test,Bengal_64,6,375,500,1,0,1,0,0.391925333,0.293823242,1
test,Bengal_42,6,359,500,1,1,1,0,0.573727019,0.41192627,0
test,Bengal_29,6,500,500,1,0,1,0,0.392048,0.390686035,1
test,Bengal_72,6,500,375,1,0,1,0,0.181333333,0.135742188,1
test,Bengal_83,6,375,500,1,0,1,0,0.312890667,0.235290527,1
test,Bengal_96,6,375,500,1,1,1,0,0.423861333,0.317871094,0
test,Bengal_195,6,276,368,1,0,1,0,0.211966367,0.158935547,1
test,Bengal_63,6,375,500,1,0,1,0,0.463653333,0.348144531,1
test,Bengal_78,6,333,500,1,0,1,0,0.607213213,0.402893066,1
test,Bengal_99,6,401,500,1,0,1,0,0.499785536,0.402160645,1
test,Bengal_1,6,901,600,1,4,1,2,0.337526822,0.222961426,0
test,Bengal_200,6,616,640,1,0,1,0,0.612048498,0.587463379,1
test,Bengal_52,6,333,500,1,0,1,0,0.198282282,0.131286621,1
test,Bengal_7,6,312,500,1,1,1,3,0.650525641,0.405273438,0
test,Bengal_91,6,333,500,1,0,1,0,0.496066066,0.328918457,1
test,Bengal_40,6,500,500,1,2,1,0,0.298244,0.298522949,0
test,Bengal_66,6,375,500,1,0,1,0,0.189909333,0.143981934,1
test,Bengal_68,6,375,500,1,0,1,0,0.339733333,0.253845215,1
test,Bengal_197,6,206,300,1,0,1,0,0.442686084,0.304931641,1
test,Bengal_198,6,370,366,1,0,1,0,0.385002215,0.383483887,1
test,Bengal_36,6,375,500,1,0,1,0,0.114549333,0.0860595703,1
test,Bengal_77,6,375,500,1,1,1,0,0.242826667,0.182800293,0
test,Bengal_19,6,500,500,1,0,1,0,0.16894,0.169189453,1
test,Bengal_60,6,333,500,1,0,1,0,0.416312312,0.275512695,1
test,Bengal_54,6,280,500,1,0,1,0,0.275235714,0.15435791,1
test,Bengal_76,6,377,500,1,0,1,0,0.373453581,0.28314209,1
test,Bengal_47,6,375,500,1,0,1,0,0.252736,0.190124512,1
test,Bengal_57,6,374,500,1,0,1,2,0.398994652,0.299194336,0
test,Bengal_37,6,375,500,1,0,1,1,0.140677333,0.10534668,0
test,Bengal_9,6,333,500,1,0,1,0,0.209411411,0.139038086,1
test,Bengal_44,6,375,500,1,0,1,0,0.0846293333,0.0628051758,1
test,Bengal_98,6,500,333,1,0,1,0,0.208462462,0.13861084,1
test,Bengal_48,6,333,500,1,1,1,1,0.416246246,0.276672363,1
test,Bengal_74,6,400,500,1,0,1,1,0.355075,0.282287598,0
test,Bengal_38,6,333,500,1,0,1,3,0.560516517,0.373535156,0
test,Bengal_84,6,500,408,1,0,1,0,0.491102941,0.399230957,1
test,Bengal_53,6,333,500,1,1,1,0,0.396504505,0.263916016,0
test,Birman_57,7,375,500,1,0,1,0,0.564736,0.42376709,1
test,Birman_71,7,375,500,1,0,1,0,0.363322667,0.272705078,1
test,Birman_3,7,375,500,1,0,1,0,0.616389333,0.462402344,1
test,Birman_39,7,375,500,1,0,1,0,0.348288,0.260864258,1
test,Birman_61,7,333,500,1,0,1,0,0.448576577,0.298095703,1
test,Birman_52,7,375,500,1,0,1,0,0.219504,0.164611816,1
test,Birman_35,7,332,500,1,1,1,2,0.507981928,0.337768555,0
test,Birman_6,7,334,500,1,0,1,0,0.359041916,0.240905762,1
test,Birman_33,7,375,500,1,0,1,0,0.201376,0.150512695,1
test,Birman_28,7,375,500,1,0,1,0,0.513488,0.385742188,1
test,Birman_73,7,375,500,1,0,1,0,0.453594667,0.340454102,1
test,Birman_27,7,500,334,1,0,1,0,0.523419162,0.351806641,1
test,Birman_38,7,375,500,1,0,1,0,0.548586667,0.411193848,1
test,Birman_45,7,375,500,1,0,1,0,0.544208,0.409057617,1
test,Birman_86,7,333,500,1,0,1,0,0.301153153,0.200500488,1
test,Birman_49,7,336,500,1,0,1,0,0.538321429,0.361206055,1
test,Birman_4,7,500,375,1,0,1,0,0.625984,0.469299316,1
test,Birman_192,7,334,500,1,0,1,0,0.192113772,0.129211426,1
test,Birman_96,7,333,500,1,1,1,3,0.613255255,0.407836914,0
test,Birman_36,7,375,500,1,0,1,0,0.405765333,0.304199219,1
test,Birman_19,7,333,500,1,0,1,0,0.371921922,0.245910645,1
test,Birman_196,7,384,600,1,0,1,0,0.384353299,0.246520996,1
test,Birman_48,7,333,500,1,0,1,0,0.61042042,0.405700684,1
test,Birman_88,7,375,500,1,0,1,0,0.380506667,0.285766602,1
test,Birman_193,7,333,500,1,0,1,0,0.377627628,0.251281738,1
test,Birman_25,7,333,500,1,0,1,0,0.671291291,0.444885254,1
test,Birman_55,7,309,301,1,0,1,0,0.321312991,0.313415527,1
test,Birman_80,7,400,500,1,0,1,0,0.29523,0.234985352,1
test,Birman_63,7,500,375,1,0,1,0,0.844928,0.633422852,1
test,Birman_201,7,400,600,1,0,1,0,0.354116667,0.234802246,1
test,Birman_97,7,332,500,1,0,1,0,0.667927711,0.444030762,1
test,Birman_198,7,400,600,1,0,1,0,0.6207625,0.412536621,1
test,Birman_20,7,339,500,1,0,1,0,0.491852507,0.333740234,1
test,Birman_81,7,324,448,1,0,1,0,0.427296903,0.309997559,1
test,Birman_23,7,312,500,1,0,1,3,0.564685897,0.354125977,0
test,Birman_65,7,333,500,1,0,1,0,0.410228228,0.271728516,1
test,Birman_94,7,334,500,1,0,1,0,0.18939521,0.127868652,1
test,Birman_1,7,500,375,1,0,1,0,0.36184,0.271362305,1
test,Birman_7,7,375,500,1,1,1,4,0.638021333,0.478149414,0
test,Birman_42,7,500,330,1,0,1,0,0.666981818,0.437988281,1
test,Birman_40,7,375,500,1,0,1,0,0.632501333,0.474182129,1
test,Birman_9,7,375,500,1,0,1,0,0.176970667,0.133300781,1
test,Birman_82,7,324,448,1,0,1,0,0.535121803,0.389770508,1
test,Birman_47,7,333,500,1,0,1,1,0.713045045,0.473266602,0
test,Birman_200,7,480,374,1,0,1,0,0.482442068,0.376953125,1
test,Birman_32,7,444,500,1,0,1,0,0.8245,0.735168457,1
test,Birman_194,7,333,500,1,0,1,0,0.362348348,0.24005127,1
test,Birman_92,7,375,500,1,0,1,0,0.410421333,0.30847168,1
test,Birman_90,7,333,500,1,0,1,0,0.403387387,0.268615723,1
test,Birman_78,7,500,333,1,0,1,0,0.783003003,0.520202637,1
test,Birman_21,7,333,500,1,0,1,0,0.40766967,0.269775391,1
test,Birman_29,7,500,478,1,0,1,0,0.381635983,0.362854004,1
test,Birman_41,7,332,500,1,0,1,0,0.434704819,0.28894043,1
test,Birman_91,7,293,500,1,0,1,0,0.627255973,0.367919922,1
test,Birman_8,7,500,375,1,0,1,0,0.478106667,0.358398438,1
test,Birman_84,7,333,500,1,0,1,0,0.504630631,0.336364746,1
test,Birman_79,7,334,500,1,0,1,0,0.501682635,0.337585449,1
test,Birman_22,7,314,500,1,0,1,0,0.321343949,0.200561523,1
test,Birman_95,7,500,333,1,0,1,0,0.212696697,0.141296387,1
test,Birman_51,7,451,500,1,0,1,0,0.980771619,0.880981445,1
test,Birman_99,7,374,444,1,6,1,0,0.403472323,0.340820312,0
test,Birman_31,7,500,398,1,0,1,0,0.566366834,0.451660156,1
test,Birman_83,7,332,500,1,0,1,0,0.773566265,0.513549805,1
test,Birman_69,7,500,500,1,0,1,0,0.81222,0.811706543,1
test,Birman_77,7,375,500,1,0,1,0,0.346826667,0.262023926,1
test,Birman_5,7,335,500,1,0,1,0,0.489456716,0.329040527,1
test,Birman_59,7,357,500,1,0,1,0,0.364817927,0.259521484,1
test,Birman_74,7,500,358,1,0,1,0,0.745625698,0.536010742,1
test,Birman_199,7,333,500,1,2,1,1,0.653459459,0.433288574,0
test,Birman_26,7,500,334,1,0,1,0,0.379023952,0.253295898,1
test,Birman_85,7,333,500,1,0,1,0,0.561681682,0.371520996,1
test,Birman_46,7,482,500,1,0,1,0,0.686448133,0.659545898,1
test,Birman_34,7,333,500,1,0,1,0,0.548234234,0.363952637,1
test,Birman_53,7,500,431,1,0,1,0,0.574682135,0.49407959,1
test,Birman_93,7,328,500,2,0,2,0,0.287347561,0.189331055,1
test,Birman_60,7,333,500,1,0,1,0,0.390318318,0.259765625,1
test,Birman_98,7,370,290,1,0,1,0,0.670400746,0.524169922,1
test,Birman_56,7,375,500,1,0,1,0,0.345621333,0.258666992,1
test,Birman_37,7,500,375,1,0,1,0,0.359973333,0.270324707,1
test,Birman_2,7,334,500,1,0,1,0,0.533598802,0.358642578,1
test,Birman_68,7,500,500,1,0,1,0,0.802356,0.801452637,1
test,Birman_44,7,375,500,1,0,1,3,0.439082667,0.329528809,0
test,Birman_24,7,500,333,1,0,1,0,0.259471471,0.172485352,1
test,Birman_43,7,500,340,1,0,1,0,0.571105882,0.388122559,1
test,Birman_58,7,500,375,1,0,1,0,0.627637333,0.470581055,1
test,Birman_64,7,375,500,1,0,1,0,0.675429333,0.505981445,1
test,Birman_54,7,448,323,1,0,1,0,0.58755805,0.421936035,1
test,Birman_50,7,375,500,1,0,1,0,0.454538667,0.341186523,1
test,Birman_76,7,375,500,1,0,1,0,0.669178667,0.502075195,1
test,Birman_197,7,510,679,1,0,1,0,0.820786046,0.61529541,1
test,Birman_72,7,375,500,1,0,1,0,0.24696,0.184997559,1
test,Birman_30,7,500,402,1,0,1,0,0.485333333,0.390319824,1
test,Birman_67,7,335,500,1,0,1,0,0.426053731,0.28717041,1
test,Birman_70,7,333,500,1,0,1,0,0.577111111,0.383544922,1
test,Birman_75,7,439,500,1,0,1,0,0.576929385,0.504455566,1
test,Birman_62,7,333,500,1,0,1,0,0.256972973,0.170471191,1
test,Birman_89,7,333,500,1,0,1,0,0.696246246,0.461791992,1
test,Birman_191,7,333,500,1,0,1,0,0.465153153,0.308532715,1
test,Birman_66,7,375,500,1,0,1,0,0.305232,0.229492188,1
test,Birman_87,7,375,500,1,0,1,0,0.396986667,0.297363281,1
test,Bombay_27,8,375,500,1,0,1,0,0.16736,0.125793457,1
test,Bombay_89,8,500,333,1,0,1,0,0.687723724,0.456115723,1
test,Bombay_96,8,375,500,1,0,1,0,0.525989333,0.394592285,1
test,Bombay_30,8,375,500,1,0,1,0,0.485898667,0.364929199,1
test,Bombay_97,8,342,450,1,2,1,0,0.480773229,0.365600586,0
test,Bombay_36,8,375,500,1,0,1,0,0.08024,0.0606689453,1
test,Bombay_41,8,768,1024,1,0,1,0,0.656578064,0.492431641,1
test,Bombay_42,8,375,500,1,0,1,0,0.228624,0.171386719,1
test,Bombay_31,8,380,307,1,0,1,0,0.430130293,0.347351074,1
test,Bombay_29,8,1200,1600,1,0,1,0,0.465022396,0.34753418,1
test,Bombay_86,8,298,402,1,0,1,0,0.374161074,0.27722168,1
test,Bombay_53,8,220,220,1,0,1,0,0.618946281,0.618408203,1
test,Bombay_55,8,205,250,1,1,1,1,0.442204878,0.362060547,1
test,Bombay_65,8,281,387,1,0,1,0,0.519894802,0.37689209,1
test,Bombay_20,8,334,500,1,0,1,0,0.433077844,0.291748047,1
test,Bombay_94,8,375,500,1,0,1,0,0.665984,0.49987793,1
test,Bombay_43,8,526,696,1,0,1,0,0.289249268,0.219299316,1
test,Bombay_74,8,375,500,1,0,1,0,0.332816,0.250366211,1
test,Bombay_81,8,250,243,1,1,1,1,0.652954733,0.630615234,1
test,Bombay_204,8,224,300,1,0,1,0,0.0871279762,0.0654907227,1
test,Bombay_39,8,375,500,1,0,1,0,0.393472,0.295349121,1
test,Bombay_214,8,218,300,1,0,1,0,0.369770642,0.269470215,1
test,Bombay_37,8,200,200,1,0,1,0,0.5682,0.567626953,1
test,Bombay_45,8,470,615,1,2,1,2,0.746500605,0.570983887,1
test,Bombay_5,8,853,600,1,0,1,0,0.351510356,0.246459961,1
test,Bombay_82,8,180,240,1,0,1,0,0.366365741,0.274841309,1
test,Bombay_213,8,300,285,1,0,1,0,0.685473684,0.652648926,1
test,Bombay_38,8,249,350,1,0,1,0,0.327194492,0.232788086,1
test,Bombay_7,8,333,500,1,0,1,0,0.275051051,0.182312012,1
test,Bombay_64,8,197,300,1,2,1,1,0.439441624,0.28894043,0
test,Bombay_202,8,225,300,1,0,1,0,0.521659259,0.391113281,1
test,Bombay_205,8,240,229,1,0,1,0,0.73930131,0.703796387,1
test,Bombay_54,8,500,375,1,0,1,0,0.695018667,0.52142334,1
test,Bombay_23,8,340,500,1,0,1,0,0.476558824,0.323913574,1
test,Bombay_83,8,225,300,1,1,1,1,0.335762963,0.250732422,1
test,Bombay_201,8,300,200,1,0,1,0,0.650383333,0.432128906,1
test,Bombay_40,8,375,500,1,0,1,0,0.337338667,0.252990723,1
test,Bombay_59,8,375,500,1,0,1,0,0.812277333,0.609436035,1
test,Bombay_26,8,375,500,1,0,1,0,0.245866667,0.184326172,1
test,Bombay_56,8,375,500,1,0,1,0,0.583642667,0.437988281,1
test,Bombay_2,8,196,275,1,1,1,1,0.3216141,0.228759766,1
test,Bombay_47,8,333,500,1,0,1,0,0.24972973,0.165710449,1
test,Bombay_8,8,246,500,1,0,1,0,0.178398374,0.0881347656,1
test,Bombay_93,8,300,352,1,0,1,0,0.31811553,0.27154541,1
test,Bombay_3,8,250,350,1,1,1,1,0.399942857,0.284362793,1
test,Bombay_46,8,375,500,1,0,1,0,0.480928,0.361206055,1
test,Bombay_62,8,375,500,1,0,1,0,0.409829333,0.307556152,1
test,Bombay_33,8,397,384,1,0,1,0,0.216145833,0.210754395,1
test,Bombay_68,8,375,500,1,0,1,0,0.404272,0.303527832,1
test,Bombay_25,8,300,400,1,0,1,0,0.659716667,0.494506836,1
test,Bombay_60,8,281,500,1,1,1,0,0.489366548,0.275268555,0
test,Bombay_75,8,270,240,1,0,1,0,0.510447531,0.455566406,1
test,Bombay_91,8,375,500,1,0,1,0,0.649690667,0.487548828,1
test,Bombay_221,8,316,434,1,0,1,0,0.264729044,0.192749023,1
test,Bombay_87,8,375,500,1,1,1,2,0.240954667,0.180175781,0
test,Bombay_71,8,300,400,2,2,2,1,0.425983333,0.319091797,0
test,Bombay_76,8,225,300,1,0,1,0,0.432488889,0.324523926,1
test,Bombay_4,8,740,600,1,0,1,0,0.365322072,0.296508789,1
test,Bombay_98,8,320,242,1,0,1,0,0.596875,0.453125,1
test,Bombay_90,8,375,500,1,0,1,0,0.676501333,0.506896973,1
test,Bombay_200,8,300,275,1,0,1,0,0.334521212,0.305969238,1
test,Bombay_21,8,225,225,1,0,1,0,0.622893827,0.623901367,1
test,Bombay_48,8,431,334,1,0,1,0,0.357183545,0.278015137,1
test,Bombay_72,8,500,375,1,0,1,0,0.895429333,0.671447754,1
test,Bombay_9,8,333,500,1,0,1,0,0.441003003,0.292907715,1
test,Bombay_215,8,225,300,1,0,1,0,0.148962963,0.111938477,1
test,Bombay_77,8,370,536,1,0,1,2,0.45,0.309082031,0
test,Bombay_66,8,375,500,1,0,1,0,0.570336,0.428039551,1
test,Bombay_24,8,560,512,1,0,1,0,0.449727958,0.411804199,1
test,Bombay_58,8,375,500,1,0,1,0,0.366576,0.274169922,1
test,Bombay_95,8,500,375,1,0,1,0,0.859685333,0.644042969,1
test,Bombay_50,8,382,400,1,0,1,0,0.766767016,0.731689453,1
test,Bombay_63,8,375,500,1,0,1,0,0.438554667,0.329284668,1
test,Bombay_80,8,186,175,1,0,1,0,0.49250384,0.461791992,1
test,Bombay_67,8,500,375,1,0,1,0,0.945690667,0.708984375,1
test,Bombay_49,8,306,324,1,0,1,0,0.513283709,0.485595703,1
test,Bombay_70,8,103,137,1,0,1,0,0.913046559,0.684997559,1
test,Bombay_79,8,456,600,1,0,1,0,0.483512427,0.366271973,1
test,Bombay_6,8,480,600,1,0,1,0,0.213704861,0.170593262,1
test,Bombay_88,8,150,200,1,0,1,0,0.495666667,0.372070312,1
test,Bombay_57,8,382,536,1,0,1,0,0.318736813,0.22644043,1
test,Bombay_61,8,375,500,1,0,1,0,0.636768,0.477294922,1
test,Bombay_34,8,367,500,1,0,1,0,0.196790191,0.144836426,1
test,Bombay_208,8,225,300,1,0,1,0,0.147111111,0.110473633,1
test,Bombay_84,8,209,300,1,4,1,2,0.410637959,0.285949707,0
test,Bombay_78,8,375,500,1,0,1,0,0.311818667,0.233337402,1
test,Bombay_52,8,375,500,1,0,1,0,0.570330667,0.427490234,1
test,Bombay_73,8,375,500,1,0,1,0,0.323930667,0.242736816,1
test,boxer_59,9,500,333,1,0,1,0,0.62612012,0.416442871,1
test,boxer_35,9,361,500,1,1,1,1,0.151711911,0.108825684,1
test,boxer_40,9,500,333,1,0,1,0,0.842804805,0.558837891,1
test,boxer_60,9,375,500,1,0,1,0,0.660368,0.494506836,1
test,boxer_196,9,363,500,1,1,1,0,0.233090909,0.168945312,0
test,boxer_89,9,333,500,1,1,1,0,0.358048048,0.237915039,0
test,boxer_37,9,334,500,1,0,1,0,0.546053892,0.3671875,1
test,boxer_84,9,333,500,1,0,1,0,0.439693694,0.29284668,1
test,boxer_5,9,333,500,1,4,1,1,0.296996997,0.196472168,0
test,boxer_19,9,500,375,1,0,1,0,0.744298667,0.558654785,1
test,boxer_49,9,386,500,1,0,1,0,0.706528497,0.547485352,1
test,boxer_85,9,333,500,1,1,1,1,0.0973213213,0.0646362305,1
test,boxer_73,9,500,494,1,0,1,0,0.598093117,0.588562012,1
test,boxer_26,9,332,500,1,0,1,0,0.363506024,0.241088867,1
test,boxer_75,9,375,500,1,1,1,1,0.177125333,0.132385254,1
test,boxer_90,9,333,500,1,0,1,0,0.537411411,0.357055664,1
test,boxer_87,9,375,500,1,0,1,0,0.433664,0.325134277,1
test,boxer_27,9,500,395,1,1,1,0,0.664531646,0.52355957,0
test,boxer_81,9,333,500,1,1,1,1,0.24557958,0.162658691,1
test,boxer_62,9,500,316,2,0,2,0,0.314544304,0.197753906,1
test,boxer_72,9,309,500,1,0,1,0,0.271411003,0.167663574,1
test,boxer_28,9,500,333,1,0,1,0,0.588750751,0.390441895,1
test,boxer_25,9,500,375,1,4,1,1,0.531392,0.397827148,0
test,boxer_39,9,500,333,1,0,1,0,0.583459459,0.387451172,1
test,boxer_77,9,336,500,1,0,1,0,0.515244048,0.346191406,1
test,boxer_2,9,334,500,1,0,1,0,0.369461078,0.248596191,1
test,boxer_197,9,375,500,2,0,2,0,0.10272,0.076965332,1
test,boxer_3,9,375,500,1,0,1,0,0.055104,0.0413208008,1
test,boxer_61,9,500,375,1,0,1,0,0.786394667,0.589355469,1
test,boxer_88,9,333,500,1,0,1,0,0.239951952,0.159057617,1
test,boxer_54,9,464,500,1,0,1,0,0.415814655,0.386291504,1
test,boxer_74,9,500,479,1,0,1,0,0.802705637,0.771179199,1
test,boxer_99,9,500,332,1,0,1,0,0.417150602,0.276428223,1
test,boxer_22,9,333,500,1,0,1,0,0.430276276,0.285949707,1
test,boxer_98,9,347,500,1,0,1,0,0.41859366,0.29107666,1
test,boxer_71,9,500,334,1,0,1,0,0.627982036,0.422119141,1
test,boxer_44,9,370,500,1,0,1,0,0.628167568,0.466308594,1
test,boxer_20,9,500,375,1,0,1,0,0.521109333,0.39074707,1
test,boxer_47,9,333,500,1,0,1,0,0.50809009,0.337158203,1
test,boxer_4,9,333,500,1,1,1,1,0.216870871,0.144104004,1
test,boxer_193,9,500,333,2,1,1,1,0.24448048,0.163391113,0
test,boxer_195,9,375,500,2,0,1,1,0.145541333,0.108825684,0
test,boxer_58,9,500,375,1,0,1,0,0.707077333,0.529724121,1
test,boxer_41,9,500,400,1,0,1,0,0.319555,0.253967285,1
test,boxer_93,9,500,333,1,1,1,1,0.495825826,0.328063965,1
test,boxer_42,9,500,333,1,0,1,0,0.315525526,0.208007812,1
test,boxer_83,9,333,500,1,0,1,0,0.422948949,0.280639648,1
test,boxer_76,9,500,438,1,1,1,2,0.248671233,0.217529297,0
test,boxer_50,9,500,333,1,0,1,0,0.354066066,0.233337402,1
test,boxer_23,9,500,419,1,0,1,0,0.713059666,0.59564209,1
test,boxer_46,9,309,500,1,1,1,1,0.224822006,0.138122559,1
test,boxer_97,9,500,500,1,0,1,0,0.952084,0.952209473,1
test,boxer_70,9,335,500,1,0,1,0,0.462955224,0.311584473,1
test,boxer_7,9,476,500,1,0,1,0,0.566063025,0.539489746,1
test,boxer_36,9,500,333,1,0,1,0,0.72778979,0.483581543,1
test,boxer_65,9,308,500,1,2,1,0,0.0706753247,0.0436401367,0
test,boxer_191,9,500,387,1,0,1,0,0.36774677,0.282775879,1
test,boxer_200,9,375,500,1,3,1,2,0.313893333,0.235290527,0
test,boxer_69,9,335,500,1,0,1,0,0.49599403,0.332641602,1
test,boxer_67,9,417,500,1,0,1,0,0.684206235,0.571899414,1
test,boxer_38,9,500,333,1,1,1,1,0.660372372,0.439086914,1
test,boxer_24,9,375,500,1,0,1,0,0.396624,0.297607422,1
test,boxer_95,9,375,500,2,2,2,1,0.507264,0.381225586,0
test,boxer_91,9,500,375,1,0,1,0,0.244042667,0.183837891,1
test,boxer_198,9,375,500,2,0,1,0,0.504666667,0.376831055,0
test,boxer_6,9,333,500,1,1,1,1,0.247945946,0.164611816,1
test,boxer_51,9,333,500,1,0,1,0,0.394822823,0.262084961,1
test,boxer_55,9,431,500,1,1,1,1,0.495006961,0.426086426,1
test,boxer_96,9,470,500,1,0,1,1,0.825765957,0.773620605,0
test,boxer_78,9,375,500,1,1,1,1,0.629936,0.472106934,1
test,boxer_194,9,375,500,1,0,1,0,0.588437333,0.44152832,1
test,boxer_53,9,418,500,1,0,1,0,0.216358852,0.180969238,1
test,boxer_45,9,331,500,1,1,1,1,0.189123867,0.12512207,1
test,boxer_199,9,375,500,1,0,1,0,0.604592,0.453857422,1
test,boxer_66,9,495,500,1,1,1,1,0.4772,0.473205566,1
test,boxer_43,9,500,495,1,1,1,2,0.421074747,0.417907715,0
test,boxer_32,9,333,500,1,0,1,0,0.537141141,0.356079102,1
test,boxer_52,9,333,500,1,0,1,0,0.505645646,0.335998535,1
test,boxer_79,9,375,500,1,0,1,0,0.189061333,0.141296387,1
test,boxer_21,9,333,500,1,0,1,0,0.707855856,0.469177246,1
test,boxer_8,9,500,333,1,0,1,0,0.300624625,0.199279785,1
test,boxer_34,9,333,500,1,0,1,0,0.580630631,0.385803223,1
test,boxer_31,9,500,448,1,0,1,0,0.815674107,0.732788086,1
test,boxer_33,9,333,500,1,0,1,0,0.485711712,0.322814941,1
test,boxer_64,9,500,500,1,0,1,0,0.76052,0.760864258,1
test,boxer_30,9,375,500,1,0,1,0,0.267946667,0.200744629,1
test,boxer_68,9,335,500,1,0,1,0,0.419970149,0.282226562,1
test,boxer_9,9,500,372,1,0,1,0,0.649478495,0.481811523,1
test,boxer_57,9,500,337,1,0,1,0,0.503732938,0.338195801,1
test,boxer_192,9,375,500,2,0,1,0,0.247578667,0.18347168,0
test,boxer_56,9,441,500,1,2,1,2,0.19246712,0.171203613,1
test,boxer_94,9,375,500,1,1,1,1,0.697114667,0.523132324,1
test,boxer_29,9,319,500,1,0,1,0,0.681366771,0.436889648,1
test,boxer_80,9,500,379,1,0,1,0,0.816881266,0.617919922,1
test,boxer_63,9,500,333,2,0,2,0,0.629741742,0.418212891,1
test,boxer_48,9,500,375,1,0,1,0,0.445749333,0.333496094,1
test,boxer_1,9,333,500,1,0,1,0,0.451009009,0.299316406,1
test,boxer_86,9,375,500,1,0,1,0,0.320730667,0.240905762,1
test,boxer_92,9,410,500,1,0,1,0,0.704663415,0.577880859,1
test,British_Shorthair_230,10,226,300,1,0,1,0,0.130855457,0.0979003906,1
test,British_Shorthair_270,10,225,300,1,0,1,0,0.544992593,0.40814209,1
test,British_Shorthair_43,10,500,333,1,0,1,0,0.436492492,0.290100098,1
test,British_Shorthair_89,10,500,416,2,0,2,1,0.645798077,0.534851074,0
test,British_Shorthair_42,10,333,500,1,4,1,2,0.671687688,0.445983887,0
test,British_Shorthair_52,10,500,500,1,0,1,0,0.441928,0.442749023,1
test,British_Shorthair_70,10,334,500,1,0,1,0,0.486185629,0.326293945,1
test,British_Shorthair_88,10,375,500,1,1,1,1,0.260272,0.19543457,1
test,British_Shorthair_47,10,333,500,1,0,1,0,0.510732733,0.339355469,1
test,British_Shorthair_29,10,334,500,1,0,1,0,0.415718563,0.27923584,1
test,British_Shorthair_26,10,354,500,1,0,1,0,0.542045198,0.385375977,1
test,British_Shorthair_38,10,375,500,1,1,1,0,0.448544,0.336547852,0
test,British_Shorthair_74,10,387,500,1,0,1,0,0.620930233,0.480163574,1
test,British_Shorthair_58,10,500,375,1,0,1,0,0.572309333,0.430419922,1
test,British_Shorthair_271,10,477,636,1,0,1,0,0.503279802,0.377502441,1
test,British_Shorthair_51,10,500,333,1,0,1,0,0.732024024,0.486450195,1
test,British_Shorthair_50,10,333,500,1,0,1,0,0.392516517,0.260131836,1
test,British_Shorthair_25,10,402,500,1,0,1,0,0.657313433,0.527954102,1
test,British_Shorthair_84,10,375,500,1,0,1,0,0.487472,0.365844727,1
test,British_Shorthair_85,10,333,500,1,0,1,0,0.557489489,0.369995117,1
test,British_Shorthair_273,10,460,400,1,0,1,0,0.581065217,0.504333496,1
test,British_Shorthair_265,10,571,762,1,0,1,0,0.560475475,0.42010498,1
test,British_Shorthair_53,10,333,500,1,0,1,0,0.501837838,0.332885742,1
test,British_Shorthair_3,10,196,275,1,0,1,0,0.235027829,0.166442871,1
test,British_Shorthair_91,10,335,500,1,0,1,0,0.324471642,0.218322754,1
test,British_Shorthair_45,10,333,500,1,0,1,0,0.488978979,0.324829102,1
test,British_Shorthair_60,10,375,500,1,0,1,0,0.380592,0.285400391,1
test,British_Shorthair_66,10,333,500,1,0,1,0,0.588876877,0.390441895,1
test,British_Shorthair_82,10,375,500,1,0,1,0,0.560330667,0.421203613,1
test,British_Shorthair_267,10,400,533,1,0,1,0,0.745567542,0.559631348,1
test,British_Shorthair_92,10,335,500,1,0,1,2,0.552292537,0.37109375,0
test,British_Shorthair_34,10,375,500,1,0,1,0,0.435578667,0.326477051,1
test,British_Shorthair_62,10,333,500,1,0,1,0,0.606714715,0.402770996,1
test,British_Shorthair_67,10,500,373,1,0,1,0,0.625367292,0.46295166,1
test,British_Shorthair_272,10,252,380,1,0,1,0,0.769903926,0.511413574,1
test,British_Shorthair_274,10,267,400,1,0,1,0,0.184194757,0.121582031,1
test,British_Shorthair_87,10,382,500,1,0,1,0,0.14917801,0.114379883,1
test,British_Shorthair_276,10,243,206,1,0,1,0,0.569958848,0.484802246,1
test,British_Shorthair_213,10,375,500,1,0,1,0,0.502106667,0.376586914,1
test,British_Shorthair_28,10,357,500,1,0,1,0,0.307137255,0.217346191,1
test,British_Shorthair_63,10,333,500,1,0,1,0,0.194996997,0.129394531,1
test,British_Shorthair_41,10,500,333,1,0,1,0,0.373615616,0.248291016,1
test,British_Shorthair_56,10,375,500,1,0,1,0,0.478090667,0.358032227,1
test,British_Shorthair_31,10,333,500,1,2,1,5,0.375513514,0.249206543,0
test,British_Shorthair_239,10,257,300,1,0,1,0,0.396977951,0.340759277,1
test,British_Shorthair_59,10,333,500,1,0,1,0,0.520006006,0.345703125,1
test,British_Shorthair_269,10,544,512,1,1,1,1,0.360692641,0.338378906,1
test,British_Shorthair_223,10,225,300,1,0,1,0,0.460548148,0.345703125,1
test,British_Shorthair_57,10,500,375,1,0,1,0,0.701125333,0.524536133,1
test,British_Shorthair_61,10,500,375,1,0,1,0,0.333408,0.250915527,1
test,British_Shorthair_75,10,335,500,1,0,1,0,0.523737313,0.351379395,1
test,British_Shorthair_55,10,334,500,1,0,1,0,0.636005988,0.428100586,1
test,British_Shorthair_212,10,500,487,1,0,1,0,0.780579055,0.762145996,1
test,British_Shorthair_268,10,531,400,1,0,1,0,0.589166667,0.443847656,1
test,British_Shorthair_258,10,225,300,1,0,1,0,0.422933333,0.317749023,1
test,British_Shorthair_9,10,224,298,1,0,1,0,0.441230225,0.331726074,1
test,British_Shorthair_77,10,375,500,1,0,1,0,0.359061333,0.26953125,1
test,British_Shorthair_248,10,300,293,1,0,1,0,0.254141069,0.248413086,1
test,British_Shorthair_218,10,268,300,1,0,1,0,0.518731343,0.461914062,1
test,British_Shorthair_98,10,500,354,1,0,1,0,0.779129944,0.552429199,1
test,British_Shorthair_39,10,456,500,1,0,1,0,0.55077193,0.502807617,1
test,British_Shorthair_37,10,375,500,1,0,1,0,0.203381333,0.152832031,1
test,British_Shorthair_99,10,333,500,1,0,1,0,0.499867868,0.331115723,1
test,British_Shorthair_90,10,500,352,1,0,1,0,0.749119318,0.526611328,1
test,British_Shorthair_6,10,196,275,1,0,1,0,0.283580705,0.200378418,1
test,British_Shorthair_8,10,320,229,1,0,1,0,0.509729803,0.368041992,1
test,British_Shorthair_95,10,332,500,1,0,1,0,0.506126506,0.336669922,1
test,British_Shorthair_278,10,333,500,1,0,1,0,0.380762763,0.253479004,1
test,British_Shorthair_266,10,259,300,1,0,1,0,0.28979408,0.251159668,1
test,British_Shorthair_277,10,385,479,1,0,1,0,0.718114036,0.57824707,1
test,British_Shorthair_46,10,373,500,1,0,1,0,0.53689008,0.397827148,1
test,British_Shorthair_263,10,300,225,1,0,1,0,0.711407407,0.532714844,1
test,British_Shorthair_94,10,375,500,1,0,1,0,0.677509333,0.507568359,1
test,British_Shorthair_33,10,500,398,1,0,1,0,0.335502513,0.267883301,1
test,British_Shorthair_86,10,333,500,1,0,1,0,0.317327327,0.210754395,1
test,British_Shorthair_44,10,500,411,1,0,1,0,0.638627737,0.523803711,1
test,British_Shorthair_97,10,375,500,1,0,1,0,0.591765333,0.442749023,1
test,British_Shorthair_241,10,225,300,1,0,1,0,0.302903704,0.227478027,1
test,British_Shorthair_93,10,359,500,1,0,1,0,0.524841226,0.37689209,1
test,British_Shorthair_21,10,500,343,1,0,1,1,0.350699708,0.241149902,0
test,British_Shorthair_68,10,333,500,1,0,1,1,0.269837838,0.179016113,0
test,British_Shorthair_49,10,500,333,1,0,1,0,0.191891892,0.12713623,1
test,British_Shorthair_22,10,500,361,1,0,1,0,0.28065374,0.201293945,1
test,British_Shorthair_48,10,500,333,1,0,1,0,0.889483483,0.590515137,1
test,British_Shorthair_30,10,500,375,1,0,1,0,0.544464,0.409118652,1
test,British_Shorthair_275,10,849,1200,1,0,1,0,0.538727915,0.382324219,1
test,British_Shorthair_78,10,500,339,1,0,1,0,0.472454277,0.320739746,1
test,British_Shorthair_32,10,469,500,1,0,1,0,0.417594883,0.391906738,1
test,British_Shorthair_54,10,500,405,1,0,1,0,0.461091358,0.374938965,1
test,British_Shorthair_2,10,275,247,1,0,1,0,0.556761134,0.500366211,1
test,British_Shorthair_72,10,500,333,1,0,1,0,0.449897898,0.298950195,1
test,British_Shorthair_65,10,335,500,1,1,1,0,0.399892537,0.268371582,0
test,British_Shorthair_96,10,500,335,1,0,1,0,0.181701493,0.122009277,1
test,British_Shorthair_36,10,333,500,1,0,1,0,0.510708709,0.339416504,1
test,British_Shorthair_79,10,333,500,1,1,1,2,0.606828829,0.40246582,0
test,British_Shorthair_83,10,333,500,1,0,1,0,0.407507508,0.271606445,1
test,British_Shorthair_40,10,332,500,1,0,1,0,0.449084337,0.298522949,1
test,British_Shorthair_27,10,500,375,1,0,1,0,0.252810667,0.189208984,1
test,British_Shorthair_71,10,333,500,1,1,1,0,0.51366967,0.340637207,0
test,British_Shorthair_64,10,333,500,1,0,1,0,0.202162162,0.133850098,1
test,chihuahua_50,11,333,500,1,0,1,0,0.329177177,0.218811035,1
test,chihuahua_34,11,333,500,1,0,1,0,0.127501502,0.0848999023,1
test,chihuahua_20,11,375,500,2,3,2,3,0.368250667,0.276550293,1
test,chihuahua_7,11,357,500,1,0,1,0,0.117019608,0.0831298828,1
test,chihuahua_75,11,375,500,1,0,1,0,0.498581333,0.372924805,1
test,chihuahua_22,11,375,500,1,0,1,0,0.199264,0.148742676,1
test,chihuahua_78,11,500,333,1,0,1,0,0.343627628,0.228027344,1
test,chihuahua_57,11,334,500,1,0,1,0,0.459598802,0.309020996,1
test,chihuahua_51,11,500,332,1,0,1,0,0.189096386,0.125671387,1
test,chihuahua_99,11,500,374,1,1,1,1,0.337181818,0.252990723,1
test,chihuahua_48,11,357,500,1,0,1,0,0.387478992,0.275146484,1
test,chihuahua_85,11,500,333,1,4,1,2,0.345813814,0.229919434,0
test,chihuahua_27,11,500,375,1,0,1,0,0.411562667,0.307739258,1
test,chihuahua_43,11,500,333,1,0,1,0,0.65212012,0.432800293,1
test,chihuahua_197,11,300,200,2,1,1,2,0.316366667,0.210205078,0
test,chihuahua_49,11,396,500,1,0,1,0,0.275434343,0.217773438,1
test,chihuahua_89,11,445,500,2,0,1,0,0.397501124,0.354248047,0
test,chihuahua_68,11,500,429,1,0,1,0,0.495463869,0.42590332,1
test,chihuahua_80,11,375,500,1,0,1,0,0.189466667,0.142150879,1
test,chihuahua_81,11,500,333,1,0,1,0,0.678660661,0.450317383,1
test,chihuahua_94,11,375,500,1,0,1,0,0.456389333,0.342834473,1
test,chihuahua_63,11,500,375,1,0,1,0,0.415178667,0.311462402,1
test,chihuahua_59,11,333,500,1,0,1,0,0.494648649,0.32800293,1
test,chihuahua_31,11,500,333,1,0,1,0,0.215543544,0.143554688,1
test,chihuahua_65,11,500,489,1,0,1,0,0.262335378,0.256530762,1
test,chihuahua_3,11,500,333,1,0,1,0,0.249291291,0.165466309,1
test,chihuahua_60,11,375,500,1,0,1,0,0.0925386667,0.0690307617,1
test,chihuahua_79,11,375,500,1,0,1,0,0.731509333,0.548400879,1
test,chihuahua_194,11,300,273,1,0,1,0,0.483003663,0.436889648,1
test,chihuahua_70,11,333,500,1,0,1,0,0.543843844,0.360900879,1
test,chihuahua_96,11,500,375,1,0,1,0,0.730714667,0.547424316,1
test,chihuahua_192,11,225,300,1,0,1,0,0.367762963,0.27545166,1
test,chihuahua_46,11,500,331,2,0,2,0,0.230175227,0.15222168,1
test,chihuahua_5,11,375,500,1,6,1,2,0.604837333,0.454101562,0
test,chihuahua_76,11,500,368,1,0,1,0,0.294771739,0.21661377,1
test,chihuahua_36,11,332,500,1,0,1,0,0.619120482,0.411376953,1
test,chihuahua_44,11,333,500,1,0,1,0,0.266504505,0.177124023,1
test,chihuahua_23,11,375,500,1,0,1,0,0.348149333,0.260620117,1
test,chihuahua_86,11,382,500,1,1,1,0,0.388183246,0.296081543,0
test,chihuahua_24,11,375,500,1,1,1,3,0.113146667,0.0848388672,0
test,chihuahua_64,11,417,400,1,0,1,0,0.161834532,0.155761719,1
test,chihuahua_47,11,333,500,1,0,1,0,0.25178979,0.166748047,1
test,chihuahua_200,11,225,300,2,0,2,0,0.316281481,0.235778809,1
test,chihuahua_8,11,500,333,1,0,1,0,0.352498498,0.234558105,1
test,chihuahua_39,11,332,500,1,0,1,0,0.505463855,0.335388184,1
test,chihuahua_54,11,333,500,1,0,1,0,0.136966967,0.0904541016,1
test,chihuahua_95,11,500,375,1,0,1,0,0.276976,0.208557129,1
test,chihuahua_41,11,333,500,1,0,1,0,0.340504505,0.225708008,1
test,chihuahua_30,11,500,333,1,3,1,5,0.399225225,0.265258789,0
test,chihuahua_26,11,333,500,1,0,1,0,0.154738739,0.102355957,1
test,chihuahua_199,11,225,300,3,0,1,0,0.294725926,0.217407227,0
test,chihuahua_67,11,333,500,1,1,1,1,0.224552553,0.149353027,1
test,chihuahua_93,11,375,500,1,0,1,0,0.343072,0.257019043,1
test,chihuahua_33,11,500,333,2,0,2,0,0.263255255,0.174804688,1
test,chihuahua_195,11,225,300,3,0,2,0,0.284237037,0.210144043,0
test,chihuahua_45,11,333,500,1,0,1,1,0.264714715,0.175720215,0
test,chihuahua_4,11,375,500,1,0,1,0,0.499610667,0.374572754,1
test,chihuahua_25,11,375,500,1,0,1,0,0.224048,0.16809082,1
test,chihuahua_1,11,500,333,1,0,1,0,0.23442042,0.155578613,1
test,chihuahua_73,11,332,500,2,0,2,0,0.345355422,0.229492188,1
test,chihuahua_74,11,332,500,1,0,1,0,0.232692771,0.154174805,1
test,chihuahua_92,11,500,332,1,0,1,0,0.436939759,0.29083252,1
test,chihuahua_38,11,500,500,1,0,1,0,0.575176,0.575012207,1
test,chihuahua_28,11,333,500,1,0,1,0,0.160798799,0.107299805,1
test,chihuahua_91,11,500,333,1,0,1,0,0.0773513514,0.0511474609,1
test,chihuahua_82,11,332,500,1,0,1,0,0.148933735,0.0988769531,1
test,chihuahua_62,11,500,335,1,0,1,0,0.478107463,0.320739746,1
test,chihuahua_198,11,226,300,2,0,1,0,0.372964602,0.277038574,0
test,chihuahua_52,11,333,500,1,0,1,0,0.367489489,0.243835449,1
test,chihuahua_6,11,333,500,1,0,1,0,0.132288288,0.0872802734,1
test,chihuahua_193,11,252,300,2,0,1,0,0.150873016,0.126403809,0
test,chihuahua_21,11,500,342,2,0,2,0,0.286871345,0.196777344,1
test,chihuahua_97,11,500,332,1,0,1,0,0.443963855,0.295166016,1
test,chihuahua_191,11,225,300,2,0,1,0,0.28917037,0.216674805,0
test,chihuahua_55,11,500,333,1,0,1,0,0.457675676,0.303344727,1
test,chihuahua_56,11,500,333,1,0,1,0,0.255003003,0.16973877,1
test,chihuahua_37,11,500,333,1,0,1,0,0.397351351,0.26373291,1
test,chihuahua_69,11,500,500,1,1,1,1,0.495904,0.495788574,1
test,chihuahua_29,11,500,332,1,0,1,0,0.705168675,0.468017578,1
test,chihuahua_71,11,333,500,1,0,1,0,0.352384384,0.233459473,1
test,chihuahua_42,11,500,300,1,0,1,0,0.580186667,0.348815918,1
test,chihuahua_2,11,333,500,1,0,1,0,0.355471471,0.235717773,1
test,chihuahua_32,11,500,375,1,0,1,0,0.321136,0.241271973,1
test,chihuahua_98,11,500,334,1,0,1,0,0.200401198,0.134338379,1
test,chihuahua_35,11,500,333,1,0,1,0,0.625891892,0.415222168,1
test,chihuahua_9,11,500,500,1,1,1,0,0.432412,0.431884766,0
test,chihuahua_83,11,333,500,1,1,1,2,0.243369369,0.162231445,0
test,chihuahua_77,11,500,333,2,0,2,0,0.488186186,0.323974609,1
test,chihuahua_88,11,500,333,1,1,1,1,0.437201201,0.29083252,1
test,chihuahua_53,11,432,493,2,0,2,2,0.269293254,0.235900879,0
test,chihuahua_90,11,333,500,1,0,1,0,0.0618078078,0.041015625,1
test,chihuahua_61,11,500,500,1,0,1,0,0.551064,0.55090332,1
test,chihuahua_72,11,376,500,1,1,1,1,0.550404255,0.413452148,1
test,chihuahua_40,11,332,500,1,0,1,0,0.404066265,0.268127441,1
test,chihuahua_66,11,500,333,1,1,1,1,0.331159159,0.220153809,1
test,chihuahua_196,11,298,300,2,0,1,0,0.283668904,0.281066895,0
test,chihuahua_58,11,333,500,1,0,1,1,0.10387988,0.0694580078,0
test,chihuahua_84,11,389,500,1,0,1,0,0.147434447,0.114807129,1
test,chihuahua_87,11,332,500,4,0,4,0,0.238608434,0.15838623,1
test,chihuahua_19,11,467,500,1,0,1,0,0.544188437,0.510742188,1
test,Egyptian_Mau_210,12,224,300,1,0,1,0,0.392544643,0.295227051,1
test,Egyptian_Mau_84,12,483,250,1,0,1,0,0.569043478,0.294006348,1
test,Egyptian_Mau_75,12,400,500,1,0,1,0,0.318975,0.254272461,1
test,Egyptian_Mau_59,12,600,400,1,0,1,0,0.241579167,0.159606934,1
test,Egyptian_Mau_46,12,384,576,1,0,1,0,0.181563766,0.120483398,1
test,Egyptian_Mau_85,12,453,300,1,2,1,4,0.264827079,0.176086426,0
test,Egyptian_Mau_48,12,500,335,1,0,1,0,0.409176119,0.275878906,1
test,Egyptian_Mau_198,12,500,335,1,0,1,0,0.259056716,0.173950195,1
test,Egyptian_Mau_36,12,285,190,1,0,1,0,0.583157895,0.387023926,1
test,Egyptian_Mau_89,12,169,225,1,5,1,1,0.308533859,0.231079102,0
test,Egyptian_Mau_1,12,175,250,1,0,1,0,0.400297143,0.279846191,1
test,Egyptian_Mau_69,12,500,335,1,0,1,0,0.470626866,0.31640625,1
test,Egyptian_Mau_52,12,200,200,1,0,1,0,0.27435,0.273620605,1
test,Egyptian_Mau_56,12,318,400,1,1,1,2,0.375448113,0.299133301,0
test,Egyptian_Mau_91,12,299,325,1,3,1,1,0.317386159,0.292785645,0
test,Egyptian_Mau_87,12,393,600,1,0,1,0,0.294075488,0.193054199,1
test,Egyptian_Mau_67,12,333,500,1,0,1,0,0.170312312,0.113037109,1
test,Egyptian_Mau_19,12,385,263,1,0,1,0,0.433035406,0.294189453,1
test,Egyptian_Mau_22,12,333,500,1,0,1,0,0.357813814,0.237243652,1
test,Egyptian_Mau_70,12,329,500,1,0,1,0,0.37681459,0.247070312,1
test,Egyptian_Mau_57,12,445,500,1,1,1,1,0.521213483,0.464538574,1
test,Egyptian_Mau_94,12,135,189,1,0,1,0,0.356496179,0.253295898,1
test,Egyptian_Mau_20,12,2160,1440,0,0,0,0,0,0,1
test,Egyptian_Mau_219,12,336,448,1,1,1,1,0.439041241,0.328796387,1
test,Egyptian_Mau_29,12,382,600,1,0,1,0,0.33684555,0.213195801,1
test,Egyptian_Mau_44,12,125,250,1,0,1,0,0.390112,0.195556641,1
test,Egyptian_Mau_62,12,500,375,1,1,1,1,0.359413333,0.269348145,1
test,Egyptian_Mau_223,12,259,194,1,0,1,0,0.191856068,0.144226074,1
test,Egyptian_Mau_43,12,375,500,1,0,1,1,0.759797333,0.569641113,0
test,Egyptian_Mau_77,12,303,338,1,0,1,0,0.41239479,0.370666504,1
test,Egyptian_Mau_74,12,500,375,1,0,1,0,0.332405333,0.25,1
test,Egyptian_Mau_92,12,367,280,1,0,1,0,0.297012456,0.227600098,1
test,Egyptian_Mau_35,12,394,500,1,1,1,1,0.494279188,0.390075684,1
test,Egyptian_Mau_63,12,375,500,1,0,1,0,0.437402667,0.328735352,1
test,Egyptian_Mau_88,12,240,320,1,1,1,1,0.217213542,0.16229248,1
test,Egyptian_Mau_9,12,437,600,1,1,1,0,0.297158658,0.215515137,0
test,Egyptian_Mau_95,12,360,309,1,0,1,0,0.486821287,0.417907715,1
test,Egyptian_Mau_28,12,375,500,1,0,1,0,0.366122667,0.274108887,1
test,Egyptian_Mau_5,12,184,225,1,0,1,0,0.35736715,0.291687012,1
test,Egyptian_Mau_80,12,500,500,1,1,1,0,0.80834,0.807739258,0
test,Egyptian_Mau_31,12,593,531,1,0,1,0,0.412680265,0.372009277,1
test,Egyptian_Mau_47,12,500,334,1,0,1,0,0.675766467,0.453552246,1
test,Egyptian_Mau_60,12,298,400,1,0,1,0,0.359018456,0.265319824,1
test,Egyptian_Mau_212,12,243,300,1,0,1,0,0.31558299,0.257324219,1
test,Egyptian_Mau_81,12,500,422,1,1,1,0,0.18136019,0.153564453,0
test,Egyptian_Mau_76,12,240,230,1,0,1,0,0.428115942,0.412109375,1
test,Egyptian_Mau_86,12,352,550,1,2,1,2,0.394514463,0.252746582,1
test,Egyptian_Mau_4,12,195,200,1,0,1,0,0.359435897,0.351623535,1
test,Egyptian_Mau_54,12,174,244,1,0,1,0,0.203693235,0.145019531,1
test,Egyptian_Mau_78,12,192,200,1,0,1,0,0.428645833,0.411682129,1
test,Egyptian_Mau_26,12,288,384,1,0,1,1,0.370316117,0.278320312,0
test,Egyptian_Mau_90,12,380,263,1,0,1,0,0.55125075,0.385131836,1
test,Egyptian_Mau_215,12,300,267,1,1,1,1,0.308726592,0.27557373,1
test,Egyptian_Mau_83,12,239,230,1,3,1,4,0.564507913,0.544006348,0
test,Egyptian_Mau_82,12,500,329,1,0,1,0,0.330036474,0.216491699,1
test,Egyptian_Mau_25,12,406,500,1,1,1,0,0.718684729,0.583862305,0
test,Egyptian_Mau_199,12,333,500,1,0,1,0,0.508504505,0.337097168,1
test,Egyptian_Mau_7,12,250,350,1,0,1,0,0.333177143,0.238220215,1
test,Egyptian_Mau_21,12,333,500,1,0,1,0,0.583207207,0.388000488,1
test,Egyptian_Mau_27,12,500,375,1,0,1,0,0.391952,0.294250488,1
test,Egyptian_Mau_220,12,434,600,1,0,1,0,0.482953149,0.351379395,1
test,Egyptian_Mau_224,12,286,360,1,0,1,0,0.333964646,0.266662598,1
test,Egyptian_Mau_53,12,267,400,1,0,1,0,0.211161049,0.139404297,1
test,Egyptian_Mau_98,12,240,300,1,0,1,0,0.344388889,0.274475098,1
test,Egyptian_Mau_68,12,478,294,1,0,1,0,0.642600973,0.39666748,1
test,Egyptian_Mau_2,12,289,200,1,0,1,0,0.462110727,0.321899414,1
test,Egyptian_Mau_42,12,392,270,1,0,1,0,0.575888133,0.395446777,1
test,Egyptian_Mau_97,12,600,400,1,0,1,0,0.378316667,0.251403809,1
test,Egyptian_Mau_209,12,263,300,1,0,1,0,0.479594423,0.420410156,1
test,Egyptian_Mau_61,12,500,500,1,0,1,0,0.365392,0.36529541,1
test,Egyptian_Mau_222,12,253,380,1,0,1,0,0.617942584,0.410522461,1
test,Egyptian_Mau_96,12,450,337,1,0,1,0,0.300138477,0.224975586,1
test,Egyptian_Mau_40,12,335,500,1,0,1,0,0.565355224,0.379882812,1
test,Egyptian_Mau_33,12,559,901,1,0,1,0,0.224074225,0.138671875,1
test,Egyptian_Mau_50,12,477,636,1,1,1,1,0.347731498,0.260925293,1
test,Egyptian_Mau_207,12,226,300,1,0,1,0,0.442699115,0.331359863,1
test,Egyptian_Mau_49,12,357,500,1,0,1,0,0.411148459,0.292480469,1
test,Egyptian_Mau_45,12,450,338,1,0,1,0,0.19843524,0.149719238,1
test,Egyptian_Mau_6,12,275,183,1,0,1,0,0.343984103,0.229553223,1
test,Egyptian_Mau_8,12,403,600,1,1,1,2,0.341174524,0.229675293,0
test,Egyptian_Mau_214,12,225,300,1,0,1,0,0.245066667,0.183898926,1
test,Egyptian_Mau_99,12,300,400,1,0,1,0,0.139525,0.104309082,1
test,Egyptian_Mau_34,12,236,260,1,1,1,1,0.3988103,0.362060547,1
test,Egyptian_Mau_79,12,500,250,1,1,1,0,0.2472,0.12310791,0
test,Egyptian_Mau_58,12,408,500,1,0,1,0,0.456632353,0.369812012,1
test,Egyptian_Mau_23,12,331,500,1,0,1,0,0.280882175,0.186401367,1
test,Egyptian_Mau_213,12,300,225,1,0,1,0,0.523288889,0.392883301,1
test,Egyptian_Mau_201,12,223,227,2,0,2,0,0.5519646,0.542907715,1
test,Egyptian_Mau_204,12,235,300,1,0,1,0,0.223234043,0.174987793,1
test,Egyptian_Mau_30,12,200,200,1,0,1,0,0.45535,0.456359863,1
test,Egyptian_Mau_51,12,332,500,1,0,1,0,0.270927711,0.180053711,1
test,Egyptian_Mau_39,12,271,310,1,0,1,0,0.281490299,0.24798584,1
test,Egyptian_Mau_218,12,800,600,1,0,1,0,0.33843125,0.253295898,1
test,Egyptian_Mau_93,12,207,276,1,0,1,0,0.392354547,0.293579102,1
test,Egyptian_Mau_221,12,332,500,1,0,1,0,0.439156627,0.290893555,1
test,Egyptian_Mau_73,12,333,500,1,0,1,0,0.340876877,0.227233887,1
test,Egyptian_Mau_3,12,275,183,1,1,1,2,0.359423746,0.238464355,0
test,english_cocker_spaniel_91,13,333,500,1,0,1,0,0.384048048,0.25567627,1
test,english_cocker_spaniel_86,13,500,375,1,1,1,2,0.508794667,0.381530762,0
test,english_cocker_spaniel_61,13,500,333,1,0,1,0,0.304054054,0.202697754,1
test,english_cocker_spaniel_81,13,500,283,1,0,1,1,0.199180212,0.111633301,0
test,english_cocker_spaniel_30,13,375,500,1,0,1,0,0.469877333,0.352661133,1
test,english_cocker_spaniel_50,13,336,500,1,0,1,0,0.537357143,0.360168457,1
test,english_cocker_spaniel_58,13,333,500,1,0,1,0,0.347321321,0.230834961,1
test,english_cocker_spaniel_47,13,500,333,1,0,1,0,0.282402402,0.187866211,1
test,english_cocker_spaniel_57,13,333,500,1,0,1,0,0.418906907,0.278564453,1
test,english_cocker_spaniel_92,13,500,375,1,0,1,0,0.290928,0.217956543,1
test,english_cocker_spaniel_59,13,340,500,1,0,1,0,0.161841176,0.110168457,1
test,english_cocker_spaniel_29,13,500,333,1,0,1,0,0.947063063,0.62878418,1
test,english_cocker_spaniel_51,13,334,500,2,0,2,0,0.323143713,0.21685791,1
test,english_cocker_spaniel_85,13,333,500,1,0,1,0,0.680936937,0.452697754,1
test,english_cocker_spaniel_37,13,500,333,1,0,1,0,0.483717718,0.321655273,1
test,english_cocker_spaniel_40,13,375,500,1,0,1,0,0.473850667,0.354736328,1
test,english_cocker_spaniel_62,13,500,333,1,0,1,0,0.71618018,0.474487305,1
test,english_cocker_spaniel_3,13,375,500,1,0,1,0,0.366128,0.274230957,1
test,english_cocker_spaniel_191,13,375,500,2,1,2,1,0.301989333,0.225830078,1
test,english_cocker_spaniel_95,13,500,451,1,0,1,0,0.812341463,0.730041504,1
test,english_cocker_spaniel_20,13,500,375,1,1,1,1,0.482917333,0.362854004,1
test,english_cocker_spaniel_74,13,375,500,1,0,1,0,0.137114667,0.102478027,1
test,english_cocker_spaniel_31,13,343,500,1,0,1,0,0.195801749,0.135070801,1
test,english_cocker_spaniel_83,13,333,500,1,0,1,0,0.28984985,0.192504883,1
test,english_cocker_spaniel_4,13,333,500,1,0,1,0,0.337741742,0.22454834,1
test,english_cocker_spaniel_75,13,500,375,1,0,1,0,0.45528,0.342285156,1
test,english_cocker_spaniel_78,13,500,500,1,0,1,0,0.075284,0.0747070312,1
test,english_cocker_spaniel_196,13,375,500,1,0,1,0,0.201077333,0.151000977,1
test,english_cocker_spaniel_5,13,375,500,1,0,1,1,0.335541333,0.252258301,0
test,english_cocker_spaniel_195,13,375,500,2,0,2,0,0.416069333,0.311950684,1
test,english_cocker_spaniel_35,13,333,500,1,2,1,2,0.402312312,0.265869141,1
test,english_cocker_spaniel_46,13,500,456,1,3,1,1,0.318964912,0.292053223,0
test,english_cocker_spaniel_76,13,500,333,1,1,1,0,0.495555556,0.329406738,0
test,english_cocker_spaniel_87,13,500,338,1,0,1,0,0.652609467,0.444091797,1
test,english_cocker_spaniel_34,13,500,333,1,0,1,0,0.122954955,0.0818481445,1
test,english_cocker_spaniel_80,13,500,332,2,0,2,0,0.415951807,0.276367188,1
test,english_cocker_spaniel_44,13,333,500,1,0,1,0,0.296492492,0.196350098,1
test,english_cocker_spaniel_200,13,341,500,1,2,1,1,0.710533724,0.479309082,0
test,english_cocker_spaniel_193,13,375,500,2,0,1,0,0.174565333,0.129150391,0
test,english_cocker_spaniel_82,13,500,396,2,0,2,0,0.736843434,0.581298828,1
test,english_cocker_spaniel_90,13,500,375,1,0,1,0,0.205381333,0.15411377,1
test,english_cocker_spaniel_97,13,335,500,1,0,1,0,0.190638806,0.127624512,1
test,english_cocker_spaniel_88,13,500,375,1,0,1,0,0.390341333,0.293273926,1
test,english_cocker_spaniel_79,13,332,500,1,0,1,0,0.522240964,0.346496582,1
test,english_cocker_spaniel_56,13,333,500,1,0,1,0,0.311363363,0.206481934,1
test,english_cocker_spaniel_7,13,500,356,1,0,1,0,0.396129213,0.281921387,1
test,english_cocker_spaniel_96,13,420,500,1,0,1,0,0.277352381,0.234619141,1
test,english_cocker_spaniel_69,13,500,294,1,0,1,0,0.641251701,0.376220703,1
test,english_cocker_spaniel_45,13,500,333,1,0,1,0,0.301717718,0.200012207,1
test,english_cocker_spaniel_60,13,500,333,1,0,1,0,0.111561562,0.07421875,1
test,english_cocker_spaniel_68,13,500,333,1,0,1,0,0.538474474,0.35760498,1
test,english_cocker_spaniel_63,13,281,500,1,0,1,0,0.478049822,0.268493652,1
test,english_cocker_spaniel_23,13,500,333,1,0,1,0,0.742282282,0.492370605,1
test,english_cocker_spaniel_36,13,333,500,1,0,1,0,0.267279279,0.177734375,1
test,english_cocker_spaniel_43,13,332,500,1,0,1,0,0.346186747,0.229980469,1
test,english_cocker_spaniel_28,13,333,500,2,0,2,0,0.563993994,0.374755859,1
test,english_cocker_spaniel_2,13,389,500,1,0,1,0,0.772658098,0.602050781,1
test,english_cocker_spaniel_197,13,281,500,1,0,1,0,0.349843416,0.197143555,1
test,english_cocker_spaniel_49,13,333,500,1,0,1,0,0.270486486,0.17956543,1
test,english_cocker_spaniel_55,13,375,500,1,0,1,0,0.345530667,0.258911133,1
test,english_cocker_spaniel_54,13,333,500,1,0,1,0,0.340750751,0.225463867,1
test,english_cocker_spaniel_26,13,333,500,1,0,1,0,0.42015015,0.278442383,1
test,english_cocker_spaniel_52,13,500,353,1,0,1,0,0.451592068,0.318054199,1
test,english_cocker_spaniel_93,13,500,333,1,0,1,0,0.496510511,0.329467773,1
test,english_cocker_spaniel_1,13,500,333,1,0,1,0,0.704048048,0.467285156,1
test,english_cocker_spaniel_194,13,375,500,2,0,1,0,0.434837333,0.326171875,0
test,english_cocker_spaniel_24,13,500,333,1,0,1,0,0.594894895,0.395202637,1
test,english_cocker_spaniel_71,13,500,498,1,0,1,0,0.711578313,0.705993652,1
test,english_cocker_spaniel_6,13,500,377,1,0,1,0,0.675612732,0.512756348,1
test,english_cocker_spaniel_199,13,281,500,2,1,1,1,0.400327402,0.225219727,0
test,english_cocker_spaniel_48,13,333,500,1,0,1,0,0.51012012,0.339111328,1
test,english_cocker_spaniel_73,13,375,500,1,0,1,0,0.177701333,0.132751465,1
test,english_cocker_spaniel_42,13,333,500,1,0,1,0,0.24642042,0.164001465,1
test,english_cocker_spaniel_9,13,500,333,1,0,1,0,0.732084084,0.485351562,1
test,english_cocker_spaniel_84,13,333,500,1,0,1,0,0.63209009,0.41998291,1
test,english_cocker_spaniel_98,13,500,375,1,0,1,0,0.346992,0.260864258,1
test,english_cocker_spaniel_32,13,500,333,1,0,1,0,0.46424024,0.307739258,1
test,english_cocker_spaniel_94,13,500,333,1,0,1,0,0.463357357,0.308044434,1
test,english_cocker_spaniel_33,13,333,500,1,0,1,0,0.388162162,0.257141113,1
test,english_cocker_spaniel_21,13,375,500,1,0,1,0,0.422021333,0.316955566,1
test,english_cocker_spaniel_39,13,500,375,1,0,1,0,0.490826667,0.368774414,1
test,english_cocker_spaniel_66,13,500,396,1,0,1,0,0.470959596,0.37097168,1
test,english_cocker_spaniel_99,13,281,500,1,0,1,0,0.118313167,0.0664672852,1
test,english_cocker_spaniel_41,13,333,500,1,0,1,0,0.281003003,0.186828613,1
test,english_cocker_spaniel_38,13,500,333,1,0,1,0,0.195081081,0.129455566,1
test,english_cocker_spaniel_53,13,480,500,1,0,1,0,0.197254167,0.189025879,1
test,english_cocker_spaniel_22,13,500,281,1,0,1,0,0.735352313,0.413574219,1
test,english_cocker_spaniel_65,13,500,413,1,0,1,1,0.173719128,0.144042969,0
test,english_cocker_spaniel_77,13,375,500,1,0,1,0,0.404229333,0.302856445,1
test,english_cocker_spaniel_64,13,500,333,1,0,1,0,0.592660661,0.393615723,1
test,english_cocker_spaniel_70,13,500,372,1,1,1,0,0.425860215,0.31628418,0
test,english_cocker_spaniel_25,13,500,333,1,0,1,0,0.617189189,0.409851074,1
test,english_cocker_spaniel_89,13,500,334,1,0,1,0,0.416616766,0.279663086,1
test,english_cocker_spaniel_72,13,375,500,2,0,2,0,0.166186667,0.124511719,1
test,english_cocker_spaniel_67,13,500,375,1,0,1,0,0.455552,0.341430664,1
test,english_cocker_spaniel_19,13,456,500,1,0,1,0,0.502017544,0.457580566,1
test,english_cocker_spaniel_192,13,500,375,1,0,1,0,0.399184,0.299987793,1
test,english_cocker_spaniel_27,13,333,500,1,0,1,0,0.366900901,0.243835449,1
test,english_cocker_spaniel_198,13,500,281,2,1,1,0,0.390576512,0.219299316,0
test,english_cocker_spaniel_8,13,333,500,1,0,1,0,0.586840841,0.389404297,1
test,english_setter_29,14,500,499,1,0,1,0,0.602725451,0.602844238,1
test,english_setter_21,14,500,463,1,2,1,2,0.407663067,0.378601074,1
test,english_setter_98,14,500,333,1,0,1,0,0.640708709,0.425231934,1
test,english_setter_43,14,500,361,1,0,1,0,0.726930748,0.522766113,1
test,english_setter_84,14,500,335,1,1,1,1,0.255283582,0.172668457,1
test,english_setter_45,14,334,500,1,2,1,0,0.488329341,0.32824707,0
test,english_setter_41,14,500,374,1,0,1,0,0.42959893,0.322387695,1
test,english_setter_44,14,333,500,1,0,1,0,0.152096096,0.101074219,1
test,english_setter_71,14,333,500,1,0,1,0,0.222228228,0.146972656,1
test,english_setter_57,14,500,375,1,0,1,0,0.507408,0.380004883,1
test,english_setter_94,14,500,334,1,0,1,0,0.613401198,0.412597656,1
test,english_setter_37,14,333,500,1,0,1,0,0.249873874,0.165771484,1
test,english_setter_38,14,332,500,1,0,1,0,0.103524096,0.0688476562,1
test,english_setter_61,14,500,333,1,1,1,1,0.226336336,0.15057373,1
test,english_setter_20,14,332,500,1,2,1,1,0.148771084,0.0986328125,0
test,english_setter_62,14,464,500,1,0,1,0,0.313900862,0.292175293,1
test,english_setter_67,14,346,500,1,0,1,0,0.160017341,0.111206055,1
test,english_setter_54,14,500,333,1,0,1,0,0.869525526,0.577575684,1
test,english_setter_82,14,371,500,1,3,1,1,0.266183288,0.198486328,0
test,english_setter_23,14,500,333,1,0,1,0,0.869813814,0.577697754,1
test,english_setter_40,14,374,500,1,1,1,2,0.595572193,0.447021484,0
test,english_setter_192,14,500,350,2,0,2,0,0.493211429,0.347045898,1
test,english_setter_7,14,500,375,1,0,1,0,0.65472,0.491516113,1
test,english_setter_39,14,375,500,1,1,1,0,0.162437333,0.121948242,0
test,english_setter_25,14,500,333,1,1,1,1,0.297765766,0.198059082,1
test,english_setter_85,14,333,500,1,0,1,4,0.191249249,0.127258301,0
test,english_setter_52,14,333,500,1,0,1,0,0.289627628,0.192138672,1
test,english_setter_83,14,334,500,1,0,1,0,0.317065868,0.213317871,1
test,english_setter_22,14,500,377,1,0,1,0,0.325846154,0.247009277,1
test,english_setter_88,14,500,393,1,0,1,0,0.650183206,0.513244629,1
test,english_setter_27,14,374,500,1,0,1,0,0.436080214,0.326965332,1
test,english_setter_3,14,375,500,1,0,1,0,0.608928,0.456970215,1
test,english_setter_89,14,375,500,1,0,1,0,0.381898667,0.286560059,1
test,english_setter_191,14,500,350,1,0,1,0,0.270462857,0.190795898,1
test,english_setter_4,14,500,375,1,0,1,0,0.234213333,0.176452637,1
test,english_setter_42,14,334,500,1,0,1,0,0.549113772,0.368835449,1
test,english_setter_80,14,334,500,1,0,1,0,0.513107784,0.344665527,1
test,english_setter_198,14,400,500,1,0,1,0,0.612995,0.488525391,1
test,english_setter_78,14,500,500,1,0,1,0,0.326464,0.325622559,1
test,english_setter_197,14,500,375,2,0,1,0,0.514586667,0.385437012,0
test,english_setter_5,14,400,300,1,1,1,0,0.566833333,0.425048828,0
test,english_setter_1,14,500,266,1,0,1,0,0.580097744,0.307861328,1
test,english_setter_66,14,334,500,1,0,1,0,0.361437126,0.242614746,1
test,english_setter_58,14,419,500,1,1,1,1,0.255904535,0.21472168,1
test,english_setter_19,14,500,356,1,2,1,1,0.434853933,0.309753418,0
test,english_setter_59,14,375,500,1,0,1,0,0.353712,0.265441895,1
test,english_setter_47,14,375,500,1,0,1,0,0.277658667,0.208618164,1
test,english_setter_36,14,364,500,1,1,1,0,0.438010989,0.317810059,0
test,english_setter_75,14,500,375,1,0,1,0,0.214864,0.161010742,1
test,english_setter_70,14,421,500,1,0,1,0,0.3064038,0.258056641,1
test,english_setter_199,14,451,500,1,0,1,0,0.591237251,0.531677246,1
test,english_setter_28,14,331,500,1,0,1,0,0.430851964,0.286376953,1
test,english_setter_194,14,375,500,1,0,1,0,0.191296,0.143798828,1
test,english_setter_35,14,440,500,1,0,1,1,0.756381818,0.667297363,0
test,english_setter_49,14,500,375,1,0,1,0,0.227888,0.170715332,1
test,english_setter_60,14,375,500,1,1,1,0,0.362229333,0.271240234,0
test,english_setter_46,14,375,500,1,1,1,0,0.654448,0.49017334,0
test,english_setter_79,14,333,500,1,0,1,0,0.243327327,0.161437988,1
test,english_setter_53,14,400,500,1,0,1,0,0.160275,0.127990723,1
test,english_setter_51,14,334,500,1,0,1,0,0.238892216,0.16003418,1
test,english_setter_91,14,375,500,1,0,1,0,0.361194667,0.271057129,1
test,english_setter_86,14,379,500,1,0,1,0,0.398770449,0.302246094,1
test,english_setter_50,14,336,500,1,0,1,0,0.251190476,0.168762207,1
test,english_setter_74,14,334,500,1,0,1,0,0.339143713,0.228088379,1
test,english_setter_200,14,333,500,1,0,1,0,0.529327327,0.351379395,1
test,english_setter_195,14,375,500,2,0,1,0,0.40024,0.299560547,0
test,english_setter_33,14,500,375,1,0,1,0,0.119045333,0.0893554688,1
test,english_setter_72,14,500,334,1,0,1,0,0.730850299,0.490600586,1
test,english_setter_95,14,374,500,1,2,1,3,0.418278075,0.313720703,0
test,english_setter_6,14,300,400,1,0,1,0,0.658208333,0.492675781,1
test,english_setter_55,14,500,332,1,0,1,0,0.663060241,0.440673828,1
test,english_setter_73,14,337,500,1,0,1,0,0.31452819,0.2109375,1
test,english_setter_63,14,333,500,1,1,1,1,0.31818018,0.211303711,1
test,english_setter_69,14,500,333,1,0,1,0,0.588144144,0.391052246,1
test,english_setter_56,14,332,500,1,0,1,0,0.696198795,0.46270752,1
test,english_setter_8,14,500,332,1,0,1,0,0.559927711,0.372314453,1
test,english_setter_76,14,333,500,1,0,1,0,0.267381381,0.177246094,1
test,english_setter_90,14,334,500,1,0,1,0,0.512634731,0.344726562,1
test,english_setter_193,14,500,375,2,0,1,1,0.391632,0.293823242,0
test,english_setter_48,14,333,500,1,1,1,1,0.344564565,0.228149414,1
test,english_setter_26,14,500,333,1,0,1,0,0.521513514,0.345947266,1
test,english_setter_64,14,333,500,1,0,1,0,0.196816817,0.130371094,1
test,english_setter_68,14,337,500,1,0,1,0,0.191317507,0.12878418,1
test,english_setter_87,14,333,500,1,0,1,0,0.198408408,0.131469727,1
test,english_setter_81,14,333,500,1,0,1,0,0.345831832,0.229736328,1
test,english_setter_77,14,500,398,1,0,1,0,0.384281407,0.305847168,1
test,english_setter_30,14,500,375,1,0,1,0,0.455445333,0.341674805,1
test,english_setter_93,14,375,500,1,2,1,4,0.274165333,0.205810547,0
test,english_setter_196,14,500,375,3,0,1,0,0.277632,0.205810547,0
test,english_setter_9,14,375,500,1,0,1,0,0.651738667,0.489074707,1
test,english_setter_99,14,333,500,1,0,1,0,0.501387387,0.333129883,1
test,english_setter_2,14,500,333,1,4,1,2,0.575177177,0.382019043,0
test,english_setter_24,14,333,500,1,0,1,0,0.335765766,0.222839355,1
test,english_setter_97,14,500,332,2,0,2,0,0.0956204819,0.0631713867,1
test,english_setter_96,14,500,375,1,1,1,0,0.346901333,0.259643555,0
test,english_setter_65,14,500,375,1,1,1,1,0.34744,0.260009766,1
test,english_setter_92,14,500,334,1,0,1,0,0.596185629,0.399902344,1
test,english_setter_34,14,500,375,1,0,1,0,0.410229333,0.307495117,1
test,english_setter_31,14,500,393,1,2,1,1,0.50146056,0.395812988,0
test,english_setter_32,14,375,500,1,0,1,0,0.542048,0.406677246,1
test,german_shorthaired_193,15,333,500,2,0,1,0,0.303693694,0.200622559,0
test,german_shorthaired_64,15,500,375,1,0,1,0,0.491301333,0.368286133,1
test,german_shorthaired_57,15,400,500,1,0,1,1,0.27398,0.217590332,0
test,german_shorthaired_67,15,375,500,1,0,1,0,0.169029333,0.126831055,1
test,german_shorthaired_91,15,500,375,1,1,1,0,0.240005333,0.179748535,0
test,german_shorthaired_56,15,500,357,1,0,1,0,0.300857143,0.214477539,1
test,german_shorthaired_89,15,375,500,1,0,1,0,0.534538667,0.401550293,1
test,german_shorthaired_30,15,336,500,1,0,1,0,0.304047619,0.203979492,1
test,german_shorthaired_85,15,500,424,1,1,1,1,0.249122642,0.211791992,1
test,german_shorthaired_37,15,409,500,1,3,1,1,0.543012225,0.445739746,0
test,german_shorthaired_6,15,500,334,1,1,1,0,0.32342515,0.217712402,0
test,german_shorthaired_197,15,500,333,1,0,1,0,0.250696697,0.166931152,1
test,german_shorthaired_62,15,500,400,1,0,1,0,0.12973,0.103210449,1
test,german_shorthaired_51,15,500,372,2,0,2,0,0.234231183,0.172302246,1
test,german_shorthaired_59,15,334,500,1,0,1,0,0.163976048,0.109985352,1
test,german_shorthaired_81,15,500,283,1,0,1,0,0.705038869,0.396484375,1
test,german_shorthaired_34,15,500,309,1,0,1,0,0.50638835,0.311828613,1
test,german_shorthaired_36,15,333,500,1,0,1,0,0.32575976,0.217224121,1
test,german_shorthaired_63,15,335,500,1,1,1,1,0.0905313433,0.0604858398,1
test,german_shorthaired_65,15,500,375,1,0,1,0,0.447322667,0.335266113,1
test,german_shorthaired_93,15,334,500,1,0,1,0,0.151826347,0.101989746,1
test,german_shorthaired_19,15,375,500,1,0,1,0,0.492512,0.369445801,1
test,german_shorthaired_43,15,424,500,1,6,1,3,0.266966981,0.227416992,0
test,german_shorthaired_46,15,500,338,1,0,1,0,0.367609467,0.251647949,1
test,german_shorthaired_195,15,333,500,2,0,1,0,0.451897898,0.299194336,0
test,german_shorthaired_191,15,333,500,1,0,1,0,0.23751952,0.156738281,1
test,german_shorthaired_5,15,375,500,1,1,1,0,0.0712586667,0.0535888672,0
test,german_shorthaired_27,15,332,500,1,0,1,0,0.313295181,0.208312988,1
test,german_shorthaired_97,15,334,500,1,0,1,0,0.463383234,0.311401367,1
test,german_shorthaired_3,15,500,333,1,1,1,1,0.0962822823,0.0640869141,1
test,german_shorthaired_83,15,375,500,1,0,1,0,0.342293333,0.257141113,1
test,german_shorthaired_92,15,500,375,1,0,1,0,0.330810667,0.248046875,1
test,german_shorthaired_41,15,500,333,1,0,1,0,0.383009009,0.253479004,1
test,german_shorthaired_72,15,500,334,1,0,1,0,0.364988024,0.245361328,1
test,german_shorthaired_45,15,332,500,1,0,1,0,0.432313253,0.28704834,1
test,german_shorthaired_78,15,500,334,1,0,1,0,0.373071856,0.250732422,1
test,german_shorthaired_21,15,500,307,1,1,1,0,0.516827362,0.319152832,0
test,german_shorthaired_25,15,500,375,1,1,1,0,0.746064,0.559326172,0
test,german_shorthaired_49,15,500,333,3,1,3,1,0.43209009,0.286682129,1
test,german_shorthaired_74,15,334,500,1,0,1,0,0.285700599,0.191894531,1
test,german_shorthaired_79,15,333,500,1,0,1,0,0.218900901,0.145507812,1
test,german_shorthaired_200,15,333,500,2,1,2,0,0.337123123,0.22442627,0
test,german_shorthaired_94,15,500,333,1,1,1,0,0.609753754,0.404418945,0
test,german_shorthaired_84,15,332,500,1,0,1,0,0.355795181,0.236206055,1
test,german_shorthaired_61,15,334,500,1,0,1,4,0.124035928,0.0827026367,0
test,german_shorthaired_71,15,344,500,1,0,1,0,0.48444186,0.333251953,1
test,german_shorthaired_196,15,333,500,1,0,1,0,0.35360961,0.234375,1
test,german_shorthaired_32,15,333,500,1,0,1,0,0.407525526,0.270202637,1
test,german_shorthaired_60,15,334,500,1,0,1,0,0.105293413,0.0703735352,1
test,german_shorthaired_53,15,500,357,1,0,1,0,0.570879552,0.406860352,1
test,german_shorthaired_68,15,500,375,1,0,1,0,0.663258667,0.497741699,1
test,german_shorthaired_1,15,500,375,2,0,2,0,0.177210667,0.133422852,1
test,german_shorthaired_80,15,333,500,1,0,1,0,0.252078078,0.168151855,1
test,german_shorthaired_192,15,333,500,1,1,1,2,0.253747748,0.168334961,0
test,german_shorthaired_199,15,333,500,1,1,1,1,0.452546547,0.30090332,1
test,german_shorthaired_42,15,500,334,1,0,1,0,0.484287425,0.325561523,1
test,german_shorthaired_75,15,334,500,1,0,1,1,0.379323353,0.254516602,0
test,german_shorthaired_28,15,375,500,1,1,1,3,0.152378667,0.114074707,0
test,german_shorthaired_99,15,396,500,1,8,1,4,0.394227273,0.312011719,0
test,german_shorthaired_194,15,333,500,2,2,1,0,0.391885886,0.258972168,0
test,german_shorthaired_54,15,500,400,1,0,1,3,0.28598,0.22857666,0
test,german_shorthaired_88,15,500,401,1,2,1,1,0.40953616,0.330383301,0
test,german_shorthaired_33,15,500,379,1,0,1,0,0.429525066,0.32598877,1
test,german_shorthaired_70,15,333,500,1,0,1,0,0.397141141,0.263793945,1
test,german_shorthaired_20,15,500,375,1,0,1,0,0.312698667,0.234985352,1
test,german_shorthaired_87,15,496,500,1,0,1,0,0.421971774,0.419372559,1
test,german_shorthaired_66,15,500,374,1,0,1,0,0.492721925,0.369812012,1
test,german_shorthaired_47,15,500,429,2,0,2,0,0.278013986,0.239257812,1
test,german_shorthaired_86,15,334,500,1,0,1,2,0.339305389,0.227844238,0
test,german_shorthaired_98,15,500,334,1,0,1,0,0.296305389,0.198547363,1
test,german_shorthaired_29,15,500,409,1,4,1,3,0.343344743,0.281799316,0
test,german_shorthaired_31,15,417,500,1,0,1,0,0.196398082,0.164306641,1
test,german_shorthaired_76,15,375,500,1,3,1,1,0.173424,0.131103516,0
test,german_shorthaired_9,15,375,500,1,2,1,2,0.447605333,0.336120605,1
test,german_shorthaired_95,15,332,500,1,0,1,0,0.284807229,0.189086914,1
test,german_shorthaired_2,15,374,500,1,0,1,0,0.578903743,0.434020996,1
test,german_shorthaired_50,15,372,500,1,1,1,0,0.154510753,0.114501953,0
test,german_shorthaired_39,15,399,500,1,0,1,0,0.168636591,0.135559082,1
test,german_shorthaired_7,15,500,333,1,2,1,4,0.302540541,0.201660156,0
test,german_shorthaired_52,15,500,400,1,0,1,1,0.271915,0.216430664,0
test,german_shorthaired_48,15,500,386,1,0,1,0,0.0963471503,0.0746459961,1
test,german_shorthaired_8,15,500,333,1,1,1,1,0.680606607,0.451904297,1
test,german_shorthaired_69,15,500,333,1,0,1,0,0.342042042,0.227233887,1
test,german_shorthaired_23,15,500,333,1,4,1,0,0.542252252,0.360046387,0
test,german_shorthaired_198,15,333,500,1,0,1,0,0.403795796,0.268127441,1
test,german_shorthaired_38,15,500,333,1,0,1,0,0.475957958,0.315856934,1
test,german_shorthaired_4,15,375,500,1,0,1,0,0.138501333,0.103820801,1
test,german_shorthaired_77,15,500,468,1,0,1,0,0.677230769,0.635131836,1
test,german_shorthaired_44,15,500,333,1,0,1,0,0.415069069,0.275512695,1
test,german_shorthaired_40,15,417,500,1,0,1,0,0.0748297362,0.0626831055,1
test,german_shorthaired_24,15,375,500,1,0,1,0,0.265008,0.198425293,1
test,german_shorthaired_26,15,500,375,1,0,1,0,0.744085333,0.557250977,1
test,german_shorthaired_90,15,375,500,1,0,1,1,0.450837333,0.337036133,0
test,german_shorthaired_55,15,500,379,1,0,1,0,0.257313984,0.194824219,1
test,german_shorthaired_58,15,400,500,1,1,1,1,0.22082,0.176025391,1
test,german_shorthaired_82,15,500,210,1,1,1,1,0.423638095,0.178710938,1
test,german_shorthaired_96,15,500,375,1,0,1,0,0.739744,0.554870605,1
test,german_shorthaired_35,15,448,500,1,0,1,0,0.511026786,0.458435059,1
test,german_shorthaired_73,15,500,334,1,1,1,1,0.323580838,0.217346191,1
test,german_shorthaired_22,15,500,333,1,0,1,0,0.419147147,0.277893066,1
test,great_pyrenees_59,16,333,500,1,0,1,0,0.573921922,0.380554199,1
test,great_pyrenees_81,16,375,500,1,1,1,1,0.270762667,0.203125,1
test,great_pyrenees_63,16,333,500,1,0,1,0,0.108834835,0.0725097656,1
test,great_pyrenees_194,16,333,500,2,0,2,0,0.665369369,0.441162109,1
test,great_pyrenees_53,16,333,500,1,0,1,0,0.221537538,0.147155762,1
test,great_pyrenees_57,16,333,500,1,0,1,0,0.162870871,0.10736084,1
test,great_pyrenees_58,16,333,500,1,2,1,0,0.472726727,0.313598633,0
test,great_pyrenees_87,16,375,500,1,0,1,0,0.418490667,0.313537598,1
test,great_pyrenees_32,16,375,500,1,0,1,0,0.314378667,0.236022949,1
test,great_pyrenees_41,16,500,500,1,0,1,0,0.767916,0.767883301,1
test,great_pyrenees_42,16,382,500,1,1,1,2,0.399581152,0.305358887,0
test,great_pyrenees_98,16,500,404,1,0,1,1,0.314935644,0.253417969,0
test,great_pyrenees_91,16,471,500,1,0,1,0,0.518585987,0.489990234,1
test,great_pyrenees_66,16,333,500,1,0,1,0,0.377477477,0.250366211,1
test,great_pyrenees_2,16,500,422,1,0,1,0,0.564151659,0.475891113,1
test,great_pyrenees_78,16,500,355,1,0,1,0,0.379329577,0.269470215,1
test,great_pyrenees_97,16,335,500,1,0,1,0,0.716722388,0.481567383,1
test,great_pyrenees_19,16,480,347,1,0,1,0,0.403806436,0.293273926,1
test,great_pyrenees_46,16,331,500,1,0,1,0,0.536664653,0.356384277,1
test,great_pyrenees_3,16,333,500,1,0,1,0,0.407897898,0.270751953,1
test,great_pyrenees_76,16,500,333,1,0,1,0,0.51166967,0.33972168,1
test,great_pyrenees_83,16,500,333,1,0,1,0,0.410582583,0.272766113,1
test,great_pyrenees_54,16,333,500,1,2,1,1,0.524672673,0.34753418,0
test,great_pyrenees_36,16,375,500,1,0,1,0,0.506010667,0.379943848,1
test,great_pyrenees_99,16,375,500,1,0,1,0,0.370053333,0.277160645,1
test,great_pyrenees_89,16,357,500,1,0,1,0,0.32059944,0.228637695,1
test,great_pyrenees_77,16,339,480,1,1,1,0,0.383788102,0.269470215,0
test,great_pyrenees_193,16,453,500,3,0,1,0,0.582944812,0.527099609,0
test,great_pyrenees_45,16,333,500,1,0,1,0,0.497501502,0.330993652,1
test,great_pyrenees_67,16,333,500,1,0,1,0,0.373873874,0.249145508,1
test,great_pyrenees_48,16,500,404,1,0,1,0,0.379613861,0.305175781,1
test,great_pyrenees_38,16,375,500,1,1,1,1,0.324314667,0.243347168,1
test,great_pyrenees_22,16,342,500,1,0,1,0,0.534573099,0.367370605,1
test,great_pyrenees_94,16,335,500,1,0,1,0,0.381134328,0.256347656,1
test,great_pyrenees_8,16,480,356,1,1,1,1,0.23261353,0.172668457,1
test,great_pyrenees_64,16,333,500,1,0,1,0,0.192984985,0.127929688,1
test,great_pyrenees_75,16,500,375,1,0,1,0,0.483509333,0.362426758,1
test,great_pyrenees_195,16,375,500,2,0,2,0,0.475232,0.355895996,1
test,great_pyrenees_26,16,375,500,1,0,1,0,0.260346667,0.195983887,1
test,great_pyrenees_52,16,500,459,1,0,1,1,0.572779956,0.528137207,0
test,great_pyrenees_79,16,484,500,1,0,1,0,0.601024793,0.582092285,1
test,great_pyrenees_9,16,480,377,1,2,1,2,0.362196065,0.285888672,1
test,great_pyrenees_86,16,500,464,1,0,1,0,0.754366379,0.700805664,1
test,great_pyrenees_96,16,375,500,1,0,1,0,0.29664,0.222229004,1
test,great_pyrenees_70,16,375,500,1,0,1,0,0.375669333,0.280822754,1
test,great_pyrenees_82,16,333,500,1,0,1,0,0.3336997,0.22253418,1
test,great_pyrenees_25,16,375,500,1,0,1,0,0.633712,0.475097656,1
test,great_pyrenees_90,16,500,337,1,1,1,1,0.495281899,0.332824707,1
test,great_pyrenees_31,16,336,500,1,0,1,0,0.598035714,0.401733398,1
test,great_pyrenees_21,16,354,480,1,0,1,0,0.435304849,0.320007324,1
test,great_pyrenees_28,16,485,500,1,3,1,3,0.638787629,0.618041992,1
test,great_pyrenees_35,16,400,500,1,0,1,0,0.501685,0.399230957,1
test,great_pyrenees_191,16,374,500,1,0,1,0,0.376652406,0.282592773,1
test,great_pyrenees_84,16,375,500,1,0,1,0,0.533333333,0.400024414,1
test,great_pyrenees_80,16,500,440,1,0,1,0,0.406890909,0.359741211,1
test,great_pyrenees_7,16,375,500,1,0,1,0,0.145226667,0.10949707,1
test,great_pyrenees_29,16,500,334,1,0,1,0,0.639371257,0.429992676,1
test,great_pyrenees_200,16,403,500,1,0,1,0,0.381826303,0.307373047,1
test,great_pyrenees_68,16,333,500,1,0,1,0,0.303885886,0.202514648,1
test,great_pyrenees_34,16,375,500,1,2,1,2,0.197674667,0.148742676,1
test,great_pyrenees_27,16,375,500,1,0,1,0,0.299013333,0.224731445,1
test,great_pyrenees_71,16,375,500,1,1,1,1,0.339461333,0.255249023,1
test,great_pyrenees_69,16,375,500,1,0,1,0,0.361845333,0.271118164,1
test,great_pyrenees_49,16,318,500,1,0,1,0,0.519622642,0.328552246,1
test,great_pyrenees_40,16,333,500,1,0,1,0,0.205171171,0.135864258,1
test,great_pyrenees_88,16,500,331,1,1,1,1,0.411867069,0.274047852,1
test,great_pyrenees_1,16,480,351,1,0,1,0,0.519972697,0.382385254,1
test,great_pyrenees_72,16,375,500,1,2,1,1,0.26944,0.202148438,0
test,great_pyrenees_23,16,375,500,1,0,1,0,0.214426667,0.161132812,1
test,great_pyrenees_199,16,375,500,1,0,1,0,0.508037333,0.381103516,1
test,great_pyrenees_50,16,375,500,1,0,1,0,0.516901333,0.387207031,1
test,great_pyrenees_33,16,375,500,2,0,2,0,0.374336,0.281494141,1
test,great_pyrenees_43,16,500,375,1,0,1,0,0.355648,0.266967773,1
test,great_pyrenees_37,16,375,500,1,0,1,0,0.213328,0.16003418,1
test,great_pyrenees_4,16,333,500,1,0,1,0,0.24818018,0.164794922,1
test,great_pyrenees_73,16,375,500,1,0,1,0,0.275146667,0.20690918,1
test,great_pyrenees_62,16,500,375,1,1,1,1,0.315914667,0.236999512,1
test,great_pyrenees_6,16,335,500,1,0,1,0,0.586376119,0.394165039,1
test,great_pyrenees_85,16,378,500,1,0,1,0,0.454952381,0.344604492,1
test,great_pyrenees_44,16,336,500,1,0,1,0,0.213154762,0.143432617,1
test,great_pyrenees_196,16,383,500,1,2,1,2,0.317295039,0.243286133,1
test,great_pyrenees_20,16,480,369,1,0,1,0,0.4462229,0.341430664,1
test,great_pyrenees_51,16,334,500,1,0,1,0,0.521479042,0.350708008,1
test,great_pyrenees_65,16,333,500,1,0,1,0,0.507189189,0.335998535,1
test,great_pyrenees_74,16,375,500,1,0,1,0,0.376341333,0.282531738,1
test,great_pyrenees_39,16,281,500,1,0,1,0,0.286996441,0.161071777,1
test,great_pyrenees_24,16,411,500,1,2,1,1,0.359090024,0.294616699,0
test,great_pyrenees_5,16,333,500,1,0,1,0,0.317735736,0.210571289,1
test,great_pyrenees_30,16,334,500,1,0,1,0,0.343802395,0.230834961,1
test,great_pyrenees_47,16,400,500,1,0,1,0,0.70822,0.564147949,1
test,great_pyrenees_61,16,333,500,1,0,1,0,0.38206006,0.25390625,1
test,great_pyrenees_197,16,375,500,1,0,1,0,0.683317333,0.512390137,1
test,great_pyrenees_95,16,371,500,1,1,1,1,0.274059299,0.203857422,1
test,great_pyrenees_93,16,500,333,1,0,1,0,0.622306306,0.412658691,1
test,great_pyrenees_55,16,333,500,1,2,1,0,0.184474474,0.122558594,0
test,great_pyrenees_92,16,333,500,1,0,1,0,0.753975976,0.500793457,1
test,great_pyrenees_60,16,333,500,1,0,1,0,0.261921922,0.173706055,1
test,great_pyrenees_56,16,375,500,1,0,1,0,0.459024,0.344177246,1
test,great_pyrenees_192,16,375,500,2,0,2,0,0.45864,0.343383789,1
test,great_pyrenees_198,16,381,480,1,0,1,0,0.384355862,0.306213379,1
test,havanese_23,17,500,500,1,0,1,0,0.323076,0.323242188,1
test,havanese_37,17,500,334,1,0,1,0,0.740335329,0.497619629,1
test,havanese_70,17,351,500,1,4,1,2,0.375156695,0.264160156,0
test,havanese_21,17,375,500,1,0,1,0,0.405381333,0.304504395,1
test,havanese_32,17,333,500,1,1,1,1,0.453921922,0.30255127,1
test,havanese_82,17,333,500,1,0,1,0,0.433351351,0.287841797,1
test,havanese_40,17,333,500,1,0,1,1,0.515267267,0.34161377,0
test,havanese_83,17,500,333,1,0,1,0,0.410714715,0.273132324,1
test,havanese_9,17,500,333,1,1,1,1,0.639411411,0.424133301,1
test,havanese_88,17,333,500,1,0,1,0,0.443069069,0.293945312,1
test,havanese_90,17,333,500,1,0,1,0,0.32221021,0.213562012,1
test,havanese_79,17,354,500,1,1,1,1,0.585175141,0.415466309,1
test,havanese_97,17,333,500,1,0,1,0,0.482678679,0.320617676,1
test,havanese_24,17,338,500,1,0,1,0,0.356775148,0.242919922,1
test,havanese_95,17,500,344,1,0,1,0,0.503424419,0.346435547,1
test,havanese_36,17,500,500,1,0,1,0,0.494272,0.49432373,1
test,havanese_196,17,333,500,2,0,1,0,0.371357357,0.244812012,0
test,havanese_67,17,375,500,1,0,1,0,0.532874667,0.399475098,1
test,havanese_94,17,375,500,1,0,1,0,0.186528,0.140136719,1
test,havanese_71,17,345,500,1,0,1,0,0.398933333,0.2734375,1
test,havanese_191,17,333,500,2,1,1,1,0.166690691,0.110168457,0
test,havanese_56,17,500,404,1,0,1,0,0.392910891,0.31628418,1
test,havanese_35,17,500,500,1,0,1,0,0.458432,0.457519531,1
test,havanese_80,17,333,500,1,0,1,0,0.690666667,0.458618164,1
test,havanese_4,17,500,333,1,0,1,0,0.310366366,0.205688477,1
test,havanese_72,17,335,500,1,0,1,0,0.696250746,0.468261719,1
test,havanese_5,17,500,333,1,0,1,0,0.752126126,0.499328613,1
test,havanese_85,17,332,500,1,0,1,0,0.446831325,0.296813965,1
test,havanese_48,17,333,500,1,0,1,0,0.468018018,0.310119629,1
test,havanese_34,17,500,333,1,0,1,0,0.393897898,0.260253906,1
test,havanese_50,17,500,334,1,1,1,0,0.44142515,0.295776367,0
test,havanese_78,17,333,500,1,0,1,0,0.470576577,0.312438965,1
test,havanese_194,17,500,500,2,0,2,0,0.67754,0.677368164,1
test,havanese_3,17,500,333,1,0,1,0,0.562834835,0.373779297,1
test,havanese_27,17,334,500,1,0,1,0,0.844275449,0.567504883,1
test,havanese_199,17,375,500,2,1,2,1,0.193162667,0.144042969,1
test,havanese_77,17,375,500,1,0,1,0,0.619669333,0.464233398,1
test,havanese_33,17,333,500,1,0,1,0,0.303171171,0.201171875,1
test,havanese_74,17,375,500,1,0,1,0,0.525978667,0.395263672,1
test,havanese_192,17,333,500,1,0,1,0,0.526006006,0.349487305,1
test,havanese_63,17,333,500,1,0,1,0,0.416066066,0.275939941,1
test,havanese_65,17,332,500,1,0,1,0,0.318180723,0.211608887,1
test,havanese_47,17,334,500,1,0,1,0,0.304592814,0.205078125,1
test,havanese_75,17,363,500,1,7,1,1,0.286842975,0.208557129,0
test,havanese_91,17,333,500,1,0,1,0,0.601477477,0.399597168,1
test,havanese_86,17,335,500,1,0,1,0,0.581737313,0.390625,1
test,havanese_25,17,500,334,1,0,1,0,0.516167665,0.346862793,1
test,havanese_19,17,500,333,1,1,1,1,0.657177177,0.436767578,1
test,havanese_87,17,333,500,1,0,1,0,0.40160961,0.265991211,1
test,havanese_89,17,500,333,1,1,1,2,0.699273273,0.463928223,0
test,havanese_53,17,500,332,1,0,1,0,0.688698795,0.45715332,1
test,havanese_52,17,500,332,1,0,1,1,0.730584337,0.484802246,0
test,havanese_99,17,325,500,1,0,1,0,0.376849231,0.244262695,1
test,havanese_44,17,325,500,1,0,1,0,0.49224,0.318054199,1
test,havanese_2,17,500,500,1,0,1,0,0.630208,0.630187988,1
test,havanese_193,17,375,500,2,0,2,0,0.427237333,0.319885254,1
test,havanese_41,17,320,500,1,0,1,0,0.2737125,0.175170898,1
test,havanese_81,17,500,333,1,0,1,0,0.470696697,0.311828613,1
test,havanese_195,17,500,457,2,0,1,0,0.297956236,0.271362305,0
test,havanese_43,17,375,500,1,0,1,0,0.337824,0.253295898,1
test,havanese_84,17,500,333,1,0,1,0,0.559843844,0.371520996,1
test,havanese_197,17,428,500,2,0,1,0,0.22882243,0.195678711,0
test,havanese_38,17,333,500,1,0,1,0,0.537627628,0.35748291,1
test,havanese_69,17,500,333,1,0,1,0,0.180378378,0.120117188,1
test,havanese_62,17,375,500,1,0,1,1,0.359621333,0.269470215,0
test,havanese_20,17,333,500,1,0,1,0,0.556606607,0.369567871,1
test,havanese_42,17,500,375,1,0,1,0,0.499024,0.373779297,1
test,havanese_64,17,333,500,1,0,1,0,0.50790991,0.33782959,1
test,havanese_93,17,375,500,1,0,1,0,0.451333333,0.338134766,1
test,havanese_28,17,333,500,1,0,1,0,0.439987988,0.291381836,1
test,havanese_31,17,333,500,1,0,1,0,0.825387387,0.548217773,1
test,havanese_49,17,375,500,1,0,1,0,0.660021333,0.49420166,1
test,havanese_6,17,500,500,1,0,1,0,0.572764,0.573181152,1
test,havanese_92,17,500,500,1,0,1,0,0.538504,0.538452148,1
test,havanese_59,17,333,500,1,0,1,0,0.654930931,0.435058594,1
test,havanese_76,17,465,500,1,1,1,1,0.767806452,0.713806152,1
test,havanese_73,17,375,500,1,0,1,0,0.258784,0.192810059,1
test,havanese_60,17,333,500,1,0,1,0,0.932870871,0.619140625,1
test,havanese_55,17,375,500,1,0,1,0,0.397397333,0.298400879,1
test,havanese_7,17,500,333,1,0,1,0,0.596828829,0.396057129,1
test,havanese_8,17,500,400,1,0,1,0,0.389065,0.309570312,1
test,havanese_98,17,332,500,1,0,1,0,0.605921687,0.402648926,1
test,havanese_57,17,500,381,1,0,1,0,0.264619423,0.202331543,1
test,havanese_46,17,375,500,1,0,1,0,0.502272,0.37701416,1
test,havanese_1,17,500,333,1,0,1,0,0.534930931,0.354553223,1
test,havanese_61,17,375,500,1,0,1,0,0.4768,0.357299805,1
test,havanese_26,17,500,333,1,0,1,0,0.369489489,0.245300293,1
test,havanese_29,17,334,500,1,0,1,1,0.337221557,0.227233887,0
test,havanese_39,17,500,333,1,0,1,0,0.578582583,0.38458252,1
test,havanese_96,17,375,500,1,0,1,0,0.310330667,0.232055664,1
test,havanese_30,17,333,500,1,0,1,0,0.521153153,0.346130371,1
test,havanese_66,17,332,500,1,1,1,0,0.726138554,0.48236084,0
test,havanese_58,17,500,401,1,1,1,2,0.538483791,0.433349609,0
test,havanese_68,17,375,500,1,0,1,0,0.541909333,0.405639648,1
test,havanese_198,17,500,333,2,0,1,0,0.222402402,0.147155762,0
test,havanese_54,17,500,332,1,1,1,0,0.693927711,0.461120605,0
test,havanese_22,17,333,500,1,0,1,0,0.272600601,0.181518555,1
test,havanese_200,17,333,500,1,0,1,0,0.536948949,0.356445312,1
test,havanese_45,17,500,499,1,0,1,0,0.594785571,0.594787598,1
test,havanese_51,17,333,500,1,0,1,0,0.662288288,0.440307617,1
test,japanese_chin_94,18,375,500,1,0,1,0,0.333349333,0.250061035,1
test,japanese_chin_1,18,500,375,1,1,1,0,0.556554667,0.417602539,0
test,japanese_chin_45,18,500,415,3,0,3,0,0.256848193,0.212585449,1
test,japanese_chin_57,18,375,500,1,0,1,0,0.221674667,0.16607666,1
test,japanese_chin_194,18,375,500,2,0,1,1,0.205274667,0.152893066,0
test,japanese_chin_51,18,375,500,1,0,1,0,0.611786667,0.458312988,1
test,japanese_chin_192,18,500,375,2,0,2,1,0.284896,0.213134766,0
test,japanese_chin_98,18,338,500,1,1,1,0,0.0952899408,0.0648193359,0
test,japanese_chin_5,18,375,500,1,0,1,0,0.541424,0.406555176,1
test,japanese_chin_20,18,500,375,2,0,1,0,0.310037333,0.232849121,0
test,japanese_chin_196,18,480,360,1,0,1,0,0.706336806,0.529541016,1
test,japanese_chin_67,18,369,500,1,0,1,1,0.207924119,0.153259277,0
test,japanese_chin_85,18,428,500,1,0,1,0,0.094182243,0.0808105469,1
test,japanese_chin_25,18,375,500,1,0,1,0,0.346373333,0.25994873,1
test,japanese_chin_80,18,500,375,1,4,1,2,0.190405333,0.14263916,0
test,japanese_chin_77,18,458,500,1,0,1,0,0.344847162,0.315246582,1
test,japanese_chin_26,18,334,500,1,1,1,1,0.875754491,0.588562012,1
test,japanese_chin_63,18,375,500,1,0,1,0,0.775936,0.581420898,1
test,japanese_chin_54,18,375,500,1,0,1,0,0.195930667,0.146789551,1
test,japanese_chin_42,18,500,334,1,0,1,0,0.54548503,0.366638184,1
test,japanese_chin_43,18,500,417,1,0,1,0,0.299764988,0.250244141,1
test,japanese_chin_64,18,375,500,1,0,1,0,0.717829333,0.538146973,1
test,japanese_chin_58,18,375,500,1,0,1,0,0.336709333,0.252075195,1
test,japanese_chin_8,18,375,500,1,0,1,0,0.348058667,0.261230469,1
test,japanese_chin_19,18,375,500,2,2,2,2,0.392554667,0.294250488,1
test,japanese_chin_27,18,334,500,1,0,1,0,0.436964072,0.29309082,1
test,japanese_chin_61,18,375,500,1,0,1,0,0.190602667,0.142944336,1
test,japanese_chin_83,18,500,375,1,1,1,0,0.404746667,0.303833008,0
test,japanese_chin_195,18,375,500,2,0,2,0,0.450613333,0.337463379,1
test,japanese_chin_22,18,375,500,1,0,1,1,0.423685333,0.317565918,0
test,japanese_chin_30,18,500,333,1,0,1,0,0.562810811,0.37322998,1
test,japanese_chin_55,18,375,500,1,0,1,0,0.385189333,0.28894043,1
test,japanese_chin_86,18,334,500,1,0,1,0,0.794305389,0.534423828,1
test,japanese_chin_33,18,375,500,1,0,1,0,0.184096,0.138183594,1
test,japanese_chin_89,18,375,500,1,0,1,0,0.316704,0.238586426,1
test,japanese_chin_44,18,442,500,1,0,1,0,0.398502262,0.351257324,1
test,japanese_chin_93,18,375,500,1,0,1,1,0.1608,0.12109375,0
test,japanese_chin_96,18,375,500,1,1,1,1,0.263632,0.196960449,1
test,japanese_chin_52,18,375,500,1,0,1,0,0.402432,0.300842285,1
test,japanese_chin_49,18,375,500,1,0,1,0,0.312704,0.234985352,1
test,japanese_chin_37,18,333,500,1,0,1,0,0.314186186,0.20880127,1
test,japanese_chin_66,18,500,482,1,0,1,0,0.502634855,0.482727051,1
test,japanese_chin_88,18,375,500,1,2,1,3,0.344272,0.258422852,0
test,japanese_chin_197,18,375,500,2,0,1,0,0.405605333,0.304077148,0
test,japanese_chin_76,18,483,500,1,0,1,0,0.933834369,0.900085449,1
test,japanese_chin_90,18,375,500,1,0,1,0,0.537168,0.402160645,1
test,japanese_chin_29,18,333,500,1,0,1,0,0.182882883,0.120727539,1
test,japanese_chin_4,18,375,500,1,0,1,0,0.252250667,0.188476562,1
test,japanese_chin_47,18,500,334,1,0,1,0,0.448670659,0.301513672,1
test,japanese_chin_2,18,500,339,1,0,1,0,0.717250737,0.486999512,1
test,japanese_chin_70,18,375,500,1,1,1,1,0.371952,0.278808594,1
test,japanese_chin_74,18,375,500,1,0,1,1,0.655461333,0.491699219,0
test,japanese_chin_48,18,226,500,1,1,1,1,0.479477876,0.216796875,1
test,japanese_chin_38,18,333,500,1,0,1,1,0.623501502,0.413513184,0
test,japanese_chin_6,18,375,500,1,0,1,0,0.241344,0.181762695,1
test,japanese_chin_84,18,500,375,1,0,1,0,0.544506667,0.408935547,1
test,japanese_chin_24,18,500,333,1,0,1,0,0.616348348,0.409912109,1
test,japanese_chin_95,18,400,500,1,0,1,0,0.77145,0.614013672,1
test,japanese_chin_56,18,332,500,1,0,1,0,0.59313253,0.394042969,1
test,japanese_chin_198,18,500,357,1,0,1,0,0.52112605,0.371154785,1
test,japanese_chin_65,18,375,500,1,0,1,1,0.451754667,0.338745117,0
test,japanese_chin_60,18,375,500,1,0,1,0,0.183957333,0.137817383,1
test,japanese_chin_28,18,333,500,1,0,1,0,0.767597598,0.509521484,1
test,japanese_chin_191,18,333,500,2,0,1,0,0.641543544,0.425842285,0
test,japanese_chin_46,18,466,500,1,1,1,0,0.845927039,0.786621094,0
test,japanese_chin_53,18,375,500,1,0,1,0,0.345104,0.258728027,1
test,japanese_chin_68,18,332,500,3,1,3,0,0.290512048,0.19317627,0
test,japanese_chin_200,18,375,500,1,0,1,0,0.498282667,0.373779297,1
test,japanese_chin_39,18,333,500,1,0,1,0,0.391561562,0.260009766,1
test,japanese_chin_81,18,375,500,1,0,1,0,0.461408,0.346191406,1
test,japanese_chin_3,18,350,467,2,0,2,1,0.340391557,0.255187988,0
test,japanese_chin_62,18,375,500,1,0,1,0,0.752309333,0.564147949,1
test,japanese_chin_82,18,332,500,1,0,1,0,0.240879518,0.159851074,1
test,japanese_chin_99,18,375,500,1,0,1,0,0.846298667,0.634338379,1
test,japanese_chin_21,18,375,500,1,1,1,0,0.382346667,0.28704834,0
test,japanese_chin_75,18,375,500,1,1,1,0,0.371248,0.277282715,0
test,japanese_chin_34,18,333,500,1,0,1,0,0.338936937,0.224914551,1
test,japanese_chin_32,18,333,500,1,0,1,0,0.321495495,0.21295166,1
test,japanese_chin_9,18,393,500,1,0,1,0,0.687038168,0.542053223,1
test,japanese_chin_35,18,333,500,1,0,1,0,0.211435435,0.14050293,1
test,japanese_chin_71,18,500,337,1,0,1,0,0.476005935,0.320495605,1
test,japanese_chin_97,18,464,500,1,0,1,0,0.55749569,0.518371582,1
test,japanese_chin_193,18,328,500,2,0,1,0,0.22320122,0.146850586,0
test,japanese_chin_92,18,333,500,1,0,1,0,0.20993994,0.139648438,1
test,japanese_chin_50,18,375,500,1,0,1,0,0.160522667,0.119995117,1
test,japanese_chin_40,18,333,500,1,1,1,1,0.137507508,0.0909423828,1
test,japanese_chin_72,18,334,500,1,0,1,0,0.732341317,0.492126465,1
test,japanese_chin_73,18,375,500,1,0,1,0,0.394064,0.296264648,1
test,japanese_chin_79,18,375,500,1,0,1,0,0.222928,0.167236328,1
test,japanese_chin_59,18,333,500,1,0,1,0,0.444738739,0.295959473,1
test,japanese_chin_199,18,375,500,0,0,0,0,0,0,1
test,japanese_chin_87,18,373,500,1,1,1,2,0.836289544,0.620117188,0
test,japanese_chin_7,18,499,432,1,0,1,0,0.691596155,0.598999023,1
test,japanese_chin_31,18,333,500,1,0,1,0,0.427891892,0.283569336,1
test,japanese_chin_69,18,500,375,1,0,1,0,0.543024,0.407043457,1
test,japanese_chin_78,18,375,500,1,0,1,0,0.491696,0.368652344,1
test,japanese_chin_36,18,333,500,1,0,1,0,0.327315315,0.217529297,1
test,japanese_chin_91,18,333,500,1,0,1,0,0.484048048,0.321350098,1
test,japanese_chin_23,18,333,500,1,0,1,0,0.371837838,0.246032715,1
test,japanese_chin_41,18,346,500,1,0,1,0,0.353,0.24432373,1
test,keeshond_37,19,372,500,1,0,1,0,0.598155914,0.443481445,1
test,keeshond_191,19,375,500,1,0,1,0,0.515376,0.386779785,1
test,keeshond_56,19,375,500,1,0,1,0,0.349530667,0.262268066,1
test,keeshond_98,19,375,500,1,1,1,1,0.277525333,0.206848145,1
test,keeshond_7,19,500,333,0,0,0,0,0,0,1
test,keeshond_58,19,403,500,1,0,1,0,0.39480397,0.317626953,1
test,keeshond_96,19,500,375,1,0,1,0,0.504757333,0.37890625,1
test,keeshond_198,19,333,500,1,0,1,0,0.0982102102,0.0655517578,1
test,keeshond_24,19,500,350,1,0,1,0,0.139331429,0.0979614258,1
test,keeshond_63,19,480,320,1,0,1,0,0.36109375,0.239807129,1
test,keeshond_82,19,375,500,1,3,1,0,0.423706667,0.318603516,0
test,keeshond_93,19,375,500,1,0,1,0,0.506437333,0.381408691,1
test,keeshond_53,19,412,500,1,0,1,0,0.834645631,0.684936523,1
test,keeshond_199,19,331,500,1,0,1,0,0.674181269,0.447387695,1
test,keeshond_3,19,331,500,1,0,1,0,0.752459215,0.50012207,1
test,keeshond_99,19,375,500,1,0,1,0,0.454981333,0.342102051,1
test,keeshond_94,19,474,500,1,0,1,0,0.748628692,0.706665039,1
test,keeshond_4,19,338,500,1,0,1,0,0.694106509,0.471191406,1
test,keeshond_88,19,375,500,1,0,1,0,0.532032,0.398071289,1
test,keeshond_44,19,375,500,1,0,1,0,0.140181333,0.105773926,1
test,keeshond_60,19,375,500,1,0,1,0,0.700538667,0.52545166,1
test,keeshond_20,19,375,500,1,0,1,0,0.277856,0.207885742,1
test,keeshond_54,19,320,480,1,0,1,0,0.214485677,0.142944336,1
test,keeshond_32,19,500,333,1,0,1,0,0.96996997,0.643920898,1
test,keeshond_92,19,374,500,1,2,1,2,0.512262032,0.383483887,1
test,keeshond_200,19,500,333,1,0,1,0,0.528342342,0.350708008,1
test,keeshond_51,19,500,375,1,0,1,0,0.554064,0.415527344,1
test,keeshond_21,19,375,500,1,0,1,0,0.133829333,0.100036621,1
test,keeshond_74,19,375,500,1,0,1,0,0.43656,0.327331543,1
test,keeshond_23,19,500,375,1,0,1,0,0.864704,0.648620605,1
test,keeshond_31,19,455,500,1,0,1,0,0.439648352,0.397583008,1
test,keeshond_25,19,331,500,1,0,1,0,0.129009063,0.0859985352,1
test,keeshond_70,19,331,500,1,0,1,0,0.326555891,0.217712402,1
test,keeshond_76,19,320,480,1,0,1,0,0.572200521,0.380371094,1
test,keeshond_196,19,500,375,1,0,1,0,0.448938667,0.337280273,1
test,keeshond_22,19,333,500,1,0,1,0,0.697591592,0.463500977,1
test,keeshond_192,19,375,500,1,0,1,0,0.7572,0.567993164,1
test,keeshond_71,19,375,500,1,0,1,0,0.316698667,0.237182617,1
test,keeshond_8,19,480,320,1,0,1,0,0.561692708,0.372680664,1
test,keeshond_40,19,480,320,1,0,1,0,0.173841146,0.115966797,1
test,keeshond_19,19,375,500,1,0,1,0,0.20424,0.152770996,1
test,keeshond_87,19,375,500,1,0,1,0,0.590058667,0.442565918,1
test,keeshond_36,19,480,320,1,0,1,0,0.376263021,0.250061035,1
test,keeshond_195,19,432,432,1,0,1,0,0.862520362,0.863037109,1
test,keeshond_28,19,375,500,1,0,1,0,0.457381333,0.34362793,1
test,keeshond_83,19,375,500,1,0,1,0,0.999370667,0.749572754,1
test,keeshond_67,19,349,500,1,0,1,0,0.449851003,0.312866211,1
test,keeshond_2,19,500,334,1,0,1,0,0.343353293,0.232421875,1
test,keeshond_48,19,333,500,1,0,1,0,0.746780781,0.495666504,1
test,keeshond_26,19,500,375,1,0,1,0,0.176634667,0.132995605,1
test,keeshond_78,19,480,320,1,0,1,0,0.807005208,0.536071777,1
test,keeshond_6,19,500,500,1,0,1,0,0.823156,0.823669434,1
test,keeshond_41,19,375,500,1,0,1,0,0.306538667,0.229980469,1
test,keeshond_73,19,335,500,1,0,1,0,0.534173134,0.358276367,1
test,keeshond_90,19,367,500,1,0,1,0,0.347160763,0.254882812,1
test,keeshond_64,19,331,500,1,0,1,0,0.347087613,0.230834961,1
test,keeshond_34,19,500,375,1,0,1,0,0.804512,0.602844238,1
test,keeshond_81,19,375,500,1,0,1,0,0.603994667,0.452880859,1
test,keeshond_77,19,480,320,1,0,1,0,0.659322917,0.437561035,1
test,keeshond_89,19,333,500,1,0,1,0,0.774006006,0.513977051,1
test,keeshond_50,19,500,406,1,0,1,0,0.499492611,0.405212402,1
test,keeshond_84,19,375,500,1,0,1,0,0.564389333,0.423217773,1
test,keeshond_29,19,500,375,1,0,1,0,0.635877333,0.477233887,1
test,keeshond_80,19,375,500,1,0,1,0,0.491648,0.36907959,1
test,keeshond_33,19,375,500,1,0,1,0,0.445653333,0.334411621,1
test,keeshond_62,19,375,500,1,0,1,0,0.737930667,0.553649902,1
test,keeshond_35,19,320,480,1,0,1,0,0.355885417,0.235717773,1
test,keeshond_72,19,335,500,1,0,1,0,0.614531343,0.413208008,1
test,keeshond_9,19,480,320,1,1,1,3,0.414303385,0.275146484,0
test,keeshond_55,19,320,480,1,0,1,0,0.387389323,0.256652832,1
test,keeshond_97,19,375,500,1,0,1,0,0.525696,0.394165039,1
test,keeshond_95,19,375,500,1,0,1,0,0.263349333,0.197570801,1
test,keeshond_61,19,465,500,1,0,1,0,0.359948387,0.334289551,1
test,keeshond_193,19,500,464,3,2,2,1,0.373448276,0.346496582,0
test,keeshond_194,19,500,482,1,0,1,0,0.46926556,0.450927734,1
test,keeshond_57,19,375,500,1,0,1,0,0.199994667,0.15020752,1
test,keeshond_52,19,375,500,1,0,1,0,0.713274667,0.535339355,1
test,keeshond_27,19,375,500,1,0,1,0,0.442896,0.331298828,1
test,keeshond_47,19,375,500,1,0,1,0,0.495829333,0.372131348,1
test,keeshond_30,19,375,500,1,0,1,0,0.223034667,0.167602539,1
test,keeshond_38,19,364,500,1,0,1,0,0.290417582,0.210998535,1
test,keeshond_75,19,320,480,1,0,1,0,0.378938802,0.251403809,1
test,keeshond_65,19,331,500,1,0,1,0,0.62660423,0.416625977,1
test,keeshond_79,19,375,500,1,0,1,0,0.322650667,0.241943359,1
test,keeshond_69,19,331,500,1,0,1,0,0.393522659,0.261413574,1
test,keeshond_39,19,375,500,1,0,1,0,0.87088,0.653198242,1
test,keeshond_197,19,375,500,2,0,1,0,0.729258667,0.546264648,0
test,keeshond_86,19,375,500,1,0,1,0,0.156026667,0.116699219,1
test,keeshond_42,19,375,500,1,0,1,0,0.168170667,0.126220703,1
test,keeshond_85,19,375,500,1,0,1,0,0.286154667,0.214782715,1
test,keeshond_68,19,375,500,1,0,1,0,0.674784,0.50579834,1
test,keeshond_1,19,500,500,1,0,1,0,0.797924,0.798156738,1
test,keeshond_45,19,375,500,1,0,1,0,0.428389333,0.321411133,1
test,keeshond_43,19,375,500,1,0,1,0,0.245312,0.183898926,1
test,keeshond_66,19,428,500,1,0,1,0,0.17711215,0.15234375,1
test,keeshond_5,19,500,333,1,0,1,0,0.362876877,0.240905762,1
test,keeshond_91,19,333,500,1,0,1,0,0.231981982,0.153381348,1
test,keeshond_46,19,332,500,1,0,1,0,0.587692771,0.390441895,1
test,keeshond_49,19,500,375,1,0,1,0,0.249376,0.186584473,1
test,leonberger_42,20,375,500,1,0,1,0,0.181568,0.136413574,1
test,leonberger_98,20,333,500,1,2,1,2,0.193495495,0.12878418,1
test,leonberger_35,20,500,432,1,0,1,0,0.760351852,0.659484863,1
test,leonberger_80,20,343,500,1,1,1,0,0.209790087,0.144775391,0
test,leonberger_193,20,375,500,2,0,1,0,0.28776,0.21484375,0
test,leonberger_72,20,500,375,1,0,1,0,0.451610667,0.339416504,1
test,leonberger_55,20,333,500,1,0,1,1,0.224462462,0.149536133,0
test,leonberger_78,20,375,500,1,0,1,0,0.576784,0.432373047,1
test,leonberger_75,20,500,332,1,0,1,0,0.71723494,0.476196289,1
test,leonberger_5,20,500,493,1,0,1,0,0.269809331,0.265625,1
test,leonberger_192,20,500,375,1,0,1,0,0.355354667,0.26574707,1
test,leonberger_25,20,333,500,1,0,1,0,0.638930931,0.42376709,1
test,leonberger_46,20,333,500,1,0,1,0,0.118786787,0.0784301758,1
test,leonberger_73,20,500,403,1,0,1,0,0.187384615,0.150817871,1
test,leonberger_24,20,462,500,1,0,1,0,0.685242424,0.631286621,1
test,leonberger_194,20,375,500,1,0,1,1,0.391754667,0.293884277,0
test,leonberger_3,20,334,500,1,0,1,0,0.440017964,0.295471191,1
test,leonberger_69,20,354,500,1,0,1,0,0.286225989,0.203491211,1
test,leonberger_38,20,500,375,1,0,1,0,0.262864,0.19708252,1
test,leonberger_47,20,333,500,1,0,1,0,0.101507508,0.0667114258,1
test,leonberger_50,20,375,500,1,0,1,0,0.909130667,0.682128906,1
test,leonberger_37,20,500,401,1,0,1,0,0.571147132,0.45904541,1
test,leonberger_39,20,500,375,1,0,1,0,0.406613333,0.304931641,1
test,leonberger_59,20,375,500,1,0,1,0,0.25248,0.18963623,1
test,leonberger_54,20,375,500,1,0,1,0,0.638106667,0.479248047,1
test,leonberger_97,20,333,500,1,0,1,0,0.537423423,0.356628418,1
test,leonberger_64,20,375,500,1,0,1,0,0.654768,0.490905762,1
test,leonberger_62,20,375,500,1,2,1,0,0.457557333,0.343261719,0
test,leonberger_44,20,333,500,1,1,1,2,0.542648649,0.360717773,0
test,leonberger_56,20,333,500,1,0,1,1,0.280522523,0.186401367,0
test,leonberger_6,20,398,500,1,0,1,0,0.646713568,0.515808105,1
test,leonberger_8,20,334,500,1,0,1,0,0.383197605,0.257873535,1
test,leonberger_48,20,375,500,1,0,1,0,0.847738667,0.636108398,1
test,leonberger_195,20,375,500,1,0,1,0,0.367658667,0.276062012,1
test,leonberger_82,20,332,500,1,0,1,0,0.687463855,0.456420898,1
test,leonberger_7,20,334,500,1,0,1,0,0.186143713,0.125183105,1
test,leonberger_199,20,333,500,1,0,1,0,0.394786787,0.263122559,1
test,leonberger_198,20,333,500,1,0,1,0,0.36766967,0.24407959,1
test,leonberger_76,20,500,415,1,0,1,0,0.900727711,0.746276855,1
test,leonberger_196,20,500,375,1,0,1,0,0.22872,0.171630859,1
test,leonberger_28,20,334,500,1,0,1,0,0.437317365,0.293823242,1
test,leonberger_23,20,500,450,1,0,1,0,0.733031111,0.658447266,1
test,leonberger_21,20,337,500,1,0,1,0,0.300106825,0.200622559,1
test,leonberger_191,20,500,375,1,1,1,1,0.521168,0.390808105,1
test,leonberger_9,20,375,500,1,0,1,0,0.385050667,0.289611816,1
test,leonberger_71,20,500,496,1,1,1,3,0.643608871,0.638916016,0
test,leonberger_60,20,500,375,1,0,1,0,0.309872,0.233032227,1
test,leonberger_30,20,375,500,1,0,1,0,0.043632,0.0331420898,1
test,leonberger_31,20,500,487,1,0,1,0,0.458874743,0.448120117,1
test,leonberger_58,20,500,333,1,0,1,0,0.414990991,0.275024414,1
test,leonberger_36,20,500,375,1,0,1,0,0.444064,0.332641602,1
test,leonberger_99,20,333,500,1,0,1,0,0.243975976,0.162353516,1
test,leonberger_33,20,500,375,1,0,1,0,0.263002667,0.19732666,1
test,leonberger_197,20,375,500,1,0,1,0,0.26944,0.202392578,1
test,leonberger_96,20,375,500,1,0,1,0,0.25424,0.191101074,1
test,leonberger_1,20,500,396,1,0,1,0,0.800444444,0.631530762,1
test,leonberger_20,20,371,500,1,1,1,0,0.260221024,0.192687988,0
test,leonberger_88,20,500,362,1,0,1,0,0.447558011,0.325622559,1
test,leonberger_53,20,375,500,1,0,1,0,0.674954667,0.505981445,1
test,leonberger_68,20,500,472,1,0,1,0,0.712834746,0.674255371,1
test,leonberger_51,20,500,333,1,0,1,0,0.762552553,0.506286621,1
test,leonberger_74,20,500,359,1,0,1,0,0.734902507,0.528503418,1
test,leonberger_22,20,375,500,1,0,1,0,0.462144,0.346374512,1
test,leonberger_86,20,500,336,1,0,1,0,0.610363095,0.410339355,1
test,leonberger_83,20,375,500,1,0,1,0,0.494474667,0.370422363,1
test,leonberger_57,20,375,500,1,1,1,1,0.280810667,0.209472656,1
test,leonberger_4,20,369,500,1,0,1,0,0.334579946,0.245361328,1
test,leonberger_41,20,375,500,1,0,1,0,0.582277333,0.437194824,1
test,leonberger_95,20,333,500,1,0,1,0,0.152174174,0.100341797,1
test,leonberger_84,20,333,500,1,1,1,1,0.496012012,0.328430176,1
test,leonberger_45,20,333,500,1,0,1,0,0.574516517,0.381713867,1
test,leonberger_65,20,375,500,1,0,1,0,0.387914667,0.291625977,1
test,leonberger_91,20,333,500,1,0,1,0,0.623339339,0.414550781,1
test,leonberger_40,20,500,375,1,0,1,0,0.575610667,0.432495117,1
test,leonberger_70,20,355,500,1,0,1,0,0.137712676,0.0982055664,1
test,leonberger_66,20,362,500,1,0,1,0,0.80738674,0.585693359,1
test,leonberger_26,20,334,500,1,1,1,1,0.268035928,0.180358887,1
test,leonberger_77,20,389,500,1,2,1,0,0.781922879,0.610778809,0
test,leonberger_93,20,375,500,1,0,1,0,0.198026667,0.148376465,1
test,leonberger_79,20,500,334,1,0,1,0,0.209784431,0.140319824,1
test,leonberger_52,20,375,500,1,0,1,0,0.114597333,0.0856933594,1
test,leonberger_81,20,357,500,1,0,1,0,0.485394958,0.344909668,1
test,leonberger_2,20,334,500,1,0,1,0,0.536748503,0.36126709,1
test,leonberger_90,20,500,328,1,0,1,0,0.516408537,0.33807373,1
test,leonberger_87,20,375,500,1,0,1,0,0.35816,0.268676758,1
test,leonberger_89,20,500,328,1,0,1,0,0.526463415,0.344482422,1
test,leonberger_67,20,500,433,1,1,1,1,0.119256351,0.103088379,1
test,leonberger_200,20,375,500,1,0,1,0,0.169344,0.126831055,1
test,leonberger_94,20,500,375,1,0,1,0,0.147392,0.110839844,1
test,leonberger_63,20,375,500,1,2,1,1,0.749978667,0.56262207,0
test,leonberger_34,20,334,500,1,0,1,0,0.202538922,0.135803223,1
test,leonberger_85,20,375,500,1,0,1,0,0.358090667,0.269470215,1
test,leonberger_43,20,500,369,1,0,1,0,0.70500813,0.516662598,1
test,leonberger_49,20,375,500,1,0,1,0,0.914752,0.686279297,1
test,leonberger_92,20,500,375,1,0,1,0,0.663077333,0.497070312,1
test,leonberger_19,20,333,500,1,0,1,0,0.426,0.28314209,1
test,leonberger_29,20,333,500,1,0,1,0,0.489747748,0.325561523,1
test,leonberger_27,20,375,500,1,0,1,0,0.604949333,0.454223633,1
test,leonberger_61,20,357,500,1,0,1,0,0.295002801,0.211486816,1
test,leonberger_32,20,332,500,1,0,1,0,0.656228916,0.436401367,1
test,Maine_Coon_87,21,332,500,1,0,1,0,0.27113253,0.180236816,1
test,Maine_Coon_266,21,425,640,1,0,1,0,0.543426471,0.360595703,1
test,Maine_Coon_61,21,375,500,1,0,1,0,0.363765333,0.273681641,1
test,Maine_Coon_241,21,300,225,1,0,1,0,0.347081481,0.26171875,1
test,Maine_Coon_66,21,374,500,1,0,1,0,0.462882353,0.347473145,1
test,Maine_Coon_227,21,225,300,1,6,1,4,0.545140741,0.409729004,0
test,Maine_Coon_96,21,314,500,1,0,1,0,0.502509554,0.314331055,1
test,Maine_Coon_41,21,500,499,1,0,1,0,0.624192385,0.624633789,1
test,Maine_Coon_68,21,500,335,1,0,1,0,0.840716418,0.56451416,1
test,Maine_Coon_97,21,500,379,1,0,1,0,0.419873351,0.318054199,1
test,Maine_Coon_242,21,224,300,1,0,1,0,0.467098214,0.350463867,1
test,Maine_Coon_84,21,500,333,1,0,1,0,0.324138138,0.216125488,1
test,Maine_Coon_263,21,453,650,1,0,1,0,0.590670742,0.409790039,1
test,Maine_Coon_76,21,500,333,1,0,1,0,0.676018018,0.449584961,1
test,Maine_Coon_72,21,500,334,1,0,1,0,0.634347305,0.426025391,1
test,Maine_Coon_269,21,533,400,1,1,1,0,0.705117261,0.529174805,0
test,Maine_Coon_67,21,500,500,1,0,1,0,0.235416,0.236083984,1
test,Maine_Coon_43,21,500,500,1,0,1,0,0.660388,0.66003418,1
test,Maine_Coon_26,21,500,334,1,0,1,0,0.787107784,0.528991699,1
test,Maine_Coon_56,21,332,500,1,0,1,0,0.478084337,0.317382812,1
test,Maine_Coon_83,21,500,335,1,0,1,0,0.662119403,0.445739746,1
test,Maine_Coon_60,21,375,500,1,0,1,0,0.448858667,0.336975098,1
test,Maine_Coon_53,21,500,375,1,0,1,0,0.35944,0.269958496,1
test,Maine_Coon_31,21,500,359,1,0,1,0,0.707749304,0.508422852,1
test,Maine_Coon_35,21,333,500,1,0,1,0,0.257555556,0.170593262,1
test,Maine_Coon_79,21,333,500,1,0,1,1,0.512072072,0.33984375,0
test,Maine_Coon_92,21,333,500,1,0,1,0,0.289405405,0.191711426,1
test,Maine_Coon_222,21,240,300,1,0,1,0,0.631791667,0.504089355,1
test,Maine_Coon_29,21,333,500,1,0,1,0,0.651033033,0.43182373,1
test,Maine_Coon_44,21,333,500,1,0,1,0,0.17015015,0.112609863,1
test,Maine_Coon_81,21,500,335,1,0,1,0,0.70359403,0.47265625,1
test,Maine_Coon_245,21,245,300,1,0,1,0,0.548993197,0.449768066,1
test,Maine_Coon_30,21,500,308,1,0,1,0,0.556532468,0.343200684,1
test,Maine_Coon_33,21,283,500,1,0,1,0,0.485568905,0.273010254,1
test,Maine_Coon_239,21,224,300,1,0,1,0,0.845401786,0.634277344,1
test,Maine_Coon_85,21,500,375,1,0,1,0,0.324277333,0.243591309,1
test,Maine_Coon_247,21,300,300,1,3,1,3,0.711822222,0.712219238,1
test,Maine_Coon_3,21,247,241,1,0,1,0,0.652124246,0.638366699,1
test,Maine_Coon_7,21,275,183,1,0,1,0,0.377844014,0.250305176,1
test,Maine_Coon_47,21,333,500,1,0,1,0,0.148096096,0.098449707,1
test,Maine_Coon_38,21,360,500,1,0,1,0,0.566083333,0.405761719,1
test,Maine_Coon_91,21,333,500,1,0,1,0,0.608216216,0.403503418,1
test,Maine_Coon_244,21,225,300,1,0,1,0,0.748992593,0.562194824,1
test,Maine_Coon_52,21,500,460,1,0,1,0,0.351808696,0.323669434,1
test,Maine_Coon_267,21,271,310,1,0,1,0,0.382061659,0.334960938,1
test,Maine_Coon_36,21,333,500,1,0,1,0,0.14784985,0.0985717773,1
test,Maine_Coon_238,21,218,300,1,0,1,0,0.56853211,0.413391113,1
test,Maine_Coon_99,21,500,375,1,0,1,0,0.547264,0.410766602,1
test,Maine_Coon_253,21,225,300,1,0,1,0,0.543674074,0.407043457,1
test,Maine_Coon_71,21,333,500,1,0,1,0,0.840552553,0.557800293,1
test,Maine_Coon_21,21,500,375,1,0,1,0,0.343413333,0.2578125,1
test,Maine_Coon_39,21,333,500,1,0,1,0,0.722906907,0.480224609,1
test,Maine_Coon_28,21,500,333,1,0,1,0,0.593351351,0.393676758,1
test,Maine_Coon_270,21,238,212,1,0,1,0,0.443852069,0.395385742,1
test,Maine_Coon_37,21,333,500,1,0,1,0,0.464558559,0.308227539,1
test,Maine_Coon_249,21,197,300,1,0,1,0,0.54499154,0.357971191,1
test,Maine_Coon_46,21,355,500,1,0,1,0,0.441278873,0.31427002,1
test,Maine_Coon_6,21,275,183,1,0,1,0,0.400317933,0.266113281,1
test,Maine_Coon_42,21,500,375,1,0,1,0,0.281338667,0.210205078,1
test,Maine_Coon_94,21,352,500,1,0,1,0,0.201767045,0.140197754,1
test,Maine_Coon_262,21,295,300,1,0,1,0,0.617943503,0.607543945,1
test,Maine_Coon_93,21,500,375,1,0,1,0,0.266496,0.199645996,1
test,Maine_Coon_264,21,768,1024,1,0,1,1,0.460586548,0.34588623,0
test,Maine_Coon_49,21,333,500,1,1,1,1,0.103003003,0.0686645508,1
test,Maine_Coon_231,21,225,300,1,0,1,0,0.34882963,0.26184082,1
test,Maine_Coon_63,21,500,343,1,0,1,0,0.669533528,0.460266113,1
test,Maine_Coon_23,21,500,375,1,0,1,0,0.559077333,0.419799805,1
test,Maine_Coon_77,21,375,500,1,0,1,0,0.529317333,0.39630127,1
test,Maine_Coon_254,21,225,300,1,0,1,0,0.250118519,0.187744141,1
test,Maine_Coon_54,21,500,333,1,0,1,0,0.420282282,0.279663086,1
test,Maine_Coon_82,21,500,387,1,0,1,0,0.579767442,0.447265625,1
test,Maine_Coon_246,21,272,300,1,0,1,0,0.528247549,0.47869873,1
test,Maine_Coon_8,21,250,350,1,0,1,0,0.215142857,0.154174805,1
test,Maine_Coon_95,21,309,500,1,0,1,0,0.312252427,0.19317627,1
test,Maine_Coon_51,21,500,332,1,0,1,0,0.237608434,0.157958984,1
test,Maine_Coon_5,21,310,225,1,0,1,0,0.622480287,0.452026367,1
test,Maine_Coon_27,21,333,500,1,0,1,0,0.240756757,0.16015625,1
test,Maine_Coon_25,21,375,500,1,0,1,0,0.265392,0.198547363,1
test,Maine_Coon_70,21,333,500,1,0,1,0,0.816666667,0.542236328,1
test,Maine_Coon_69,21,333,500,1,0,1,0,0.144336336,0.0960083008,1
test,Maine_Coon_268,21,375,500,1,0,1,0,0.240426667,0.180969238,1
test,Maine_Coon_80,21,500,375,1,0,1,0,0.351456,0.263366699,1
test,Maine_Coon_32,21,418,500,1,0,1,0,0.417985646,0.349060059,1
test,Maine_Coon_34,21,400,500,1,0,1,0,0.58697,0.467712402,1
test,Maine_Coon_265,21,375,500,1,0,1,0,0.548426667,0.411071777,1
test,Maine_Coon_78,21,375,500,1,0,1,0,0.52664,0.396057129,1
test,Maine_Coon_89,21,500,479,1,0,1,0,0.508154489,0.48828125,1
test,Maine_Coon_48,21,349,500,1,0,1,0,0.458567335,0.318603516,1
test,Maine_Coon_55,21,500,482,1,0,1,0,0.784547718,0.753540039,1
test,Maine_Coon_98,21,500,375,1,1,1,0,0.720629333,0.541137695,0
test,Maine_Coon_9,21,400,600,1,0,1,0,0.334258333,0.221923828,1
test,Maine_Coon_75,21,500,373,1,0,1,0,0.742723861,0.551269531,1
test,Maine_Coon_58,21,500,333,1,0,1,0,0.436648649,0.29083252,1
test,Maine_Coon_64,21,500,403,1,0,1,0,0.720332506,0.578552246,1
test,Maine_Coon_272,21,600,450,1,0,1,0,0.574892593,0.431396484,1
test,Maine_Coon_50,21,500,334,1,0,1,0,0.111856287,0.0750732422,1
test,Maine_Coon_57,21,500,332,1,2,1,3,0.745042169,0.494750977,0
test,Maine_Coon_2,21,300,245,1,0,1,0,0.723360544,0.593811035,1
test,Maine_Coon_24,21,500,334,1,0,1,0,0.432041916,0.290283203,1
test,Maine_Coon_271,21,347,600,1,0,1,0,0.54635927,0.315612793,1
test,miniature_pinscher_87,22,333,500,1,0,1,0,0.156930931,0.103637695,1
test,miniature_pinscher_194,22,224,300,1,0,1,0,0.166235119,0.124267578,1
test,miniature_pinscher_97,22,333,500,1,0,1,0,0.320036036,0.211730957,1
test,miniature_pinscher_19,22,392,500,1,0,1,3,0.626336735,0.489013672,0
test,miniature_pinscher_45,22,500,375,1,0,1,0,0.227749333,0.171386719,1
test,miniature_pinscher_52,22,333,500,1,0,1,0,0.264702703,0.176696777,1
test,miniature_pinscher_63,22,500,321,1,1,1,1,0.366679128,0.234130859,1
test,miniature_pinscher_34,22,500,335,2,1,2,1,0.149802985,0.0994873047,1
test,miniature_pinscher_55,22,500,333,1,0,1,0,0.289441441,0.192321777,1
test,miniature_pinscher_26,22,500,375,1,0,1,0,0.246149333,0.185058594,1
test,miniature_pinscher_70,22,500,375,1,0,1,0,0.203770667,0.152160645,1
test,miniature_pinscher_80,22,500,281,1,0,1,0,0.261103203,0.146606445,1
test,miniature_pinscher_74,22,500,344,1,0,1,0,0.421738372,0.290100098,1
test,miniature_pinscher_64,22,333,500,1,0,1,0,0.502504505,0.333251953,1
test,miniature_pinscher_31,22,336,500,1,1,1,1,0.18827381,0.126708984,1
test,miniature_pinscher_58,22,500,500,1,0,1,0,0.672856,0.672668457,1
test,miniature_pinscher_191,22,202,300,2,0,1,0,0.163069307,0.110107422,0
test,miniature_pinscher_93,22,333,500,1,0,1,1,0.110474474,0.073059082,0
test,miniature_pinscher_88,22,500,332,1,1,1,1,0.250289157,0.166381836,1
test,miniature_pinscher_62,22,345,500,1,0,1,0,0.295188406,0.20300293,1
test,miniature_pinscher_61,22,500,375,1,0,1,0,0.398592,0.299194336,1
test,miniature_pinscher_33,22,500,281,1,0,1,0,0.17397153,0.0978393555,1
test,miniature_pinscher_196,22,300,225,1,1,2,0,0.514725926,0.38659668,0
test,miniature_pinscher_69,22,281,500,1,7,1,2,0.182149466,0.102172852,0
test,miniature_pinscher_39,22,281,500,1,0,1,0,0.144875445,0.0820922852,1
test,miniature_pinscher_49,22,500,358,1,0,1,0,0.567882682,0.40838623,1
test,miniature_pinscher_78,22,500,337,1,0,1,0,0.115086053,0.0775756836,1
test,miniature_pinscher_56,22,500,333,1,0,1,0,0.277189189,0.184387207,1
test,miniature_pinscher_23,22,375,500,1,0,1,0,0.406085333,0.304321289,1
test,miniature_pinscher_57,22,333,500,1,0,1,0,0.271795796,0.180297852,1
test,miniature_pinscher_48,22,500,333,1,0,1,0,0.427453453,0.283691406,1
test,miniature_pinscher_76,22,333,500,1,1,1,0,0.0850750751,0.0563354492,0
test,miniature_pinscher_36,22,500,357,1,0,1,0,0.205719888,0.145874023,1
test,miniature_pinscher_30,22,332,500,1,0,1,0,0.347186747,0.230773926,1
test,miniature_pinscher_65,22,375,500,1,0,1,0,0.452245333,0.339233398,1
test,miniature_pinscher_46,22,375,500,1,0,1,0,0.104053333,0.0772094727,1
test,miniature_pinscher_79,22,500,375,1,0,1,0,0.0568266667,0.0416870117,1
test,miniature_pinscher_67,22,500,333,1,1,1,1,0.270882883,0.178588867,1
test,miniature_pinscher_71,22,333,500,1,1,1,0,0.159591592,0.106079102,0
test,miniature_pinscher_82,22,500,281,1,0,1,0,0.353601423,0.198425293,1
test,miniature_pinscher_72,22,500,281,1,0,1,0,0.333103203,0.188476562,1
test,miniature_pinscher_197,22,243,300,2,0,2,0,0.555418381,0.450378418,1
test,miniature_pinscher_21,22,500,323,1,0,1,0,0.347727554,0.225646973,1
test,miniature_pinscher_6,22,430,437,1,0,1,0,0.242105263,0.238769531,1
test,miniature_pinscher_96,22,333,500,1,0,1,0,0.266972973,0.177062988,1
test,miniature_pinscher_35,22,500,335,1,0,1,1,0.406513433,0.272338867,0
test,miniature_pinscher_1,22,375,500,1,0,1,0,0.180522667,0.135437012,1
test,miniature_pinscher_43,22,375,500,1,0,1,2,0.08424,0.0630493164,0
test,miniature_pinscher_68,22,500,281,1,4,1,0,0.243758007,0.137390137,0
test,miniature_pinscher_25,22,375,500,1,0,1,0,0.357850667,0.268310547,1
test,miniature_pinscher_9,22,500,333,1,1,1,1,0.415465465,0.275268555,1
test,miniature_pinscher_77,22,500,310,1,0,1,0,0.342032258,0.211242676,1
test,miniature_pinscher_38,22,333,500,1,1,1,1,0.293093093,0.194519043,1
test,miniature_pinscher_91,22,500,333,1,0,1,0,0.486216216,0.321960449,1
test,miniature_pinscher_20,22,333,500,1,1,1,1,0.199345345,0.132629395,1
test,miniature_pinscher_75,22,500,281,1,0,1,0,0.487893238,0.274230957,1
test,miniature_pinscher_2,22,342,500,1,0,1,0,0.408748538,0.280212402,1
test,miniature_pinscher_195,22,300,225,1,0,1,0,0.223348148,0.16595459,1
test,miniature_pinscher_44,22,375,500,1,0,1,0,0.095696,0.071472168,1
test,miniature_pinscher_22,22,375,500,1,0,1,0,0.313317333,0.235595703,1
test,miniature_pinscher_4,22,375,500,1,0,1,0,0.293754667,0.220397949,1
test,miniature_pinscher_193,22,199,300,2,0,1,0,0.34758794,0.228881836,0
test,miniature_pinscher_53,22,500,375,1,0,1,0,0.439056,0.328674316,1
test,miniature_pinscher_24,22,500,364,1,0,1,0,0.440456044,0.319763184,1
test,miniature_pinscher_5,22,500,375,1,0,1,0,0.0482613333,0.0360717773,1
test,miniature_pinscher_40,22,375,500,1,1,1,0,0.244101333,0.182189941,0
test,miniature_pinscher_32,22,375,500,1,0,1,0,0.400597333,0.300720215,1
test,miniature_pinscher_84,22,500,354,1,2,1,2,0.285898305,0.204101562,1
test,miniature_pinscher_89,22,500,375,1,0,1,1,0.433824,0.324707031,0
test,miniature_pinscher_81,22,332,500,1,0,1,0,0.137861446,0.0919799805,1
test,miniature_pinscher_73,22,280,500,1,0,1,0,0.347214286,0.195129395,1
test,miniature_pinscher_90,22,333,500,1,0,1,0,0.305495495,0.202697754,1
test,miniature_pinscher_54,22,500,375,1,0,1,0,0.364501333,0.274414062,1
test,miniature_pinscher_60,22,333,500,1,0,1,0,0.292780781,0.19317627,1
test,miniature_pinscher_66,22,500,418,1,1,1,1,0.249330144,0.207519531,1
test,miniature_pinscher_200,22,300,225,3,0,1,0,0.408192593,0.305297852,0
test,miniature_pinscher_37,22,500,375,1,0,1,0,0.365754667,0.274414062,1
test,miniature_pinscher_51,22,333,500,3,0,3,0,0.110486486,0.0734863281,1
test,miniature_pinscher_3,22,375,500,1,0,1,0,0.429514667,0.322021484,1
test,miniature_pinscher_8,22,375,500,1,0,1,0,0.550117333,0.412902832,1
test,miniature_pinscher_27,22,500,394,1,1,1,1,0.375238579,0.295532227,1
test,miniature_pinscher_83,22,375,500,1,1,1,1,0.0787786667,0.0588378906,1
test,miniature_pinscher_42,22,375,500,1,0,1,0,0.222586667,0.166992188,1
test,miniature_pinscher_47,22,500,334,1,1,1,0,0.0987964072,0.0659790039,0
test,miniature_pinscher_95,22,500,333,1,0,1,0,0.368054054,0.245849609,1
test,miniature_pinscher_99,22,333,500,1,0,1,0,0.420072072,0.279296875,1
test,miniature_pinscher_28,22,386,500,1,1,1,0,0.169316062,0.131408691,0
test,miniature_pinscher_29,22,384,500,1,0,1,0,0.2485625,0.190490723,1
test,miniature_pinscher_199,22,300,217,2,0,2,0,0.375099846,0.271484375,1
test,miniature_pinscher_86,22,333,500,1,0,1,0,0.231723724,0.153930664,1
test,miniature_pinscher_92,22,500,400,1,0,1,0,0.534215,0.426757812,1
test,miniature_pinscher_98,22,375,500,1,0,1,0,0.163669333,0.121887207,1
test,miniature_pinscher_192,22,224,300,2,0,1,0,0.37485119,0.279785156,0
test,miniature_pinscher_94,22,333,500,1,0,1,0,0.141345345,0.0941162109,1
test,miniature_pinscher_59,22,500,281,1,0,1,0,0.404640569,0.227172852,1
test,miniature_pinscher_50,22,451,500,1,0,1,0,0.400394678,0.360656738,1
test,miniature_pinscher_7,22,500,375,2,0,2,0,0.196186667,0.148132324,1
test,miniature_pinscher_85,22,500,333,1,0,1,0,0.53393994,0.355407715,1
test,miniature_pinscher_198,22,240,247,2,0,2,0,0.275590418,0.271728516,1
test,miniature_pinscher_41,22,443,500,1,0,1,0,0.585349887,0.516479492,1
test,newfoundland_6,23,333,500,1,0,1,1,0.328684685,0.218017578,0
test,newfoundland_49,23,333,500,1,0,1,0,0.302786787,0.201293945,1
test,newfoundland_87,23,500,375,1,0,1,0,0.668458667,0.501525879,1
test,newfoundland_43,23,500,333,1,0,1,0,0.619993994,0.411743164,1
test,newfoundland_73,23,375,500,1,0,1,0,0.449877333,0.337890625,1
test,newfoundland_29,23,375,500,1,0,1,0,0.282602667,0.211608887,1
test,newfoundland_198,23,500,500,2,0,2,0,0.443268,0.442749023,1
test,newfoundland_48,23,500,375,1,0,1,0,0.240405333,0.180603027,1
test,newfoundland_9,23,448,500,1,0,1,0,0.311339286,0.27935791,1
test,newfoundland_30,23,272,500,1,0,1,0,0.138330882,0.0754394531,1
test,newfoundland_21,23,333,500,1,0,1,0,0.30236036,0.200378418,1
test,newfoundland_41,23,333,500,1,0,1,0,0.325315315,0.216369629,1
test,newfoundland_71,23,375,500,1,1,1,1,0.282096,0.210693359,1
test,newfoundland_191,23,500,500,1,0,1,0,0.829532,0.829284668,1
test,newfoundland_50,23,417,500,1,2,1,1,0.180038369,0.15020752,0
test,newfoundland_82,23,500,333,1,0,1,0,0.593471471,0.394042969,1
test,newfoundland_99,23,336,500,1,0,1,0,0.323720238,0.217407227,1
test,newfoundland_23,23,449,500,1,0,1,0,0.262080178,0.235107422,1
test,newfoundland_20,23,375,500,1,0,1,0,0.192448,0.143432617,1
test,newfoundland_70,23,375,500,1,0,1,0,0.742581333,0.557128906,1
test,newfoundland_55,23,333,500,1,0,1,0,0.191063063,0.126708984,1
test,newfoundland_83,23,500,345,1,0,1,0,0.309049275,0.211608887,1
test,newfoundland_77,23,375,500,1,0,1,0,0.301370667,0.225952148,1
test,newfoundland_56,23,333,500,1,0,1,0,0.49224024,0.326965332,1
test,newfoundland_35,23,500,403,1,0,1,0,0.791255583,0.637756348,1
test,newfoundland_60,23,375,500,1,0,1,0,0.529850667,0.398376465,1
test,newfoundland_98,23,375,500,1,0,1,0,0.302666667,0.226623535,1
test,newfoundland_75,23,375,500,1,0,1,0,0.332453333,0.248962402,1
test,newfoundland_8,23,333,500,1,0,1,1,0.308612613,0.205444336,0
test,newfoundland_197,23,333,500,2,0,1,0,0.322876877,0.213928223,0
test,newfoundland_39,23,375,500,1,0,1,0,0.392154667,0.29486084,1
test,newfoundland_24,23,351,500,1,2,1,1,0.553002849,0.388122559,0
test,newfoundland_92,23,375,500,1,1,1,0,0.153994667,0.115783691,0
test,newfoundland_45,23,500,375,1,0,1,0,0.210288,0.15814209,1
test,newfoundland_33,23,375,500,1,0,1,0,0.662149333,0.497314453,1
test,newfoundland_74,23,500,332,1,0,1,0,0.529319277,0.35168457,1
test,newfoundland_5,23,353,500,1,2,1,0,0.309779037,0.216796875,0
test,newfoundland_94,23,432,500,1,0,1,0,0.366490741,0.317993164,1
test,newfoundland_80,23,333,500,1,0,1,0,0.455291291,0.303100586,1
test,newfoundland_193,23,333,500,1,0,1,0,0.322522523,0.213012695,1
test,newfoundland_85,23,500,332,1,0,1,0,0.541240964,0.359741211,1
test,newfoundland_62,23,333,500,1,0,1,0,0.196348348,0.129943848,1
test,newfoundland_199,23,333,500,1,0,1,0,0.273843844,0.181396484,1
test,newfoundland_194,23,500,375,2,1,2,1,0.377616,0.282348633,1
test,newfoundland_93,23,375,500,1,0,1,0,0.30024,0.226135254,1
test,newfoundland_57,23,500,386,1,0,1,0,0.186507772,0.143737793,1
test,newfoundland_97,23,500,354,1,0,1,0,0.493474576,0.350585938,1
test,newfoundland_63,23,375,500,1,1,1,1,0.801877333,0.601257324,1
test,newfoundland_46,23,375,500,1,0,1,0,0.215253333,0.160766602,1
test,newfoundland_59,23,500,334,1,0,1,0,0.329556886,0.221557617,1
test,newfoundland_34,23,500,401,1,0,1,0,0.631780549,0.507873535,1
test,newfoundland_86,23,500,332,1,0,1,0,0.479885542,0.317810059,1
test,newfoundland_1,23,500,333,1,0,1,0,0.88593994,0.588439941,1
test,newfoundland_65,23,375,500,1,0,1,0,0.610592,0.458374023,1
test,newfoundland_22,23,333,500,1,0,1,0,0.141711712,0.0943603516,1
test,newfoundland_64,23,375,500,1,0,1,0,0.518517333,0.388122559,1
test,newfoundland_84,23,335,500,1,0,1,0,0.500226866,0.335876465,1
test,newfoundland_61,23,500,281,1,0,1,0,0.436049822,0.244567871,1
test,newfoundland_53,23,333,500,1,0,1,0,0.458762763,0.303955078,1
test,newfoundland_96,23,500,333,1,0,1,0,0.549561562,0.365234375,1
test,newfoundland_27,23,375,500,1,0,1,0,0.240981333,0.180541992,1
test,newfoundland_44,23,500,468,1,2,1,0,0.334636752,0.313842773,0
test,newfoundland_91,23,380,500,1,1,1,2,0.179247368,0.135803223,0
test,newfoundland_69,23,500,456,1,1,1,2,0.512837719,0.468017578,0
test,newfoundland_2,23,333,500,1,0,1,1,0.391099099,0.260070801,0
test,newfoundland_52,23,500,375,1,0,1,0,0.331237333,0.248046875,1
test,newfoundland_72,23,375,500,1,0,1,0,0.308416,0.23059082,1
test,newfoundland_76,23,500,332,1,0,1,0,0.330283133,0.219787598,1
test,newfoundland_195,23,333,500,3,0,1,0,0.34778979,0.229919434,0
test,newfoundland_68,23,500,332,1,0,1,0,0.301680723,0.200805664,1
test,newfoundland_28,23,500,281,1,0,1,0,0.254270463,0.143310547,1
test,newfoundland_88,23,500,333,1,0,1,0,0.360690691,0.239746094,1
test,newfoundland_90,23,500,496,1,0,1,0,0.25566129,0.253967285,1
test,newfoundland_40,23,333,500,1,0,1,0,0.284876877,0.18963623,1
test,newfoundland_58,23,500,333,1,0,1,0,0.76036036,0.505371094,1
test,newfoundland_89,23,333,500,1,0,1,0,0.0995555556,0.0663452148,1
test,newfoundland_95,23,500,333,1,0,1,0,0.838906907,0.55670166,1
test,newfoundland_42,23,375,500,1,0,1,0,0.226282667,0.16973877,1
test,newfoundland_47,23,375,500,1,0,1,0,0.427290667,0.320068359,1
test,newfoundland_66,23,281,500,1,0,1,0,0.234234875,0.131835938,1
test,newfoundland_54,23,333,500,1,0,1,0,0.487495495,0.323486328,1
test,newfoundland_4,23,500,384,1,0,1,0,0.433338542,0.332397461,1
test,newfoundland_78,23,375,500,1,0,1,0,0.574053333,0.430236816,1
test,newfoundland_32,23,500,332,1,0,1,1,0.73936747,0.490661621,0
test,newfoundland_25,23,500,333,1,0,1,0,0.608582583,0.403991699,1
test,newfoundland_19,23,375,500,1,0,1,0,0.718272,0.538330078,1
test,newfoundland_192,23,375,500,1,3,1,2,0.599264,0.449707031,0
test,newfoundland_79,23,500,334,1,0,1,0,0.648772455,0.435546875,1
test,newfoundland_51,23,333,500,1,1,1,0,0.276276276,0.183532715,0
test,newfoundland_7,23,500,333,1,0,1,0,0.429399399,0.285217285,1
test,newfoundland_38,23,333,500,1,0,1,0,0.515117117,0.341674805,1
test,newfoundland_31,23,334,500,1,0,1,0,0.368005988,0.246948242,1
test,newfoundland_37,23,375,500,1,0,1,0,0.60032,0.450256348,1
test,newfoundland_36,23,375,500,1,1,1,1,0.479450667,0.358581543,1
test,newfoundland_196,23,333,500,1,0,1,0,0.66760961,0.443786621,1
test,newfoundland_3,23,500,333,1,0,1,1,0.69006006,0.457946777,0
test,newfoundland_81,23,333,500,1,0,1,0,0.576750751,0.38293457,1
test,newfoundland_67,23,375,500,1,0,1,0,0.480682667,0.360412598,1
test,newfoundland_200,23,333,500,1,0,1,0,0.232780781,0.154418945,1
test,newfoundland_26,23,375,500,1,0,1,0,0.181658667,0.135986328,1
test,Persian_272,24,194,259,1,0,1,0,0.497233611,0.374572754,1
test,Persian_239,24,300,286,1,0,1,0,0.688484848,0.656738281,1
test,Persian_44,24,500,462,1,0,1,0,0.509030303,0.469665527,1
test,Persian_58,24,333,500,1,0,1,0,0.562870871,0.372070312,1
test,Persian_224,24,225,300,1,0,1,0,0.2436,0.182678223,1
test,Persian_259,24,353,470,0,0,0,0,0,0,1
test,Persian_4,24,700,600,1,0,1,0,0.480207143,0.41217041,1
test,Persian_273,24,275,497,1,4,1,1,0.775774648,0.430175781,0
test,Persian_255,24,302,400,1,0,1,0,0.715513245,0.541992188,1
test,Persian_39,24,500,333,1,0,1,0,0.290144144,0.192260742,1
test,Persian_56,24,409,500,1,0,1,0,0.909095355,0.744812012,1
test,Persian_221,24,225,300,1,1,1,1,0.607748148,0.456115723,1
test,Persian_7,24,375,500,1,0,1,0,0.568469333,0.426513672,1
test,Persian_45,24,332,500,1,0,1,0,0.597066265,0.39642334,1
test,Persian_49,24,500,375,1,0,1,0,0.751781333,0.562988281,1
test,Persian_34,24,333,500,1,0,1,0,0.713045045,0.473754883,1
test,Persian_26,24,333,500,1,0,1,0,0.803315315,0.53326416,1
test,Persian_262,24,566,849,1,0,1,0,0.407648574,0.270874023,1
test,Persian_267,24,379,500,1,0,1,0,0.392269129,0.297546387,1
test,Persian_8,24,332,500,1,0,1,0,0.80639759,0.535766602,1
test,Persian_62,24,351,500,1,0,1,0,0.553128205,0.38861084,1
test,Persian_52,24,375,500,1,0,1,0,0.731802667,0.548156738,1
test,Persian_260,24,194,260,1,0,1,0,0.533326725,0.400512695,1
test,Persian_269,24,1024,1280,1,0,1,0,0.365693665,0.291625977,1
test,Persian_67,24,456,500,1,0,1,0,0.664758772,0.607299805,1
test,Persian_85,24,375,500,1,0,1,0,0.333168,0.249755859,1
test,Persian_79,24,500,333,1,0,1,0,0.332588589,0.221130371,1
test,Persian_270,24,275,300,1,0,1,0,0.830351515,0.758789062,1
test,Persian_65,24,375,500,1,0,1,0,0.746101333,0.559753418,1
test,Persian_43,24,281,500,1,0,1,0,0.708939502,0.399108887,1
test,Persian_75,24,500,375,1,0,1,0,0.615162667,0.461791992,1
test,Persian_78,24,378,500,1,1,1,0,0.791402116,0.600646973,0
test,Persian_271,24,328,500,1,0,1,0,0.572597561,0.375915527,1
test,Persian_99,24,500,487,1,0,1,0,0.769609856,0.750610352,1
test,Persian_22,24,333,500,1,0,1,0,0.451843844,0.299743652,1
test,Persian_32,24,333,500,1,0,1,0,0.483027027,0.320617676,1
test,Persian_87,24,500,332,1,0,1,0,0.621036145,0.412536621,1
test,Persian_77,24,375,500,1,0,1,0,0.462981333,0.347412109,1
test,Persian_261,24,291,400,1,0,1,0,0.505446735,0.367431641,1
test,Persian_2,24,250,350,1,0,1,0,0.534868571,0.380249023,1
test,Persian_63,24,333,500,1,0,1,0,0.530132132,0.351379395,1
test,Persian_31,24,333,500,1,0,1,0,0.841747748,0.558959961,1
test,Persian_228,24,225,300,1,0,1,0,0.626562963,0.469909668,1
test,Persian_258,24,194,259,1,0,1,0,0.43078056,0.322631836,1
test,Persian_81,24,375,500,1,0,1,0,0.564437333,0.423461914,1
test,Persian_74,24,500,372,1,0,1,0,0.551274194,0.409179688,1
test,Persian_89,24,333,500,1,0,1,0,0.448540541,0.298522949,1
test,Persian_5,24,428,600,1,1,1,0,0.495599688,0.353088379,0
test,Persian_268,24,235,350,2,0,2,0,0.414455927,0.279418945,1
test,Persian_61,24,500,332,1,0,1,0,0.53363253,0.354125977,1
test,Persian_68,24,491,500,1,0,1,0,0.464317719,0.456237793,1
test,Persian_46,24,375,500,1,0,1,0,0.908293333,0.681213379,1
test,Persian_59,24,480,500,1,0,1,0,0.525279167,0.505065918,1
test,Persian_55,24,486,500,1,0,1,0,0.567934156,0.551940918,1
test,Persian_69,24,375,500,1,0,1,0,0.580906667,0.435668945,1
test,Persian_47,24,500,322,1,0,1,0,0.582559006,0.37298584,1
test,Persian_41,24,333,500,1,0,1,0,0.887279279,0.589355469,1
test,Persian_6,24,500,334,1,0,1,0,0.763688623,0.513183594,1
test,Persian_9,24,353,500,1,0,1,0,0.864305949,0.607116699,1
test,Persian_266,24,768,1024,1,0,1,0,0.228326162,0.170715332,1
test,Persian_80,24,399,500,1,0,1,0,0.716651629,0.571044922,1
test,Persian_60,24,333,500,1,0,1,0,0.31633033,0.210205078,1
test,Persian_95,24,380,500,1,0,1,0,0.586242105,0.444213867,1
test,Persian_28,24,333,500,1,0,1,0,0.549123123,0.364135742,1
test,Persian_54,24,500,333,1,0,1,0,0.51812012,0.344726562,1
test,Persian_90,24,375,500,1,0,1,0,0.706197333,0.530273438,1
test,Persian_38,24,375,500,1,0,1,0,0.346448,0.259521484,1
test,Persian_30,24,500,400,1,0,1,0,0.981845,0.782897949,1
test,Persian_88,24,350,500,1,0,1,0,0.675091429,0.47442627,1
test,Persian_264,24,307,396,1,0,1,0,0.472345606,0.365722656,1
test,Persian_37,24,333,500,1,0,1,0,0.272996997,0.180786133,1
test,Persian_25,24,323,500,1,0,1,0,0.602990712,0.391174316,1
test,Persian_91,24,500,500,1,0,1,0,0.444068,0.444763184,1
test,Persian_98,24,500,375,1,0,1,0,0.530453333,0.398010254,1
test,Persian_53,24,500,375,1,0,1,0,0.482325333,0.361816406,1
test,Persian_70,24,500,333,1,0,1,0,0.542798799,0.359802246,1
test,Persian_71,24,375,500,1,0,1,0,0.264010667,0.197998047,1
test,Persian_94,24,500,333,1,0,1,0,0.550336336,0.365661621,1
test,Persian_3,24,398,600,1,0,1,0,0.683664154,0.454833984,1
test,Persian_257,24,309,466,1,0,1,0,0.587996722,0.390380859,1
test,Persian_233,24,225,300,1,0,1,0,0.16202963,0.120605469,1
test,Persian_64,24,333,500,1,0,1,0,0.474528529,0.315979004,1
test,Persian_66,24,442,500,1,0,1,0,0.484,0.427490234,1
test,Persian_83,24,482,500,1,0,1,0,0.836556017,0.803649902,1
test,Persian_84,24,500,333,1,0,1,0,0.460456456,0.306152344,1
test,Persian_29,24,375,500,1,0,1,0,0.175114667,0.131286621,1
test,Persian_263,24,335,262,1,0,1,0,0.785256921,0.612182617,1
test,Persian_97,24,500,346,1,0,1,0,0.602115607,0.420654297,1
test,Persian_72,24,334,500,1,0,1,0,0.580047904,0.388977051,1
test,Persian_256,24,234,295,1,0,1,0,0.338447052,0.270080566,1
test,Persian_36,24,375,500,1,0,1,0,0.746997333,0.560241699,1
test,Persian_42,24,380,500,1,0,1,0,0.426521053,0.322570801,1
test,Persian_27,24,500,456,1,0,1,0,0.756482456,0.690673828,1
test,Persian_76,24,333,500,1,0,1,0,0.721093093,0.479064941,1
test,Persian_21,24,500,498,1,0,1,0,0.467176707,0.461853027,1
test,Persian_82,24,402,500,1,0,1,0,0.758273632,0.610839844,1
test,Persian_51,24,500,425,1,0,1,0,0.780541176,0.664794922,1
test,Persian_265,24,369,364,1,0,1,0,0.638792102,0.62902832,1
test,Persian_40,24,333,500,1,0,1,0,0.729591592,0.483886719,1
test,Persian_86,24,500,333,1,0,1,0,0.515963964,0.34197998,1
test,pomeranian_25,25,375,500,1,0,1,0,0.657445333,0.492797852,1
test,pomeranian_66,25,500,333,1,0,1,0,0.383747748,0.254272461,1
test,pomeranian_81,25,500,500,1,0,1,0,0.835276,0.835449219,1
test,pomeranian_37,25,496,500,1,1,1,2,0.271459677,0.269592285,0
test,pomeranian_90,25,332,500,1,0,1,0,0.800698795,0.531005859,1
test,pomeranian_19,25,354,500,2,1,2,0,0.457135593,0.325073242,0
test,pomeranian_92,25,500,333,1,0,1,0,0.45418018,0.301147461,1
test,pomeranian_43,25,500,375,1,0,1,0,0.512362667,0.38494873,1
test,pomeranian_68,25,500,333,1,0,1,0,0.885123123,0.587280273,1
test,pomeranian_48,25,375,500,1,0,1,0,0.366256,0.274780273,1
test,pomeranian_77,25,333,500,1,3,1,0,0.157963964,0.104675293,0
test,pomeranian_33,25,440,500,1,0,1,0,0.291872727,0.257629395,1
test,pomeranian_22,25,333,500,1,0,1,0,0.396324324,0.263122559,1
test,pomeranian_78,25,500,333,1,0,1,0,0.414612613,0.275939941,1
test,pomeranian_60,25,357,500,1,0,1,0,0.193927171,0.137939453,1
test,pomeranian_7,25,332,500,1,1,1,1,0.16386747,0.109069824,1
test,pomeranian_198,25,225,300,2,0,1,0,0.433259259,0.323974609,0
test,pomeranian_55,25,332,500,1,0,1,0,0.570463855,0.378295898,1
test,pomeranian_41,25,382,500,2,0,2,0,0.28778534,0.220153809,1
test,pomeranian_2,25,500,333,1,0,1,0,0.481285285,0.319763184,1
test,pomeranian_50,25,500,333,1,0,1,0,0.425735736,0.282226562,1
test,pomeranian_24,25,375,500,1,0,1,0,0.505546667,0.379150391,1
test,pomeranian_36,25,339,500,1,0,1,0,0.492271386,0.334472656,1
test,pomeranian_99,25,500,332,1,0,1,0,0.295210843,0.195739746,1
test,pomeranian_52,25,500,375,1,0,1,0,0.701706667,0.526672363,1
test,pomeranian_57,25,500,375,1,0,1,0,0.43656,0.327697754,1
test,pomeranian_42,25,333,500,1,0,1,0,0.288606607,0.192443848,1
test,pomeranian_80,25,375,500,1,0,1,0,0.122282667,0.0915527344,1
test,pomeranian_47,25,375,500,1,0,1,0,0.319194667,0.239746094,1
test,pomeranian_59,25,375,500,1,0,1,0,0.487461333,0.364929199,1
test,pomeranian_23,25,333,500,1,0,1,0,0.213189189,0.140930176,1
test,pomeranian_83,25,500,375,1,0,1,0,0.118389333,0.0888061523,1
test,pomeranian_8,25,243,432,1,0,1,0,0.517118198,0.290710449,1
test,pomeranian_30,25,337,500,2,1,2,1,0.4615727,0.31072998,1
test,pomeranian_32,25,333,500,1,0,1,0,0.443333333,0.294921875,1
test,pomeranian_65,25,368,500,1,0,1,0,0.22798913,0.168151855,1
test,pomeranian_39,25,496,500,1,0,1,0,0.389241935,0.386291504,1
test,pomeranian_35,25,500,375,1,0,1,0,0.318186667,0.238098145,1
test,pomeranian_63,25,375,500,1,0,1,0,0.538746667,0.40411377,1
test,pomeranian_75,25,342,500,1,0,1,0,0.252298246,0.172790527,1
test,pomeranian_61,25,375,500,1,0,1,0,0.473365333,0.355712891,1
test,pomeranian_69,25,376,500,1,0,1,0,0.557702128,0.418518066,1
test,pomeranian_28,25,500,333,1,0,1,0,0.550396396,0.364746094,1
test,pomeranian_67,25,500,316,1,0,1,0,0.73056962,0.461303711,1
test,pomeranian_199,25,300,278,1,0,1,0,0.639568345,0.594238281,1
test,pomeranian_45,25,375,500,1,0,1,0,0.812645333,0.60925293,1
test,pomeranian_192,25,212,300,2,0,1,0,0.519465409,0.364685059,0
test,pomeranian_93,25,384,500,1,0,1,0,0.673036458,0.515136719,1
test,pomeranian_95,25,500,334,1,0,1,0,0.545622754,0.366577148,1
test,pomeranian_71,25,343,500,1,0,1,0,0.244600583,0.168151855,1
test,pomeranian_29,25,500,333,1,0,1,0,0.604702703,0.402404785,1
test,pomeranian_195,25,208,300,1,0,1,0,0.491185897,0.339904785,1
test,pomeranian_76,25,500,375,1,0,1,0,0.567514667,0.425598145,1
test,pomeranian_86,25,375,500,1,0,1,0,0.874773333,0.65625,1
test,pomeranian_1,25,500,494,1,0,1,0,0.619676113,0.610046387,1
test,pomeranian_4,25,375,500,1,0,1,0,0.411258667,0.30859375,1
test,pomeranian_194,25,300,214,2,0,1,0,0.256323988,0.180725098,0
test,pomeranian_38,25,483,500,1,0,1,0,0.386621118,0.374511719,1
test,pomeranian_197,25,293,300,2,0,1,0,0.619590444,0.603149414,0
test,pomeranian_3,25,375,500,1,0,1,0,0.434597333,0.32635498,1
test,pomeranian_193,25,225,300,1,0,1,0,0.276207407,0.207275391,1
test,pomeranian_200,25,375,500,1,0,1,0,0.153376,0.115539551,1
test,pomeranian_82,25,333,500,1,0,1,0,0.645855856,0.428710938,1
test,pomeranian_89,25,500,375,1,0,1,0,0.980250667,0.735107422,1
test,pomeranian_191,25,225,300,2,0,1,0,0.4452,0.331970215,0
test,pomeranian_49,25,375,500,1,0,1,0,0.433568,0.325073242,1
test,pomeranian_87,25,322,500,1,0,1,0,0.423291925,0.272521973,1
test,pomeranian_70,25,334,500,1,0,1,0,0.638844311,0.428527832,1
test,pomeranian_96,25,500,334,1,0,1,0,0.209263473,0.140625,1
test,pomeranian_64,25,375,500,1,0,1,0,0.310794667,0.233093262,1
test,pomeranian_73,25,333,500,1,0,1,0,0.474870871,0.315429688,1
test,pomeranian_85,25,500,333,1,0,1,0,0.731225225,0.486206055,1
test,pomeranian_27,25,500,375,1,0,1,0,0.253765333,0.191040039,1
test,pomeranian_88,25,375,500,1,0,1,0,0.185610667,0.139770508,1
test,pomeranian_91,25,322,500,1,0,1,0,0.193906832,0.123840332,1
test,pomeranian_9,25,332,500,1,0,1,0,0.175512048,0.116394043,1
test,pomeranian_94,25,332,500,1,0,1,0,0.881993976,0.586120605,1
test,pomeranian_51,25,375,500,1,0,1,0,0.122645333,0.0921630859,1
test,pomeranian_74,25,333,500,1,0,1,0,0.332654655,0.220825195,1
test,pomeranian_5,25,335,500,1,4,1,2,0.60199403,0.404663086,0
test,pomeranian_79,25,333,500,1,0,1,0,0.383705706,0.254455566,1
test,pomeranian_31,25,363,500,1,0,1,0,0.31785124,0.230957031,1
test,pomeranian_56,25,500,375,1,0,1,0,0.924442667,0.692321777,1
test,pomeranian_58,25,500,375,1,0,1,0,0.586026667,0.439453125,1
test,pomeranian_97,25,334,500,1,0,1,0,0.0537724551,0.0360107422,1
test,pomeranian_40,25,433,500,1,0,1,0,0.456688222,0.396179199,1
test,pomeranian_98,25,500,354,1,0,1,0,0.749683616,0.532043457,1
test,pomeranian_46,25,333,500,1,0,1,0,0.645081081,0.428466797,1
test,pomeranian_44,25,375,500,1,0,1,0,0.663850667,0.497070312,1
test,pomeranian_34,25,333,500,1,0,1,0,0.282708709,0.187194824,1
test,pomeranian_26,25,500,357,1,0,1,0,0.335736695,0.238647461,1
test,pomeranian_54,25,375,500,1,0,1,0,0.39392,0.295471191,1
test,pomeranian_53,25,375,500,1,0,1,0,0.277834667,0.208862305,1
test,pomeranian_6,25,335,500,1,0,1,0,0.808859701,0.543457031,1
test,pomeranian_72,25,500,333,1,0,1,1,0.858336336,0.569946289,0
test,pomeranian_20,25,500,375,1,2,1,1,0.631008,0.473144531,0
test,pomeranian_196,25,300,224,1,0,1,0,0.6140625,0.461303711,1
test,pomeranian_84,25,333,500,1,0,1,0,0.565135135,0.375610352,1
test,pomeranian_21,25,333,500,1,0,1,1,0.239705706,0.158874512,0
test,pomeranian_62,25,375,500,1,0,1,0,0.497082667,0.372558594,1
test,pug_44,26,500,333,1,0,1,0,0.616216216,0.409240723,1
test,pug_195,26,300,248,2,0,2,0,0.302647849,0.250488281,1
test,pug_30,26,500,359,1,1,1,1,0.601766017,0.431945801,1
test,pug_91,26,375,500,1,0,1,0,0.191642667,0.143981934,1
test,pug_1,26,374,500,1,0,1,0,0.37284492,0.279724121,1
test,pug_80,26,333,500,1,0,1,0,0.31754955,0.211120605,1
test,pug_39,26,500,333,1,0,1,0,0.213591592,0.141906738,1
test,pug_38,26,500,333,1,0,1,0,0.255093093,0.169250488,1
test,pug_193,26,225,300,1,0,1,0,0.538785185,0.403686523,1
test,pug_79,26,333,500,1,0,1,0,0.531441441,0.352233887,1
test,pug_82,26,333,500,1,0,1,0,0.571891892,0.379577637,1
test,pug_76,26,332,500,1,0,1,0,0.111114458,0.07421875,1
test,pug_37,26,333,500,1,0,1,0,0.196306306,0.130004883,1
test,pug_84,26,375,500,1,0,1,0,0.184677333,0.138427734,1
test,pug_36,26,333,500,1,1,1,3,0.26154955,0.174194336,0
test,pug_7,26,500,333,1,0,1,0,0.175081081,0.116821289,1
test,pug_88,26,500,333,1,0,1,0,0.504264264,0.334838867,1
test,pug_56,26,421,308,2,1,2,0,0.254534658,0.186645508,0
test,pug_70,26,358,500,1,1,1,2,0.301865922,0.217041016,0
test,pug_26,26,500,360,3,0,3,0,0.550477778,0.39465332,1
test,pug_5,26,292,500,1,0,1,0,0.197383562,0.115539551,1
test,pug_45,26,333,500,1,0,1,0,0.657369369,0.436950684,1
test,pug_23,26,500,445,1,0,1,1,0.479653933,0.427734375,0
test,pug_22,26,478,500,1,0,1,0,0.615589958,0.586181641,1
test,pug_94,26,333,500,1,0,1,0,0.607423423,0.40246582,1
test,pug_43,26,333,500,1,0,1,0,0.354546547,0.235107422,1
test,pug_19,26,370,500,1,1,1,0,0.758448649,0.562561035,0
test,pug_203,26,225,300,2,0,1,0,0.421837037,0.315490723,0
test,pug_32,26,500,482,1,1,1,1,0.700941909,0.673156738,1
test,pug_87,26,333,500,1,0,1,0,0.219627628,0.14642334,1
test,pug_68,26,333,500,2,0,1,1,0.0814054054,0.0535888672,0
test,pug_31,26,500,332,1,3,1,4,0.178590361,0.118225098,0
test,pug_49,26,500,331,1,0,1,0,0.426984894,0.283935547,1
test,pug_60,26,333,500,1,0,1,0,0.408252252,0.270874023,1
test,pug_197,26,256,256,2,0,2,0,0.377426147,0.379272461,1
test,pug_78,26,333,500,1,0,1,0,0.619777778,0.411621094,1
test,pug_196,26,300,225,2,1,1,2,0.448459259,0.336181641,0
test,pug_35,26,343,500,1,0,1,0,0.224279883,0.153930664,1
test,pug_72,26,333,500,1,0,1,0,0.412408408,0.27532959,1
test,pug_86,26,500,333,1,0,1,0,0.601735736,0.39855957,1
test,pug_53,26,500,333,1,0,1,0,0.516546547,0.342102051,1
test,pug_63,26,333,500,1,0,1,0,0.480996997,0.318786621,1
test,pug_61,26,350,500,1,0,1,0,0.679137143,0.477294922,1
test,pug_97,26,333,500,1,0,1,1,0.454594595,0.301757812,0
test,pug_8,26,375,500,1,0,1,0,0.635125333,0.476196289,1
test,pug_20,26,375,500,1,0,1,0,0.239914667,0.179748535,1
test,pug_52,26,333,500,1,0,1,0,0.539291291,0.356567383,1
test,pug_3,26,500,332,1,0,1,0,0.537228916,0.355773926,1
test,pug_4,26,500,333,1,0,1,0,0.571177177,0.378356934,1
test,pug_24,26,333,500,1,0,1,0,0.362702703,0.241210938,1
test,pug_69,26,332,500,1,0,1,0,0.544993976,0.361633301,1
test,pug_98,26,332,500,1,0,1,0,0.513018072,0.340515137,1
test,pug_92,26,333,500,1,0,1,0,0.139591592,0.0919799805,1
test,pug_75,26,500,333,1,1,1,1,0.535345345,0.355895996,1
test,pug_28,26,333,500,1,0,1,0,0.85212012,0.565979004,1
test,pug_64,26,375,500,1,0,1,0,0.232634667,0.173400879,1
test,pug_58,26,500,357,1,1,1,1,0.252829132,0.17980957,1
test,pug_65,26,398,500,1,0,1,0,0.667271357,0.530517578,1
test,pug_194,26,226,300,2,0,1,0,0.53479351,0.400878906,0
test,pug_90,26,500,399,1,0,1,0,0.287984962,0.230102539,1
test,pug_96,26,491,500,1,0,1,0,0.503173116,0.495544434,1
test,pug_66,26,500,375,1,0,1,0,0.319514667,0.238220215,1
test,pug_2,26,500,332,1,1,1,1,0.442746988,0.295410156,1
test,pug_6,26,337,500,1,0,1,1,0.34051632,0.228942871,0
test,pug_55,26,334,500,2,0,2,2,0.430502994,0.289794922,0
test,pug_27,26,334,500,1,0,1,0,0.175431138,0.117431641,1
test,pug_41,26,500,332,1,0,1,0,0.289379518,0.192138672,1
test,pug_202,26,300,197,2,0,1,0,0.3342978,0.218078613,0
test,pug_89,26,333,500,1,0,1,0,0.127573574,0.0847167969,1
test,pug_198,26,225,300,2,0,1,0,0.369748148,0.277404785,0
test,pug_81,26,358,500,1,1,1,1,0.160296089,0.115966797,1
test,pug_42,26,466,500,1,1,1,1,0.523120172,0.486450195,1
test,pug_62,26,375,500,1,0,1,0,0.398645333,0.299133301,1
test,pug_93,26,500,333,2,0,2,0,0.302768769,0.200683594,1
test,pug_200,26,225,300,2,0,1,0,0.385125926,0.288146973,0
test,pug_46,26,333,500,1,0,1,0,0.384162162,0.254699707,1
test,pug_34,26,448,500,1,0,1,0,0.582441964,0.522338867,1
test,pug_25,26,334,500,1,0,1,0,0.510904192,0.343139648,1
test,pug_33,26,368,500,1,0,1,0,0.310222826,0.227905273,1
test,pug_67,26,332,500,1,0,1,0,0.294957831,0.195861816,1
test,pug_57,26,333,500,1,0,1,0,0.390888889,0.25970459,1
test,pug_199,26,150,200,2,0,2,0,0.378866667,0.286499023,1
test,pug_29,26,375,500,1,0,1,0,0.550864,0.412231445,1
test,pug_59,26,349,500,1,0,1,1,0.389197708,0.270629883,0
test,pug_50,26,500,334,1,0,1,0,0.444173653,0.299438477,1
test,pug_21,26,500,428,1,0,1,0,0.694004673,0.596557617,1
test,pug_71,26,333,500,1,0,1,0,0.733801802,0.487121582,1
test,pug_48,26,500,333,1,0,1,0,0.678522523,0.450683594,1
test,pug_73,26,333,500,1,1,1,1,0.452162162,0.299499512,1
test,pug_99,26,333,500,1,0,1,0,0.408216216,0.270568848,1
test,pug_9,26,500,370,1,0,1,0,0.131627027,0.0971679688,1
test,pug_85,26,333,500,1,0,1,0,0.436918919,0.289978027,1
test,pug_40,26,500,333,1,0,1,0,0.127297297,0.0844726562,1
test,pug_74,26,500,412,1,0,1,0,0.159247573,0.13067627,1
test,pug_47,26,333,500,1,0,1,0,0.56212012,0.373291016,1
test,pug_54,26,333,500,1,0,1,0,0.318186186,0.211853027,1
test,pug_77,26,375,500,1,1,1,1,0.341648,0.25604248,1
test,pug_95,26,334,500,1,3,1,1,0.622371257,0.417602539,0
test,pug_51,26,500,333,1,0,1,0,0.6156997,0.40802002,1
test,pug_201,26,225,300,2,0,2,0,0.195081481,0.143859863,1
test,Ragdoll_8,27,333,500,1,0,1,0,0.575159159,0.380981445,1
test,Ragdoll_97,27,375,500,1,0,1,0,0.671253333,0.503723145,1
test,Ragdoll_72,27,375,500,1,0,1,0,0.441584,0.331115723,1
test,Ragdoll_20,27,500,333,1,0,1,0,0.438942943,0.290405273,1
test,Ragdoll_73,27,375,500,1,0,1,0,0.690544,0.517822266,1
test,Ragdoll_26,27,375,500,2,0,2,0,0.728565333,0.54675293,1
test,Ragdoll_74,27,333,500,1,0,1,0,0.505891892,0.335571289,1
test,Ragdoll_44,27,333,500,1,0,1,0,0.846444444,0.562194824,1
test,Ragdoll_33,27,333,500,1,0,1,0,0.695207207,0.461181641,1
test,Ragdoll_64,27,334,500,1,0,1,0,0.360419162,0.241699219,1
test,Ragdoll_254,27,199,300,1,0,1,0,0.652211055,0.433837891,1
test,Ragdoll_91,27,334,500,1,0,1,0,0.515892216,0.347412109,1
test,Ragdoll_67,27,291,500,1,0,1,0,0.70990378,0.409912109,1
test,Ragdoll_84,27,500,333,1,0,1,0,0.509987988,0.338684082,1
test,Ragdoll_53,27,500,500,1,0,1,0,0.550012,0.548339844,1
test,Ragdoll_49,27,500,333,1,0,1,0,0.733807808,0.486938477,1
test,Ragdoll_245,27,300,296,1,0,1,0,0.678806306,0.668151855,1
test,Ragdoll_6,27,424,600,1,1,1,1,0.325251572,0.228942871,1
test,Ragdoll_252,27,199,300,1,0,1,0,0.488710218,0.323913574,1
test,Ragdoll_261,27,481,500,1,0,1,0,0.674220374,0.648620605,1
test,Ragdoll_255,27,225,300,1,0,1,0,0.840118519,0.629760742,1
test,Ragdoll_98,27,500,333,1,0,1,0,0.612570571,0.407043457,1
test,Ragdoll_77,27,500,357,1,0,1,0,0.70752381,0.502502441,1
test,Ragdoll_41,27,472,500,1,0,1,0,0.376555085,0.356201172,1
test,Ragdoll_36,27,500,333,1,0,1,0,0.535393393,0.35534668,1
test,Ragdoll_42,27,332,500,1,0,1,0,0.721680723,0.479003906,1
test,Ragdoll_4,27,561,600,1,0,1,0,0.363669043,0.341064453,1
test,Ragdoll_3,27,250,350,1,0,1,0,0.346194286,0.245666504,1
test,Ragdoll_210,27,300,209,1,0,1,0,0.471435407,0.32623291,1
test,Ragdoll_82,27,500,333,1,0,1,0,0.754522523,0.500244141,1
test,Ragdoll_81,27,500,375,1,0,1,0,0.707370667,0.530883789,1
test,Ragdoll_79,27,364,461,1,0,1,0,0.483587996,0.38293457,1
test,Ragdoll_262,27,768,1024,1,0,1,0,0.747367859,0.560791016,1
test,Ragdoll_25,27,334,500,1,0,1,0,0.27602994,0.18536377,1
test,Ragdoll_62,27,332,500,1,0,1,0,0.650174699,0.431884766,1
test,Ragdoll_263,27,491,550,1,0,1,0,0.674393631,0.59979248,1
test,Ragdoll_9,27,333,500,1,0,1,0,0.480720721,0.318969727,1
test,Ragdoll_52,27,500,500,1,0,1,0,0.543672,0.543884277,1
test,Ragdoll_205,27,426,500,1,0,1,0,0.558051643,0.475036621,1
test,Ragdoll_235,27,225,300,1,0,1,0,0.282177778,0.21105957,1
test,Ragdoll_60,27,364,461,1,0,1,0,0.427200782,0.337280273,1
test,Ragdoll_228,27,199,300,1,0,1,0,0.65479062,0.435119629,1
test,Ragdoll_30,27,393,500,1,0,1,0,0.477022901,0.37677002,1
test,Ragdoll_260,27,375,500,1,0,1,0,0.348405333,0.260986328,1
test,Ragdoll_90,27,419,500,1,3,1,1,0.529584726,0.442016602,0
test,Ragdoll_80,27,500,375,1,0,1,0,0.657290667,0.492492676,1
test,Ragdoll_204,27,377,500,1,0,1,0,0.519687003,0.39276123,1
test,Ragdoll_31,27,393,500,1,0,1,0,0.574427481,0.453125,1
test,Ragdoll_69,27,375,500,1,0,1,0,0.780741333,0.585754395,1
test,Ragdoll_40,27,500,374,1,0,1,0,0.14744385,0.110290527,1
test,Ragdoll_89,27,416,500,1,0,1,0,0.705778846,0.583984375,1
test,Ragdoll_87,27,333,500,1,0,1,0,0.472408408,0.31439209,1
test,Ragdoll_76,27,333,500,1,0,1,0,0.669357357,0.443908691,1
test,Ragdoll_68,27,467,500,1,0,1,0,0.627614561,0.587341309,1
test,Ragdoll_58,27,333,500,1,0,1,0,0.514774775,0.341796875,1
test,Ragdoll_227,27,225,300,1,0,1,0,0.271925926,0.203796387,1
test,Ragdoll_32,27,375,500,1,0,1,0,0.556517333,0.417297363,1
test,Ragdoll_95,27,375,500,1,0,1,0,0.386624,0.289794922,1
test,Ragdoll_43,27,500,375,1,0,1,0,0.363013333,0.272094727,1
test,Ragdoll_2,27,196,275,1,0,1,0,0.314230056,0.222717285,1
test,Ragdoll_54,27,332,500,1,0,1,0,0.642686747,0.426635742,1
test,Ragdoll_7,27,500,333,1,1,1,1,0.737321321,0.489379883,1
test,Ragdoll_83,27,333,500,1,0,1,0,0.285249249,0.188964844,1
test,Ragdoll_78,27,500,382,1,0,1,0,0.359544503,0.275817871,1
test,Ragdoll_224,27,300,202,1,0,1,0,0.804554455,0.541137695,1
test,Ragdoll_27,27,500,400,1,0,1,0,0.589555,0.469543457,1
test,Ragdoll_88,27,375,500,1,0,1,0,0.714954667,0.536804199,1
test,Ragdoll_57,27,500,333,1,0,1,0,0.522168168,0.346374512,1
test,Ragdoll_71,27,335,500,1,0,1,0,0.109026866,0.0736083984,1
test,Ragdoll_59,27,333,500,1,0,1,1,0.664672673,0.442077637,0
test,Ragdoll_48,27,500,484,1,0,1,0,0.377450413,0.36529541,1
test,Ragdoll_63,27,333,500,1,0,1,0,0.658312312,0.437255859,1
test,Ragdoll_258,27,282,400,1,0,1,0,0.548271277,0.385253906,1
test,Ragdoll_219,27,200,300,1,0,1,0,0.66835,0.44354248,1
test,Ragdoll_92,27,375,500,1,0,1,0,0.811872,0.608337402,1
test,Ragdoll_257,27,205,246,1,0,1,0,0.40483839,0.338623047,1
test,Ragdoll_93,27,500,375,1,0,1,0,0.212938667,0.159973145,1
test,Ragdoll_34,27,333,500,1,0,1,1,0.681633634,0.452880859,0
test,Ragdoll_99,27,334,500,1,0,1,0,0.599101796,0.402526855,1
test,Ragdoll_51,27,500,333,1,0,1,0,0.605483483,0.401916504,1
test,Ragdoll_96,27,375,500,1,0,1,0,0.258613333,0.194335938,1
test,Ragdoll_35,27,375,500,1,0,1,0,0.525466667,0.394042969,1
test,Ragdoll_75,27,333,500,1,0,1,0,0.629837838,0.418640137,1
test,Ragdoll_259,27,456,500,1,0,1,0,0.411236842,0.375854492,1
test,Ragdoll_250,27,199,300,1,0,1,0,0.580067002,0.385009766,1
test,Ragdoll_85,27,333,500,2,0,2,0,0.274108108,0.182434082,1
test,Ragdoll_37,27,333,500,1,0,1,0,0.312174174,0.208435059,1
test,Ragdoll_94,27,500,333,1,0,1,1,0.448852853,0.29864502,0
test,Ragdoll_265,27,250,350,1,0,1,0,0.67736,0.481079102,1
test,Ragdoll_47,27,335,500,1,0,1,0,0.399671642,0.268981934,1
test,Ragdoll_29,27,375,500,1,0,1,0,0.532842667,0.399230957,1
test,Ragdoll_208,27,216,241,1,0,1,0,0.597375903,0.536987305,1
test,Ragdoll_5,27,900,600,1,0,1,0,0.613759259,0.40814209,1
test,Ragdoll_45,27,367,500,1,0,1,0,0.271128065,0.198669434,1
test,Ragdoll_234,27,225,300,1,0,1,0,0.206785185,0.154602051,1
test,Ragdoll_203,27,364,461,1,0,1,0,0.300845033,0.236938477,1
test,Ragdoll_264,27,194,259,1,0,1,0,0.441507782,0.33190918,1
test,Ragdoll_56,27,333,500,1,0,1,0,0.410924925,0.272888184,1
test,Ragdoll_24,27,333,500,1,0,1,0,0.658672673,0.4375,1
test,Ragdoll_86,27,333,500,1,0,1,0,0.628666667,0.417114258,1
test,Russian_Blue_258,28,274,300,1,0,1,0,0.671934307,0.613891602,1
test,Russian_Blue_88,28,309,500,1,0,1,0,0.54997411,0.339416504,1
test,Russian_Blue_77,28,375,500,1,1,1,2,0.600506667,0.450744629,0
test,Russian_Blue_66,28,500,375,1,1,1,0,0.330032,0.247741699,0
test,Russian_Blue_44,28,500,334,1,0,1,0,0.711275449,0.478637695,1
test,Russian_Blue_20,28,500,332,1,0,1,0,0.332427711,0.221191406,1
test,Russian_Blue_71,28,500,375,1,0,1,0,0.378613333,0.284118652,1
test,Russian_Blue_9,28,196,275,1,0,1,1,0.309833024,0.219299316,0
test,Russian_Blue_204,28,334,500,1,0,1,0,0.454047904,0.303955078,1
test,Russian_Blue_263,28,366,450,1,1,1,1,0.467607772,0.379150391,1
test,Russian_Blue_222,28,225,300,1,0,1,0,0.669792593,0.501098633,1
test,Russian_Blue_40,28,334,500,1,0,1,1,0.388856287,0.261474609,0
test,Russian_Blue_99,28,500,333,1,0,1,0,0.364510511,0.241333008,1
test,Russian_Blue_83,28,333,500,1,0,1,0,0.365885886,0.242797852,1
test,Russian_Blue_35,28,333,500,1,0,1,0,0.488072072,0.323242188,1
test,Russian_Blue_80,28,335,500,1,0,1,0,0.414220896,0.278808594,1
test,Russian_Blue_98,28,500,333,1,0,1,0,0.234474474,0.155761719,1
test,Russian_Blue_205,28,500,375,1,0,1,0,0.399328,0.299804688,1
test,Russian_Blue_43,28,375,500,1,0,1,0,0.238357333,0.178466797,1
test,Russian_Blue_244,28,225,300,1,0,1,0,0.265792593,0.19934082,1
test,Russian_Blue_67,28,375,500,1,0,1,0,0.506106667,0.378845215,1
test,Russian_Blue_45,28,500,334,1,0,1,0,0.623065868,0.418884277,1
test,Russian_Blue_201,28,500,429,1,0,1,0,0.279594406,0.24041748,1
test,Russian_Blue_92,28,333,500,1,0,1,0,0.318162162,0.21105957,1
test,Russian_Blue_55,28,333,500,1,0,1,0,0.325453453,0.216430664,1
test,Russian_Blue_91,28,375,500,1,0,1,0,0.649413333,0.48638916,1
test,Russian_Blue_209,28,334,500,1,0,1,0,0.344071856,0.230712891,1
test,Russian_Blue_211,28,500,333,1,0,1,0,0.576804805,0.382263184,1
test,Russian_Blue_87,28,500,417,1,0,1,0,0.747870504,0.62512207,1
test,Russian_Blue_76,28,375,500,1,0,1,0,0.393872,0.296081543,1
test,Russian_Blue_38,28,375,500,1,0,1,0,0.553461333,0.414978027,1
test,Russian_Blue_202,28,500,334,1,2,1,0,0.435916168,0.29309082,0
test,Russian_Blue_50,28,500,500,1,0,1,0,0.218764,0.218444824,1
test,Russian_Blue_68,28,375,500,1,0,1,0,0.463344,0.348022461,1
test,Russian_Blue_84,28,333,500,1,0,1,0,0.554912913,0.367919922,1
test,Russian_Blue_90,28,500,360,1,1,1,0,0.520166667,0.374023438,0
test,Russian_Blue_8,28,316,194,1,0,1,0,0.505546131,0.311340332,1
test,Russian_Blue_220,28,200,300,2,3,2,2,0.4622,0.307189941,0
test,Russian_Blue_221,28,226,300,1,0,1,0,0.207123894,0.156188965,1
test,Russian_Blue_237,28,300,225,1,0,1,0,0.320044444,0.240905762,1
test,Russian_Blue_264,28,361,400,1,0,1,0,0.363407202,0.329223633,1
test,Russian_Blue_232,28,225,300,1,0,1,0,0.792266667,0.594360352,1
test,Russian_Blue_212,28,334,500,1,0,1,0,0.498988024,0.334899902,1
test,Russian_Blue_61,28,333,500,1,0,1,0,0.204600601,0.135437012,1
test,Russian_Blue_69,28,375,500,1,0,1,0,0.284725333,0.213134766,1
test,Russian_Blue_94,28,500,422,1,0,1,1,0.316843602,0.267456055,0
test,Russian_Blue_21,28,402,405,1,0,1,0,0.680633868,0.67590332,1
test,Russian_Blue_75,28,326,500,1,0,1,0,0.420159509,0.272521973,1
test,Russian_Blue_36,28,500,334,1,0,1,0,0.30605988,0.205932617,1
test,Russian_Blue_59,28,333,500,1,0,1,0,0.477339339,0.317443848,1
test,Russian_Blue_226,28,300,300,1,0,1,0,0.435788889,0.436279297,1
test,Russian_Blue_78,28,500,396,2,0,2,0,0.357015152,0.280944824,1
test,Russian_Blue_64,28,375,500,1,0,1,0,0.503125333,0.377319336,1
test,Russian_Blue_236,28,247,300,1,0,1,0,0.629068826,0.515014648,1
test,Russian_Blue_86,28,333,500,1,1,1,1,0.474366366,0.315063477,1
test,Russian_Blue_79,28,333,500,1,1,1,0,0.202414414,0.134521484,0
test,Russian_Blue_81,28,375,500,1,0,1,0,0.388789333,0.292053223,1
test,Russian_Blue_32,28,334,500,1,0,1,0,0.508712575,0.341430664,1
test,Russian_Blue_215,28,264,300,1,0,1,0,0.358939394,0.316955566,1
test,Russian_Blue_96,28,323,500,1,0,1,0,0.168668731,0.109863281,1
test,Russian_Blue_203,28,375,500,1,0,1,0,0.47528,0.356384277,1
test,Russian_Blue_29,28,333,500,1,1,1,0,0.696516517,0.462890625,0
test,Russian_Blue_239,28,300,200,1,0,1,0,0.367933333,0.244018555,1
test,Russian_Blue_242,28,300,225,1,0,1,0,0.432281481,0.323059082,1
test,Russian_Blue_63,28,333,500,1,0,1,0,0.683243243,0.453125,1
test,Russian_Blue_47,28,333,500,1,0,1,0,0.311339339,0.206115723,1
test,Russian_Blue_95,28,500,400,1,0,1,0,0.622805,0.495910645,1
test,Russian_Blue_82,28,334,500,1,0,1,0,0.649077844,0.435546875,1
test,Russian_Blue_72,28,500,375,1,0,1,0,0.672485333,0.503723145,1
test,Russian_Blue_27,28,334,500,1,0,1,0,0.382011976,0.256591797,1
test,Russian_Blue_49,28,334,500,1,1,1,1,0.16897006,0.113220215,1
test,Russian_Blue_54,28,333,500,1,0,1,0,0.567429429,0.377685547,1
test,Russian_Blue_208,28,334,500,1,0,1,0,0.431467066,0.289733887,1
test,Russian_Blue_41,28,334,500,1,0,1,0,0.285832335,0.191711426,1
test,Russian_Blue_73,28,333,500,1,0,1,0,0.325339339,0.21673584,1
test,Russian_Blue_33,28,500,332,2,0,2,0,0.400951807,0.266540527,1
test,Russian_Blue_51,28,500,334,1,1,1,1,0.517982036,0.348999023,1
test,Russian_Blue_34,28,500,449,1,0,1,0,0.468160356,0.421142578,1
test,Russian_Blue_28,28,333,500,1,0,1,0,0.0498258258,0.0332641602,1
test,Russian_Blue_253,28,222,300,1,3,1,3,0.519009009,0.384643555,1
test,Russian_Blue_53,28,375,500,1,0,1,0,0.166277333,0.124755859,1
test,Russian_Blue_30,28,337,500,1,0,1,0,0.527994065,0.354125977,1
test,Russian_Blue_85,28,333,500,1,0,1,0,0.610534535,0.404968262,1
test,Russian_Blue_62,28,332,500,1,0,1,0,0.228228916,0.151428223,1
test,Russian_Blue_60,28,333,500,1,0,1,0,0.197525526,0.132202148,1
test,Russian_Blue_97,28,328,500,1,0,1,0,0.608036585,0.399536133,1
test,Russian_Blue_57,28,332,500,1,0,1,0,0.230096386,0.152282715,1
test,Russian_Blue_206,28,411,500,1,0,1,0,0.165615572,0.136352539,1
test,Russian_Blue_24,28,334,500,1,0,1,0,0.539317365,0.362060547,1
test,Russian_Blue_207,28,375,500,1,0,1,0,0.546234667,0.409973145,1
test,Russian_Blue_240,28,259,279,1,0,1,0,0.809233196,0.752380371,1
test,Russian_Blue_31,28,500,375,1,0,1,0,0.559333333,0.419799805,1
test,Russian_Blue_228,28,225,300,1,0,1,0,0.472222222,0.353942871,1
test,Russian_Blue_74,28,294,500,1,0,1,0,0.37437415,0.219482422,1
test,Russian_Blue_262,28,199,300,1,0,1,0,0.368190955,0.244445801,1
test,Russian_Blue_70,28,500,333,1,0,1,0,0.207681682,0.138916016,1
test,Russian_Blue_216,28,225,300,1,0,1,0,0.192044444,0.144348145,1
test,Russian_Blue_48,28,333,500,1,0,1,0,0.556486486,0.369018555,1
test,Russian_Blue_89,28,500,428,1,0,1,0,0.469495327,0.403076172,1
test,Russian_Blue_93,28,333,500,1,0,1,0,0.253177177,0.168640137,1
test,saint_bernard_27,29,375,500,1,0,1,0,0.194250667,0.146179199,1
test,saint_bernard_93,29,332,500,1,0,1,0,0.393945783,0.261169434,1
test,saint_bernard_45,29,400,500,1,0,1,0,0.10832,0.0866699219,1
test,saint_bernard_81,29,500,337,1,0,1,0,0.505910979,0.339599609,1
test,saint_bernard_90,29,375,500,1,0,1,0,0.148922667,0.111572266,1
test,saint_bernard_38,29,500,332,1,0,1,0,0.226777108,0.150878906,1
test,saint_bernard_79,29,500,375,1,0,1,0,0.474261333,0.35559082,1
test,saint_bernard_57,29,375,500,1,1,1,0,0.171562667,0.129150391,0
test,saint_bernard_52,29,390,500,1,0,1,0,0.545676923,0.426757812,1
test,saint_bernard_71,29,500,333,1,0,1,0,0.43648048,0.29107666,1
test,saint_bernard_200,29,375,500,1,0,1,0,0.142202667,0.106201172,1
test,saint_bernard_87,29,375,500,1,0,1,0,0.521952,0.392089844,1
test,saint_bernard_2,29,375,500,1,0,1,0,0.322101333,0.241333008,1
test,saint_bernard_41,29,333,500,1,0,1,0,0.511087087,0.338989258,1
test,saint_bernard_96,29,332,500,1,0,1,1,0.260921687,0.173706055,0
test,saint_bernard_42,29,500,333,1,0,1,0,0.633075075,0.420532227,1
test,saint_bernard_66,29,490,500,1,0,1,0,0.611559184,0.596130371,1
test,saint_bernard_98,29,333,500,1,0,1,0,0.109501502,0.0727539062,1
test,saint_bernard_8,29,333,500,2,0,2,0,0.438756757,0.292297363,1
test,saint_bernard_4,29,375,500,1,0,1,0,0.581434667,0.43560791,1
test,saint_bernard_22,29,333,500,1,0,1,0,0.23381982,0.154724121,1
test,saint_bernard_55,29,376,500,1,3,1,1,0.455047872,0.340576172,0
test,saint_bernard_51,29,375,500,1,0,1,0,0.622112,0.466552734,1
test,saint_bernard_69,29,375,500,1,0,1,0,0.252432,0.18951416,1
test,saint_bernard_194,29,375,500,2,2,1,2,0.201333333,0.151306152,0
test,saint_bernard_89,29,281,500,1,0,1,0,0.327202847,0.183898926,1
test,saint_bernard_196,29,500,494,3,0,2,0,0.294578947,0.288452148,0
test,saint_bernard_6,29,333,500,1,0,1,0,0.705735736,0.468322754,1
test,saint_bernard_34,29,500,335,1,0,1,0,0.407020896,0.273376465,1
test,saint_bernard_33,29,375,500,1,0,1,0,0.0820906667,0.0617675781,1
test,saint_bernard_1,29,500,375,1,0,1,0,0.291829333,0.218811035,1
test,saint_bernard_78,29,375,500,0,0,0,0,0,0,1
test,saint_bernard_197,29,375,500,1,2,1,2,0.240864,0.181213379,1
test,saint_bernard_44,29,500,377,1,0,1,1,0.373230769,0.283081055,0
test,saint_bernard_195,29,375,500,1,0,1,0,0.650181333,0.488098145,1
test,saint_bernard_84,29,375,500,1,0,1,0,0.534229333,0.400878906,1
test,saint_bernard_67,29,333,500,1,1,1,0,0.135123123,0.0892944336,0
test,saint_bernard_94,29,332,500,1,0,1,0,0.234331325,0.155700684,1
test,saint_bernard_99,29,500,357,1,0,1,0,0.441719888,0.314453125,1
test,saint_bernard_76,29,500,373,1,0,1,0,0.204772118,0.151672363,1
test,saint_bernard_36,29,333,500,1,0,1,1,0.242642643,0.161010742,0
test,saint_bernard_43,29,375,500,1,0,1,0,0.3152,0.236633301,1
test,saint_bernard_40,29,334,500,1,0,1,0,0.520329341,0.348999023,1
test,saint_bernard_19,29,375,500,1,0,1,0,0.22048,0.165100098,1
test,saint_bernard_58,29,333,500,1,0,1,0,0.438018018,0.290771484,1
test,saint_bernard_92,29,334,500,1,0,1,0,0.456610778,0.307495117,1
test,saint_bernard_23,29,412,500,1,0,1,0,0.455572816,0.373962402,1
test,saint_bernard_7,29,333,500,1,1,1,1,0.240576577,0.160461426,1
test,saint_bernard_54,29,377,500,1,0,1,0,0.792244032,0.599609375,1
test,saint_bernard_47,29,500,324,1,0,1,0,0.536567901,0.348632812,1
test,saint_bernard_97,29,333,500,1,0,1,0,0.633501502,0.419799805,1
test,saint_bernard_21,29,375,500,1,0,1,0,0.136917333,0.101867676,1
test,saint_bernard_46,29,500,332,1,0,1,0,0.810608434,0.538513184,1
test,saint_bernard_193,29,500,334,1,0,1,0,0.459700599,0.307922363,1
test,saint_bernard_26,29,335,500,1,0,1,0,0.591164179,0.397216797,1
test,saint_bernard_75,29,500,332,1,1,1,3,0.43696988,0.289916992,0
test,saint_bernard_65,29,375,500,1,0,1,0,0.211637333,0.15838623,1
test,saint_bernard_5,29,375,500,1,0,1,0,0.144933333,0.10925293,1
test,saint_bernard_29,29,500,357,1,0,1,0,0.258128852,0.183227539,1
test,saint_bernard_39,29,334,500,1,0,1,0,0.737317365,0.495361328,1
test,saint_bernard_68,29,375,500,1,0,1,0,0.192464,0.14440918,1
test,saint_bernard_73,29,387,450,1,0,1,1,0.511237439,0.438598633,0
test,saint_bernard_70,29,500,500,1,0,1,0,0.497452,0.497253418,1
test,saint_bernard_25,29,375,500,1,1,1,1,0.0470293333,0.03515625,1
test,saint_bernard_63,29,500,334,1,0,1,0,0.543700599,0.364929199,1
test,saint_bernard_192,29,500,500,2,0,2,0,0.206828,0.206237793,1
test,saint_bernard_80,29,333,500,1,0,1,0,0.125807808,0.0830688477,1
test,saint_bernard_24,29,375,500,1,0,1,0,0.208389333,0.156799316,1
test,saint_bernard_64,29,375,500,1,0,1,0,0.277317333,0.208190918,1
test,saint_bernard_3,29,375,500,1,0,1,0,0.399008,0.299438477,1
test,saint_bernard_199,29,375,500,2,0,1,0,0.225109333,0.168273926,0
test,saint_bernard_37,29,500,333,1,0,1,0,0.119525526,0.0793457031,1
test,saint_bernard_48,29,334,500,1,0,1,0,0.53460479,0.35925293,1
test,saint_bernard_9,29,500,375,1,0,1,0,0.502357333,0.376037598,1
test,saint_bernard_53,29,421,500,1,0,1,0,0.668912114,0.565002441,1
test,saint_bernard_35,29,375,500,1,0,1,0,0.113669333,0.0859985352,1
test,saint_bernard_191,29,375,500,2,0,2,0,0.465296,0.349487305,1
test,saint_bernard_50,29,335,500,1,0,1,0,0.644137313,0.432250977,1
test,saint_bernard_86,29,333,500,1,0,1,0,0.493681682,0.327270508,1
test,saint_bernard_85,29,500,335,1,0,1,0,0.566752239,0.379760742,1
test,saint_bernard_83,29,500,375,1,0,1,0,0.609264,0.45690918,1
test,saint_bernard_30,29,355,500,1,0,1,0,0.201983099,0.143127441,1
test,saint_bernard_88,29,334,500,1,0,1,0,0.535287425,0.359863281,1
test,saint_bernard_60,29,500,375,0,0,0,0,0,0,1
test,saint_bernard_95,29,500,332,1,0,1,0,0.342945783,0.227539062,1
test,saint_bernard_32,29,333,500,1,0,1,0,0.565981982,0.376281738,1
test,saint_bernard_62,29,375,500,1,1,1,1,0.282128,0.211608887,1
test,saint_bernard_91,29,333,500,1,0,1,0,0.477249249,0.317016602,1
test,saint_bernard_28,29,333,500,1,0,1,0,0.534504505,0.354919434,1
test,saint_bernard_31,29,333,500,1,0,1,0,0.226216216,0.149658203,1
test,saint_bernard_61,29,375,500,1,0,1,0,0.305637333,0.229187012,1
test,saint_bernard_56,29,376,500,1,0,1,0,0.629734043,0.472595215,1
test,saint_bernard_59,29,375,500,1,0,1,0,0.061312,0.0463256836,1
test,saint_bernard_74,29,375,500,1,0,1,1,0.365850667,0.274719238,0
test,saint_bernard_72,29,460,307,1,1,1,2,0.537515933,0.357849121,0
test,saint_bernard_20,29,375,500,1,0,1,0,0.120714667,0.0906982422,1
test,saint_bernard_198,29,333,500,2,0,1,0,0.313651652,0.206726074,0
test,saint_bernard_77,29,500,456,1,0,1,0,0.724508772,0.662109375,1
test,saint_bernard_82,29,375,500,1,0,1,0,0.474261333,0.355712891,1
test,saint_bernard_49,29,334,500,1,0,1,0,0.458443114,0.307922363,1
test,samoyed_25,30,333,500,1,0,1,0,0.255387387,0.16998291,1
test,samoyed_50,30,375,500,1,0,1,0,0.431648,0.323364258,1
test,samoyed_46,30,500,333,1,0,1,0,0.551813814,0.365844727,1
test,samoyed_7,30,500,407,1,0,1,0,0.617361179,0.501159668,1
test,samoyed_24,30,375,500,1,0,1,0,0.312928,0.234680176,1
test,samoyed_80,30,332,500,1,0,1,0,0.728698795,0.484008789,1
test,samoyed_200,30,375,500,2,0,1,0,0.192282667,0.143127441,0
test,samoyed_82,30,375,500,1,0,1,0,0.264346667,0.19921875,1
test,samoyed_191,30,500,375,2,0,2,0,0.155221333,0.116699219,1
test,samoyed_55,30,333,500,1,0,1,0,0.555189189,0.368713379,1
test,samoyed_91,30,500,333,1,0,1,0,0.145063063,0.0960693359,1
test,samoyed_196,30,500,375,2,2,1,1,0.218426667,0.163330078,0
test,samoyed_77,30,426,316,1,0,1,1,0.522820467,0.388244629,0
test,samoyed_52,30,500,333,1,0,1,0,0.706102102,0.46862793,1
test,samoyed_78,30,500,359,1,0,1,0,0.697910864,0.50201416,1
test,samoyed_30,30,500,333,1,0,1,0,0.615453453,0.408447266,1
test,samoyed_61,30,333,500,1,0,1,0,0.7696997,0.511230469,1
test,samoyed_41,30,334,500,1,0,1,0,0.408766467,0.273498535,1
test,samoyed_97,30,333,500,1,0,1,0,0.638618619,0.42376709,1
test,samoyed_34,30,375,500,1,0,1,0,0.426048,0.319946289,1
test,samoyed_72,30,282,500,1,0,1,0,0.538432624,0.302612305,1
test,samoyed_98,30,500,333,1,0,1,0,0.369009009,0.245666504,1
test,samoyed_43,30,372,500,1,0,1,0,0.396365591,0.294311523,1
test,samoyed_51,30,500,375,1,0,1,0,0.443402667,0.332519531,1
test,samoyed_88,30,340,500,1,0,1,0,0.283994118,0.192260742,1
test,samoyed_81,30,469,500,1,0,1,0,0.332481876,0.311706543,1
test,samoyed_21,30,375,500,1,0,1,0,0.433498667,0.325500488,1
test,samoyed_32,30,500,333,1,0,1,0,0.244966967,0.161987305,1
test,samoyed_5,30,500,375,1,0,1,0,0.0877866667,0.0658569336,1
test,samoyed_26,30,333,500,1,0,1,0,0.512828829,0.341003418,1
test,samoyed_87,30,500,333,1,0,1,0,0.446522523,0.295654297,1
test,samoyed_74,30,375,500,1,0,1,0,0.232592,0.174560547,1
test,samoyed_64,30,500,333,1,0,1,0,0.544798799,0.362121582,1
test,samoyed_94,30,500,425,1,1,1,1,0.597896471,0.508666992,1
test,samoyed_89,30,500,334,1,0,1,0,0.599886228,0.402587891,1
test,samoyed_197,30,500,375,2,0,2,0,0.449344,0.336914062,1
test,samoyed_195,30,500,375,2,0,2,0,0.510784,0.383605957,1
test,samoyed_40,30,500,333,1,0,1,0,0.89003003,0.591064453,1
test,samoyed_28,30,414,500,1,0,1,0,0.647299517,0.536010742,1
test,samoyed_3,30,500,333,1,0,1,0,0.6316997,0.419921875,1
test,samoyed_48,30,500,333,1,0,1,0,0.813711712,0.540283203,1
test,samoyed_44,30,500,400,1,0,1,0,0.59461,0.474121094,1
test,samoyed_56,30,500,333,1,0,1,0,0.631465465,0.419250488,1
test,samoyed_59,30,400,500,1,0,1,0,0.13522,0.107543945,1
test,samoyed_202,30,500,333,2,0,2,0,0.63424024,0.422302246,1
test,samoyed_53,30,333,500,1,0,1,0,0.376768769,0.250366211,1
test,samoyed_19,30,375,500,1,0,1,0,0.312853333,0.235168457,1
test,samoyed_92,30,500,333,1,0,1,0,0.325261261,0.215515137,1
test,samoyed_38,30,333,500,1,0,1,0,0.456276276,0.30291748,1
test,samoyed_85,30,375,500,1,0,1,0,0.348421333,0.261962891,1
test,samoyed_54,30,500,333,1,0,1,0,0.655543544,0.434387207,1
test,samoyed_31,30,500,375,1,0,1,0,0.948069333,0.710632324,1
test,samoyed_84,30,333,500,1,0,1,0,0.560900901,0.372436523,1
test,samoyed_35,30,500,333,1,0,1,0,0.722960961,0.479309082,1
test,samoyed_6,30,335,500,1,0,1,0,0.469934328,0.315185547,1
test,samoyed_37,30,375,500,1,0,1,0,0.641018667,0.480834961,1
test,samoyed_192,30,500,375,2,0,1,0,0.167093333,0.125,0
test,samoyed_99,30,375,500,1,0,1,0,0.785648,0.589172363,1
test,samoyed_57,30,500,333,1,0,1,0,0.391231231,0.259094238,1
test,samoyed_76,30,375,500,1,0,1,0,0.275402667,0.206359863,1
test,samoyed_73,30,333,500,1,0,1,0,0.221537538,0.145996094,1
test,samoyed_95,30,500,375,1,0,1,0,0.331850667,0.249206543,1
test,samoyed_79,30,357,500,1,0,1,1,0.297893557,0.212402344,0
test,samoyed_60,30,500,375,1,0,1,0,0.484085333,0.36340332,1
test,samoyed_198,30,490,500,2,0,1,0,0.119269388,0.115783691,0
test,samoyed_93,30,315,500,1,0,1,0,0.369447619,0.233154297,1
test,samoyed_194,30,500,375,2,0,1,0,0.177722667,0.132324219,0
test,samoyed_86,30,335,500,1,0,1,0,0.444865672,0.29876709,1
test,samoyed_90,30,333,500,1,0,1,0,0.636912913,0.422607422,1
test,samoyed_20,30,335,500,1,0,1,0,0.54199403,0.363952637,1
test,samoyed_63,30,375,500,1,0,1,0,0.706954667,0.530761719,1
test,samoyed_67,30,375,500,1,0,1,0,0.209434667,0.157226562,1
test,samoyed_199,30,500,333,1,0,1,0,0.817489489,0.54284668,1
test,samoyed_9,30,500,375,1,0,1,0,0.417370667,0.313110352,1
test,samoyed_68,30,500,333,1,0,1,0,0.570912913,0.379333496,1
test,samoyed_27,30,328,400,1,0,1,0,0.41503811,0.33972168,1
test,samoyed_96,30,443,500,1,0,1,0,0.496844244,0.438903809,1
test,samoyed_23,30,375,500,1,0,1,0,0.296256,0.222412109,1
test,samoyed_66,30,404,500,1,1,1,0,0.302772277,0.243591309,0
test,samoyed_8,30,500,375,1,1,1,2,0.495936,0.371826172,0
test,samoyed_45,30,332,500,1,0,1,0,0.158240964,0.105407715,1
test,samoyed_75,30,500,333,1,0,1,0,0.620756757,0.411743164,1
test,samoyed_36,30,500,375,1,0,1,0,0.596821333,0.444458008,1
test,samoyed_83,30,375,500,1,0,1,0,0.106352,0.0798339844,1
test,samoyed_4,30,500,290,1,0,1,0,0.700965517,0.406005859,1
test,samoyed_42,30,333,500,1,0,1,0,0.272036036,0.180908203,1
test,samoyed_71,30,313,500,1,0,1,1,0.131808307,0.0825195312,0
test,samoyed_29,30,500,333,1,0,1,0,0.708474474,0.469238281,1
test,samoyed_49,30,333,500,1,0,1,0,0.410264264,0.271850586,1
test,samoyed_70,30,333,500,1,0,1,1,0.101345345,0.0668334961,0
test,samoyed_33,30,375,500,1,0,1,0,0.438698667,0.328674316,1
test,samoyed_39,30,500,443,1,0,1,0,0.529968397,0.467956543,1
test,samoyed_69,30,375,500,1,0,1,0,0.211802667,0.158508301,1
test,samoyed_47,30,500,333,1,0,1,0,0.719603604,0.47857666,1
test,samoyed_58,30,500,333,1,0,1,0,0.422312312,0.279846191,1
test,samoyed_65,30,375,500,1,0,1,0,0.210304,0.157775879,1
test,samoyed_1,30,333,500,1,0,1,0,0.360072072,0.239440918,1
test,samoyed_22,30,375,500,1,0,1,0,0.781781333,0.587158203,1
test,samoyed_2,30,500,333,1,0,1,0,0.49372973,0.328125,1
test,samoyed_62,30,375,500,1,0,1,0,0.577850667,0.434143066,1
test,scottish_terrier_80,31,375,500,1,0,1,0,0.430053333,0.321594238,1
test,scottish_terrier_7,31,375,500,1,1,1,0,0.608144,0.456176758,0
test,scottish_terrier_85,31,500,473,1,0,1,0,0.381437632,0.360595703,1
test,scottish_terrier_65,31,333,500,1,0,1,0,0.282576577,0.187255859,1
test,scottish_terrier_31,31,500,333,1,0,1,0,0.498384384,0.331237793,1
test,scottish_terrier_63,31,500,333,1,0,1,0,0.253021021,0.168273926,1
test,scottish_terrier_87,31,333,500,1,0,1,0,0.353399399,0.235351562,1
test,scottish_terrier_56,31,361,500,1,0,1,0,0.396077562,0.284667969,1
test,scottish_terrier_76,31,332,500,1,2,1,1,0.217572289,0.143554688,0
test,scottish_terrier_194,31,378,500,1,0,1,0,0.249820106,0.18927002,1
test,scottish_terrier_43,31,474,500,1,1,1,2,0.745565401,0.703857422,0
test,scottish_terrier_89,31,373,500,2,0,2,0,0.498193029,0.369262695,1
test,scottish_terrier_35,31,500,334,1,0,1,0,0.667317365,0.448547363,1
test,scottish_terrier_41,31,500,384,1,0,1,0,0.696010417,0.532653809,1
test,scottish_terrier_95,31,332,500,1,0,1,0,0.279253012,0.185302734,1
test,scottish_terrier_53,31,375,500,1,0,1,0,0.27816,0.208129883,1
test,scottish_terrier_71,31,350,500,1,0,1,0,0.414782857,0.29107666,1
test,scottish_terrier_49,31,458,500,1,0,1,0,0.223567686,0.204711914,1
test,scottish_terrier_42,31,375,500,1,0,1,0,0.465013333,0.348632812,1
test,scottish_terrier_61,31,333,500,1,0,1,0,0.345009009,0.229248047,1
test,scottish_terrier_92,31,334,500,1,0,1,0,0.028011976,0.0190429688,1
test,scottish_terrier_83,31,500,333,1,0,1,0,0.526582583,0.350341797,1
test,scottish_terrier_199,31,500,332,1,0,1,0,0.633331325,0.41998291,1
test,scottish_terrier_8,31,500,375,1,0,1,0,0.312208,0.234130859,1
test,scottish_terrier_33,31,500,434,1,0,1,0,0.340658986,0.295349121,1
test,scottish_terrier_96,31,332,500,1,0,1,0,0.387144578,0.257019043,1
test,scottish_terrier_79,31,500,448,1,0,1,0,0.392883929,0.353210449,1
test,scottish_terrier_73,31,480,322,1,0,1,0,0.522936077,0.351318359,1
test,scottish_terrier_82,31,500,375,1,0,1,0,0.178410667,0.133972168,1
test,scottish_terrier_2,31,500,375,1,0,1,0,0.352618667,0.264282227,1
test,scottish_terrier_44,31,500,350,1,0,1,0,0.495777143,0.348693848,1
test,scottish_terrier_34,31,334,500,1,0,1,0,0.42057485,0.282287598,1
test,scottish_terrier_64,31,500,333,1,0,1,0,0.342108108,0.226806641,1
test,scottish_terrier_81,31,500,375,1,0,1,0,0.282186667,0.211853027,1
test,scottish_terrier_66,31,333,500,1,2,1,2,0.485753754,0.322814941,1
test,scottish_terrier_58,31,332,500,1,0,1,0,0.383981928,0.255065918,1
test,scottish_terrier_6,31,500,332,1,0,1,0,0.508174699,0.337768555,1
test,scottish_terrier_21,31,375,500,1,0,1,0,0.243664,0.183532715,1
test,scottish_terrier_57,31,332,500,1,0,1,0,0.153373494,0.10144043,1
test,scottish_terrier_45,31,500,333,1,0,1,0,0.244342342,0.162414551,1
test,scottish_terrier_20,31,500,375,1,1,1,1,0.518128,0.389282227,1
test,scottish_terrier_91,31,500,333,1,0,1,0,0.766702703,0.508911133,1
test,scottish_terrier_52,31,375,500,1,0,1,0,0.345141333,0.258117676,1
test,scottish_terrier_59,31,500,332,1,0,1,0,0.260608434,0.172790527,1
test,scottish_terrier_38,31,500,368,1,0,1,0,0.338402174,0.247436523,1
test,scottish_terrier_23,31,332,500,1,0,1,0,0.26703012,0.17755127,1
test,scottish_terrier_46,31,500,333,1,0,1,0,0.492798799,0.327636719,1
test,scottish_terrier_30,31,500,333,1,0,1,0,0.648456456,0.429748535,1
test,scottish_terrier_68,31,500,333,1,0,1,0,0.326024024,0.215759277,1
test,scottish_terrier_22,31,500,361,1,0,1,0,0.40268144,0.288757324,1
test,scottish_terrier_25,31,500,375,1,0,1,0,0.351456,0.263671875,1
test,scottish_terrier_70,31,500,284,1,0,1,0,0.682647887,0.389953613,1
test,scottish_terrier_198,31,333,500,1,0,1,0,0.359555556,0.238708496,1
test,scottish_terrier_51,31,375,500,1,0,1,0,0.276608,0.20715332,1
test,scottish_terrier_75,31,430,500,1,0,1,0,0.555306977,0.477355957,1
test,scottish_terrier_60,31,334,500,1,0,1,0,0.25688024,0.172973633,1
test,scottish_terrier_3,31,500,333,1,0,1,0,0.35378979,0.234741211,1
test,scottish_terrier_69,31,500,333,1,0,1,0,0.594402402,0.394165039,1
test,scottish_terrier_77,31,375,500,1,0,1,0,0.372416,0.27935791,1
test,scottish_terrier_19,31,333,500,1,0,1,0,0.100252252,0.06640625,1
test,scottish_terrier_55,31,367,500,1,0,1,0,0.272566757,0.200622559,1
test,scottish_terrier_26,31,333,500,1,0,1,0,0.288618619,0.191101074,1
test,scottish_terrier_98,31,332,500,1,0,1,0,0.111831325,0.0743408203,1
test,scottish_terrier_193,31,333,500,1,0,1,0,0.331189189,0.220458984,1
test,scottish_terrier_195,31,313,500,1,0,1,0,0.416051118,0.260498047,1
test,scottish_terrier_74,31,426,500,1,0,1,0,0.437492958,0.37286377,1
test,scottish_terrier_197,31,407,500,1,0,1,0,0.431267813,0.350708008,1
test,scottish_terrier_27,31,333,500,1,0,1,0,0.158354354,0.105102539,1
test,scottish_terrier_72,31,500,333,1,0,1,0,0.347003003,0.231079102,1
test,scottish_terrier_192,31,333,500,1,0,1,0,0.400132132,0.265136719,1
test,scottish_terrier_37,31,500,334,1,0,1,0,0.290263473,0.194091797,1
test,scottish_terrier_84,31,500,488,1,0,1,0,0.624536885,0.610656738,1
test,scottish_terrier_36,31,500,487,1,0,1,0,0.557831622,0.544372559,1
test,scottish_terrier_191,31,375,500,2,0,1,0,0.323344,0.242431641,0
test,scottish_terrier_67,31,500,422,1,0,1,0,0.59178673,0.499694824,1
test,scottish_terrier_32,31,500,375,1,0,1,0,0.333536,0.249816895,1
test,scottish_terrier_50,31,333,500,1,0,1,0,0.268414414,0.177612305,1
test,scottish_terrier_90,31,500,499,1,0,1,0,0.384156313,0.384521484,1
test,scottish_terrier_29,31,335,500,1,0,1,0,0.298871642,0.200622559,1
test,scottish_terrier_28,31,334,500,1,0,1,0,0.16005988,0.107666016,1
test,scottish_terrier_1,31,500,417,1,0,1,0,0.259913669,0.217956543,1
test,scottish_terrier_78,31,500,375,1,0,1,0,0.262608,0.197143555,1
test,scottish_terrier_54,31,332,500,1,0,1,0,0.304885542,0.202453613,1
test,scottish_terrier_5,31,500,333,1,0,1,0,0.362432432,0.240539551,1
test,scottish_terrier_39,31,332,500,1,0,1,0,0.325759036,0.216369629,1
test,scottish_terrier_62,31,333,500,1,0,1,0,0.237477477,0.158081055,1
test,scottish_terrier_97,31,500,375,1,0,1,0,0.532042667,0.399780273,1
test,scottish_terrier_94,31,500,375,1,0,1,0,0.248602667,0.186096191,1
test,scottish_terrier_93,31,375,500,1,0,1,0,0.468565333,0.350524902,1
test,scottish_terrier_40,31,480,386,1,0,1,0,0.669581174,0.538696289,1
test,scottish_terrier_48,31,495,500,1,1,1,1,0.259309091,0.2578125,1
test,scottish_terrier_99,31,334,500,1,0,1,0,0.139658683,0.0933227539,1
test,scottish_terrier_47,31,500,334,1,1,1,0,0.40091018,0.269348145,0
test,scottish_terrier_88,31,375,500,1,3,1,0,0.242432,0.180664062,0
test,scottish_terrier_86,31,500,333,1,0,1,0,0.605363363,0.401794434,1
test,scottish_terrier_9,31,500,333,1,2,1,3,0.48821021,0.324707031,0
test,scottish_terrier_196,31,500,333,1,0,1,1,0.734264264,0.487915039,0
test,scottish_terrier_4,31,480,480,1,0,1,0,0.628311632,0.626708984,1
test,scottish_terrier_24,31,333,500,1,0,1,0,0.142192192,0.0936889648,1
test,shiba_inu_69,32,500,333,1,0,1,0,0.396462462,0.263183594,1
test,shiba_inu_203,32,366,500,1,0,1,0,0.597295082,0.439025879,1
test,shiba_inu_75,32,500,375,1,0,1,1,0.121674667,0.0922241211,0
test,shiba_inu_205,32,334,500,3,0,2,0,0.139347305,0.0930175781,0
test,shiba_inu_27,32,458,500,1,0,1,0,0.113572052,0.103637695,1
test,shiba_inu_7,32,333,500,1,0,1,0,0.292108108,0.193908691,1
test,shiba_inu_1,32,375,500,1,2,1,3,0.1184,0.0884399414,0
test,shiba_inu_208,32,500,333,1,0,1,0,0.346966967,0.230224609,1
test,shiba_inu_80,32,400,500,1,0,1,0,0.40739,0.324157715,1
test,shiba_inu_29,32,332,500,1,0,1,0,0.520493976,0.346252441,1
test,shiba_inu_59,32,334,500,1,0,1,0,0.380952096,0.25592041,1
test,shiba_inu_73,32,375,500,1,1,1,1,0.23968,0.180053711,1
test,shiba_inu_34,32,332,500,1,0,1,0,0.387560241,0.257324219,1
test,shiba_inu_206,32,334,500,1,0,1,0,0.230383234,0.154785156,1
test,shiba_inu_67,32,335,500,1,0,1,0,0.290477612,0.195556641,1
test,shiba_inu_63,32,279,500,1,0,1,0,0.396136201,0.22052002,1
test,shiba_inu_23,32,354,500,1,1,1,0,0.337757062,0.240112305,0
test,shiba_inu_61,32,500,272,1,0,1,1,0.0364705882,0.0198974609,0
test,shiba_inu_83,32,375,500,1,0,1,0,0.602954667,0.450866699,1
test,shiba_inu_49,32,500,345,1,0,1,0,0.394730435,0.271728516,1
test,shiba_inu_86,32,500,500,1,0,1,0,0.509348,0.508544922,1
test,shiba_inu_91,32,411,500,1,0,1,0,0.15583455,0.127258301,1
test,shiba_inu_48,32,500,375,1,0,1,0,0.214416,0.160339355,1
test,shiba_inu_30,32,333,500,1,0,1,1,0.25021021,0.16595459,0
test,shiba_inu_40,32,375,500,1,0,1,0,0.239125333,0.179321289,1
test,shiba_inu_66,32,500,375,1,0,1,0,0.503024,0.37701416,1
test,shiba_inu_36,32,500,375,1,0,1,0,0.572464,0.429138184,1
test,shiba_inu_82,32,500,375,1,5,1,3,0.364954667,0.274108887,0
test,shiba_inu_70,32,500,333,1,0,1,0,0.88587988,0.588317871,1
test,shiba_inu_64,32,271,500,1,0,1,0,0.533741697,0.287536621,1
test,shiba_inu_92,32,333,500,1,0,1,0,0.164324324,0.108703613,1
test,shiba_inu_45,32,333,500,1,0,1,0,0.110264264,0.0731811523,1
test,shiba_inu_90,32,500,333,1,0,1,0,0.78045045,0.517883301,1
test,shiba_inu_57,32,467,467,1,0,1,0,0.330603561,0.329956055,1
test,shiba_inu_62,32,500,274,1,0,1,0,0.0672627737,0.0372314453,1
test,shiba_inu_77,32,500,332,1,0,1,0,0.222451807,0.147644043,1
test,shiba_inu_210,32,375,500,1,0,1,0,0.312362667,0.234130859,1
test,shiba_inu_68,32,333,500,1,0,1,0,0.519927928,0.345092773,1
test,shiba_inu_20,32,500,450,1,1,1,1,0.370542222,0.332763672,1
test,shiba_inu_87,32,500,375,1,1,1,1,0.323530667,0.243225098,1
test,shiba_inu_60,32,500,375,1,0,1,0,0.253370667,0.189697266,1
test,shiba_inu_81,32,333,500,1,0,1,0,0.287087087,0.190917969,1
test,shiba_inu_54,32,375,500,1,0,1,0,0.347973333,0.260803223,1
test,shiba_inu_31,32,500,500,1,0,1,0,0.468792,0.467468262,1
test,shiba_inu_72,32,353,500,1,0,1,0,0.528645892,0.372009277,1
test,shiba_inu_41,32,375,500,1,0,1,0,0.415872,0.311706543,1
test,shiba_inu_38,32,373,458,1,0,1,0,0.452755306,0.3671875,1
test,shiba_inu_84,32,500,500,1,0,1,0,0.105044,0.105163574,1
test,shiba_inu_76,32,333,500,1,0,1,0,0.291621622,0.193725586,1
test,shiba_inu_97,32,317,500,1,0,1,0,0.199375394,0.126403809,1
test,shiba_inu_4,32,500,333,1,1,1,1,0.224768769,0.149414062,1
test,shiba_inu_207,32,334,500,2,0,1,0,0.227874251,0.150939941,0
test,shiba_inu_28,32,332,500,1,0,1,0,0.222638554,0.147521973,1
test,shiba_inu_21,32,374,500,1,0,1,0,0.324053476,0.242553711,1
test,shiba_inu_89,32,332,500,1,4,1,0,0.332951807,0.22052002,0
test,shiba_inu_43,32,500,334,1,1,1,0,0.484347305,0.324523926,0
test,shiba_inu_39,32,371,470,1,0,1,0,0.411791019,0.325317383,1
test,shiba_inu_201,32,334,500,2,1,2,2,0.178371257,0.11920166,0
test,shiba_inu_58,32,282,500,1,0,1,0,0.20670922,0.11706543,1
test,shiba_inu_99,32,333,500,1,0,1,0,0.292804805,0.195068359,1
test,shiba_inu_32,32,500,375,1,0,1,0,0.463888,0.348266602,1
test,shiba_inu_79,32,325,500,1,0,1,0,0.438116923,0.283691406,1
test,shiba_inu_50,32,500,334,1,0,1,0,0.70554491,0.473205566,1
test,shiba_inu_85,32,346,500,1,3,1,3,0.271138728,0.189453125,1
test,shiba_inu_88,32,332,500,1,0,1,0,0.248596386,0.166870117,1
test,shiba_inu_8,32,281,500,1,0,1,0,0.339743772,0.190795898,1
test,shiba_inu_6,32,354,500,1,0,1,0,0.273367232,0.193908691,1
test,shiba_inu_25,32,333,500,1,0,1,1,0.212306306,0.141784668,0
test,shiba_inu_37,32,435,443,1,1,1,1,0.456962715,0.449768066,1
test,shiba_inu_26,32,500,333,1,0,1,0,0.720426426,0.477905273,1
test,shiba_inu_204,32,334,500,2,0,2,0,0.161377246,0.108032227,1
test,shiba_inu_93,32,500,500,1,0,1,0,0.086512,0.0868530273,1
test,shiba_inu_212,32,375,500,1,0,1,0,0.306096,0.230407715,1
test,shiba_inu_33,32,418,500,1,0,1,0,0.15737799,0.131530762,1
test,shiba_inu_52,32,375,500,1,0,1,0,0.325568,0.245178223,1
test,shiba_inu_3,32,500,333,1,0,1,0,0.585207207,0.388916016,1
test,shiba_inu_95,32,500,500,1,0,1,0,0.417516,0.417358398,1
test,shiba_inu_46,32,500,369,1,0,1,0,0.434081301,0.320129395,1
test,shiba_inu_24,32,500,400,1,3,1,1,0.388235,0.309509277,0
test,shiba_inu_51,32,335,500,1,0,1,0,0.0907880597,0.0606079102,1
test,shiba_inu_74,32,375,500,1,0,1,0,0.504645333,0.378662109,1
test,shiba_inu_56,32,375,500,1,0,1,0,0.424357333,0.319152832,1
test,shiba_inu_22,32,375,500,1,0,1,0,0.326298667,0.24432373,1
test,shiba_inu_65,32,500,375,1,0,1,1,0.047808,0.0360107422,0
test,shiba_inu_71,32,333,500,1,0,1,0,0.489117117,0.324768066,1
test,shiba_inu_209,32,375,500,1,0,1,0,0.717845333,0.538757324,1
test,shiba_inu_200,32,334,500,3,0,2,1,0.396239521,0.26385498,0
test,shiba_inu_53,32,333,500,1,0,1,0,0.377543544,0.251647949,1
test,shiba_inu_5,32,375,500,1,0,1,0,0.437376,0.328491211,1
test,shiba_inu_96,32,500,374,2,0,2,0,0.314882353,0.236328125,1
test,shiba_inu_35,32,500,333,1,0,1,0,0.127747748,0.0846557617,1
test,shiba_inu_78,32,331,500,1,0,1,0,0.600416918,0.399230957,1
test,shiba_inu_47,32,282,500,1,0,1,0,0.279687943,0.157287598,1
test,shiba_inu_55,32,375,500,1,2,1,1,0.527994667,0.395935059,0
test,shiba_inu_42,32,500,334,1,0,1,0,0.52239521,0.350952148,1
test,shiba_inu_98,32,374,500,1,0,1,0,0.233604278,0.174499512,1
test,shiba_inu_202,32,334,500,1,0,1,0,0.198832335,0.132751465,1
test,shiba_inu_44,32,333,500,1,1,1,1,0.220006006,0.145629883,1
test,shiba_inu_9,32,465,500,1,0,1,0,0.184529032,0.171264648,1
test,shiba_inu_94,32,331,500,1,0,1,0,0.145425982,0.0970458984,1
test,Siamese_88,33,500,375,1,0,1,0,0.599397333,0.449829102,1
test,Siamese_254,33,300,200,1,0,1,0,0.0806666667,0.0533447266,1
test,Siamese_227,33,300,199,1,0,1,0,0.73519263,0.487670898,1
test,Siamese_22,33,500,333,1,1,1,1,0.296900901,0.197387695,1
test,Siamese_55,33,375,500,1,0,1,0,0.203258667,0.152648926,1
test,Siamese_67,33,500,325,1,1,1,1,0.603698462,0.391906738,1
test,Siamese_41,33,500,333,1,0,1,0,0.598294294,0.39642334,1
test,Siamese_63,33,500,431,1,0,1,0,0.413104408,0.355163574,1
test,Siamese_232,33,300,239,1,0,1,0,0.848912134,0.676452637,1
test,Siamese_25,33,500,335,1,0,1,0,0.610131343,0.410522461,1
test,Siamese_222,33,225,300,1,0,1,0,0.315585185,0.237915039,1
test,Siamese_87,33,334,500,1,1,1,0,0.442239521,0.297241211,0
test,Siamese_21,33,315,500,1,0,1,0,0.708673016,0.448059082,1
test,Siamese_78,33,500,335,1,0,1,0,0.623020896,0.419006348,1
test,Siamese_61,33,335,500,1,0,1,0,0.85441791,0.57409668,1
test,Siamese_71,33,350,500,1,0,1,0,0.443417143,0.311889648,1
test,Siamese_89,33,396,500,1,1,1,0,0.773722222,0.610046387,0
test,Siamese_76,33,500,375,1,1,1,1,0.538330667,0.402832031,1
test,Siamese_59,33,333,500,1,0,1,0,0.528738739,0.350830078,1
test,Siamese_69,33,375,500,1,0,1,0,0.26496,0.19921875,1
test,Siamese_237,33,222,300,1,2,1,3,0.341426426,0.25378418,0
test,Siamese_247,33,262,300,1,0,1,0,0.497048346,0.43560791,1
test,Siamese_60,33,375,500,1,0,1,0,0.431264,0.323181152,1
test,Siamese_79,33,500,402,1,0,1,0,0.490910448,0.395141602,1
test,Siamese_56,33,375,500,1,0,1,0,0.641109333,0.480957031,1
test,Siamese_37,33,333,500,1,0,1,0,0.353633634,0.234863281,1
test,Siamese_238,33,200,300,1,0,1,0,0.554183333,0.36730957,1
test,Siamese_33,33,500,375,1,0,1,0,0.637781333,0.479064941,1
test,Siamese_52,33,375,500,1,1,1,2,0.540234667,0.404907227,0
test,Siamese_82,33,375,500,1,0,1,0,0.482976,0.362609863,1
test,Siamese_85,33,500,424,1,0,1,1,0.360448113,0.307250977,0
test,Siamese_80,33,375,500,1,1,1,1,0.394613333,0.296081543,1
test,Siamese_58,33,309,500,1,0,1,0,0.421177994,0.25994873,1
test,Siamese_34,33,500,335,1,0,1,0,0.576220896,0.38671875,1
test,Siamese_231,33,224,300,1,4,1,6,0.562157738,0.422180176,0
test,Siamese_210,33,500,500,1,0,1,0,0.497744,0.497436523,1
test,Siamese_225,33,253,300,1,5,1,2,0.445915679,0.375732422,0
test,Siamese_81,33,500,375,1,0,1,0,0.514458667,0.385742188,1
test,Siamese_70,33,500,375,1,0,1,0,0.365978667,0.274536133,1
test,Siamese_250,33,266,200,1,0,1,0,0.193796992,0.144897461,1
test,Siamese_26,33,332,500,1,0,1,0,0.301325301,0.200500488,1
test,Siamese_43,33,375,500,1,0,1,0,0.432496,0.324951172,1
test,Siamese_42,33,375,500,1,2,1,0,0.578586667,0.434387207,0
test,Siamese_36,33,333,500,1,0,1,0,0.357279279,0.237731934,1
test,Siamese_31,33,339,500,1,0,1,0,0.414094395,0.281738281,1
test,Siamese_27,33,500,333,1,0,1,0,0.485285285,0.322570801,1
test,Siamese_6,33,275,183,1,0,1,0,0.455181321,0.301818848,1
test,Siamese_28,33,375,500,1,1,1,2,0.427498667,0.320861816,0
test,Siamese_98,33,500,474,1,0,1,0,0.813721519,0.769042969,1
test,Siamese_240,33,225,300,1,0,1,0,0.694488889,0.520568848,1
test,Siamese_46,33,500,335,1,0,1,0,0.584214925,0.392700195,1
test,Siamese_99,33,388,500,1,0,1,0,0.489391753,0.378540039,1
test,Siamese_9,33,798,600,1,0,1,0,0.419012114,0.314453125,1
test,Siamese_86,33,375,500,1,0,1,0,0.420602667,0.315734863,1
test,Siamese_65,33,500,334,1,1,1,1,0.45845509,0.308410645,1
test,Siamese_72,33,434,500,1,0,1,0,0.289364055,0.251708984,1
test,Siamese_95,33,375,500,1,1,1,0,0.158277333,0.118041992,0
test,Siamese_47,33,500,392,1,1,1,0,0.781785714,0.610229492,0
test,Siamese_20,33,500,333,1,0,1,0,0.476612613,0.315917969,1
test,Siamese_90,33,375,500,1,0,1,0,0.327909333,0.246032715,1
test,Siamese_23,33,466,500,1,0,1,0,0.716403433,0.66607666,1
test,Siamese_66,33,500,375,2,0,2,0,0.399744,0.299926758,1
test,Siamese_97,33,375,500,1,0,1,0,0.419626667,0.31451416,1
test,Siamese_228,33,300,257,1,0,1,0,0.616095979,0.528198242,1
test,Siamese_53,33,332,500,1,0,1,0,0.84410241,0.561035156,1
test,Siamese_216,33,225,300,1,0,1,0,0.505511111,0.379943848,1
test,Siamese_35,33,500,335,1,0,1,0,0.56281194,0.378295898,1
test,Siamese_51,33,491,500,1,0,1,0,0.752541752,0.740661621,1
test,Siamese_84,33,349,500,1,0,1,0,0.468567335,0.325378418,1
test,Siamese_5,33,275,183,1,0,1,0,0.333114754,0.22253418,1
test,Siamese_57,33,281,500,1,0,1,0,0.233829181,0.132019043,1
test,Siamese_94,33,375,500,1,0,1,0,0.391605333,0.293823242,1
test,Siamese_54,33,473,500,1,0,1,0,0.590321353,0.557800293,1
test,Siamese_49,33,375,500,1,0,1,0,0.373578667,0.279846191,1
test,Siamese_75,33,500,359,1,0,1,0,0.697604457,0.501159668,1
test,Siamese_77,33,375,500,1,1,1,0,0.412714667,0.30847168,0
test,Siamese_96,33,379,500,1,0,1,0,0.427567282,0.323303223,1
test,Siamese_50,33,451,500,1,2,1,2,0.642345898,0.577209473,1
test,Siamese_93,33,408,500,1,0,1,0,0.152377451,0.123718262,1
test,Siamese_40,33,500,333,1,0,1,0,0.784708709,0.520324707,1
test,Siamese_73,33,500,333,1,0,1,0,0.42993994,0.285583496,1
test,Siamese_64,33,500,400,2,0,2,0,0.326605,0.25994873,1
test,Siamese_91,33,375,500,1,1,1,3,0.439824,0.328613281,0
test,Siamese_83,33,375,500,1,0,1,0,0.428069333,0.321411133,1
test,Siamese_257,33,289,300,1,0,1,0,0.829550173,0.797119141,1
test,Siamese_32,33,500,340,1,0,1,0,0.457105882,0.311523438,1
test,Siamese_30,33,500,374,1,0,1,0,0.576256684,0.432617188,1
test,Siamese_234,33,225,300,1,0,1,0,0.396014815,0.296142578,1
test,Siamese_249,33,262,300,1,0,1,0,0.672659033,0.589233398,1
test,Siamese_209,33,334,500,1,11,1,3,0.719191617,0.483398438,0
test,Siamese_24,33,375,500,1,0,1,0,0.50048,0.375488281,1
test,Siamese_74,33,280,500,1,0,1,0,0.178442857,0.100097656,1
test,Siamese_39,33,333,500,1,0,1,3,0.420990991,0.27947998,0
test,Siamese_224,33,225,300,1,0,1,0,0.178518519,0.133666992,1
test,Siamese_218,33,300,225,1,0,1,0,0.181466667,0.136108398,1
test,Siamese_92,33,375,500,1,1,1,0,0.469242667,0.351318359,0
test,Siamese_233,33,300,227,1,0,1,0,0.676593245,0.513305664,1
test,Siamese_29,33,500,333,1,0,1,0,0.311423423,0.206115723,1
test,Siamese_44,33,500,375,1,0,1,0,0.337402667,0.253295898,1
test,Siamese_48,33,333,500,1,0,1,0,0.484312312,0.321655273,1
test,Sphynx_42,34,375,500,1,0,1,0,0.183914667,0.137634277,1
test,Sphynx_43,34,500,333,1,1,1,1,0.467009009,0.309509277,1
test,Sphynx_239,34,625,551,1,0,1,0,0.40781706,0.360351562,1
test,Sphynx_5,34,390,600,1,0,1,0,0.331897436,0.214050293,1
test,Sphynx_4,34,901,600,1,0,1,0,0.295590085,0.196350098,1
test,Sphynx_61,34,500,334,1,0,1,0,0.142179641,0.0955200195,1
test,Sphynx_75,34,300,500,1,0,1,0,0.426226667,0.256286621,1
test,Sphynx_84,34,376,500,1,0,1,0,0.464329787,0.348388672,1
test,Sphynx_88,34,332,500,1,1,1,1,0.208674699,0.138244629,1
test,Sphynx_235,34,600,450,1,0,1,0,0.375251852,0.281860352,1
test,Sphynx_9,34,500,459,1,0,1,0,0.259782135,0.238830566,1
test,Sphynx_85,34,500,332,1,0,1,0,0.152048193,0.100341797,1
test,Sphynx_240,34,224,300,1,0,1,0,0.265446429,0.199707031,1
test,Sphynx_37,34,500,333,1,0,1,0,0.490912913,0.325256348,1
test,Sphynx_28,34,500,500,1,0,1,0,0.281132,0.280822754,1
test,Sphynx_65,34,375,500,1,1,1,1,0.320261333,0.240783691,1
test,Sphynx_33,34,500,375,1,0,1,0,0.302197333,0.227355957,1
test,Sphynx_232,34,222,227,1,0,1,0,0.491546613,0.478820801,1
test,Sphynx_44,34,401,500,1,0,1,0,0.378773067,0.304443359,1
test,Sphynx_87,34,500,500,1,0,1,0,0.467652,0.466247559,1
test,Sphynx_2,34,196,275,1,0,1,0,0.257495362,0.183349609,1
test,Sphynx_238,34,381,477,1,0,1,0,0.518832159,0.414001465,1
test,Sphynx_244,34,200,200,1,0,1,0,0.62565,0.625549316,1
test,Sphynx_30,34,500,375,3,0,3,0,0.210981333,0.15826416,1
test,Sphynx_231,34,430,625,1,0,1,0,0.531073488,0.364807129,1
test,Sphynx_93,34,457,500,1,1,1,1,0.269623632,0.245910645,1
test,Sphynx_91,34,334,500,1,1,1,0,0.406766467,0.273071289,0
test,Sphynx_20,34,500,334,1,0,1,0,0.400209581,0.268920898,1
test,Sphynx_246,34,428,399,1,1,1,1,0.239190265,0.222106934,1
test,Sphynx_80,34,500,498,1,0,1,0,0.569606426,0.564697266,1
test,Sphynx_223,34,216,288,1,0,1,0,0.227430556,0.170593262,1
test,Sphynx_53,34,500,374,1,0,1,0,0.365796791,0.273803711,1
test,Sphynx_242,34,510,625,1,2,1,2,0.522873725,0.425048828,1
test,Sphynx_89,34,333,500,1,0,1,0,0.570186186,0.378540039,1
test,Sphynx_74,34,500,332,1,0,1,0,0.451403614,0.300048828,1
test,Sphynx_57,34,333,500,1,0,1,0,0.0917057057,0.0607910156,1
test,Sphynx_29,34,375,500,1,0,1,0,0.572272,0.428466797,1
test,Sphynx_49,34,500,375,3,0,3,0,0.411781333,0.308654785,1
test,Sphynx_83,34,332,500,1,0,1,0,0.238710843,0.159240723,1
test,Sphynx_24,34,240,161,1,0,1,0,0.446454451,0.299316406,1
test,Sphynx_247,34,201,250,1,0,1,0,0.667422886,0.535400391,1
test,Sphynx_8,34,410,500,1,4,1,2,0.422497561,0.346923828,0
test,Sphynx_3,34,250,350,1,0,1,2,0.226982857,0.161254883,0
test,Sphynx_243,34,358,450,1,1,1,1,0.535493482,0.426696777,1
test,Sphynx_45,34,500,333,1,0,1,0,0.166708709,0.109863281,1
test,Sphynx_73,34,375,500,1,0,1,0,0.113648,0.0852050781,1
test,Sphynx_230,34,200,200,1,0,1,0,0.314575,0.314086914,1
test,Sphynx_96,34,500,333,1,1,1,1,0.392066066,0.260375977,1
test,Sphynx_25,34,500,333,1,0,1,0,0.506174174,0.335998535,1
test,Sphynx_38,34,401,500,1,0,1,0,0.387077307,0.310302734,1
test,Sphynx_76,34,500,375,1,1,1,1,0.418245333,0.314086914,1
test,Sphynx_213,34,225,300,1,0,1,0,0.1276,0.0949707031,1
test,Sphynx_245,34,768,1024,1,0,1,0,0.406575521,0.305053711,1
test,Sphynx_228,34,253,400,1,2,1,1,0.409545455,0.259338379,0
test,Sphynx_58,34,366,500,1,0,1,0,0.331306011,0.243469238,1
test,Sphynx_211,34,225,300,1,1,1,0,0.243214815,0.182678223,0
test,Sphynx_46,34,500,500,1,0,1,0,0.351288,0.351135254,1
test,Sphynx_236,34,412,495,1,2,1,2,0.411665196,0.344116211,1
test,Sphynx_40,34,500,429,1,0,1,0,0.65027972,0.559204102,1
test,Sphynx_241,34,603,500,1,0,1,0,0.488195688,0.402404785,1
test,Sphynx_47,34,500,375,1,0,1,0,0.353888,0.265930176,1
test,Sphynx_77,34,287,500,1,0,1,0,0.70712892,0.402954102,1
test,Sphynx_233,34,414,625,1,3,1,0,0.313163285,0.207641602,0
test,Sphynx_23,34,180,240,1,0,1,0,0.487523148,0.36517334,1
test,Sphynx_48,34,500,375,1,1,1,1,0.249893333,0.187133789,1
test,Sphynx_248,34,321,440,1,0,1,0,0.484097989,0.352050781,1
test,Sphynx_27,34,421,500,1,0,1,0,0.567515439,0.479370117,1
test,Sphynx_66,34,500,387,1,0,1,0,0.355824289,0.274291992,1
test,Sphynx_31,34,375,500,1,0,1,0,0.412912,0.309204102,1
test,Sphynx_251,34,600,450,1,0,1,0,0.490296296,0.367736816,1
test,Sphynx_229,34,250,281,1,0,1,0,0.339871886,0.30279541,1
test,Sphynx_92,34,375,500,1,0,1,0,0.401546667,0.300048828,1
test,Sphynx_78,34,332,500,1,0,1,0,0.229542169,0.15234375,1
test,Sphynx_249,34,801,1075,1,0,1,0,0.1048573,0.0778808594,1
test,Sphynx_72,34,500,500,1,0,1,0,0.413456,0.413146973,1
test,Sphynx_21,34,335,500,1,0,1,0,0.420758209,0.282958984,1
test,Sphynx_67,34,332,500,1,0,1,0,0.49563253,0.328796387,1
test,Sphynx_54,34,374,500,1,0,1,0,0.433449198,0.324462891,1
test,Sphynx_98,34,500,295,1,1,1,1,0.463898305,0.274536133,1
test,Sphynx_95,34,500,374,1,0,1,0,0.382802139,0.286193848,1
test,Sphynx_99,34,388,500,1,0,1,0,0.126505155,0.0979003906,1
test,Sphynx_222,34,288,277,1,0,1,0,0.613981649,0.589660645,1
test,Sphynx_237,34,168,190,1,1,1,1,0.371961153,0.328674316,1
test,Sphynx_56,34,374,500,1,2,1,3,0.42628877,0.319519043,0
test,Sphynx_94,34,434,500,3,1,3,1,0.158700461,0.136535645,1
test,Sphynx_90,34,263,500,1,0,1,0,0.31043346,0.163085938,1
test,Sphynx_82,34,500,457,1,0,1,1,0.648765864,0.592895508,0
test,Sphynx_212,34,300,279,1,0,1,0,0.395794504,0.367797852,1
test,Sphynx_36,34,333,500,1,0,1,0,0.380990991,0.252502441,1
test,Sphynx_250,34,485,450,1,2,1,2,0.609319588,0.566650391,1
test,Sphynx_55,34,500,333,1,0,1,0,0.464846847,0.308898926,1
test,Sphynx_252,34,529,543,1,0,1,0,0.415301117,0.405944824,1
test,Sphynx_34,34,500,401,1,0,1,0,0.49840399,0.401123047,1
test,Sphynx_70,34,500,375,1,0,1,0,0.193893333,0.145568848,1
test,Sphynx_41,34,375,500,1,0,1,0,0.642256,0.481811523,1
test,Sphynx_71,34,500,332,1,0,1,0,0.655740964,0.43548584,1
test,Sphynx_59,34,396,500,1,0,1,0,0.333585859,0.26385498,1
test,Sphynx_234,34,414,625,1,1,1,1,0.25564058,0.169677734,1
test,Sphynx_51,34,500,391,1,0,1,0,0.270066496,0.21081543,1
test,Sphynx_39,34,500,333,1,0,1,0,0.593651652,0.394470215,1
test,staffordshire_bull_terrier_90,35,333,500,1,0,1,0,0.390036036,0.258789062,1
test,staffordshire_bull_terrier_6,35,500,452,1,0,1,0,0.237539823,0.21496582,1
test,staffordshire_bull_terrier_56,35,338,500,1,0,1,0,0.341508876,0.231628418,1
test,staffordshire_bull_terrier_88,35,334,500,1,0,1,0,0.338580838,0.228271484,1
test,staffordshire_bull_terrier_79,35,450,500,1,2,1,1,0.20536,0.184936523,0
test,staffordshire_bull_terrier_38,35,374,500,1,0,1,0,0.436513369,0.326477051,1
test,staffordshire_bull_terrier_27,35,500,424,1,0,1,0,0.604056604,0.514831543,1
test,staffordshire_bull_terrier_202,35,500,375,2,2,1,1,0.359957333,0.269470215,0
test,staffordshire_bull_terrier_29,35,500,396,1,0,1,1,0.0792828283,0.0623168945,0
test,staffordshire_bull_terrier_30,35,500,357,1,0,1,0,0.141994398,0.101135254,1
test,staffordshire_bull_terrier_36,35,376,500,1,0,1,0,0.390994681,0.292480469,1
test,staffordshire_bull_terrier_86,35,365,500,2,0,1,0,0.431452055,0.314331055,0
test,staffordshire_bull_terrier_67,35,333,500,1,0,1,0,0.438726727,0.291442871,1
test,staffordshire_bull_terrier_200,35,375,500,2,0,2,0,0.211589333,0.15826416,1
test,staffordshire_bull_terrier_3,35,333,500,1,0,1,0,0.306102102,0.203125,1
test,staffordshire_bull_terrier_28,35,333,500,1,0,1,0,0.265987988,0.176513672,1
test,staffordshire_bull_terrier_21,35,500,386,1,0,1,0,0.0825803109,0.0637817383,1
test,staffordshire_bull_terrier_54,35,333,500,1,2,1,1,0.421063063,0.279541016,0
test,staffordshire_bull_terrier_89,35,333,500,1,0,1,0,0.293255255,0.194274902,1
test,staffordshire_bull_terrier_43,35,333,500,1,1,1,1,0.42375976,0.281494141,1
test,staffordshire_bull_terrier_4,35,377,500,1,0,1,0,0.643655172,0.487609863,1
test,staffordshire_bull_terrier_95,35,500,333,1,0,1,0,0.368024024,0.245483398,1
test,staffordshire_bull_terrier_83,35,375,500,1,0,1,0,0.139978667,0.103942871,1
test,staffordshire_bull_terrier_73,35,375,500,2,0,2,0,0.414565333,0.311279297,1
test,staffordshire_bull_terrier_96,35,500,357,1,0,1,0,0.422840336,0.300415039,1
test,staffordshire_bull_terrier_24,35,500,300,1,0,1,0,0.509533333,0.305114746,1
test,staffordshire_bull_terrier_48,35,334,500,1,0,1,0,0.143041916,0.095703125,1
test,staffordshire_bull_terrier_49,35,500,333,1,0,1,0,0.3,0.198852539,1
test,staffordshire_bull_terrier_77,35,375,500,1,0,1,0,0.198773333,0.148864746,1
test,staffordshire_bull_terrier_39,35,397,500,1,3,1,1,0.602191436,0.479797363,0
test,staffordshire_bull_terrier_80,35,375,500,1,0,1,0,0.261002667,0.196166992,1
test,staffordshire_bull_terrier_50,35,398,500,1,0,1,0,0.305572864,0.243591309,1
test,staffordshire_bull_terrier_20,35,400,500,1,0,1,0,0.34143,0.272949219,1
test,staffordshire_bull_terrier_53,35,333,500,1,0,1,0,0.333099099,0.221252441,1
test,staffordshire_bull_terrier_74,35,333,500,1,0,1,0,0.302630631,0.200195312,1
test,staffordshire_bull_terrier_47,35,393,500,1,0,1,0,0.678264631,0.534362793,1
test,staffordshire_bull_terrier_63,35,500,335,1,0,1,0,0.369074627,0.247375488,1
test,staffordshire_bull_terrier_64,35,333,500,1,0,1,0,0.60172973,0.399353027,1
test,staffordshire_bull_terrier_60,35,333,500,1,0,1,0,0.404108108,0.267456055,1
test,staffordshire_bull_terrier_72,35,500,375,1,0,1,0,0.353221333,0.265258789,1
test,staffordshire_bull_terrier_55,35,333,500,1,1,1,1,0.197177177,0.131225586,1
test,staffordshire_bull_terrier_97,35,500,333,1,0,1,0,0.346138138,0.229675293,1
test,staffordshire_bull_terrier_59,35,334,500,2,0,2,0,0.168712575,0.113037109,1
test,staffordshire_bull_terrier_99,35,500,333,1,1,1,0,0.126468468,0.0845336914,0
test,staffordshire_bull_terrier_40,35,500,346,1,0,1,0,0.473988439,0.330566406,1
test,staffordshire_bull_terrier_66,35,321,500,1,0,1,0,0.478323988,0.306335449,1
test,staffordshire_bull_terrier_92,35,500,357,1,1,1,2,0.370061625,0.26361084,0
test,staffordshire_bull_terrier_32,35,333,500,1,0,1,0,0.385381381,0.255615234,1
test,staffordshire_bull_terrier_98,35,500,333,1,0,1,0,0.749777778,0.497924805,1
test,staffordshire_bull_terrier_45,35,333,500,1,1,1,1,0.188846847,0.126403809,1
test,staffordshire_bull_terrier_84,35,417,500,1,1,1,3,0.337203837,0.28125,0
test,staffordshire_bull_terrier_42,35,500,333,1,0,1,0,0.352648649,0.233886719,1
test,staffordshire_bull_terrier_58,35,500,385,1,1,1,1,0.71201039,0.55078125,1
test,staffordshire_bull_terrier_75,35,333,500,1,0,1,0,0.219543544,0.145385742,1
test,staffordshire_bull_terrier_65,35,333,500,1,0,1,2,0.316204204,0.20904541,0
test,staffordshire_bull_terrier_26,35,500,346,1,0,1,0,0.200953757,0.140319824,1
test,staffordshire_bull_terrier_33,35,375,500,1,6,1,4,0.312485333,0.234558105,0
test,staffordshire_bull_terrier_68,35,333,500,1,0,1,0,0.441891892,0.292907715,1
test,staffordshire_bull_terrier_9,35,500,375,1,0,1,0,0.346176,0.259643555,1
test,staffordshire_bull_terrier_70,35,500,375,1,1,1,0,0.375024,0.281616211,0
test,staffordshire_bull_terrier_46,35,334,500,1,0,1,0,0.645155689,0.433105469,1
test,staffordshire_bull_terrier_82,35,375,500,1,1,1,0,0.371066667,0.278259277,0
test,staffordshire_bull_terrier_61,35,333,500,1,0,1,1,0.146522523,0.0968017578,0
test,staffordshire_bull_terrier_31,35,500,333,1,0,1,0,0.457735736,0.303283691,1
test,staffordshire_bull_terrier_23,35,500,395,1,1,1,1,0.350850633,0.276611328,1
test,staffordshire_bull_terrier_35,35,375,500,1,0,1,0,0.207882667,0.156494141,1
test,staffordshire_bull_terrier_94,35,375,500,1,0,1,0,0.281530667,0.211730957,1
test,staffordshire_bull_terrier_93,35,500,375,1,2,1,4,0.265093333,0.199035645,0
test,staffordshire_bull_terrier_91,35,333,500,1,0,1,0,0.153489489,0.102050781,1
test,staffordshire_bull_terrier_76,35,375,500,1,0,1,0,0.108581333,0.0816650391,1
test,staffordshire_bull_terrier_57,35,333,500,1,0,1,0,0.461423423,0.306152344,1
test,staffordshire_bull_terrier_52,35,333,500,1,0,1,0,0.289207207,0.192077637,1
test,staffordshire_bull_terrier_71,35,500,375,1,0,1,0,0.459002667,0.343200684,1
test,staffordshire_bull_terrier_85,35,333,500,1,0,1,0,0.378426426,0.251403809,1
test,staffordshire_bull_terrier_37,35,364,500,1,0,1,0,0.64117033,0.466003418,1
test,staffordshire_bull_terrier_201,35,500,375,2,0,2,0,0.422293333,0.317016602,1
test,staffordshire_bull_terrier_8,35,408,500,1,0,1,0,0.610808824,0.496887207,1
test,staffordshire_bull_terrier_7,35,333,500,1,0,1,0,0.187831832,0.124633789,1
test,staffordshire_bull_terrier_41,35,333,500,1,0,1,0,0.547033033,0.36328125,1
test,staffordshire_bull_terrier_62,35,500,368,1,0,1,1,0.242820652,0.178100586,0
test,staffordshire_bull_terrier_81,35,375,500,1,0,1,1,0.84216,0.63079834,0
test,staffordshire_bull_terrier_69,35,333,500,1,1,1,1,0.384606607,0.255371094,1
test,staffordshire_bull_terrier_44,35,333,500,1,0,1,0,0.355171171,0.236938477,1
test,staffordshire_bull_terrier_51,35,343,500,1,0,1,0,0.101930029,0.0708007812,1
test,staffordshire_bull_terrier_5,35,500,296,1,0,1,0,0.641885135,0.38079834,1
test,staffordshire_bull_terrier_78,35,375,500,1,0,1,0,0.145232,0.107788086,1
test,staffordshire_bull_terrier_34,35,351,500,1,0,1,0,0.149498575,0.10534668,1
test,staffordshire_bull_terrier_25,35,333,500,1,2,1,1,0.150606607,0.0998535156,0
test,staffordshire_bull_terrier_87,35,375,500,1,0,1,0,0.560234667,0.41986084,1
test,wheaten_terrier_74,36,324,432,1,0,1,0,0.353509374,0.265197754,1
test,wheaten_terrier_200,36,332,500,1,0,1,0,0.218939759,0.145019531,1
test,wheaten_terrier_97,36,368,500,1,1,1,1,0.390304348,0.286682129,1
test,wheaten_terrier_88,36,500,375,1,0,1,0,0.0505813333,0.0379638672,1
test,wheaten_terrier_79,36,500,375,1,0,1,0,0.706149333,0.529174805,1
test,wheaten_terrier_3,36,313,500,1,0,1,0,0.409277955,0.25567627,1
test,wheaten_terrier_85,36,500,375,1,0,1,0,0.329328,0.246643066,1
test,wheaten_terrier_70,36,333,500,1,0,1,0,0.195951952,0.129699707,1
test,wheaten_terrier_41,36,500,375,1,0,1,0,0.152448,0.114318848,1
test,wheaten_terrier_90,36,379,500,1,0,1,0,0.221905013,0.167602539,1
test,wheaten_terrier_55,36,334,500,1,0,1,0,0.0795688623,0.0533447266,1
test,wheaten_terrier_96,36,333,500,1,0,1,0,0.290228228,0.192504883,1
test,wheaten_terrier_196,36,330,500,3,0,2,0,0.219690909,0.143615723,0
test,wheaten_terrier_56,36,334,500,1,0,1,0,0.114610778,0.076171875,1
test,wheaten_terrier_91,36,500,387,1,0,1,0,0.477281654,0.368408203,1
test,wheaten_terrier_98,36,371,500,1,0,1,0,0.589859838,0.437561035,1
test,wheaten_terrier_53,36,331,500,1,0,1,0,0.526006042,0.350036621,1
test,wheaten_terrier_1,36,375,500,1,0,1,0,0.571589333,0.428466797,1
test,wheaten_terrier_38,36,500,366,1,0,1,0,0.062442623,0.0458374023,1
test,wheaten_terrier_22,36,333,500,1,0,1,0,0.193195195,0.128601074,1
test,wheaten_terrier_20,36,500,333,1,0,1,0,0.239093093,0.158691406,1
test,wheaten_terrier_37,36,500,334,1,0,1,0,0.936197605,0.629333496,1
test,wheaten_terrier_197,36,330,500,2,0,1,0,0.178581818,0.116821289,0
test,wheaten_terrier_30,36,376,500,1,0,1,0,0.919803191,0.690307617,1
test,wheaten_terrier_26,36,332,500,1,0,1,0,0.440578313,0.292297363,1
test,wheaten_terrier_95,36,387,500,1,0,1,0,0.283400517,0.219726562,1
test,wheaten_terrier_194,36,330,500,1,0,1,0,0.490909091,0.322021484,1
test,wheaten_terrier_5,36,413,500,1,0,1,0,0.427917676,0.354187012,1
test,wheaten_terrier_72,36,333,500,1,0,1,0,0.0807027027,0.0535888672,1
test,wheaten_terrier_62,36,333,500,1,0,1,0,0.287105105,0.191467285,1
test,wheaten_terrier_9,36,500,333,1,0,1,0,0.701033033,0.465148926,1
test,wheaten_terrier_64,36,500,333,1,0,1,0,0.0864624625,0.0568237305,1
test,wheaten_terrier_94,36,333,500,1,0,1,0,0.428582583,0.284729004,1
test,wheaten_terrier_36,36,500,333,1,1,1,0,0.315861862,0.209411621,0
test,wheaten_terrier_23,36,500,333,1,0,1,0,0.884672673,0.586791992,1
test,wheaten_terrier_39,36,333,500,1,0,1,0,0.980132132,0.650817871,1
test,wheaten_terrier_86,36,334,500,1,0,1,0,0.228568862,0.153137207,1
test,wheaten_terrier_34,36,333,500,1,0,1,0,0.227771772,0.151489258,1
test,wheaten_terrier_50,36,333,500,1,0,1,0,0.233573574,0.155212402,1
test,wheaten_terrier_60,36,375,500,1,0,1,0,0.413568,0.31072998,1
test,wheaten_terrier_84,36,375,500,1,0,1,0,0.720026667,0.540100098,1
test,wheaten_terrier_191,36,330,500,2,0,1,0,0.451945455,0.296569824,0
test,wheaten_terrier_76,36,500,333,1,0,1,0,0.490138138,0.324890137,1
test,wheaten_terrier_93,36,375,500,1,1,1,0,0.450485333,0.337768555,0
test,wheaten_terrier_57,36,375,500,1,0,1,0,0.539050667,0.40411377,1
test,wheaten_terrier_31,36,333,500,1,0,1,0,0.0640720721,0.0425415039,1
test,wheaten_terrier_66,36,332,500,1,0,1,0,0.40436747,0.267456055,1
test,wheaten_terrier_46,36,329,500,1,0,1,0,0.118,0.0776977539,1
test,wheaten_terrier_33,36,375,500,1,0,1,0,0.578432,0.433532715,1
test,wheaten_terrier_59,36,359,500,1,0,1,0,0.295615599,0.212341309,1
test,wheaten_terrier_2,36,375,500,1,0,1,0,0.717258667,0.537902832,1
test,wheaten_terrier_6,36,333,500,1,0,1,0,0.210708709,0.139953613,1
test,wheaten_terrier_65,36,333,500,1,0,1,0,0.122108108,0.0811157227,1
test,wheaten_terrier_193,36,330,500,2,0,1,0,0.373309091,0.243408203,0
test,wheaten_terrier_69,36,333,500,1,0,1,0,0.0768108108,0.0511474609,1
test,wheaten_terrier_44,36,375,500,1,0,1,0,0.234917333,0.176513672,1
test,wheaten_terrier_43,36,500,323,1,0,1,0,0.213040248,0.138366699,1
test,wheaten_terrier_192,36,500,330,1,0,1,0,0.184618182,0.12109375,1
test,wheaten_terrier_21,36,375,500,1,2,1,1,0.536965333,0.403015137,0
test,wheaten_terrier_45,36,375,500,1,0,1,0,0.311013333,0.233581543,1
test,wheaten_terrier_83,36,375,500,1,0,1,0,0.156661333,0.116943359,1
test,wheaten_terrier_58,36,333,500,1,1,1,0,0.373135135,0.247314453,0
test,wheaten_terrier_49,36,432,428,1,0,1,0,0.523310402,0.519775391,1
test,wheaten_terrier_27,36,423,500,1,0,1,0,0.483607565,0.40826416,1
test,wheaten_terrier_61,36,453,500,1,0,1,0,0.267033113,0.242004395,1
test,wheaten_terrier_92,36,334,500,1,0,1,0,0.0959580838,0.0648193359,1
test,wheaten_terrier_68,36,333,500,1,6,1,1,0.319951952,0.212036133,0
test,wheaten_terrier_71,36,333,500,1,0,1,0,0.564468468,0.374755859,1
test,wheaten_terrier_8,36,433,500,1,2,1,3,0.405750577,0.352294922,0
test,wheaten_terrier_89,36,500,374,1,2,1,2,0.580262032,0.436096191,1
test,wheaten_terrier_78,36,375,500,1,0,1,0,0.49936,0.374755859,1
test,wheaten_terrier_99,36,500,374,1,1,1,1,0.336117647,0.25189209,1
test,wheaten_terrier_87,36,375,500,1,0,1,0,0.0449066667,0.0334472656,1
test,wheaten_terrier_63,36,376,500,1,0,1,0,0.458515957,0.344055176,1
test,wheaten_terrier_29,36,500,333,1,0,1,0,0.149627628,0.100219727,1
test,wheaten_terrier_4,36,500,375,1,0,1,0,0.577914667,0.432800293,1
test,wheaten_terrier_47,36,375,500,1,1,1,1,0.368453333,0.276733398,1
test,wheaten_terrier_42,36,375,500,1,0,1,0,0.223610667,0.167541504,1
test,wheaten_terrier_198,36,500,488,1,0,1,0,0.772278689,0.753479004,1
test,wheaten_terrier_73,36,333,500,1,0,1,0,0.301081081,0.199951172,1
test,wheaten_terrier_7,36,500,366,1,2,1,1,0.358726776,0.263366699,0
test,wheaten_terrier_51,36,412,500,1,0,1,0,0.165699029,0.136108398,1
test,wheaten_terrier_80,36,500,375,1,0,1,0,0.737669333,0.553100586,1
test,wheaten_terrier_75,36,500,378,1,0,1,0,0.25321164,0.194091797,1
test,wheaten_terrier_54,36,500,374,1,0,1,0,0.321695187,0.241516113,1
test,wheaten_terrier_40,36,500,334,1,0,1,0,0.66002994,0.443908691,1
test,wheaten_terrier_82,36,368,500,1,0,1,0,0.355940217,0.26184082,1
test,wheaten_terrier_81,36,500,375,1,0,1,0,0.393872,0.294799805,1
test,wheaten_terrier_48,36,333,500,1,0,1,0,0.076006006,0.0506591797,1
test,wheaten_terrier_28,36,331,500,1,0,1,0,0.659226586,0.4375,1
test,wheaten_terrier_35,36,333,500,1,0,1,0,0.124546547,0.0827636719,1
test,wheaten_terrier_32,36,333,500,1,0,1,0,0.0822042042,0.0550537109,1
test,wheaten_terrier_25,36,500,332,1,0,1,0,0.535108434,0.355407715,1
test,wheaten_terrier_199,36,332,500,1,1,1,1,0.16460241,0.10925293,1
test,wheaten_terrier_52,36,500,281,1,0,1,0,0.157188612,0.089050293,1
test,wheaten_terrier_67,36,333,500,1,0,1,0,0.491801802,0.326416016,1
test,wheaten_terrier_19,36,333,500,1,0,1,0,0.323405405,0.213989258,1
test,wheaten_terrier_24,36,332,500,1,0,1,0,0.556114458,0.36895752,1
test,wheaten_terrier_77,36,500,333,1,1,1,1,0.280762763,0.185974121,1
test,wheaten_terrier_195,36,330,500,0,0,0,0,0,0,1
test,yorkshire_terrier_5,37,375,500,1,0,1,0,0.209328,0.156799316,1
test,yorkshire_terrier_39,37,500,375,1,0,1,0,0.714533333,0.536743164,1
test,yorkshire_terrier_194,37,500,375,3,1,1,1,0.270693333,0.202270508,0
test,yorkshire_terrier_84,37,375,500,1,0,1,0,0.2588,0.193969727,1
test,yorkshire_terrier_76,37,500,444,1,0,1,1,0.376252252,0.335205078,0
test,yorkshire_terrier_69,37,500,375,1,0,1,0,0.593317333,0.444641113,1
test,yorkshire_terrier_35,37,333,500,1,0,1,0,0.679993994,0.45135498,1
test,yorkshire_terrier_7,37,294,500,1,0,1,0,0.154938776,0.0905761719,1
test,yorkshire_terrier_4,37,375,500,1,0,1,0,0.334922667,0.250976562,1
test,yorkshire_terrier_19,37,500,334,1,0,1,0,0.812688623,0.545776367,1
test,yorkshire_terrier_93,37,500,282,1,0,1,0,0.328680851,0.185058594,1
test,yorkshire_terrier_63,37,500,333,1,0,1,0,0.469675676,0.312438965,1
test,yorkshire_terrier_26,37,500,334,1,0,1,0,0.494047904,0.331359863,1
test,yorkshire_terrier_72,37,357,500,1,0,1,0,0.566896359,0.403137207,1
test,yorkshire_terrier_33,37,337,500,1,1,1,0,0.273845697,0.183349609,0
test,yorkshire_terrier_68,37,375,500,1,0,1,0,0.644448,0.483642578,1
test,yorkshire_terrier_85,37,334,500,1,0,1,0,0.678508982,0.456787109,1
test,yorkshire_terrier_36,37,375,500,1,1,1,1,0.609312,0.457275391,1
test,yorkshire_terrier_8,37,500,489,1,0,1,0,0.2359591,0.230163574,1
test,yorkshire_terrier_51,37,420,500,2,0,2,0,0.610433333,0.514282227,1
test,yorkshire_terrier_73,37,500,357,1,0,1,0,0.594352941,0.421508789,1
test,yorkshire_terrier_32,37,375,500,1,0,1,1,0.268645333,0.202209473,0
test,yorkshire_terrier_27,37,500,345,1,0,1,0,0.573808696,0.393676758,1
test,yorkshire_terrier_82,37,325,500,1,0,1,0,0.461396923,0.29876709,1
test,yorkshire_terrier_38,37,333,500,1,0,1,1,0.867897898,0.57623291,0
test,yorkshire_terrier_53,37,500,375,1,0,1,0,0.434058667,0.324645996,1
test,yorkshire_terrier_199,37,375,500,2,0,2,0,0.283648,0.21295166,1
test,yorkshire_terrier_64,37,333,500,1,0,1,0,0.332048048,0.221923828,1
test,yorkshire_terrier_191,37,500,333,2,0,1,0,0.305027027,0.202575684,0
test,yorkshire_terrier_97,37,500,335,1,0,1,0,0.313677612,0.21081543,1
test,yorkshire_terrier_24,37,500,446,3,0,3,0,0.137475336,0.122192383,1
test,yorkshire_terrier_193,37,375,500,2,0,1,0,0.499888,0.374328613,0
test,yorkshire_terrier_92,37,375,500,1,0,1,0,0.420309333,0.31463623,1
test,yorkshire_terrier_192,37,375,500,2,0,2,0,0.144709333,0.107971191,1
test,yorkshire_terrier_80,37,375,500,2,0,1,1,0.270698667,0.203308105,0
test,yorkshire_terrier_54,37,500,332,1,0,1,0,0.625042169,0.414611816,1
test,yorkshire_terrier_66,37,332,500,1,0,1,0,0.458493976,0.305419922,1
test,yorkshire_terrier_94,37,500,333,1,0,1,0,0.374696697,0.248535156,1
test,yorkshire_terrier_52,37,374,500,1,0,1,0,0.395,0.296813965,1
test,yorkshire_terrier_88,37,335,500,1,0,1,0,0.34918806,0.233886719,1
test,yorkshire_terrier_22,37,335,500,1,0,1,0,0.589301493,0.395996094,1
test,yorkshire_terrier_61,37,375,500,1,0,1,0,0.668981333,0.502197266,1
test,yorkshire_terrier_55,37,332,500,1,0,1,0,0.604066265,0.400939941,1
test,yorkshire_terrier_71,37,375,500,1,0,1,0,0.129285333,0.0971679688,1
test,yorkshire_terrier_28,37,409,500,2,0,2,0,0.481599022,0.394348145,1
test,yorkshire_terrier_195,37,334,500,2,0,1,0,0.31357485,0.209472656,0
test,yorkshire_terrier_9,37,375,500,1,0,1,0,0.505498667,0.378967285,1
test,yorkshire_terrier_46,37,500,334,1,0,1,0,0.623245509,0.419372559,1
test,yorkshire_terrier_58,37,375,500,1,0,1,0,0.599856,0.449707031,1
test,yorkshire_terrier_21,37,375,500,1,0,1,0,0.445786667,0.334411621,1
test,yorkshire_terrier_50,37,441,500,1,1,1,2,0.233283447,0.206115723,0
test,yorkshire_terrier_30,37,361,500,1,0,1,0,0.207130194,0.1484375,1
test,yorkshire_terrier_2,37,500,334,1,0,1,0,0.166413174,0.112609863,1
test,yorkshire_terrier_87,37,333,500,1,0,1,0,0.828792793,0.549560547,1
test,yorkshire_terrier_96,37,335,500,1,1,1,1,0.563337313,0.378723145,1
test,yorkshire_terrier_1,37,334,500,1,0,1,0,0.452047904,0.303466797,1
test,yorkshire_terrier_45,37,500,334,1,0,1,0,0.813101796,0.54473877,1
test,yorkshire_terrier_42,37,377,500,1,0,1,0,0.730960212,0.554077148,1
test,yorkshire_terrier_198,37,375,500,2,0,1,0,0.357813333,0.26940918,0
test,yorkshire_terrier_37,37,333,500,1,0,1,0,0.522276276,0.346496582,1
test,yorkshire_terrier_197,37,375,500,2,1,2,2,0.522778667,0.392700195,0
test,yorkshire_terrier_81,37,375,500,1,0,1,0,0.328085333,0.246032715,1
test,yorkshire_terrier_41,37,333,500,2,1,2,0,0.348174174,0.231567383,0
test,yorkshire_terrier_6,37,333,500,1,0,1,0,0.142870871,0.0946655273,1
test,yorkshire_terrier_78,37,400,500,1,0,1,0,0.536545,0.42779541,1
test,yorkshire_terrier_90,37,500,333,1,1,1,0,0.757315315,0.502868652,0
test,yorkshire_terrier_56,37,375,500,1,0,1,0,0.556421333,0.417297363,1
test,yorkshire_terrier_83,37,500,333,1,1,1,1,0.738600601,0.49005127,1
test,yorkshire_terrier_43,37,500,359,1,0,1,0,0.191175487,0.137451172,1
test,yorkshire_terrier_23,37,500,375,1,0,1,0,0.331578667,0.248596191,1
test,yorkshire_terrier_200,37,375,500,2,0,2,0,0.191642667,0.143249512,1
test,yorkshire_terrier_75,37,332,500,1,0,1,0,0.778837349,0.517150879,1
test,yorkshire_terrier_196,37,334,500,1,0,1,0,0.21957485,0.147827148,1
test,yorkshire_terrier_44,37,334,500,1,0,1,0,0.268281437,0.180297852,1
test,yorkshire_terrier_65,37,375,500,1,0,1,2,0.246096,0.185119629,0
test,yorkshire_terrier_89,37,333,500,2,0,1,0,0.380006006,0.252563477,0
test,yorkshire_terrier_70,37,375,500,1,0,1,0,0.718746667,0.539367676,1
test,yorkshire_terrier_79,37,335,500,1,0,1,0,0.496698507,0.333557129,1
test,yorkshire_terrier_47,37,500,340,1,0,1,0,0.4641,0.315063477,1
test,yorkshire_terrier_49,37,333,500,1,5,1,2,0.312072072,0.207519531,0
test,yorkshire_terrier_99,37,358,500,1,2,1,1,0.294156425,0.210876465,0
test,yorkshire_terrier_20,37,375,500,1,0,1,0,0.790650667,0.592346191,1
test,yorkshire_terrier_74,37,500,333,1,0,1,0,0.330216216,0.219055176,1
test,yorkshire_terrier_31,37,500,333,1,0,1,0,0.304006006,0.201599121,1
test,yorkshire_terrier_86,37,375,500,1,0,1,0,0.198058667,0.148254395,1
test,yorkshire_terrier_29,37,491,500,1,1,1,1,0.659710794,0.649719238,1
test,yorkshire_terrier_91,37,500,500,1,0,1,0,0.468648,0.467468262,1
test,yorkshire_terrier_95,37,332,500,1,0,1,0,0.236078313,0.157470703,1
test,yorkshire_terrier_60,37,332,500,1,0,1,0,0.356421687,0.236572266,1
test,yorkshire_terrier_77,37,500,376,1,0,1,0,0.16781383,0.125915527,1
test,yorkshire_terrier_40,37,375,500,2,0,1,0,0.351216,0.262573242,0
test,yorkshire_terrier_67,37,334,500,1,0,1,0,0.685371257,0.460510254,1
test,yorkshire_terrier_48,37,335,500,1,0,1,0,0.283653731,0.190612793,1
test,yorkshire_terrier_57,37,332,500,1,0,1,0,0.402909639,0.267272949,1
test,yorkshire_terrier_98,37,375,500,1,0,1,0,0.154741333,0.116455078,1
test,yorkshire_terrier_34,37,333,500,1,0,1,0,0.46233033,0.305847168,1
test,yorkshire_terrier_62,37,375,500,1,0,1,0,0.392368,0.295166016,1
test,yorkshire_terrier_59,37,434,500,1,0,1,0,0.905170507,0.784851074,1
test,yorkshire_terrier_3,37,500,334,1,0,1,0,0.361592814,0.243347168,1
test,yorkshire_terrier_25,37,375,500,1,2,1,2,0.182373333,0.13684082,1
